customerID,gender,SeniorCitizen,Partner,Dependents,tenure,PhoneService,MultipleLines,InternetService,OnlineSecurity,OnlineBackup,DeviceProtection,TechSupport,StreamingTV,StreamingMovies,Contract,PaperlessBilling,PaymentMethod,MonthlyCharges,TotalCharges,Churn
8270-['T' 'O' 'K' 'H' 'U'],Male,0,No,No,56,Yes,No,No,No,No,No,No,No,No,Month-to-month,Yes,Electronic check,34.73,1946.32,0
6734-['Z' 'S' 'W' 'K' 'K'],Male,1,No,No,20,Yes,Yes,No,No,No,No,No,No,No,One year,No,Electronic check,47.18,931.09,0
9322-['V' 'U' 'B' 'X' 'L'],Male,0,Yes,No,53,Yes,Yes,DSL,No,No,No,Yes,Yes,No,Month-to-month,Yes,Electronic check,86.79,4608.3,0
7949-['B' 'U' 'A' 'L' 'Z'],Female,1,Yes,No,36,Yes,Yes,Fiber optic,No,No,Yes,Yes,Yes,Yes,Two year,Yes,Mailed check,114.5,4126.91,0
7396-['L' 'Y' 'Q' 'J' 'P'],Female,0,Yes,No,39,Yes,No,No,No,No,No,No,No,No,Month-to-month,Yes,Bank transfer (automatic),34.59,1352.55,0
1189-['O' 'S' 'L' 'W' 'T'],Male,1,No,No,19,No,No,Fiber optic,No,Yes,No,No,No,Yes,Month-to-month,Yes,Bank transfer (automatic),75.07,1433.03,1
2528-['C' 'E' 'S' 'G' 'U'],Female,0,No,No,70,Yes,No,DSL,No,No,Yes,No,Yes,Yes,One year,No,Credit card (automatic),83.09,5817.27,1
6393-['D' 'Y' 'N' 'R' 'Z'],Male,0,No,No,17,Yes,No,DSL,Yes,No,No,Yes,Yes,No,Month-to-month,No,Electronic check,80.48,1366.15,1
8513-['U' 'B' 'T' 'O' 'G'],Male,0,No,No,43,Yes,No,Fiber optic,No,No,Yes,Yes,Yes,Yes,Two year,Yes,Bank transfer (automatic),103.7,4462.98,0
1775-['O' 'C' 'N' 'Q' 'D'],Female,0,No,No,55,Yes,No,Fiber optic,Yes,Yes,No,Yes,No,No,Two year,No,Electronic check,89.27,4912.57,1
2585-['H' 'D' 'B' 'F' 'V'],Male,0,No,No,16,Yes,Yes,DSL,Yes,No,No,Yes,Yes,Yes,Two year,Yes,Credit card (automatic),100.62,1610.36,0
4843-['V' 'R' 'Z' 'L' 'B'],Male,0,Yes,Yes,41,Yes,Yes,No,No,No,No,No,No,No,One year,Yes,Mailed check,43.19,1771.42,0
5297-['D' 'N' 'P' 'O' 'H'],Male,0,No,No,70,Yes,Yes,Fiber optic,Yes,Yes,Yes,No,Yes,Yes,One year,No,Electronic check,116.26,8136.24,1
8629-['W' 'Y' 'H' 'U' 'P'],Male,1,Yes,No,27,Yes,Yes,Fiber optic,Yes,No,No,No,Yes,Yes,Two year,Yes,Mailed check,113.38,3062.43,1
8916-['R' 'O' 'U' 'X' 'Z'],Male,0,Yes,No,20,Yes,No,Fiber optic,No,Yes,No,No,Yes,Yes,Month-to-month,No,Bank transfer (automatic),97.77,1955.32,1
5859-['M' 'I' 'O' 'M' 'A'],Male,1,No,No,36,Yes,No,DSL,Yes,No,Yes,No,Yes,No,Month-to-month,Yes,Credit card (automatic),78.44,2831.88,1
9006-['I' 'X' 'A' 'L' 'H'],Female,0,No,Yes,22,No,No,Fiber optic,No,Yes,No,No,Yes,Yes,Month-to-month,No,Bank transfer (automatic),85.98,1893.22,1
6258-['S' 'Q' 'H' 'C' 'C'],Male,0,No,No,47,Yes,Yes,Fiber optic,No,Yes,No,No,Yes,No,Month-to-month,Yes,Bank transfer (automatic),98.47,4639.34,1
6892-['J' 'G' 'Z' 'I' 'G'],Female,0,No,No,58,Yes,No,No,No,No,No,No,No,No,One year,Yes,Bank transfer (automatic),38.24,2199.69,1
9392-['H' 'L' 'B' 'A' 'P'],Female,1,Yes,No,51,Yes,No,Fiber optic,No,Yes,No,Yes,Yes,Yes,Month-to-month,Yes,Electronic check,103.04,5236.15,1
3454-['X' 'E' 'C' 'L' 'H'],Female,0,No,No,16,Yes,Yes,Fiber optic,No,Yes,No,Yes,Yes,Yes,Month-to-month,Yes,Electronic check,113.05,1800.46,1
9154-['C' 'A' 'C' 'E' 'O'],Female,0,Yes,Yes,37,Yes,No,Fiber optic,No,Yes,Yes,No,No,No,Two year,Yes,Bank transfer (automatic),82.83,3053.26,1
4840-['E' 'Z' 'W' 'N' 'G'],Female,0,No,No,0,Yes,Yes,DSL,No,No,No,No,Yes,Yes,Month-to-month,Yes,Mailed check,89.61,0.0,0
7938-['I' 'O' 'O' 'Z' 'J'],Male,0,Yes,No,32,Yes,Yes,DSL,No,Yes,Yes,No,No,Yes,Month-to-month,No,Electronic check,90.2,2876.29,1
8035-['M' 'S' 'G' 'Q' 'T'],Male,1,Yes,No,43,Yes,Yes,Fiber optic,No,No,No,No,Yes,Yes,Month-to-month,No,Credit card (automatic),104.55,4511.03,1
6116-['D' 'E' 'W' 'G' 'M'],Female,0,Yes,No,19,Yes,No,No,No,No,No,No,No,No,One year,No,Mailed check,37.72,716.63,1
2678-['K' 'D' 'M' 'G' 'S'],Male,0,Yes,No,46,No,No,No,No,No,No,No,No,No,One year,No,Electronic check,19.46,900.76,0
4157-['B' 'J' 'M' 'Y' 'U'],Female,0,Yes,No,68,Yes,No,Fiber optic,Yes,Yes,No,No,Yes,No,Month-to-month,Yes,Electronic check,95.1,6454.89,1
3693-['L' 'L' 'T' 'K' 'Z'],Male,0,Yes,Yes,41,Yes,No,Fiber optic,Yes,No,No,No,No,Yes,Month-to-month,Yes,Bank transfer (automatic),86.22,3540.94,1
6592-['G' 'A' 'A' 'Y' 'Y'],Female,0,Yes,No,25,Yes,No,Fiber optic,Yes,Yes,No,Yes,Yes,No,One year,No,Electronic check,100.18,2515.54,1
6864-['C' 'G' 'F' 'H' 'I'],Female,0,Yes,Yes,48,Yes,No,Fiber optic,Yes,No,No,No,No,Yes,Month-to-month,Yes,Mailed check,90.71,4346.64,1
5413-['E' 'A' 'S' 'J' 'L'],Female,0,Yes,Yes,70,Yes,No,DSL,Yes,Yes,Yes,No,No,No,Two year,No,Bank transfer (automatic),80.11,5619.03,0
1663-['O' 'V' 'X' 'I' 'T'],Male,0,Yes,No,17,Yes,No,Fiber optic,Yes,No,No,No,No,No,Month-to-month,No,Electronic check,81.01,1378.94,1
6232-['Q' 'Z' 'T' 'L' 'G'],Male,0,Yes,No,8,Yes,Yes,DSL,No,No,Yes,No,No,No,One year,No,Mailed check,74.52,591.01,1
8554-['Q' 'E' 'Q' 'X' 'Q'],Female,0,Yes,Yes,65,Yes,No,DSL,No,Yes,No,No,No,Yes,Two year,No,Electronic check,73.87,4784.13,1
1698-['Q' 'B' 'B' 'V' 'W'],Female,1,No,Yes,59,Yes,No,DSL,No,Yes,Yes,No,No,Yes,Two year,Yes,Mailed check,79.41,4683.54,0
9164-['A' 'A' 'S' 'B' 'U'],Male,0,No,No,36,Yes,No,Fiber optic,No,No,No,No,No,No,One year,No,Electronic check,75.99,2732.83,0
2707-['Z' 'F' 'W' 'D' 'W'],Male,0,No,No,46,Yes,No,No,No,No,No,No,No,No,Two year,Yes,Electronic check,34.06,1562.06,0
1202-['X' 'Q' 'F' 'X' 'E'],Female,0,Yes,No,28,Yes,No,Fiber optic,No,No,No,No,Yes,No,Month-to-month,Yes,Electronic check,82.53,2313.69,1
3931-['B' 'F' 'V' 'K' 'P'],Female,0,No,No,62,Yes,Yes,Fiber optic,No,No,Yes,Yes,Yes,No,Month-to-month,No,Bank transfer (automatic),106.14,6583.19,1
7287-['A' 'I' 'F' 'P' 'C'],Female,0,Yes,No,14,Yes,Yes,Fiber optic,Yes,Yes,No,Yes,No,No,One year,Yes,Credit card (automatic),101.42,1426.2,1
1659-['D' 'S' 'Z' 'C' 'S'],Male,0,No,No,8,Yes,No,DSL,Yes,No,No,Yes,No,Yes,Month-to-month,No,Bank transfer (automatic),81.07,652.7,1
3911-['G' 'T' 'I' 'A' 'H'],Female,1,Yes,Yes,65,Yes,Yes,Fiber optic,Yes,Yes,No,No,No,Yes,One year,Yes,Electronic check,103.09,6712.0,1
6759-['G' 'R' 'H' 'A' 'K'],Male,0,No,No,0,Yes,Yes,DSL,Yes,No,No,Yes,No,No,Month-to-month,Yes,Electronic check,80.2,0.0,1
9155-['Y' 'Y' 'R' 'W' 'J'],Male,0,No,No,8,Yes,Yes,DSL,No,No,No,No,No,No,One year,No,Credit card (automatic),73.09,596.18,1
1262-['P' 'Z' 'P' 'Y' 'T'],Female,0,No,Yes,56,Yes,Yes,DSL,No,Yes,No,No,Yes,Yes,One year,No,Credit card (automatic),91.74,5142.67,1
3049-['A' 'P' 'L' 'E' 'E'],Male,0,Yes,No,55,Yes,Yes,Fiber optic,Yes,Yes,Yes,Yes,No,Yes,Month-to-month,Yes,Credit card (automatic),115.7,6363.93,1
8158-['I' 'I' 'C' 'S' 'P'],Female,0,No,Yes,19,Yes,No,DSL,Yes,No,No,No,No,Yes,Two year,Yes,Mailed check,76.89,1464.32,0
3255-['C' 'T' 'X' 'V' 'X'],Female,0,No,No,1,No,No,Fiber optic,No,Yes,No,Yes,Yes,Yes,Month-to-month,Yes,Mailed check,84.54,90.91,0
2648-['H' 'D' 'F' 'H' 'T'],Male,0,No,Yes,0,Yes,No,Fiber optic,No,No,Yes,No,Yes,No,Two year,Yes,Credit card (automatic),89.89,0.0,1
9445-['C' 'P' 'Y' 'C' 'Y'],Female,0,No,No,53,Yes,Yes,No,No,No,No,No,No,No,Month-to-month,No,Bank transfer (automatic),47.36,2504.91,0
3961-['N' 'R' 'B' 'V' 'C'],Male,0,No,No,18,Yes,No,DSL,No,No,Yes,No,No,Yes,Month-to-month,No,Mailed check,75.33,1370.64,1
1956-['I' 'D' 'A' 'D' 'A'],Male,0,No,No,17,Yes,No,DSL,No,Yes,Yes,Yes,Yes,No,Month-to-month,No,Mailed check,86.4,1482.52,1
5493-['U' 'P' 'T' 'X' 'H'],Female,0,No,No,23,Yes,No,No,No,No,No,No,No,No,Month-to-month,No,Mailed check,34.03,778.17,1
2218-['Q' 'A' 'P' 'L' 'S'],Male,0,Yes,Yes,51,Yes,No,DSL,No,No,No,No,No,No,Month-to-month,No,Electronic check,61.9,3144.23,0
4446-['V' 'N' 'F' 'F' 'M'],Male,0,No,No,19,Yes,Yes,No,No,No,No,No,No,No,Month-to-month,Yes,Bank transfer (automatic),45.86,868.34,1
9754-['V' 'H' 'B' 'U' 'A'],Female,0,No,Yes,10,Yes,Yes,DSL,No,No,No,No,Yes,Yes,Two year,Yes,Electronic check,90.22,905.85,1
8022-['A' 'E' 'P' 'S' 'D'],Male,0,Yes,No,72,No,No,Fiber optic,Yes,No,No,Yes,Yes,No,Month-to-month,Yes,Credit card (automatic),80.21,5786.34,1
5642-['Q' 'Q' 'L' 'N' 'U'],Female,0,No,Yes,59,Yes,No,DSL,Yes,No,Yes,No,No,Yes,Month-to-month,Yes,Mailed check,78.95,4662.32,1
2060-['X' 'Q' 'N' 'U' 'C'],Female,0,Yes,Yes,15,Yes,No,Fiber optic,No,Yes,No,Yes,No,No,Month-to-month,Yes,Electronic check,82.2,1235.48,1
1699-['A' 'T' 'U' 'W' 'A'],Male,1,Yes,No,12,Yes,Yes,No,No,No,No,No,No,No,Month-to-month,Yes,Bank transfer (automatic),44.55,535.77,1
4327-['C' 'R' 'Y' 'J' 'V'],Male,0,No,No,52,No,No,Fiber optic,No,Yes,No,No,Yes,No,Month-to-month,Yes,Bank transfer (automatic),74.67,3888.37,0
1569-['C' 'H' 'N' 'X' 'R'],Female,0,No,No,5,Yes,No,DSL,No,No,No,Yes,No,No,Month-to-month,No,Bank transfer (automatic),65.67,337.08,1
8455-['O' 'V' 'W' 'B' 'J'],Male,0,Yes,No,24,Yes,No,No,No,No,No,No,No,No,Month-to-month,No,Mailed check,34.93,807.69,1
2409-['Z' 'Q' 'H' 'A' 'I'],Female,0,No,No,62,Yes,Yes,Fiber optic,No,No,Yes,Yes,No,No,Two year,No,Electronic check,94.79,5871.12,0
8343-['G' 'J' 'W' 'Z' 'C'],Male,0,No,No,46,Yes,Yes,No,No,No,No,No,No,No,One year,No,Electronic check,42.87,1974.14,1
2841-['Y' 'X' 'M' 'Z' 'G'],Female,1,Yes,Yes,14,Yes,Yes,DSL,No,No,Yes,No,Yes,Yes,Month-to-month,Yes,Bank transfer (automatic),92.15,1289.35,1
8992-['D' 'M' 'T' 'A' 'H'],Female,0,No,No,53,Yes,Yes,DSL,No,No,No,No,No,Yes,Month-to-month,No,Electronic check,82.29,4344.86,0
7655-['N' 'P' 'N' 'L' 'S'],Male,0,No,No,42,Yes,Yes,Fiber optic,Yes,No,No,No,Yes,Yes,Two year,No,Mailed check,110.72,4659.02,0
7614-['O' 'B' 'B' 'W' 'V'],Male,0,Yes,Yes,13,No,No,No,No,No,No,No,No,No,One year,No,Mailed check,23.09,324.57,0
5146-['Y' 'Z' 'V' 'Z' 'Z'],Male,0,No,No,33,Yes,No,Fiber optic,Yes,No,No,No,No,No,Month-to-month,No,Bank transfer (automatic),79.67,2641.67,1
8509-['Q' 'T' 'J' 'F' 'O'],Female,0,Yes,No,1,Yes,Yes,Fiber optic,Yes,Yes,Yes,No,No,No,Two year,No,Credit card (automatic),100.64,96.04,0
3491-['E' 'A' 'H' 'U' 'L'],Female,0,No,No,19,Yes,Yes,Fiber optic,No,No,Yes,Yes,No,Yes,Two year,Yes,Electronic check,105.07,1983.9,1
1004-['G' 'D' 'F' 'M' 'T'],Male,0,No,No,15,Yes,Yes,DSL,Yes,No,No,No,No,Yes,One year,Yes,Mailed check,88.23,1328.59,1
5142-['C' 'W' 'H' 'T' 'P'],Male,1,Yes,No,66,Yes,No,No,No,No,No,No,No,No,Month-to-month,Yes,Credit card (automatic),34.11,2254.27,1
5465-['J' 'S' 'Q' 'X' 'S'],Female,0,Yes,Yes,29,Yes,Yes,No,No,No,No,No,No,No,Month-to-month,Yes,Electronic check,43.72,1278.89,0
6177-['W' 'Z' 'E' 'Z' 'U'],Male,0,No,No,50,Yes,Yes,DSL,No,No,No,No,Yes,Yes,One year,Yes,Mailed check,90.38,4509.1,1
6949-['W' 'I' 'L' 'U' 'A'],Male,0,No,No,2,Yes,Yes,DSL,Yes,No,No,Yes,No,Yes,Month-to-month,No,Bank transfer (automatic),89.35,182.5,0
2081-['Z' 'A' 'O' 'B' 'V'],Female,0,No,No,50,Yes,No,Fiber optic,No,Yes,Yes,No,No,No,Month-to-month,Yes,Bank transfer (automatic),82.81,4121.37,0
1559-['Y' 'H' 'M' 'U' 'A'],Male,0,Yes,No,45,Yes,Yes,Fiber optic,No,No,Yes,No,Yes,No,Month-to-month,No,Bank transfer (automatic),97.4,4378.97,1
4343-['G' 'E' 'V' 'W' 'C'],Female,0,Yes,Yes,39,Yes,Yes,Fiber optic,Yes,No,No,Yes,No,No,Month-to-month,Yes,Mailed check,95.76,3740.52,1
4147-['Z' 'P' 'S' 'E' 'V'],Female,0,Yes,No,28,Yes,No,DSL,No,Yes,Yes,Yes,Yes,No,Month-to-month,No,Electronic check,87.19,2442.95,0
3744-['N' 'E' 'O' 'Q' 'N'],Male,0,Yes,No,22,Yes,No,No,No,No,No,No,No,No,One year,Yes,Bank transfer (automatic),36.13,784.7,1
7617-['P' 'U' 'G' 'D' 'A'],Male,0,Yes,No,16,Yes,No,Fiber optic,No,No,No,No,No,No,Month-to-month,No,Credit card (automatic),73.98,1181.73,1
8421-['E' 'W' 'Z' 'J' 'V'],Male,1,No,No,68,Yes,Yes,No,No,No,No,No,No,No,Month-to-month,Yes,Bank transfer (automatic),44.98,3052.02,1
3849-['T' 'J' 'Z' 'S' 'Z'],Female,0,Yes,No,65,Yes,No,Fiber optic,No,No,No,No,No,Yes,Month-to-month,Yes,Electronic check,84.13,5472.02,1
5611-['P' 'X' 'P' 'W' 'B'],Female,0,No,No,22,Yes,No,Fiber optic,Yes,Yes,No,Yes,No,Yes,One year,No,Credit card (automatic),98.68,2161.5,1
7303-['T' 'X' 'L' 'R' 'C'],Female,0,Yes,Yes,22,Yes,Yes,Fiber optic,No,Yes,Yes,Yes,No,No,Month-to-month,Yes,Electronic check,98.77,2179.55,1
3427-['A' 'A' 'S' 'K' 'E'],Male,0,No,No,6,Yes,No,DSL,Yes,No,Yes,No,No,No,Month-to-month,No,Credit card (automatic),71.13,430.21,0
6387-['C' 'A' 'A' 'H' 'J'],Female,0,No,Yes,42,No,No,Fiber optic,Yes,Yes,Yes,Yes,Yes,No,Month-to-month,No,Mailed check,90.88,3814.13,1
2066-['L' 'M' 'L' 'N' 'B'],Female,0,No,No,61,Yes,Yes,Fiber optic,No,Yes,No,No,Yes,No,One year,Yes,Mailed check,100.15,6119.62,1
9945-['C' 'W' 'Q' 'Z' 'H'],Female,0,Yes,No,33,Yes,No,Fiber optic,Yes,Yes,Yes,No,No,Yes,One year,Yes,Bank transfer (automatic),98.47,3250.85,1
7748-['Z' 'J' 'Z' 'B' 'S'],Male,0,Yes,No,50,Yes,Yes,DSL,No,Yes,No,No,Yes,Yes,Two year,No,Electronic check,94.84,4744.76,0
9808-['G' 'D' 'Z' 'U' 'R'],Female,0,No,Yes,43,Yes,Yes,Fiber optic,No,Yes,No,No,Yes,No,Two year,Yes,Bank transfer (automatic),101.42,4361.97,0
1412-['X' 'D' 'Y' 'U' 'Y'],Male,0,No,Yes,69,Yes,No,Fiber optic,No,No,No,No,Yes,No,Two year,Yes,Mailed check,87.09,6010.81,0
9867-['J' 'E' 'I' 'X' 'C'],Male,0,Yes,No,54,Yes,No,DSL,No,No,Yes,No,No,Yes,Two year,No,Electronic check,74.62,4028.98,0
2122-['P' 'D' 'R' 'Q' 'G'],Female,0,No,No,65,No,No,No,No,No,No,No,No,No,Two year,Yes,Bank transfer (automatic),21.67,1420.47,0
3143-['X' 'W' 'E' 'L' 'Q'],Female,0,No,No,57,Yes,No,Fiber optic,No,No,No,No,Yes,No,Month-to-month,No,Bank transfer (automatic),83.15,4750.13,1
4766-['M' 'W' 'Y' 'C' 'I'],Female,0,No,Yes,42,Yes,Yes,Fiber optic,Yes,Yes,Yes,Yes,No,Yes,One year,No,Electronic check,118.75,4974.33,1
6917-['Q' 'Q' 'T' 'P' 'Y'],Male,0,No,No,60,Yes,Yes,No,No,No,No,No,No,No,Month-to-month,Yes,Electronic check,45.78,2763.47,0
2365-['M' 'S' 'Q' 'D' 'L'],Male,0,Yes,Yes,37,Yes,Yes,Fiber optic,No,No,Yes,Yes,Yes,Yes,Month-to-month,No,Electronic check,118.73,4392.15,1
8400-['S' 'L' 'I' 'G' 'N'],Male,0,No,No,27,Yes,No,No,No,No,No,No,No,No,Month-to-month,Yes,Mailed check,35.63,972.76,1
3782-['T' 'S' 'Z' 'O' 'P'],Male,0,Yes,No,56,Yes,No,DSL,Yes,No,No,No,No,No,Month-to-month,Yes,Mailed check,65.96,3678.34,0
5980-['E' 'C' 'L' 'Y' 'T'],Female,1,No,Yes,40,Yes,No,Fiber optic,Yes,Yes,No,No,Yes,Yes,Month-to-month,Yes,Credit card (automatic),103.85,4149.62,0
6588-['D' 'U' 'W' 'P' 'Y'],Female,0,Yes,No,72,Yes,Yes,No,No,No,No,No,No,No,Month-to-month,Yes,Bank transfer (automatic),47.18,3404.69,0
2062-['M' 'U' 'J' 'Z' 'G'],Male,1,No,No,49,Yes,Yes,No,No,No,No,No,No,No,One year,Yes,Credit card (automatic),43.51,2124.39,0
7541-['Z' 'E' 'C' 'W' 'K'],Male,0,Yes,No,60,Yes,No,DSL,Yes,Yes,Yes,Yes,Yes,No,Two year,Yes,Bank transfer (automatic),87.31,5235.13,0
9010-['R' 'O' 'L' 'I' 'J'],Male,0,No,No,68,Yes,Yes,DSL,Yes,No,No,Yes,No,Yes,Month-to-month,No,Electronic check,91.33,6205.66,0
1953-['L' 'Q' 'F' 'G' 'N'],Male,0,No,No,62,No,No,DSL,Yes,No,No,No,No,No,One year,No,Mailed check,48.88,3052.57,0
2191-['J' 'I' 'R' 'Z' 'B'],Male,0,Yes,No,25,Yes,No,Fiber optic,No,Yes,Yes,Yes,Yes,No,Month-to-month,Yes,Bank transfer (automatic),103.05,2554.95,1
2540-['E' 'F' 'S' 'H' 'P'],Male,0,Yes,No,25,Yes,No,DSL,Yes,Yes,No,Yes,No,Yes,One year,Yes,Mailed check,87.06,2183.15,0
2365-['T' 'Q' 'G' 'Y' 'M'],Male,0,No,No,72,Yes,No,Fiber optic,No,Yes,No,No,No,No,One year,Yes,Electronic check,78.87,5683.92,1
4141-['S' 'L' 'V' 'G' 'J'],Male,0,Yes,Yes,22,Yes,Yes,No,No,No,No,No,No,No,Month-to-month,No,Electronic check,46.66,1018.75,1
6977-['S' 'G' 'C' 'M' 'M'],Female,0,No,No,51,No,No,DSL,No,No,Yes,No,Yes,No,Month-to-month,No,Mailed check,58.62,2967.85,1
5849-['Z' 'T' 'H' 'I' 'G'],Female,0,No,No,72,Yes,No,DSL,No,Yes,No,Yes,Yes,Yes,Two year,No,Credit card (automatic),89.09,6405.44,0
4072-['C' 'M' 'Y' 'Q' 'Y'],Male,0,Yes,Yes,69,Yes,No,No,No,No,No,No,No,No,Month-to-month,Yes,Bank transfer (automatic),36.14,2510.81,0
1823-['A' 'F' 'U' 'F' 'Z'],Female,0,No,No,3,Yes,No,Fiber optic,No,Yes,No,Yes,Yes,No,Month-to-month,No,Credit card (automatic),95.57,289.39,1
4627-['M' 'M' 'O' 'U' 'P'],Female,0,No,No,0,Yes,No,DSL,No,Yes,No,No,Yes,No,Month-to-month,No,Mailed check,71.29,0.0,1
6348-['D' 'C' 'S' 'T' 'Y'],Female,1,Yes,Yes,5,Yes,No,Fiber optic,No,No,No,No,Yes,No,Month-to-month,Yes,Mailed check,86.0,425.89,1
7190-['I' 'Q' 'N' 'O' 'A'],Male,0,Yes,No,55,Yes,No,Fiber optic,No,No,No,No,No,No,Two year,No,Credit card (automatic),73.15,4024.85,0
9053-['C' 'P' 'W' 'Y' 'K'],Male,0,No,No,28,Yes,No,Fiber optic,Yes,Yes,Yes,Yes,No,No,Month-to-month,Yes,Mailed check,90.43,2511.62,1
2353-['P' 'H' 'F' 'L' 'X'],Male,0,Yes,Yes,2,No,No,DSL,No,No,No,No,Yes,Yes,Two year,Yes,Electronic check,69.74,128.76,0
1667-['U' 'H' 'Z' 'D' 'Z'],Female,0,Yes,No,41,Yes,No,No,No,No,No,No,No,No,One year,Yes,Credit card (automatic),35.44,1466.95,1
4719-['Z' 'R' 'E' 'I' 'D'],Male,0,No,No,8,Yes,No,Fiber optic,No,No,Yes,No,Yes,No,Month-to-month,Yes,Electronic check,88.16,711.06,1
4775-['V' 'Q' 'I' 'A' 'U'],Female,0,No,Yes,58,Yes,No,DSL,No,No,Yes,No,Yes,Yes,Month-to-month,Yes,Credit card (automatic),83.16,4824.11,0
8891-['M' 'P' 'M' 'N' 'C'],Male,0,No,Yes,37,Yes,No,DSL,No,No,Yes,Yes,Yes,No,Month-to-month,Yes,Electronic check,80.85,2997.93,1
4324-['F' 'R' 'S' 'E' 'O'],Male,0,No,No,41,Yes,Yes,DSL,No,No,No,No,Yes,No,Month-to-month,No,Credit card (automatic),77.71,3181.93,1
1009-['X' 'R' 'M' 'E' 'W'],Female,0,Yes,No,49,Yes,No,No,No,No,No,No,No,No,Two year,Yes,Credit card (automatic),35.65,1765.98,0
2015-['A' 'V' 'A' 'R' 'O'],Male,0,No,No,13,No,No,Fiber optic,Yes,Yes,Yes,Yes,Yes,Yes,Two year,Yes,Bank transfer (automatic),103.02,1348.64,1
8449-['Y' 'V' 'Q' 'M' 'A'],Female,0,No,Yes,44,Yes,Yes,DSL,No,No,No,No,Yes,Yes,Month-to-month,Yes,Credit card (automatic),87.05,3822.91,0
2633-['I' 'C' 'A' 'U' 'P'],Male,0,No,Yes,32,Yes,Yes,DSL,No,Yes,No,No,Yes,Yes,Month-to-month,Yes,Bank transfer (automatic),94.28,3026.81,1
3000-['E' 'E' 'F' 'C' 'U'],Male,1,No,No,19,Yes,No,No,No,No,No,No,No,No,One year,No,Mailed check,33.57,642.24,0
8190-['E' 'U' 'E' 'J' 'J'],Male,0,Yes,Yes,33,Yes,Yes,Fiber optic,No,No,Yes,No,No,Yes,Month-to-month,Yes,Credit card (automatic),98.29,3256.99,1
5178-['Q' 'U' 'N' 'I' 'N'],Female,1,Yes,Yes,66,No,No,DSL,No,No,No,Yes,No,No,Month-to-month,No,Electronic check,52.04,3428.91,1
3048-['S' 'M' 'M' 'D' 'A'],Male,0,No,No,66,Yes,Yes,No,No,No,No,No,No,No,Month-to-month,Yes,Electronic check,47.05,3115.94,0
5976-['H' 'B' 'H' 'G' 'Z'],Female,0,No,No,69,Yes,No,DSL,No,Yes,Yes,Yes,No,No,Month-to-month,Yes,Credit card (automatic),76.08,5269.15,1
1249-['B' 'V' 'V' 'C' 'R'],Female,0,Yes,No,38,No,No,DSL,No,Yes,Yes,No,No,No,Month-to-month,Yes,Bank transfer (automatic),53.94,2042.51,0
5363-['A' 'V' 'L' 'E' 'Y'],Female,0,Yes,No,42,Yes,No,DSL,No,No,Yes,No,Yes,Yes,One year,No,Credit card (automatic),87.85,3693.4,0
7544-['P' 'O' 'W' 'O' 'E'],Male,0,No,Yes,38,Yes,No,DSL,No,No,No,No,Yes,Yes,Two year,Yes,Mailed check,77.54,2962.89,0
7996-['N' 'B' 'K' 'S' 'G'],Male,0,Yes,No,43,No,No,Fiber optic,No,No,Yes,Yes,No,Yes,Month-to-month,Yes,Credit card (automatic),76.97,3320.37,1
7881-['F' 'R' 'B' 'R' 'O'],Male,0,No,No,0,Yes,No,DSL,No,No,No,No,Yes,Yes,Month-to-month,No,Mailed check,82.81,0.0,1
8002-['S' 'B' 'T' 'Y' 'F'],Male,0,Yes,No,49,Yes,Yes,Fiber optic,No,No,Yes,No,No,Yes,Month-to-month,No,Electronic check,100.94,4960.71,1
8648-['X' 'O' 'W' 'J' 'S'],Male,0,Yes,No,61,Yes,Yes,DSL,Yes,Yes,No,Yes,Yes,No,One year,No,Bank transfer (automatic),93.85,5731.87,0
3180-['D' 'J' 'X' 'Q' 'J'],Female,1,Yes,No,2,No,No,No,No,No,No,No,No,No,Month-to-month,Yes,Electronic check,21.88,55.85,1
3832-['T' 'X' 'E' 'B' 'F'],Female,0,Yes,No,7,Yes,Yes,DSL,No,Yes,Yes,No,No,No,One year,Yes,Electronic check,79.21,549.13,1
6569-['M' 'K' 'K' 'P' 'K'],Female,1,No,No,47,Yes,No,Fiber optic,Yes,Yes,No,No,No,Yes,Month-to-month,Yes,Electronic check,90.74,4251.1,0
2906-['O' 'Y' 'W' 'W' 'P'],Female,0,Yes,Yes,40,Yes,Yes,Fiber optic,Yes,Yes,No,No,No,Yes,One year,Yes,Bank transfer (automatic),106.23,4262.1,0
7238-['K' 'V' 'P' 'H' 'D'],Female,0,No,Yes,35,Yes,Yes,No,No,No,No,No,No,No,Two year,Yes,Mailed check,46.18,1617.73,0
9472-['C' 'C' 'R' 'Z' 'S'],Female,0,Yes,No,56,Yes,Yes,No,No,No,No,No,No,No,Two year,No,Credit card (automatic),48.21,2694.78,0
8570-['U' 'E' 'R' 'J' 'V'],Male,0,Yes,No,42,Yes,Yes,No,No,No,No,No,No,No,Month-to-month,Yes,Electronic check,46.05,1925.42,0
7981-['A' 'E' 'I' 'L' 'Z'],Female,0,No,No,27,Yes,No,Fiber optic,No,No,Yes,Yes,No,No,Month-to-month,No,Electronic check,81.62,2209.38,1
3593-['Q' 'N' 'Z' 'M' 'I'],Female,0,Yes,No,58,Yes,No,Fiber optic,No,Yes,Yes,Yes,Yes,Yes,Month-to-month,No,Bank transfer (automatic),108.02,6255.89,1
7937-['Y' 'O' 'Y' 'V' 'O'],Female,0,Yes,No,28,Yes,Yes,DSL,Yes,No,Yes,No,No,Yes,Month-to-month,No,Electronic check,89.07,2520.11,1
7493-['K' 'P' 'Q' 'Z' 'D'],Female,0,Yes,Yes,37,No,No,No,No,No,No,No,No,No,Month-to-month,No,Mailed check,21.2,791.25,1
2276-['T' 'O' 'O' 'X' 'V'],Male,0,Yes,No,33,Yes,No,Fiber optic,No,No,No,Yes,No,Yes,Month-to-month,No,Mailed check,88.47,2930.55,1
9717-['Z' 'W' 'N' 'X' 'B'],Female,0,No,Yes,64,Yes,Yes,DSL,Yes,No,Yes,Yes,Yes,Yes,Month-to-month,No,Electronic check,106.24,6817.86,0
1364-['Z' 'N' 'X' 'S' 'G'],Male,0,No,No,19,Yes,Yes,DSL,No,Yes,No,No,No,No,One year,No,Credit card (automatic),74.07,1409.96,1
6122-['O' 'W' 'N' 'K' 'O'],Male,0,No,No,25,Yes,No,Fiber optic,Yes,Yes,No,No,No,No,Two year,Yes,Bank transfer (automatic),89.73,2251.57,0
2531-['M' 'R' 'Z' 'F' 'C'],Female,1,No,No,26,Yes,Yes,No,No,No,No,No,No,No,Two year,Yes,Electronic check,44.8,1188.94,0
2906-['O' 'Y' 'W' 'E' 'J'],Female,0,Yes,No,22,Yes,Yes,DSL,No,Yes,Yes,No,Yes,Yes,Month-to-month,Yes,Electronic check,98.58,2191.66,0
2062-['Y' 'Q' 'G' 'V' 'Z'],Male,0,Yes,Yes,70,Yes,No,Fiber optic,No,No,Yes,No,Yes,Yes,Two year,Yes,Electronic check,102.14,7151.66,0
1125-['L' 'Y' 'Q' 'M' 'T'],Female,0,No,Yes,21,Yes,Yes,No,No,No,No,No,No,No,Two year,Yes,Bank transfer (automatic),43.77,928.17,0
7168-['D' 'J' 'C' 'I' 'M'],Female,0,No,No,46,Yes,No,No,No,No,No,No,No,No,Two year,Yes,Credit card (automatic),35.71,1625.11,0
7371-['O' 'V' 'B' 'O' 'H'],Female,0,No,No,67,Yes,No,Fiber optic,No,No,No,Yes,Yes,No,Month-to-month,Yes,Bank transfer (automatic),90.33,6089.66,0
7891-['S' 'J' 'I' 'E' 'F'],Male,0,Yes,No,66,Yes,No,Fiber optic,No,No,Yes,No,Yes,Yes,Month-to-month,Yes,Mailed check,103.97,6861.98,1
3739-['Z' 'B' 'X' 'M' 'F'],Female,0,Yes,No,65,Yes,No,Fiber optic,No,No,Yes,No,Yes,Yes,Month-to-month,Yes,Credit card (automatic),104.45,6799.63,1
4812-['Y' 'A' 'U' 'V' 'U'],Male,0,No,No,68,Yes,Yes,Fiber optic,No,Yes,Yes,No,No,No,Two year,No,Electronic check,94.41,6420.28,0
2733-['F' 'W' 'P' 'D' 'K'],Male,1,Yes,No,14,Yes,No,Fiber optic,Yes,No,No,No,No,Yes,One year,No,Electronic check,90.94,1287.69,1
4517-['X' 'W' 'I' 'W' 'C'],Male,0,No,No,43,Yes,No,Fiber optic,No,No,No,No,Yes,Yes,Month-to-month,No,Credit card (automatic),97.74,4193.21,1
9434-['H' 'E' 'D' 'X' 'F'],Female,0,Yes,No,50,Yes,No,Fiber optic,No,No,No,Yes,Yes,Yes,Two year,Yes,Electronic check,100.1,5011.73,0
8489-['T' 'K' 'D' 'O' 'F'],Male,0,No,No,64,Yes,No,DSL,No,No,Yes,No,No,Yes,One year,Yes,Electronic check,72.52,4651.92,0
1117-['Q' 'X' 'F' 'S' 'Y'],Female,0,No,No,24,Yes,Yes,Fiber optic,No,Yes,Yes,No,Yes,Yes,Month-to-month,No,Mailed check,118.75,2855.0,1
5289-['O' 'K' 'H' 'Z' 'S'],Male,1,No,No,60,Yes,No,Fiber optic,Yes,Yes,No,Yes,No,No,Month-to-month,No,Credit card (automatic),87.33,5257.12,0
7316-['L' 'E' 'F' 'Z' 'V'],Female,0,No,Yes,16,Yes,No,Fiber optic,Yes,No,Yes,No,Yes,Yes,One year,No,Mailed check,105.73,1705.16,0
9915-['A' 'T' 'Q' 'L' 'O'],Female,0,No,No,51,No,No,Fiber optic,No,No,No,No,Yes,Yes,Month-to-month,Yes,Mailed check,79.0,4021.07,0
3048-['Z' 'N' 'F' 'E' 'K'],Male,1,No,No,57,Yes,No,Fiber optic,No,No,Yes,No,Yes,No,One year,No,Credit card (automatic),90.2,5138.55,0
7988-['K' 'C' 'A' 'F' 'R'],Male,0,No,No,56,Yes,No,No,No,No,No,No,No,No,One year,Yes,Electronic check,34.01,1908.41,0
1009-['E' 'W' 'J' 'L' 'B'],Male,0,Yes,Yes,37,No,No,Fiber optic,No,Yes,No,Yes,Yes,No,Two year,Yes,Electronic check,79.8,2954.09,1
3060-['H' 'B' 'T' 'A' 'E'],Female,0,Yes,No,68,Yes,No,Fiber optic,Yes,No,No,No,No,No,One year,No,Electronic check,81.71,5579.83,0
3832-['I' 'K' 'O' 'X' 'F'],Female,0,No,Yes,36,Yes,Yes,Fiber optic,No,Yes,No,Yes,No,No,Month-to-month,Yes,Mailed check,96.99,3525.7,1
4490-['Q' 'E' 'L' 'R' 'N'],Female,0,No,No,33,Yes,No,Fiber optic,Yes,Yes,No,No,No,No,Two year,Yes,Electronic check,83.75,2755.55,1
2908-['X' 'K' 'I' 'B' 'L'],Male,1,No,Yes,34,No,No,DSL,No,Yes,Yes,No,Yes,No,Month-to-month,Yes,Electronic check,66.14,2236.81,1
9162-['C' 'A' 'H' 'V' 'H'],Female,0,No,No,59,Yes,Yes,No,No,No,No,No,No,No,Month-to-month,Yes,Credit card (automatic),44.98,2651.93,0
7413-['C' 'U' 'E' 'E' 'S'],Female,1,No,No,38,Yes,No,DSL,No,No,No,Yes,Yes,Yes,Month-to-month,Yes,Electronic check,82.33,3119.01,1
8546-['N' 'Z' 'D' 'Y' 'M'],Female,0,Yes,No,45,Yes,Yes,DSL,No,No,No,No,No,No,Month-to-month,No,Bank transfer (automatic),75.06,3372.12,0
2065-['Y' 'R' 'H' 'H' 'G'],Male,0,No,No,15,Yes,No,Fiber optic,No,Yes,No,No,No,No,Month-to-month,No,Mailed check,80.66,1219.13,1
7943-['S' 'F' 'A' 'W' 'O'],Male,0,No,No,30,Yes,No,No,No,No,No,No,No,No,One year,Yes,Electronic check,35.28,1042.13,0
3712-['Q' 'A' 'O' 'W' 'B'],Female,0,No,Yes,13,No,No,DSL,Yes,Yes,Yes,Yes,No,No,Month-to-month,Yes,Electronic check,66.8,884.21,1
2997-['U' 'H' 'H' 'S' 'G'],Male,0,Yes,No,46,Yes,Yes,Fiber optic,No,Yes,No,No,Yes,Yes,Month-to-month,Yes,Electronic check,108.49,4991.98,1
2970-['F' 'F' 'C' 'G' 'S'],Male,0,Yes,Yes,31,Yes,No,Fiber optic,Yes,No,No,Yes,Yes,Yes,One year,Yes,Mailed check,104.0,3214.66,0
9135-['J' 'T' 'O' 'O' 'A'],Male,0,Yes,No,16,Yes,Yes,DSL,No,No,Yes,Yes,No,No,Month-to-month,No,Electronic check,76.73,1233.46,1
9669-['G' 'D' 'F' 'Y' 'A'],Male,0,Yes,No,55,Yes,No,DSL,No,Yes,Yes,No,No,No,One year,No,Mailed check,69.35,3817.57,0
1950-['A' 'D' 'V' 'B' 'J'],Male,1,Yes,Yes,35,No,No,No,No,No,No,No,No,No,Two year,Yes,Mailed check,20.6,710.91,0
5612-['J' 'A' 'V' 'F' 'M'],Male,0,Yes,No,41,Yes,Yes,No,No,No,No,No,No,No,Two year,Yes,Electronic check,44.52,1838.54,0
8326-['O' 'D' 'M' 'X' 'T'],Male,0,No,No,18,Yes,Yes,DSL,No,Yes,No,Yes,No,Yes,One year,Yes,Credit card (automatic),92.36,1655.32,0
8863-['O' 'H' 'E' 'O' 'D'],Male,0,Yes,No,6,Yes,Yes,No,No,No,No,No,No,No,Month-to-month,No,Bank transfer (automatic),44.72,274.32,0
3891-['M' 'B' 'S' 'S' 'D'],Male,0,No,Yes,54,Yes,Yes,Fiber optic,Yes,Yes,Yes,Yes,No,No,Two year,Yes,Electronic check,105.67,5702.99,0
1793-['K' 'E' 'T' 'K' 'J'],Female,1,No,No,29,Yes,No,Fiber optic,No,No,No,No,Yes,No,Month-to-month,No,Mailed check,85.94,2490.46,1
7166-['O' 'Z' 'N' 'K' 'L'],Female,0,No,No,28,Yes,No,Fiber optic,Yes,No,Yes,No,No,Yes,Two year,Yes,Credit card (automatic),92.12,2575.86,0
8783-['R' 'Y' 'A' 'O' 'H'],Male,0,Yes,No,66,No,No,DSL,Yes,No,No,No,No,Yes,Month-to-month,Yes,Bank transfer (automatic),59.45,3920.78,0
1827-['K' 'L' 'L' 'D' 'P'],Male,0,Yes,No,33,Yes,Yes,Fiber optic,No,No,No,Yes,Yes,Yes,Two year,No,Electronic check,107.55,3569.21,0
4876-['H' 'J' 'Q' 'Z' 'I'],Male,0,No,Yes,33,Yes,Yes,Fiber optic,Yes,Yes,No,No,No,No,Month-to-month,Yes,Electronic check,93.89,3087.58,1
6109-['S' 'N' 'H' 'I' 'V'],Male,0,No,Yes,1,Yes,Yes,No,No,No,No,No,No,No,One year,Yes,Credit card (automatic),44.04,44.97,0
2792-['N' 'E' 'U' 'Z' 'N'],Female,0,Yes,Yes,26,Yes,Yes,DSL,No,No,No,No,Yes,No,Month-to-month,Yes,Bank transfer (automatic),80.54,2101.29,1
4030-['Y' 'A' 'V' 'W' 'S'],Male,0,Yes,No,46,No,No,No,No,No,No,No,No,No,Two year,No,Credit card (automatic),24.93,1156.92,1
6031-['O' 'U' 'O' 'I' 'U'],Female,0,No,Yes,56,No,No,DSL,No,Yes,No,No,No,Yes,Month-to-month,Yes,Mailed check,56.56,3174.8,1
9393-['T' 'Y' 'U' 'Z' 'I'],Female,0,No,No,16,Yes,No,No,No,No,No,No,No,No,Month-to-month,Yes,Mailed check,29.7,471.16,0
8970-['T' 'Y' 'Z' 'K' 'F'],Female,0,No,Yes,25,No,No,Fiber optic,No,No,No,Yes,Yes,No,Month-to-month,No,Electronic check,75.03,1866.2,0
9577-['G' 'R' 'B' 'Q' 'K'],Female,0,No,Yes,9,Yes,Yes,Fiber optic,No,Yes,No,No,No,Yes,Month-to-month,No,Credit card (automatic),99.1,893.78,0
5971-['S' 'V' 'X' 'Y' 'G'],Female,0,Yes,Yes,38,Yes,No,No,No,No,No,No,No,No,Month-to-month,No,Bank transfer (automatic),37.01,1424.79,1
6299-['F' 'U' 'X' 'A' 'Q'],Female,1,No,No,8,Yes,No,DSL,No,No,No,No,Yes,Yes,Month-to-month,No,Electronic check,78.21,619.29,1
5380-['K' 'V' 'Z' 'R' 'U'],Male,0,Yes,Yes,24,No,No,Fiber optic,Yes,No,Yes,No,Yes,Yes,Month-to-month,Yes,Mailed check,88.18,2122.95,1
1966-['Q' 'T' 'I' 'Q' 'T'],Male,0,Yes,Yes,19,No,No,No,No,No,No,No,No,No,One year,Yes,Electronic check,18.25,379.67,0
4701-['V' 'H' 'Q' 'G' 'A'],Female,0,No,Yes,14,Yes,Yes,Fiber optic,Yes,No,Yes,No,No,Yes,Month-to-month,Yes,Electronic check,107.34,1506.67,1
2759-['M' 'W' 'S' 'X' 'S'],Male,0,Yes,No,10,Yes,Yes,Fiber optic,Yes,Yes,No,No,Yes,No,Month-to-month,No,Bank transfer (automatic),102.16,991.68,1
3079-['Q' 'M' 'P' 'H' 'S'],Female,0,Yes,No,15,Yes,No,DSL,No,No,Yes,No,No,Yes,Month-to-month,No,Mailed check,76.29,1165.25,1
3065-['A' 'N' 'S' 'O' 'R'],Male,0,No,No,21,Yes,No,Fiber optic,No,Yes,No,No,Yes,No,One year,Yes,Mailed check,88.12,1845.25,0
7645-['Q' 'R' 'F' 'S' 'D'],Female,0,Yes,Yes,61,Yes,No,Fiber optic,No,No,No,Yes,No,Yes,Two year,Yes,Credit card (automatic),92.53,5661.82,0
7016-['H' 'W' 'G' 'C' 'J'],Female,0,Yes,Yes,23,Yes,Yes,DSL,No,Yes,Yes,No,No,Yes,Month-to-month,No,Credit card (automatic),90.06,2056.65,0
2481-['S' 'N' 'B' 'A' 'W'],Male,0,Yes,No,35,Yes,No,DSL,No,Yes,Yes,Yes,No,No,Month-to-month,No,Bank transfer (automatic),74.2,2586.39,0
1054-['R' 'G' 'H' 'A' 'Y'],Female,0,No,No,17,Yes,No,Fiber optic,No,Yes,No,No,No,No,Two year,Yes,Electronic check,81.88,1413.46,0
6954-['X' 'W' 'H' 'V' 'Y'],Male,0,Yes,No,19,Yes,Yes,No,No,No,No,No,No,No,One year,No,Electronic check,46.04,865.31,1
4310-['E' 'C' 'S' 'A' 'O'],Female,0,No,Yes,7,Yes,No,Fiber optic,No,Yes,Yes,No,Yes,No,One year,No,Credit card (automatic),93.04,635.22,1
8970-['X' 'N' 'X' 'N' 'K'],Male,0,No,No,14,Yes,No,Fiber optic,Yes,No,No,No,No,No,Two year,Yes,Electronic check,74.6,1038.12,0
5547-['T' 'E' 'V' 'U' 'N'],Male,0,No,Yes,46,Yes,Yes,DSL,Yes,No,No,No,Yes,No,Month-to-month,No,Electronic check,83.94,3861.17,1
1822-['P' 'R' 'G' 'J' 'G'],Male,0,Yes,No,23,Yes,No,DSL,No,Yes,Yes,Yes,Yes,Yes,Month-to-month,No,Bank transfer (automatic),97.51,2241.64,1
3198-['U' 'S' 'P' 'S' 'D'],Male,0,No,Yes,46,Yes,Yes,Fiber optic,No,No,Yes,No,No,Yes,Month-to-month,Yes,Electronic check,97.65,4486.26,1
2308-['R' 'B' 'A' 'O' 'E'],Male,1,No,Yes,17,Yes,No,No,No,No,No,No,No,No,Month-to-month,No,Credit card (automatic),36.98,634.11,0
7035-['K' 'J' 'B' 'C' 'W'],Female,0,No,No,31,Yes,No,DSL,No,No,Yes,Yes,Yes,No,Two year,No,Credit card (automatic),78.66,2439.08,0
5491-['T' 'E' 'E' 'F' 'I'],Female,0,Yes,Yes,41,Yes,Yes,DSL,No,No,No,No,No,Yes,Month-to-month,Yes,Bank transfer (automatic),79.15,3241.82,1
8083-['C' 'T' 'Z' 'V' 'L'],Male,0,Yes,Yes,36,Yes,No,Fiber optic,No,No,No,No,Yes,Yes,Month-to-month,No,Bank transfer (automatic),98.61,3530.98,0
3679-['N' 'W' 'Q' 'R' 'S'],Female,1,Yes,Yes,32,Yes,Yes,No,No,No,No,No,No,No,Month-to-month,No,Electronic check,43.79,1400.81,0
3573-['I' 'H' 'B' 'M' 'Y'],Female,1,No,No,0,Yes,Yes,Fiber optic,Yes,Yes,Yes,No,Yes,Yes,Month-to-month,No,Bank transfer (automatic),118.75,0.0,1
8368-['V' 'V' 'K' 'N' 'D'],Male,1,Yes,No,26,Yes,Yes,DSL,No,Yes,No,No,No,No,One year,No,Mailed check,71.48,1862.04,0
7809-['Z' 'M' 'B' 'W' 'E'],Male,1,Yes,No,16,Yes,No,No,No,No,No,No,No,No,Two year,No,Electronic check,36.73,582.9,0
1074-['F' 'R' 'U' 'J' 'D'],Female,0,Yes,No,45,Yes,No,Fiber optic,Yes,No,No,Yes,No,Yes,Month-to-month,Yes,Credit card (automatic),95.64,4286.36,1
9232-['F' 'B' 'Q' 'E' 'Y'],Male,0,Yes,No,33,Yes,No,Fiber optic,No,No,No,Yes,No,Yes,Month-to-month,No,Credit card (automatic),86.04,2838.23,1
8141-['Z' 'L' 'W' 'U' 'J'],Male,0,Yes,No,2,Yes,Yes,DSL,No,Yes,No,No,Yes,No,Month-to-month,No,Credit card (automatic),88.56,187.8,0
1341-['U' 'Y' 'F' 'H' 'B'],Male,0,Yes,No,55,Yes,Yes,No,No,No,No,No,No,No,One year,Yes,Credit card (automatic),43.23,2369.98,0
7136-['U' 'G' 'J' 'M' 'Q'],Female,0,No,No,11,Yes,Yes,DSL,Yes,No,No,No,No,Yes,Two year,Yes,Credit card (automatic),82.83,900.78,0
3969-['U' 'Z' 'N' 'B' 'V'],Male,0,No,Yes,25,Yes,Yes,No,No,No,No,No,No,No,Month-to-month,Yes,Mailed check,42.82,1078.07,1
2386-['A' 'S' 'U' 'D' 'S'],Female,0,No,No,23,Yes,No,No,No,No,No,No,No,No,Month-to-month,No,Mailed check,38.18,870.82,1
5124-['U' 'K' 'H' 'K' 'D'],Male,0,Yes,Yes,59,Yes,Yes,DSL,No,Yes,No,No,No,Yes,Two year,No,Credit card (automatic),88.67,5229.9,0
9378-['G' 'H' 'C' 'V' 'B'],Female,0,Yes,Yes,57,Yes,Yes,DSL,No,No,Yes,No,No,Yes,Month-to-month,Yes,Credit card (automatic),84.55,4811.95,0
5150-['O' 'X' 'V' 'V' 'E'],Male,0,Yes,Yes,62,Yes,Yes,No,No,No,No,No,No,No,Month-to-month,Yes,Bank transfer (automatic),45.5,2810.56,0
8479-['A' 'Z' 'D' 'O' 'T'],Male,1,Yes,No,7,Yes,No,DSL,No,Yes,Yes,No,No,Yes,Month-to-month,Yes,Electronic check,78.04,555.59,1
2762-['T' 'K' 'Q' 'M' 'K'],Male,0,No,No,72,Yes,No,No,No,No,No,No,No,No,One year,No,Bank transfer (automatic),38.58,2790.11,1
1481-['I' 'Z' 'B' 'U' 'I'],Female,0,Yes,No,25,Yes,No,DSL,No,No,Yes,No,No,No,Month-to-month,Yes,Electronic check,65.58,1645.86,1
3343-['Q' 'A' 'Y' 'K' 'H'],Female,0,No,No,57,Yes,No,Fiber optic,No,Yes,Yes,Yes,No,Yes,Month-to-month,Yes,Credit card (automatic),98.62,5624.8,1
7185-['Y' 'G' 'C' 'C' 'R'],Female,1,Yes,No,37,Yes,Yes,DSL,No,No,No,No,No,No,One year,No,Bank transfer (automatic),71.59,2652.44,1
2252-['L' 'L' 'S' 'F' 'B'],Female,0,No,No,48,Yes,No,No,No,No,No,No,No,No,One year,No,Mailed check,34.83,1671.4,0
7667-['S' 'E' 'L' 'Q' 'Q'],Male,0,No,No,42,Yes,Yes,Fiber optic,No,No,Yes,No,Yes,Yes,Two year,Yes,Credit card (automatic),107.78,4516.72,0
1329-['Y' 'W' 'Q' 'O' 'L'],Male,0,No,No,58,Yes,No,Fiber optic,Yes,Yes,No,No,No,No,Month-to-month,No,Bank transfer (automatic),84.48,4891.52,1
2341-['P' 'X' 'S' 'H' 'U'],Female,0,Yes,Yes,20,Yes,No,DSL,No,No,No,Yes,Yes,No,Two year,Yes,Electronic check,77.32,1544.66,0
2750-['E' 'V' 'P' 'F' 'H'],Female,0,Yes,No,12,Yes,Yes,Fiber optic,Yes,Yes,No,No,Yes,Yes,Month-to-month,Yes,Electronic check,116.89,1403.1,0
7609-['Y' 'L' 'O' 'Z' 'I'],Female,0,No,Yes,2,Yes,No,Fiber optic,No,Yes,No,No,Yes,No,One year,No,Electronic check,90.69,188.87,1
9044-['Z' 'O' 'J' 'P' 'G'],Female,0,Yes,No,31,Yes,No,DSL,Yes,No,Yes,No,Yes,No,Month-to-month,Yes,Credit card (automatic),80.22,2496.72,1
9592-['W' 'Z' 'U' 'V' 'Z'],Female,0,No,No,20,Yes,No,Fiber optic,No,No,No,Yes,No,Yes,Two year,No,Electronic check,91.63,1826.94,0
1390-['N' 'O' 'U' 'G' 'I'],Female,0,Yes,Yes,13,Yes,Yes,DSL,No,No,No,No,No,No,One year,Yes,Credit card (automatic),72.46,938.11,0
9007-['R' 'W' 'R' 'T' 'G'],Male,1,Yes,Yes,7,Yes,Yes,Fiber optic,No,Yes,No,No,Yes,Yes,Month-to-month,Yes,Mailed check,109.82,767.75,1
4042-['R' 'J' 'G' 'Q' 'N'],Female,0,Yes,No,6,Yes,No,Fiber optic,Yes,No,No,Yes,No,No,Month-to-month,Yes,Credit card (automatic),83.66,499.64,1
4223-['C' 'L' 'M' 'B' 'C'],Female,0,No,No,58,Yes,No,DSL,No,No,No,No,No,Yes,Month-to-month,Yes,Mailed check,71.46,4139.42,0
3983-['Z' 'W' 'W' 'L' 'G'],Female,0,No,No,1,Yes,No,DSL,Yes,No,Yes,Yes,No,Yes,Month-to-month,Yes,Credit card (automatic),84.78,92.09,0
8694-['X' 'Q' 'D' 'V' 'Y'],Male,0,Yes,Yes,68,No,No,DSL,No,No,No,No,No,Yes,Month-to-month,Yes,Bank transfer (automatic),57.24,3900.14,1
8564-['R' 'A' 'P' 'M' 'J'],Female,0,No,No,43,No,No,Fiber optic,Yes,Yes,No,Yes,No,No,Month-to-month,Yes,Credit card (automatic),74.03,3194.5,0
9502-['C' 'J' 'B' 'W' 'M'],Male,0,Yes,No,65,No,No,No,No,No,No,No,No,No,Two year,Yes,Credit card (automatic),19.68,1270.18,0
4810-['G' 'N' 'T' 'Q' 'U'],Male,1,No,No,17,Yes,No,Fiber optic,Yes,No,Yes,Yes,No,Yes,Two year,Yes,Bank transfer (automatic),100.13,1700.5,0
1271-['X' 'L' 'O' 'Y' 'J'],Female,0,Yes,Yes,15,Yes,No,No,No,No,No,No,No,No,Month-to-month,Yes,Credit card (automatic),34.24,523.36,1
8069-['Y' 'G' 'T' 'E' 'A'],Male,1,Yes,No,11,Yes,Yes,DSL,No,No,No,No,Yes,No,Two year,Yes,Electronic check,76.89,860.62,1
4760-['C' 'M' 'N' 'X' 'R'],Female,0,Yes,No,59,Yes,Yes,DSL,No,No,No,No,No,Yes,Month-to-month,Yes,Mailed check,79.99,4727.73,0
7467-['R' 'E' 'Y' 'P' 'A'],Male,1,No,No,53,Yes,No,DSL,Yes,No,Yes,Yes,Yes,No,One year,Yes,Mailed check,86.83,4607.81,0
9173-['O' 'I' 'O' 'Q' 'Y'],Female,0,No,Yes,39,Yes,Yes,No,No,No,No,No,No,No,Two year,No,Credit card (automatic),44.61,1733.75,0
8511-['D' 'L' 'Z' 'E' 'E'],Female,0,Yes,No,42,Yes,Yes,No,No,No,No,No,No,No,Month-to-month,No,Mailed check,45.16,1886.72,1
5805-['G' 'X' 'N' 'X' 'K'],Male,0,No,No,21,Yes,No,Fiber optic,No,Yes,No,No,Yes,Yes,One year,Yes,Mailed check,101.42,2138.28,0
2868-['B' 'Y' 'G' 'T' 'D'],Female,0,No,Yes,3,Yes,Yes,Fiber optic,No,Yes,Yes,No,No,Yes,One year,No,Electronic check,105.22,310.76,1
6690-['H' 'T' 'V' 'U' 'S'],Female,0,Yes,No,20,Yes,No,Fiber optic,No,Yes,No,No,No,Yes,One year,Yes,Mailed check,88.1,1755.92,0
4564-['N' 'J' 'K' 'B' 'Y'],Male,0,Yes,No,22,No,No,No,No,No,No,No,No,No,Month-to-month,Yes,Credit card (automatic),22.51,489.81,1
3265-['I' 'Q' 'Z' 'C' 'X'],Male,0,No,Yes,41,Yes,No,DSL,No,Yes,Yes,No,Yes,No,Two year,No,Credit card (automatic),79.25,3241.43,0
4845-['E' 'E' 'V' 'O' 'W'],Female,0,No,Yes,40,Yes,No,Fiber optic,No,Yes,No,No,No,No,Two year,Yes,Bank transfer (automatic),78.26,3126.99,0
3736-['I' 'C' 'T' 'Z' 'Q'],Male,0,Yes,Yes,15,Yes,No,DSL,Yes,No,No,No,No,Yes,Two year,Yes,Bank transfer (automatic),74.3,1110.02,0
8657-['C' 'R' 'R' 'Q' 'X'],Female,1,No,No,35,Yes,No,DSL,No,No,No,No,Yes,No,Month-to-month,Yes,Mailed check,67.76,2390.36,0
9194-['C' 'F' 'M' 'X' 'O'],Male,0,No,Yes,16,Yes,Yes,Fiber optic,No,No,Yes,No,No,No,Two year,Yes,Credit card (automatic),88.23,1416.41,0
5675-['N' 'E' 'B' 'K' 'I'],Male,0,No,Yes,53,Yes,No,Fiber optic,Yes,Yes,No,No,Yes,No,One year,No,Electronic check,94.11,5000.75,0
8490-['I' 'C' 'Y' 'B' 'L'],Male,0,No,Yes,6,Yes,No,Fiber optic,No,No,No,No,Yes,No,Two year,Yes,Credit card (automatic),83.5,516.05,1
1954-['B' 'X' 'O' 'F' 'H'],Female,1,Yes,No,40,Yes,Yes,DSL,Yes,No,Yes,No,No,Yes,Month-to-month,Yes,Credit card (automatic),92.71,3718.44,1
6370-['E' 'P' 'Z' 'R' 'F'],Female,0,No,Yes,61,Yes,No,Fiber optic,No,Yes,No,No,No,No,Month-to-month,Yes,Electronic check,78.91,4814.54,1
9228-['P' 'M' 'E' 'M' 'Q'],Female,0,Yes,No,56,Yes,Yes,Fiber optic,No,No,Yes,No,No,No,Month-to-month,No,Bank transfer (automatic),91.3,5109.03,0
6233-['H' 'M' 'S' 'Z' 'C'],Female,0,No,Yes,32,Yes,No,Fiber optic,No,No,Yes,No,Yes,Yes,Month-to-month,No,Credit card (automatic),101.4,3251.52,1
2591-['H' 'B' 'H' 'M' 'M'],Female,0,Yes,No,25,Yes,No,DSL,Yes,Yes,No,No,No,Yes,Month-to-month,No,Mailed check,79.9,1992.65,1
2312-['F' 'X' 'S' 'P' 'H'],Male,0,No,No,23,No,No,DSL,Yes,Yes,Yes,No,Yes,Yes,Month-to-month,Yes,Credit card (automatic),79.1,1825.56,0
3139-['A' 'P' 'I' 'M' 'K'],Female,0,Yes,Yes,30,Yes,Yes,No,No,No,No,No,No,No,Month-to-month,Yes,Bank transfer (automatic),47.21,1418.92,0
3604-['Y' 'U' 'J' 'D' 'F'],Male,0,Yes,Yes,26,Yes,Yes,Fiber optic,No,Yes,No,No,Yes,Yes,One year,No,Credit card (automatic),111.33,2892.42,1
5795-['G' 'E' 'K' 'M' 'Z'],Male,0,Yes,Yes,48,Yes,No,Fiber optic,Yes,No,No,No,No,No,Month-to-month,Yes,Credit card (automatic),76.84,3679.65,1
3808-['S' 'W' 'J' 'J' 'K'],Male,0,No,No,72,Yes,Yes,No,No,No,No,No,No,No,Month-to-month,No,Bank transfer (automatic),46.16,3332.35,0
4741-['G' 'R' 'D' 'B' 'N'],Female,0,No,No,65,Yes,No,DSL,No,Yes,No,Yes,Yes,Yes,Month-to-month,Yes,Electronic check,89.73,5837.58,1
9780-['L' 'G' 'B' 'M' 'N'],Male,1,No,Yes,69,Yes,No,No,No,No,No,No,No,No,One year,No,Bank transfer (automatic),31.45,2183.21,0
2136-['I' 'Q' 'H' 'B' 'X'],Female,0,No,No,30,Yes,No,Fiber optic,No,No,Yes,No,Yes,No,One year,Yes,Electronic check,87.62,2617.96,1
2007-['F' 'S' 'G' 'J' 'I'],Female,0,Yes,Yes,24,Yes,Yes,Fiber optic,Yes,No,No,No,No,No,Month-to-month,Yes,Electronic check,91.81,2198.76,1
2435-['O' 'E' 'V' 'D' 'T'],Female,1,Yes,No,15,Yes,No,Fiber optic,No,Yes,No,No,No,Yes,Month-to-month,No,Credit card (automatic),86.02,1279.74,1
2887-['D' 'R' 'D' 'Q' 'L'],Female,0,Yes,Yes,5,Yes,No,No,No,No,No,No,No,No,Month-to-month,No,Mailed check,33.59,183.23,0
9073-['V' 'A' 'V' 'Z' 'X'],Male,0,No,Yes,68,Yes,Yes,DSL,No,No,No,Yes,No,No,Two year,No,Mailed check,76.26,5193.49,0
7353-['R' 'N' 'O' 'L' 'D'],Female,0,No,Yes,16,No,No,DSL,Yes,No,No,No,Yes,Yes,Month-to-month,No,Mailed check,71.1,1137.54,1
9954-['C' 'T' 'L' 'G' 'K'],Male,0,No,No,8,Yes,No,DSL,No,Yes,Yes,Yes,No,No,Month-to-month,No,Bank transfer (automatic),74.27,593.82,1
8813-['O' 'O' 'S' 'K' 'Z'],Male,1,Yes,Yes,61,Yes,No,DSL,Yes,No,No,No,Yes,No,One year,No,Bank transfer (automatic),72.77,4443.28,0
4356-['D' 'Q' 'C' 'M' 'I'],Female,0,No,No,12,Yes,No,Fiber optic,Yes,No,Yes,No,Yes,No,One year,No,Mailed check,95.16,1134.01,0
1038-['O' 'W' 'K' 'T' 'B'],Male,0,No,No,6,Yes,Yes,DSL,No,No,Yes,No,No,No,Month-to-month,No,Credit card (automatic),78.06,471.9,1
4155-['V' 'K' 'C' 'Q' 'L'],Male,0,No,No,17,Yes,No,DSL,No,No,Yes,No,Yes,No,Month-to-month,No,Electronic check,74.21,1268.06,1
1988-['U' 'O' 'P' 'E' 'T'],Male,0,No,No,44,Yes,No,Fiber optic,No,Yes,No,Yes,Yes,No,Month-to-month,Yes,Credit card (automatic),94.8,4167.81,1
2682-['Y' 'E' 'C' 'A' 'Z'],Female,1,Yes,No,23,Yes,No,Fiber optic,Yes,No,Yes,No,Yes,Yes,Month-to-month,No,Electronic check,106.21,2438.89,1
1933-['O' 'B' 'C' 'Q' 'Y'],Male,0,Yes,Yes,54,Yes,No,Fiber optic,No,No,No,No,No,Yes,Month-to-month,Yes,Bank transfer (automatic),84.15,4532.14,0
1791-['L' 'R' 'O' 'L' 'P'],Female,0,No,No,31,Yes,Yes,DSL,Yes,No,No,No,No,Yes,Month-to-month,Yes,Electronic check,85.52,2640.18,1
4610-['H' 'N' 'Y' 'Q' 'U'],Female,0,Yes,No,6,Yes,No,DSL,No,No,No,Yes,Yes,Yes,One year,Yes,Credit card (automatic),87.3,527.45,1
9711-['O' 'N' 'R' 'T' 'G'],Female,0,Yes,No,19,Yes,No,No,No,No,No,No,No,No,One year,No,Bank transfer (automatic),33.54,644.53,0
1959-['L' 'U' 'X' 'Z' 'C'],Female,0,Yes,No,18,Yes,Yes,Fiber optic,No,Yes,Yes,Yes,No,Yes,Month-to-month,Yes,Credit card (automatic),110.5,2001.89,1
8725-['O' 'Y' 'N' 'G' 'Q'],Male,0,No,No,61,Yes,No,No,No,No,No,No,No,No,Month-to-month,Yes,Mailed check,34.91,2127.1,0
2875-['D' 'I' 'F' 'P' 'Y'],Male,0,No,No,13,Yes,Yes,DSL,No,No,No,Yes,Yes,Yes,Two year,No,Credit card (automatic),95.29,1230.7,0
8099-['V' 'V' 'U' 'U' 'B'],Male,0,Yes,No,31,Yes,No,Fiber optic,Yes,Yes,No,Yes,Yes,Yes,Month-to-month,No,Mailed check,109.14,3387.36,1
6463-['H' 'K' 'M' 'Q' 'H'],Female,0,No,No,8,Yes,Yes,Fiber optic,No,No,Yes,Yes,Yes,Yes,Month-to-month,Yes,Mailed check,115.44,919.44,1
9465-['R' 'N' 'O' 'F' 'K'],Male,0,No,No,48,Yes,No,DSL,No,No,No,No,Yes,No,Month-to-month,Yes,Bank transfer (automatic),73.04,3505.04,0
6420-['Y' 'A' 'F' 'I' 'H'],Female,0,Yes,No,15,Yes,Yes,Fiber optic,Yes,No,No,Yes,Yes,No,Month-to-month,No,Electronic check,105.31,1567.5,0
1778-['V' 'S' 'X' 'I' 'Q'],Male,0,No,Yes,23,Yes,No,Fiber optic,No,No,No,Yes,No,Yes,Two year,No,Electronic check,90.62,2086.3,0
7731-['Y' 'N' 'O' 'P' 'V'],Female,0,No,No,29,Yes,No,Fiber optic,Yes,No,Yes,No,Yes,Yes,Two year,Yes,Mailed check,105.06,3057.38,0
3720-['J' 'H' 'R' 'A' 'B'],Female,1,Yes,No,7,Yes,No,DSL,No,No,No,Yes,No,Yes,Month-to-month,Yes,Mailed check,72.03,500.99,1
7368-['A' 'I' 'M' 'A' 'M'],Female,0,Yes,No,9,Yes,Yes,DSL,No,Yes,No,No,Yes,Yes,Month-to-month,Yes,Mailed check,98.25,890.0,1
8833-['V' 'G' 'B' 'F' 'G'],Female,0,Yes,No,35,Yes,Yes,Fiber optic,No,Yes,No,Yes,Yes,No,One year,Yes,Credit card (automatic),104.85,3650.37,1
1089-['N' 'Z' 'R' 'O' 'B'],Male,0,No,No,23,No,No,No,No,No,No,No,No,No,Month-to-month,Yes,Electronic check,21.28,475.18,1
1105-['W' 'L' 'Q' 'H' 'K'],Female,0,Yes,No,7,Yes,No,Fiber optic,No,No,Yes,Yes,No,No,Month-to-month,No,Electronic check,82.06,567.09,1
9508-['C' 'F' 'I' 'F' 'I'],Male,0,No,No,0,Yes,Yes,Fiber optic,Yes,No,No,No,No,Yes,Two year,Yes,Mailed check,104.04,0.0,0
1552-['R' 'L' 'H' 'H' 'R'],Male,0,No,Yes,32,Yes,No,DSL,Yes,No,Yes,No,No,No,One year,No,Electronic check,69.11,2194.34,0
4389-['T' 'O' 'G' 'K' 'T'],Male,0,Yes,No,30,Yes,Yes,No,No,No,No,No,No,No,Month-to-month,No,Electronic check,48.48,1445.32,1
1207-['D' 'F' 'Z' 'V' 'Z'],Female,0,Yes,No,61,Yes,Yes,Fiber optic,Yes,No,No,Yes,Yes,Yes,Two year,Yes,Bank transfer (automatic),115.43,7041.06,0
1894-['C' 'I' 'J' 'N' 'K'],Female,1,Yes,No,34,Yes,No,No,No,No,No,No,No,No,Month-to-month,Yes,Mailed check,35.94,1227.48,0
8179-['W' 'L' 'M' 'Y' 'M'],Female,0,Yes,No,43,Yes,Yes,DSL,No,No,Yes,No,Yes,Yes,One year,Yes,Bank transfer (automatic),94.94,4076.92,1
2266-['Z' 'S' 'W' 'N' 'D'],Male,0,Yes,No,46,Yes,No,Fiber optic,No,No,No,No,No,Yes,Month-to-month,Yes,Electronic check,84.89,3911.03,1
5780-['H' 'W' 'U' 'W' 'S'],Female,0,Yes,Yes,31,Yes,No,DSL,Yes,Yes,No,No,Yes,No,One year,No,Electronic check,76.6,2359.53,1
8979-['R' 'F' 'R' 'S' 'V'],Female,0,No,Yes,62,Yes,Yes,DSL,No,No,No,Yes,No,Yes,Month-to-month,No,Bank transfer (automatic),83.03,5154.45,0
5644-['X' 'I' 'C' 'J' 'S'],Male,0,Yes,No,21,Yes,Yes,DSL,No,No,No,No,No,Yes,Month-to-month,Yes,Bank transfer (automatic),80.23,1702.08,1
7236-['V' 'O' 'A' 'G' 'L'],Female,0,No,No,6,No,No,Fiber optic,No,No,No,No,No,Yes,Month-to-month,Yes,Bank transfer (automatic),73.55,440.47,1
8005-['U' 'Z' 'X' 'T' 'E'],Male,0,Yes,Yes,5,Yes,Yes,Fiber optic,No,Yes,No,No,No,No,One year,Yes,Electronic check,86.23,429.66,1
4453-['T' 'X' 'R' 'Q' 'S'],Male,0,No,Yes,40,Yes,Yes,DSL,No,No,Yes,Yes,Yes,Yes,Month-to-month,Yes,Credit card (automatic),99.17,3964.02,0
5703-['I' 'D' 'Z' 'U' 'B'],Male,0,No,No,11,Yes,No,No,No,No,No,No,No,No,Month-to-month,Yes,Bank transfer (automatic),31.61,355.67,1
6631-['D' 'B' 'O' 'B' 'D'],Female,0,Yes,No,72,Yes,Yes,DSL,No,No,Yes,No,No,Yes,Month-to-month,No,Electronic check,84.4,6078.41,1
2394-['Z' 'V' 'L' 'C' 'M'],Female,0,Yes,Yes,39,Yes,No,DSL,Yes,No,Yes,No,No,No,Two year,Yes,Mailed check,68.55,2675.75,0
1529-['H' 'U' 'O' 'A' 'C'],Male,0,No,No,68,Yes,No,DSL,Yes,No,No,No,No,Yes,Two year,Yes,Mailed check,77.23,5246.47,0
4591-['D' 'P' 'W' 'J' 'L'],Male,0,No,No,57,Yes,No,Fiber optic,Yes,Yes,No,Yes,No,Yes,Month-to-month,No,Electronic check,97.51,5564.37,1
1525-['N' 'B' 'W' 'E' 'E'],Female,0,Yes,Yes,2,Yes,Yes,DSL,Yes,Yes,Yes,No,Yes,No,Two year,No,Credit card (automatic),95.67,180.83,0
5648-['V' 'O' 'N' 'X' 'G'],Female,0,No,No,42,Yes,No,No,No,No,No,No,No,No,One year,Yes,Mailed check,34.48,1438.51,0
4155-['B' 'G' 'F' 'Q' 'Y'],Male,0,Yes,No,7,Yes,Yes,Fiber optic,No,Yes,Yes,Yes,Yes,No,Month-to-month,Yes,Mailed check,109.68,773.31,1
9219-['B' 'C' 'E' 'E' 'A'],Male,0,Yes,No,72,No,No,Fiber optic,No,No,No,No,Yes,Yes,Month-to-month,No,Electronic check,81.15,5832.91,1
6543-['L' 'X' 'D' 'M' 'W'],Male,0,Yes,No,12,Yes,No,Fiber optic,No,No,Yes,No,Yes,No,Two year,No,Bank transfer (automatic),94.22,1119.38,1
4374-['K' 'J' 'C' 'V' 'N'],Female,1,No,No,55,Yes,Yes,Fiber optic,No,Yes,No,Yes,No,No,Month-to-month,Yes,Electronic check,96.58,5311.08,0
6724-['J' 'L' 'I' 'A' 'E'],Male,0,No,No,18,Yes,No,Fiber optic,Yes,Yes,No,No,Yes,Yes,Month-to-month,Yes,Mailed check,108.57,1941.16,1
6895-['K' 'L' 'A' 'Y' 'V'],Female,0,No,No,22,Yes,No,No,No,No,No,No,No,No,One year,Yes,Electronic check,37.03,805.6,0
7099-['Y' 'K' 'E' 'O' 'E'],Male,0,No,Yes,42,No,No,Fiber optic,No,No,Yes,Yes,No,No,Month-to-month,No,Bank transfer (automatic),70.14,2940.56,1
4568-['X' 'L' 'X' 'O' 'O'],Female,0,Yes,Yes,23,Yes,Yes,Fiber optic,Yes,No,No,No,Yes,Yes,One year,Yes,Bank transfer (automatic),109.99,2527.79,0
2925-['L' 'T' 'R' 'N' 'B'],Male,0,No,Yes,2,Yes,No,Fiber optic,No,No,Yes,No,Yes,No,One year,No,Credit card (automatic),87.29,164.63,1
1968-['E' 'T' 'Z' 'A' 'W'],Female,0,No,No,13,Yes,Yes,No,No,No,No,No,No,No,One year,No,Bank transfer (automatic),43.8,562.15,1
2058-['F' 'E' 'U' 'E' 'A'],Female,0,Yes,No,32,Yes,No,Fiber optic,No,No,Yes,No,No,No,One year,No,Electronic check,79.65,2552.88,1
2229-['L' 'J' 'T' 'U' 'R'],Female,0,No,No,26,Yes,No,No,No,No,No,No,No,No,Month-to-month,Yes,Credit card (automatic),38.7,1011.28,1
2239-['K' 'B' 'Y' 'R' 'Y'],Female,0,No,No,11,Yes,No,Fiber optic,Yes,No,No,No,No,Yes,Month-to-month,Yes,Bank transfer (automatic),89.15,981.39,1
6342-['X' 'O' 'K' 'R' 'W'],Female,0,Yes,No,45,Yes,Yes,Fiber optic,No,No,No,No,Yes,Yes,Month-to-month,Yes,Mailed check,104.15,4676.0,1
8595-['F' 'T' 'W' 'M' 'T'],Female,0,Yes,No,70,Yes,Yes,Fiber optic,Yes,No,No,No,No,No,One year,Yes,Electronic check,90.54,6341.05,0
2969-['J' 'W' 'H' 'R' 'U'],Male,0,No,Yes,45,Yes,No,Fiber optic,Yes,No,No,Yes,Yes,No,Two year,No,Credit card (automatic),98.51,4441.62,0
9320-['W' 'H' 'F' 'E' 'O'],Male,0,Yes,No,15,Yes,Yes,DSL,Yes,No,No,No,No,Yes,Month-to-month,No,Bank transfer (automatic),83.11,1221.11,1
2198-['B' 'A' 'W' 'W' 'Z'],Male,0,Yes,No,57,Yes,No,Fiber optic,No,Yes,No,No,No,No,One year,Yes,Mailed check,77.94,4442.56,1
7089-['R' 'R' 'Q' 'Z' 'H'],Female,0,No,No,13,Yes,No,No,No,No,No,No,No,No,Month-to-month,Yes,Mailed check,34.58,461.07,1
1302-['H' 'Q' 'L' 'H' 'Y'],Female,0,Yes,No,42,Yes,No,Fiber optic,No,Yes,No,No,Yes,No,Two year,No,Bank transfer (automatic),90.9,3828.02,0
5909-['D' 'A' 'A' 'S' 'P'],Male,1,Yes,Yes,24,Yes,Yes,No,No,No,No,No,No,No,Month-to-month,No,Mailed check,47.25,1133.66,0
4124-['P' 'E' 'I' 'Z' 'B'],Female,0,No,Yes,14,Yes,No,DSL,No,No,Yes,No,No,Yes,Month-to-month,No,Bank transfer (automatic),74.39,1052.75,1
6105-['F' 'I' 'A' 'I' 'Y'],Female,0,Yes,No,29,Yes,No,Fiber optic,No,No,Yes,No,No,Yes,Two year,No,Mailed check,90.86,2630.14,1
7924-['I' 'U' 'M' 'I' 'K'],Male,0,Yes,No,43,Yes,Yes,Fiber optic,Yes,No,No,No,No,Yes,Month-to-month,Yes,Bank transfer (automatic),101.47,4377.97,1
4173-['N' 'D' 'F' 'S' 'F'],Male,0,No,No,8,Yes,No,DSL,No,No,No,Yes,No,No,Two year,No,Mailed check,65.9,523.34,0
4553-['R' 'M' 'I' 'W' 'S'],Male,0,Yes,No,10,Yes,No,DSL,Yes,No,Yes,Yes,Yes,Yes,One year,Yes,Electronic check,97.4,992.96,0
2388-['K' 'A' 'X' 'V' 'G'],Male,0,No,Yes,65,Yes,Yes,Fiber optic,No,No,No,No,Yes,No,One year,No,Bank transfer (automatic),92.53,6017.66,0
3772-['O' 'A' 'L' 'Z' 'G'],Male,1,Yes,No,21,Yes,No,Fiber optic,Yes,Yes,Yes,No,Yes,No,Month-to-month,No,Mailed check,97.17,2035.81,1
3190-['U' 'S' 'Y' 'A' 'Q'],Male,0,No,No,19,Yes,No,Fiber optic,Yes,Yes,No,No,No,Yes,Two year,Yes,Electronic check,95.36,1820.8,0
9927-['Q' 'C' 'L' 'F' 'Z'],Male,0,Yes,No,28,Yes,No,DSL,No,No,Yes,Yes,Yes,No,Month-to-month,No,Credit card (automatic),80.45,2272.14,1
8010-['H' 'N' 'N' 'J' 'B'],Female,0,Yes,Yes,62,Yes,Yes,Fiber optic,No,Yes,Yes,No,Yes,No,Two year,Yes,Mailed check,104.61,6495.63,0
3989-['I' 'C' 'U' 'Z' 'H'],Female,0,Yes,No,40,Yes,Yes,Fiber optic,Yes,Yes,No,Yes,Yes,Yes,One year,Yes,Electronic check,118.75,4768.26,1
3863-['B' 'F' 'U' 'Z' 'Y'],Female,0,Yes,Yes,47,Yes,Yes,DSL,No,No,No,No,No,No,Month-to-month,Yes,Electronic check,69.0,3242.89,1
1011-['E' 'B' 'P' 'E' 'O'],Female,0,No,No,26,No,No,DSL,No,Yes,Yes,No,No,No,Month-to-month,Yes,Electronic check,53.31,1387.49,1
9234-['P' 'W' 'F' 'N' 'R'],Male,0,No,No,30,Yes,Yes,Fiber optic,No,Yes,Yes,Yes,No,Yes,Month-to-month,No,Mailed check,110.29,3319.04,1
7570-['M' 'U' 'W' 'K' 'W'],Female,0,No,No,24,Yes,Yes,Fiber optic,Yes,Yes,No,Yes,Yes,Yes,Month-to-month,Yes,Mailed check,118.75,2852.0,1
5431-['O' 'U' 'O' 'Y' 'D'],Female,0,Yes,No,48,Yes,No,DSL,No,No,No,No,Yes,Yes,Month-to-month,No,Electronic check,79.59,3821.48,1
9906-['S' 'O' 'D' 'U' 'M'],Female,0,Yes,No,69,Yes,Yes,Fiber optic,No,Yes,No,Yes,No,Yes,Month-to-month,No,Bank transfer (automatic),104.61,7223.61,0
5882-['B' 'N' 'D' 'P' 'U'],Female,1,Yes,Yes,63,Yes,Yes,Fiber optic,No,No,No,Yes,Yes,No,Month-to-month,No,Bank transfer (automatic),103.16,6490.87,0
4610-['O' 'C' 'H' 'P' 'J'],Male,0,Yes,No,55,Yes,Yes,No,No,No,No,No,No,No,Month-to-month,No,Electronic check,42.08,2317.0,0
6539-['R' 'B' 'Q' 'M' 'D'],Female,1,Yes,No,6,Yes,No,Fiber optic,No,No,No,No,No,No,Month-to-month,No,Bank transfer (automatic),74.8,435.87,1
3137-['Y' 'K' 'G' 'L' 'J'],Male,0,Yes,Yes,69,Yes,No,No,No,No,No,No,No,No,One year,Yes,Bank transfer (automatic),34.23,2361.53,0
8052-['G' 'X' 'Q' 'J' 'J'],Male,0,Yes,No,34,Yes,Yes,DSL,No,Yes,No,No,Yes,Yes,Month-to-month,Yes,Bank transfer (automatic),91.05,3084.48,0
6047-['D' 'T' 'D' 'V' 'G'],Female,1,No,No,20,Yes,Yes,Fiber optic,No,Yes,No,Yes,No,Yes,One year,Yes,Electronic check,105.53,2101.66,1
6291-['X' 'M' 'J' 'O' 'M'],Male,1,No,No,46,Yes,No,DSL,No,Yes,Yes,No,No,No,One year,No,Electronic check,74.6,3436.77,1
8285-['U' 'V' 'I' 'Z' 'I'],Female,1,Yes,No,59,Yes,No,DSL,Yes,Yes,No,No,Yes,No,Month-to-month,Yes,Bank transfer (automatic),81.29,4791.06,1
1009-['X' 'Z' 'Y' 'J' 'H'],Male,0,Yes,No,16,Yes,No,Fiber optic,Yes,Yes,Yes,No,No,Yes,One year,Yes,Bank transfer (automatic),101.31,1615.67,0
7295-['P' 'Q' 'Z' 'E' 'D'],Male,0,No,No,16,Yes,No,DSL,No,No,Yes,Yes,Yes,No,Month-to-month,Yes,Credit card (automatic),81.23,1309.73,1
7807-['S' 'D' 'G' 'J' 'Y'],Male,0,No,No,70,No,No,DSL,Yes,Yes,No,No,Yes,No,Two year,Yes,Electronic check,64.71,4528.65,0
1145-['S' 'D' 'J' 'A' 'W'],Female,0,Yes,Yes,24,Yes,Yes,Fiber optic,Yes,No,Yes,No,No,No,Month-to-month,No,Electronic check,96.21,2290.69,1
1482-['L' 'B' 'A' 'W' 'U'],Female,0,No,No,33,Yes,No,DSL,No,Yes,No,No,No,No,Month-to-month,Yes,Electronic check,67.1,2220.09,1
9853-['P' 'E' 'O' 'C' 'G'],Female,0,No,Yes,25,Yes,No,Fiber optic,No,Yes,Yes,No,Yes,No,One year,No,Mailed check,91.35,2285.24,1
8327-['K' 'J' 'I' 'N' 'M'],Female,0,No,No,5,Yes,Yes,No,No,No,No,No,No,No,Month-to-month,Yes,Electronic check,43.8,213.27,1
7652-['Y' 'Y' 'B' 'C' 'G'],Male,0,No,No,9,Yes,No,Fiber optic,No,Yes,No,No,No,Yes,Two year,No,Electronic check,90.96,816.89,0
7780-['G' 'I' 'Q' 'K' 'G'],Female,0,No,No,2,Yes,Yes,DSL,No,Yes,No,Yes,Yes,Yes,One year,Yes,Bank transfer (automatic),97.48,174.47,1
3349-['S' 'D' 'Z' 'F' 'J'],Male,0,Yes,Yes,58,Yes,No,Fiber optic,Yes,Yes,No,Yes,Yes,Yes,Month-to-month,No,Bank transfer (automatic),111.71,6485.48,0
7764-['N' 'D' 'H' 'E' 'A'],Male,0,No,Yes,68,Yes,Yes,Fiber optic,No,No,No,No,No,Yes,One year,Yes,Mailed check,91.93,6241.1,0
8843-['C' 'I' 'H' 'A' 'F'],Male,0,No,Yes,47,No,No,Fiber optic,No,No,No,Yes,No,No,Month-to-month,No,Electronic check,66.74,3141.42,1
3472-['G' 'D' 'M' 'Q' 'B'],Male,0,Yes,No,22,Yes,Yes,Fiber optic,No,Yes,No,Yes,No,Yes,Month-to-month,Yes,Mailed check,108.29,2378.28,1
6051-['E' 'L' 'U' 'H' 'F'],Male,0,No,No,4,Yes,No,DSL,No,No,Yes,Yes,No,No,Month-to-month,No,Electronic check,73.63,292.3,1
2735-['R' 'C' 'V' 'L' 'Z'],Male,1,No,No,55,Yes,No,DSL,No,Yes,No,No,No,No,Two year,No,Electronic check,64.52,3554.25,0
8426-['V' 'F' 'B' 'W' 'L'],Male,1,No,Yes,37,Yes,Yes,Fiber optic,Yes,No,No,Yes,No,Yes,Month-to-month,Yes,Mailed check,102.07,3771.99,0
3817-['F' 'Q' 'C' 'B' 'W'],Male,0,No,Yes,6,Yes,No,Fiber optic,Yes,Yes,Yes,Yes,Yes,No,One year,No,Electronic check,109.77,663.19,1
5211-['H' 'V' 'L' 'Z' 'D'],Male,0,No,Yes,16,Yes,Yes,DSL,Yes,No,No,Yes,Yes,No,Two year,Yes,Mailed check,90.11,1425.43,0
4374-['Y' 'W' 'P' 'J' 'Y'],Male,0,No,No,8,Yes,No,Fiber optic,No,No,Yes,No,No,Yes,Month-to-month,Yes,Electronic check,92.34,733.61,1
4083-['Q' 'P' 'L' 'H' 'T'],Male,0,No,Yes,45,Yes,No,No,No,No,No,No,No,No,Month-to-month,No,Electronic check,36.43,1638.65,0
2679-['M' 'W' 'S' 'H' 'V'],Female,0,No,No,36,Yes,Yes,Fiber optic,No,Yes,No,Yes,No,Yes,One year,No,Bank transfer (automatic),105.98,3806.93,1
7099-['H' 'X' 'L' 'A' 'Y'],Male,0,Yes,Yes,6,No,No,Fiber optic,No,No,Yes,Yes,No,No,Month-to-month,Yes,Electronic check,65.91,393.94,1
1285-['U' 'T' 'F' 'V' 'R'],Female,0,No,No,16,Yes,Yes,DSL,No,No,Yes,No,No,Yes,One year,No,Bank transfer (automatic),85.89,1379.57,0
5895-['A' 'U' 'P' 'L' 'F'],Female,0,No,No,40,Yes,No,Fiber optic,No,No,No,Yes,No,Yes,Two year,No,Electronic check,91.52,3673.66,0
3785-['N' 'D' 'A' 'W' 'R'],Male,0,No,No,63,Yes,No,Fiber optic,No,No,Yes,No,No,Yes,Month-to-month,Yes,Bank transfer (automatic),89.22,5640.67,1
3408-['U' 'B' 'Y' 'I' 'A'],Male,0,Yes,No,56,Yes,No,DSL,No,Yes,No,Yes,No,No,One year,Yes,Bank transfer (automatic),67.71,3807.96,0
6962-['C' 'T' 'W' 'Z' 'D'],Male,1,Yes,No,44,Yes,No,Fiber optic,Yes,Yes,Yes,No,Yes,Yes,Two year,Yes,Electronic check,109.88,4829.09,0
5406-['F' 'C' 'V' 'K' 'O'],Male,0,No,No,72,Yes,No,Fiber optic,No,No,No,No,No,Yes,Month-to-month,Yes,Bank transfer (automatic),85.17,6134.32,1
5437-['E' 'T' 'J' 'L' 'O'],Female,0,No,Yes,7,Yes,No,Fiber optic,No,Yes,No,Yes,Yes,No,Two year,Yes,Electronic check,95.63,674.17,1
1560-['J' 'F' 'R' 'M' 'C'],Female,0,Yes,Yes,9,Yes,Yes,Fiber optic,No,Yes,No,No,Yes,No,One year,No,Mailed check,99.35,894.58,1
8629-['F' 'C' 'P' 'G' 'T'],Male,0,No,No,53,Yes,No,Fiber optic,No,Yes,No,Yes,No,Yes,Month-to-month,Yes,Credit card (automatic),95.67,5070.66,1
8693-['I' 'O' 'U' 'C' 'B'],Female,1,No,No,65,No,No,Fiber optic,No,No,Yes,No,No,Yes,One year,Yes,Bank transfer (automatic),76.21,4939.82,1
8002-['B' 'C' 'R' 'N' 'T'],Male,0,Yes,Yes,43,Yes,No,DSL,Yes,No,Yes,No,Yes,Yes,Month-to-month,No,Credit card (automatic),91.79,3954.85,0
7097-['J' 'Y' 'B' 'Y' 'V'],Male,1,No,No,47,Yes,No,DSL,Yes,Yes,Yes,Yes,Yes,No,Month-to-month,Yes,Mailed check,87.51,4105.18,1
5259-['N' 'A' 'N' 'P' 'V'],Male,1,No,No,70,Yes,No,DSL,No,Yes,Yes,Yes,No,Yes,Month-to-month,Yes,Credit card (automatic),83.48,5856.34,1
9429-['T' 'C' 'C' 'I' 'F'],Female,0,Yes,Yes,1,Yes,Yes,No,No,No,No,No,No,No,One year,No,Bank transfer (automatic),47.48,45.69,1
2048-['M' 'U' 'B' 'H' 'U'],Female,0,No,Yes,5,Yes,Yes,Fiber optic,Yes,Yes,No,No,Yes,Yes,Month-to-month,Yes,Electronic check,118.39,596.72,1
8137-['D' 'Y' 'O' 'D' 'M'],Female,0,No,Yes,44,Yes,Yes,Fiber optic,No,No,Yes,No,Yes,Yes,Two year,Yes,Electronic check,107.91,4745.23,0
8179-['M' 'N' 'T' 'R' 'F'],Male,1,No,Yes,9,Yes,No,Fiber optic,Yes,No,No,No,Yes,Yes,One year,Yes,Bank transfer (automatic),99.34,900.98,1
3719-['K' 'B' 'W' 'S' 'S'],Female,1,Yes,No,8,Yes,No,DSL,No,No,No,No,No,No,Month-to-month,Yes,Credit card (automatic),61.19,493.84,0
7488-['B' 'K' 'R' 'X' 'O'],Male,0,Yes,Yes,31,Yes,No,DSL,Yes,No,Yes,No,No,Yes,One year,No,Bank transfer (automatic),78.73,2442.41,0
9648-['W' 'S' 'I' 'C' 'U'],Male,0,Yes,No,1,Yes,No,DSL,No,No,Yes,Yes,Yes,Yes,One year,Yes,Mailed check,87.26,100.83,0
6448-['N' 'S' 'G' 'P' 'P'],Female,0,Yes,No,20,Yes,No,No,No,No,No,No,No,No,Month-to-month,Yes,Electronic check,33.36,654.23,1
7907-['A' 'D' 'D' 'G' 'H'],Male,0,Yes,No,2,No,No,No,No,No,No,No,No,No,Month-to-month,No,Credit card (automatic),20.11,25.94,1
7928-['E' 'G' 'T' 'T' 'D'],Male,0,Yes,No,22,Yes,Yes,DSL,No,Yes,No,Yes,No,No,Month-to-month,Yes,Bank transfer (automatic),79.51,1750.5,0
5517-['G' 'R' 'E' 'T' 'C'],Male,0,Yes,No,36,Yes,Yes,Fiber optic,No,No,No,Yes,No,No,Month-to-month,No,Electronic check,91.39,3282.23,1
2549-['G' 'E' 'V' 'E' 'W'],Male,0,Yes,No,71,Yes,Yes,DSL,Yes,Yes,Yes,No,No,Yes,One year,Yes,Electronic check,93.25,6603.01,0
5481-['U' 'V' 'F' 'O' 'U'],Female,0,Yes,Yes,35,Yes,No,No,No,No,No,No,No,No,Month-to-month,Yes,Mailed check,35.37,1234.58,1
7793-['W' 'Z' 'X' 'G' 'E'],Male,0,No,Yes,13,Yes,No,DSL,No,Yes,No,No,No,No,Month-to-month,No,Mailed check,61.97,795.82,1
7356-['Z' 'R' 'M' 'U' 'U'],Male,0,Yes,No,14,Yes,Yes,Fiber optic,No,Yes,No,No,No,Yes,One year,No,Mailed check,100.21,1391.7,0
3385-['E' 'M' 'D' 'Q' 'C'],Male,0,Yes,Yes,34,Yes,No,Fiber optic,No,No,Yes,No,Yes,Yes,Month-to-month,Yes,Mailed check,101.82,3446.19,1
5592-['K' 'U' 'T' 'W' 'U'],Female,0,No,Yes,21,Yes,No,Fiber optic,Yes,No,Yes,No,Yes,No,Two year,Yes,Credit card (automatic),93.7,1969.78,1
8961-['D' 'B' 'T' 'P' 'R'],Male,0,Yes,No,46,Yes,Yes,DSL,No,Yes,No,Yes,Yes,Yes,Month-to-month,Yes,Electronic check,100.0,4607.21,1
5839-['C' 'I' 'T' 'F' 'J'],Male,0,Yes,No,35,No,No,Fiber optic,No,Yes,No,No,Yes,Yes,Month-to-month,Yes,Electronic check,86.83,3026.73,1
7164-['J' 'M' 'Q' 'I' 'Q'],Female,1,Yes,No,14,Yes,No,No,No,No,No,No,No,No,Month-to-month,No,Electronic check,37.84,540.62,1
4191-['I' 'I' 'A' 'B' 'P'],Male,0,No,Yes,57,Yes,No,DSL,No,No,No,Yes,Yes,Yes,Month-to-month,Yes,Bank transfer (automatic),85.3,4864.82,0
7172-['A' 'J' 'R' 'Z' 'H'],Female,0,No,No,30,Yes,Yes,Fiber optic,Yes,Yes,No,No,No,Yes,Month-to-month,No,Mailed check,105.29,3161.18,1
9980-['K' 'W' 'B' 'H' 'V'],Male,0,Yes,No,40,Yes,No,No,No,No,No,No,No,No,Two year,No,Electronic check,35.59,1425.11,0
3247-['Q' 'O' 'Q' 'W' 'X'],Female,0,No,No,25,Yes,No,DSL,No,Yes,Yes,No,Yes,Yes,Month-to-month,Yes,Mailed check,87.01,2167.95,1
8340-['S' 'E' 'L' 'A' 'W'],Male,0,Yes,No,29,Yes,No,No,No,No,No,No,No,No,Month-to-month,Yes,Bank transfer (automatic),38.25,1118.51,1
5940-['H' 'Y' 'W' 'K' 'A'],Female,0,Yes,Yes,11,Yes,Yes,DSL,No,No,Yes,No,No,Yes,One year,Yes,Mailed check,83.04,899.97,1
8788-['S' 'X' 'C' 'X' 'Q'],Female,0,Yes,No,30,Yes,No,DSL,No,Yes,Yes,No,Yes,No,One year,Yes,Bank transfer (automatic),77.47,2308.03,1
2668-['T' 'U' 'H' 'Z' 'N'],Male,0,No,Yes,1,Yes,Yes,Fiber optic,No,No,No,Yes,Yes,No,Month-to-month,Yes,Electronic check,101.13,105.93,1
5531-['O' 'S' 'G' 'S' 'S'],Male,0,Yes,No,19,Yes,No,No,No,No,No,No,No,No,Month-to-month,Yes,Credit card (automatic),37.73,718.23,0
9964-['V' 'H' 'J' 'F' 'O'],Female,0,No,No,57,Yes,Yes,Fiber optic,Yes,No,No,No,Yes,Yes,Month-to-month,No,Credit card (automatic),113.83,6499.74,0
7511-['Q' 'H' 'H' 'Y' 'I'],Male,0,No,No,19,Yes,Yes,Fiber optic,No,Yes,No,No,No,Yes,Two year,No,Electronic check,100.18,1910.8,1
4009-['O' 'R' 'C' 'Q' 'D'],Male,1,Yes,No,33,Yes,No,Fiber optic,No,No,Yes,Yes,No,Yes,Two year,Yes,Electronic check,96.36,3178.87,1
7979-['N' 'I' 'I' 'Y' 'Z'],Female,0,No,Yes,59,Yes,No,No,No,No,No,No,No,No,Month-to-month,Yes,Mailed check,36.63,2152.22,0
5285-['R' 'J' 'U' 'D' 'L'],Female,0,No,No,33,No,No,Fiber optic,No,No,No,No,Yes,No,Month-to-month,No,Credit card (automatic),71.39,2343.61,0
6978-['H' 'B' 'V' 'M' 'U'],Male,0,No,No,36,Yes,No,DSL,No,No,Yes,Yes,No,Yes,Two year,No,Electronic check,81.62,2942.14,1
7303-['P' 'B' 'K' 'J' 'O'],Male,0,Yes,No,66,Yes,No,Fiber optic,Yes,No,Yes,No,Yes,No,Two year,Yes,Mailed check,95.63,6325.88,0
8569-['W' 'I' 'Y' 'H' 'N'],Male,0,No,Yes,18,Yes,Yes,DSL,No,Yes,No,No,Yes,No,One year,No,Electronic check,87.0,1558.2,0
7267-['Z' 'Y' 'R' 'V' 'T'],Male,0,No,Yes,51,Yes,No,Fiber optic,No,Yes,No,No,No,Yes,Month-to-month,Yes,Electronic check,89.82,4597.0,1
3461-['T' 'U' 'L' 'S' 'N'],Female,0,No,No,43,Yes,Yes,No,No,No,No,No,No,No,Month-to-month,Yes,Mailed check,45.59,1943.98,0
3160-['X' 'U' 'C' 'Z' 'W'],Female,1,Yes,No,26,Yes,Yes,DSL,Yes,Yes,No,No,Yes,No,Month-to-month,Yes,Credit card (automatic),88.73,2308.5,1
1038-['Q' 'L' 'I' 'O' 'R'],Female,0,No,No,37,Yes,Yes,Fiber optic,No,No,Yes,Yes,No,Yes,Two year,No,Electronic check,103.94,3848.19,1
3196-['M' 'U' 'H' 'N' 'H'],Female,0,No,No,20,Yes,Yes,Fiber optic,No,Yes,Yes,No,Yes,No,One year,No,Mailed check,106.06,2115.49,1
7381-['G' 'W' 'L' 'K' 'V'],Male,0,Yes,Yes,37,Yes,No,No,No,No,No,No,No,No,Two year,Yes,Bank transfer (automatic),33.82,1244.26,1
9853-['K' 'Y' 'V' 'M' 'R'],Female,0,No,No,12,Yes,Yes,Fiber optic,No,Yes,No,No,No,No,Two year,No,Electronic check,90.13,1062.66,0
5558-['T' 'R' 'O' 'S' 'W'],Female,0,No,Yes,20,Yes,Yes,Fiber optic,No,No,Yes,No,No,No,Month-to-month,Yes,Mailed check,94.0,1873.32,1
5183-['L' 'M' 'V' 'K' 'E'],Male,0,Yes,No,41,Yes,No,Fiber optic,Yes,Yes,No,No,No,Yes,Month-to-month,No,Credit card (automatic),90.33,3728.75,1
2724-['A' 'X' 'C' 'V' 'S'],Male,1,Yes,No,47,Yes,Yes,No,No,No,No,No,No,No,Two year,Yes,Credit card (automatic),40.79,1925.07,1
1022-['G' 'L' 'O' 'Y' 'E'],Female,0,Yes,No,45,Yes,No,No,No,No,No,No,No,No,Two year,No,Bank transfer (automatic),37.62,1700.29,0
7279-['J' 'Z' 'P' 'H' 'A'],Male,1,No,Yes,56,Yes,Yes,Fiber optic,Yes,No,No,No,Yes,Yes,Month-to-month,No,Electronic check,107.47,6018.27,1
6995-['E' 'C' 'A' 'D' 'H'],Female,0,No,No,51,Yes,No,DSL,No,No,Yes,No,Yes,No,Two year,Yes,Electronic check,74.53,3788.1,0
6343-['J' 'B' 'K' 'Y' 'J'],Male,0,Yes,Yes,21,Yes,Yes,Fiber optic,No,Yes,No,No,Yes,Yes,Month-to-month,Yes,Electronic check,109.63,2322.45,1
2428-['N' 'G' 'B' 'I' 'P'],Male,0,Yes,Yes,16,No,No,No,No,No,No,No,No,No,One year,Yes,Credit card (automatic),21.47,353.65,0
6132-['I' 'T' 'D' 'V' 'J'],Female,0,Yes,Yes,25,Yes,No,Fiber optic,No,Yes,Yes,Yes,No,Yes,Month-to-month,Yes,Bank transfer (automatic),101.01,2512.06,1
3649-['Z' 'V' 'L' 'Q' 'N'],Male,0,No,No,38,Yes,Yes,Fiber optic,No,No,No,No,No,Yes,Two year,Yes,Electronic check,95.85,3656.28,1
2037-['Y' 'B' 'U' 'Y' 'T'],Female,0,Yes,No,70,Yes,No,DSL,Yes,No,Yes,Yes,No,Yes,Month-to-month,Yes,Bank transfer (automatic),84.43,5901.28,1
3634-['P' 'S' 'W' 'F' 'X'],Female,0,Yes,Yes,62,Yes,Yes,Fiber optic,Yes,Yes,No,No,No,Yes,One year,No,Electronic check,104.72,6492.57,0
8378-['E' 'Z' 'D' 'O' 'D'],Female,1,No,Yes,50,Yes,No,Fiber optic,Yes,Yes,Yes,Yes,No,No,Month-to-month,Yes,Credit card (automatic),95.16,4748.47,1
2929-['X' 'V' 'C' 'Z' 'E'],Male,0,No,Yes,29,Yes,Yes,Fiber optic,No,No,No,No,Yes,No,Month-to-month,Yes,Credit card (automatic),94.12,2715.97,0
8909-['U' 'V' 'H' 'G' 'U'],Female,0,No,No,40,Yes,No,Fiber optic,No,Yes,No,No,No,Yes,One year,No,Bank transfer (automatic),92.5,3698.79,0
6891-['Y' 'M' 'T' 'Q' 'W'],Female,0,Yes,No,32,Yes,Yes,No,No,No,No,No,No,No,One year,No,Electronic check,46.95,1496.62,0
3563-['N' 'C' 'X' 'E' 'P'],Female,0,Yes,No,49,Yes,No,No,No,No,No,No,No,No,Two year,No,Mailed check,34.39,1702.89,1
7841-['W' 'T' 'D' 'X' 'X'],Female,1,Yes,No,62,Yes,No,DSL,No,Yes,No,Yes,No,No,Month-to-month,Yes,Bank transfer (automatic),71.62,4440.46,0
1161-['R' 'S' 'S' 'Q' 'N'],Female,0,No,No,38,Yes,Yes,Fiber optic,No,No,Yes,No,No,No,Month-to-month,No,Mailed check,89.55,3412.07,1
7354-['V' 'X' 'M' 'L' 'Z'],Female,0,Yes,No,27,Yes,Yes,DSL,Yes,Yes,Yes,Yes,No,Yes,Two year,No,Bank transfer (automatic),99.84,2694.19,0
6093-['U' 'D' 'S' 'P' 'M'],Male,0,Yes,No,17,Yes,No,Fiber optic,No,No,Yes,No,No,No,Month-to-month,Yes,Electronic check,81.2,1382.68,1
6469-['W' 'Q' 'W' 'A' 'R'],Female,0,No,No,58,Yes,Yes,Fiber optic,Yes,No,No,Yes,Yes,No,One year,Yes,Mailed check,109.4,6353.0,0
1830-['T' 'Q' 'O' 'K' 'Y'],Male,0,Yes,No,65,No,No,No,No,No,No,No,No,No,One year,Yes,Electronic check,18.25,1158.12,0
2019-['V' 'M' 'A' 'Q' 'F'],Male,0,Yes,Yes,42,Yes,Yes,No,No,No,No,No,No,No,Two year,No,Bank transfer (automatic),43.02,1804.21,0
2283-['T' 'P' 'O' 'O' 'F'],Female,0,No,No,12,Yes,Yes,Fiber optic,Yes,Yes,No,Yes,Yes,No,Month-to-month,No,Electronic check,110.88,1351.72,1
3125-['K' 'G' 'I' 'Z' 'P'],Male,0,Yes,No,0,Yes,Yes,No,No,No,No,No,No,No,Month-to-month,Yes,Mailed check,43.46,0.0,1
6624-['T' 'J' 'R' 'C' 'M'],Male,1,No,Yes,31,Yes,No,Fiber optic,No,Yes,Yes,No,No,Yes,Month-to-month,Yes,Bank transfer (automatic),93.62,2897.26,0
7397-['V' 'M' 'F' 'Q' 'M'],Female,1,No,No,9,Yes,Yes,No,No,No,No,No,No,No,Month-to-month,Yes,Bank transfer (automatic),45.17,406.55,1
3610-['U' 'S' 'J' 'C' 'N'],Male,0,Yes,No,14,Yes,No,DSL,Yes,No,Yes,No,Yes,No,One year,Yes,Mailed check,79.94,1134.61,0
6017-['S' 'E' 'E' 'T' 'Q'],Female,0,No,No,16,Yes,Yes,DSL,No,No,No,No,Yes,Yes,Month-to-month,No,Electronic check,88.3,1407.57,1
9895-['E' 'D' 'F' 'Z' 'D'],Male,0,No,No,62,No,No,DSL,No,No,No,No,No,Yes,Two year,No,Mailed check,51.83,3190.45,0
8462-['R' 'C' 'A' 'X' 'Y'],Female,1,No,Yes,53,Yes,Yes,No,No,No,No,No,No,No,Month-to-month,Yes,Electronic check,44.62,2343.42,0
1685-['L' 'Y' 'T' 'X' 'Y'],Male,0,No,No,22,Yes,No,DSL,No,Yes,No,No,Yes,Yes,Month-to-month,No,Mailed check,84.17,1840.73,1
7868-['X' 'L' 'J' 'V' 'G'],Female,0,No,No,70,Yes,Yes,Fiber optic,Yes,Yes,Yes,No,Yes,No,Two year,Yes,Electronic check,110.4,7725.71,0
1162-['W' 'N' 'X' 'J' 'P'],Female,0,No,No,49,Yes,Yes,Fiber optic,No,No,No,No,No,No,Month-to-month,No,Credit card (automatic),82.98,4079.67,1
3014-['J' 'Y' 'M' 'F' 'L'],Male,0,No,No,58,Yes,Yes,No,No,No,No,No,No,No,Two year,Yes,Mailed check,41.73,2409.52,0
6347-['X' 'K' 'T' 'R' 'Z'],Female,0,No,No,35,Yes,Yes,DSL,Yes,Yes,Yes,Yes,Yes,No,One year,Yes,Bank transfer (automatic),97.16,3389.92,0
1874-['Y' 'U' 'D' 'R' 'A'],Female,0,No,No,5,Yes,Yes,Fiber optic,No,No,Yes,Yes,Yes,No,Month-to-month,Yes,Mailed check,106.06,543.74,1
1671-['X' 'K' 'T' 'X' 'O'],Male,0,No,Yes,65,Yes,No,Fiber optic,Yes,No,Yes,No,Yes,Yes,Month-to-month,No,Electronic check,106.38,6906.6,1
7342-['U' 'J' 'Z' 'L' 'X'],Female,0,No,Yes,31,No,No,DSL,No,Yes,No,No,Yes,Yes,Month-to-month,No,Mailed check,68.28,2110.3,1
7285-['Y' 'E' 'Z' 'U' 'R'],Female,0,No,No,52,No,No,DSL,No,Yes,Yes,Yes,Yes,Yes,Month-to-month,Yes,Credit card (automatic),83.26,4326.3,0
4670-['Z' 'E' 'X' 'Q' 'S'],Male,1,Yes,No,68,Yes,No,DSL,Yes,Yes,No,No,Yes,No,Two year,Yes,Electronic check,74.65,5082.29,0
9562-['Y' 'U' 'L' 'Y' 'I'],Male,0,Yes,Yes,1,Yes,Yes,DSL,No,Yes,Yes,No,No,No,Month-to-month,No,Mailed check,81.71,82.72,1
7304-['R' 'U' 'D' 'J' 'Y'],Male,0,Yes,Yes,42,Yes,Yes,Fiber optic,No,Yes,No,Yes,Yes,Yes,Two year,No,Electronic check,115.57,4870.2,0
1597-['W' 'A' 'Q' 'X' 'B'],Male,0,No,No,39,Yes,Yes,Fiber optic,No,No,No,No,No,No,One year,Yes,Mailed check,83.26,3247.68,0
7171-['Z' 'K' 'I' 'G' 'V'],Male,0,No,Yes,67,Yes,Yes,Fiber optic,No,Yes,Yes,No,Yes,No,Two year,No,Bank transfer (automatic),105.41,7070.64,1
5624-['B' 'F' 'N' 'F' 'B'],Male,0,No,No,3,Yes,Yes,Fiber optic,No,Yes,No,Yes,Yes,Yes,Month-to-month,Yes,Bank transfer (automatic),115.16,349.31,1
4648-['J' 'U' 'E' 'B' 'V'],Female,0,No,No,45,Yes,Yes,Fiber optic,Yes,No,No,No,No,No,Month-to-month,Yes,Electronic check,89.88,4053.45,1
4137-['J' 'B' 'P' 'P' 'S'],Male,0,Yes,No,19,Yes,Yes,Fiber optic,No,No,No,No,Yes,Yes,Two year,Yes,Bank transfer (automatic),105.37,2008.32,1
4750-['V' 'L' 'X' 'O' 'H'],Male,0,Yes,No,13,Yes,No,DSL,Yes,Yes,No,Yes,Yes,Yes,One year,No,Bank transfer (automatic),93.49,1214.44,0
6413-['J' 'C' 'S' 'Q' 'G'],Male,1,No,No,13,Yes,Yes,No,No,No,No,No,No,No,One year,Yes,Bank transfer (automatic),43.73,568.09,0
3324-['T' 'Z' 'D' 'N' 'T'],Female,0,Yes,Yes,48,Yes,Yes,Fiber optic,No,No,No,No,No,Yes,Month-to-month,No,Mailed check,94.94,4557.32,1
6774-['X' 'H' 'U' 'O' 'V'],Female,0,Yes,No,2,Yes,No,No,No,No,No,No,No,No,Month-to-month,No,Bank transfer (automatic),34.03,50.97,0
1781-['I' 'H' 'Z' 'Z' 'Q'],Female,0,No,No,20,Yes,No,DSL,No,No,No,Yes,Yes,Yes,Month-to-month,Yes,Credit card (automatic),87.95,1772.0,1
3113-['Y' 'X' 'C' 'H' 'L'],Male,0,Yes,No,60,Yes,No,No,No,No,No,No,No,No,Two year,No,Mailed check,36.27,2157.36,0
8264-['J' 'T' 'C' 'F' 'G'],Female,0,No,No,1,Yes,Yes,DSL,No,No,No,No,Yes,No,One year,Yes,Credit card (automatic),78.2,83.3,0
7744-['R' 'K' 'S' 'E' 'S'],Female,0,Yes,No,20,No,No,Fiber optic,Yes,No,Yes,Yes,No,No,Month-to-month,No,Credit card (automatic),74.99,1488.59,1
3551-['L' 'J' 'H' 'X' 'I'],Female,0,No,Yes,9,No,No,DSL,No,No,No,No,No,No,Month-to-month,Yes,Electronic check,44.51,380.76,1
9676-['U' 'H' 'W' 'I' 'O'],Female,0,No,No,18,Yes,Yes,DSL,Yes,Yes,Yes,No,No,No,Two year,Yes,Credit card (automatic),84.76,1536.97,0
9078-['P' 'N' 'H' 'R' 'J'],Male,0,No,No,52,Yes,No,DSL,Yes,No,No,Yes,Yes,Yes,One year,No,Electronic check,85.91,4449.85,0
7971-['T' 'F' 'L' 'B' 'G'],Male,0,Yes,No,48,Yes,No,Fiber optic,No,No,No,No,No,Yes,One year,Yes,Electronic check,85.68,4107.5,1
5943-['C' 'M' 'C' 'R' 'K'],Male,0,No,Yes,7,Yes,No,DSL,No,Yes,No,No,Yes,No,Month-to-month,No,Mailed check,76.65,523.73,1
5135-['F' 'A' 'A' 'W' 'H'],Male,0,Yes,No,56,Yes,No,DSL,Yes,Yes,Yes,No,Yes,Yes,Month-to-month,No,Mailed check,97.61,5458.47,0
1612-['P' 'K' 'E' 'D' 'F'],Male,0,Yes,No,23,Yes,Yes,No,No,No,No,No,No,No,Month-to-month,Yes,Electronic check,44.85,1042.45,1
7509-['V' 'S' 'I' 'L' 'K'],Male,0,Yes,No,46,Yes,Yes,DSL,No,No,No,No,No,No,Two year,Yes,Credit card (automatic),70.21,3227.29,0
8183-['A' 'M' 'W' 'U' 'U'],Female,0,No,Yes,20,Yes,No,DSL,No,No,No,No,No,Yes,Month-to-month,No,Electronic check,72.63,1449.19,1
1669-['M' 'B' 'D' 'F' 'Z'],Male,1,No,No,7,Yes,No,DSL,No,No,No,Yes,Yes,No,Month-to-month,Yes,Bank transfer (automatic),76.44,546.65,1
9438-['E' 'Y' 'C' 'A' 'D'],Male,0,No,No,18,Yes,No,DSL,Yes,No,Yes,No,No,No,One year,Yes,Mailed check,68.12,1218.81,1
4864-['T' 'B' 'Z' 'E' 'C'],Male,1,No,No,29,Yes,Yes,DSL,No,Yes,Yes,No,No,No,Two year,No,Electronic check,79.05,2296.26,0
1264-['T' 'F' 'R' 'F' 'S'],Male,0,Yes,Yes,25,Yes,No,No,No,No,No,No,No,No,Two year,No,Credit card (automatic),31.66,795.66,0
8544-['K' 'B' 'O' 'L' 'L'],Male,0,No,No,19,Yes,Yes,No,No,No,No,No,No,No,Two year,Yes,Credit card (automatic),43.72,826.68,0
3504-['U' 'X' 'B' 'V' 'C'],Female,0,Yes,No,72,Yes,No,Fiber optic,No,No,Yes,No,Yes,Yes,Month-to-month,Yes,Credit card (automatic),99.55,7154.96,0
1587-['Z' 'P' 'U' 'X' 'Z'],Female,0,Yes,Yes,44,Yes,Yes,Fiber optic,No,Yes,No,No,Yes,Yes,Two year,No,Credit card (automatic),109.25,4800.01,0
9381-['A' 'U' 'C' 'T' 'B'],Female,0,Yes,No,63,Yes,Yes,No,No,No,No,No,No,No,Month-to-month,Yes,Mailed check,45.82,2884.05,0
7450-['O' 'R' 'Z' 'K' 'Y'],Female,0,Yes,No,29,Yes,No,No,No,No,No,No,No,No,Month-to-month,No,Electronic check,38.45,1112.69,1
3326-['P' 'V' 'Q' 'E' 'L'],Female,0,No,No,52,Yes,No,Fiber optic,No,Yes,Yes,Yes,Yes,No,Two year,No,Credit card (automatic),97.9,5085.59,0
2674-['O' 'C' 'A' 'T' 'P'],Male,0,Yes,No,49,Yes,Yes,Fiber optic,No,No,No,No,Yes,No,One year,Yes,Electronic check,96.48,4738.66,0
7049-['B' 'C' 'H' 'X' 'O'],Female,0,Yes,No,61,Yes,No,DSL,No,No,No,No,No,No,One year,No,Bank transfer (automatic),60.41,3698.96,0
2958-['F' 'I' 'T' 'A' 'H'],Female,0,No,No,41,Yes,No,DSL,No,Yes,Yes,No,Yes,Yes,Month-to-month,No,Electronic check,90.03,3702.51,1
4830-['W' 'C' 'D' 'Z' 'Y'],Male,0,Yes,Yes,27,No,No,DSL,Yes,No,No,No,Yes,No,Month-to-month,Yes,Electronic check,61.13,1626.58,1
6925-['O' 'U' 'C' 'Y' 'U'],Female,0,Yes,No,57,Yes,Yes,Fiber optic,No,No,Yes,Yes,No,No,Month-to-month,Yes,Mailed check,94.5,5374.07,1
1948-['N' 'T' 'N' 'D' 'L'],Female,0,No,No,30,Yes,Yes,Fiber optic,No,No,Yes,No,No,Yes,Month-to-month,No,Bank transfer (automatic),98.78,2979.81,0
8568-['G' 'I' 'C' 'M' 'O'],Male,0,Yes,Yes,58,Yes,Yes,DSL,Yes,No,Yes,No,No,Yes,One year,No,Credit card (automatic),89.53,5193.62,0
2138-['A' 'F' 'W' 'B' 'X'],Male,0,No,No,11,Yes,No,No,No,No,No,No,No,No,Month-to-month,Yes,Credit card (automatic),31.76,341.04,1
7701-['F' 'N' 'D' 'U' 'H'],Male,0,Yes,No,44,No,No,Fiber optic,No,No,No,No,Yes,Yes,Month-to-month,No,Bank transfer (automatic),78.24,3444.95,1
6661-['N' 'T' 'Q' 'Y' 'H'],Female,0,Yes,No,65,Yes,No,Fiber optic,No,Yes,Yes,Yes,No,No,Month-to-month,No,Credit card (automatic),94.44,6128.17,0
7999-['N' 'Z' 'F' 'W' 'V'],Female,0,No,No,67,Yes,No,Fiber optic,No,Yes,No,No,No,No,One year,Yes,Electronic check,80.1,5357.81,0
2967-['Y' 'S' 'N' 'S' 'C'],Female,0,Yes,No,31,Yes,No,DSL,No,No,Yes,No,No,Yes,One year,No,Mailed check,75.92,2369.25,1
6394-['I' 'T' 'M' 'G' 'N'],Male,1,Yes,Yes,40,Yes,Yes,No,No,No,No,No,No,No,One year,Yes,Credit card (automatic),45.05,1796.06,0
8230-['I' 'W' 'Y' 'S' 'O'],Female,0,Yes,No,54,Yes,Yes,DSL,Yes,Yes,No,No,Yes,No,Month-to-month,Yes,Electronic check,91.15,4918.34,1
8155-['N' 'X' 'F' 'U' 'D'],Female,0,Yes,No,68,Yes,Yes,DSL,No,No,No,No,Yes,No,One year,Yes,Mailed check,77.84,5296.09,0
1285-['I' 'A' 'X' 'T' 'Y'],Female,1,No,No,4,Yes,No,Fiber optic,No,No,Yes,No,No,Yes,One year,No,Credit card (automatic),92.37,387.29,1
2762-['I' 'N' 'I' 'D' 'D'],Female,0,Yes,No,62,Yes,Yes,DSL,No,Yes,No,Yes,Yes,No,Month-to-month,Yes,Bank transfer (automatic),89.86,5565.26,0
1987-['H' 'B' 'I' 'N' 'V'],Male,0,Yes,No,3,Yes,Yes,DSL,No,No,No,No,Yes,No,Month-to-month,No,Bank transfer (automatic),78.52,250.45,1
4198-['W' 'P' 'Q' 'P' 'L'],Male,0,No,No,40,Yes,No,No,No,No,No,No,No,No,One year,Yes,Credit card (automatic),33.82,1351.79,0
6154-['K' 'N' 'R' 'U' 'U'],Male,0,Yes,No,11,Yes,Yes,Fiber optic,Yes,No,Yes,No,No,Yes,Month-to-month,Yes,Credit card (automatic),106.21,1150.65,1
2348-['P' 'T' 'E' 'C' 'L'],Male,0,Yes,Yes,36,Yes,No,No,No,No,No,No,No,No,Month-to-month,Yes,Mailed check,35.48,1272.14,1
8156-['I' 'I' 'D' 'C' 'Q'],Female,0,No,No,54,Yes,No,No,No,No,No,No,No,No,Two year,Yes,Electronic check,36.13,1968.56,1
5577-['X' 'A' 'H' 'M' 'W'],Male,0,No,No,44,Yes,Yes,No,No,No,No,No,No,No,Month-to-month,Yes,Mailed check,44.51,1959.56,0
2447-['L' 'V' 'L' 'N' 'O'],Female,0,Yes,No,27,Yes,Yes,DSL,No,No,Yes,No,Yes,Yes,Month-to-month,Yes,Electronic check,93.42,2510.06,1
1526-['I' 'S' 'Z' 'T' 'V'],Male,0,Yes,No,58,Yes,No,No,No,No,No,No,No,No,One year,No,Mailed check,34.41,2003.29,0
8986-['F' 'T' 'Y' 'S' 'D'],Male,0,Yes,No,6,Yes,No,DSL,No,Yes,Yes,No,No,No,Two year,Yes,Mailed check,65.42,390.02,0
2846-['G' 'D' 'V' 'L' 'M'],Female,0,Yes,No,59,Yes,No,Fiber optic,No,Yes,Yes,No,Yes,Yes,Two year,Yes,Electronic check,106.68,6310.55,0
9770-['V' 'L' 'B' 'X' 'B'],Female,0,Yes,No,52,No,No,No,No,No,No,No,No,No,One year,No,Credit card (automatic),20.91,1090.08,1
3394-['W' 'I' 'A' 'H' 'W'],Male,0,Yes,No,39,Yes,Yes,DSL,No,Yes,No,No,Yes,Yes,Two year,Yes,Electronic check,97.2,3801.02,0
5005-['F' 'V' 'Y' 'R' 'Q'],Female,1,Yes,No,51,Yes,No,DSL,No,Yes,No,No,Yes,No,Month-to-month,No,Credit card (automatic),72.75,3691.45,0
7716-['L' 'F' 'Z' 'H' 'S'],Male,0,Yes,Yes,10,Yes,No,Fiber optic,No,No,No,No,No,No,Month-to-month,Yes,Electronic check,71.77,699.03,1
4451-['J' 'A' 'Y' 'M' 'Q'],Female,0,Yes,No,49,Yes,No,Fiber optic,No,Yes,No,Yes,Yes,Yes,Two year,Yes,Bank transfer (automatic),103.81,5095.72,0
9333-['C' 'P' 'M' 'T' 'X'],Male,0,No,No,49,Yes,No,Fiber optic,No,No,No,No,No,Yes,Month-to-month,Yes,Electronic check,86.88,4264.83,0
6808-['M' 'F' 'Q' 'N' 'Q'],Male,0,Yes,Yes,47,Yes,Yes,DSL,No,No,No,No,No,Yes,Two year,No,Mailed check,83.41,3910.05,0
2159-['K' 'T' 'A' 'Z' 'G'],Male,0,Yes,No,53,Yes,No,No,No,No,No,No,No,No,Month-to-month,Yes,Credit card (automatic),30.49,1606.55,0
1340-['U' 'Q' 'J' 'K' 'V'],Male,0,Yes,Yes,5,Yes,No,Fiber optic,No,Yes,Yes,Yes,No,Yes,Two year,No,Bank transfer (automatic),102.28,502.78,1
7376-['I' 'X' 'E' 'Q' 'I'],Female,0,Yes,Yes,49,Yes,No,No,No,No,No,No,No,No,One year,No,Electronic check,35.14,1696.9,0
1855-['U' 'S' 'G' 'W' 'I'],Female,0,No,No,2,Yes,No,Fiber optic,No,No,Yes,Yes,Yes,No,Month-to-month,Yes,Bank transfer (automatic),97.99,203.86,1
6670-['M' 'K' 'N' 'S' 'K'],Male,1,No,No,40,Yes,Yes,No,No,No,No,No,No,No,Two year,No,Electronic check,45.43,1808.07,0
2356-['N' 'M' 'A' 'H' 'L'],Male,1,Yes,Yes,27,Yes,Yes,Fiber optic,No,No,No,No,No,No,One year,Yes,Electronic check,87.86,2372.86,1
9210-['L' 'H' 'H' 'U' 'M'],Male,0,Yes,Yes,31,Yes,Yes,DSL,No,No,No,No,Yes,Yes,Two year,Yes,Mailed check,91.88,2841.95,0
7588-['P' 'A' 'M' 'Z' 'G'],Female,0,No,Yes,38,No,No,Fiber optic,No,Yes,No,No,Yes,Yes,Month-to-month,Yes,Credit card (automatic),86.33,3285.51,1
1987-['Z' 'E' 'H' 'Y' 'N'],Male,0,Yes,No,70,Yes,No,No,No,No,No,No,No,No,One year,Yes,Credit card (automatic),35.27,2467.76,0
4741-['M' 'O' 'W' 'Q' 'O'],Female,0,No,Yes,62,Yes,No,No,No,No,No,No,No,No,Month-to-month,No,Bank transfer (automatic),34.52,2110.77,1
2875-['R' 'R' 'B' 'D' 'A'],Female,0,Yes,No,18,Yes,Yes,Fiber optic,Yes,No,Yes,Yes,Yes,Yes,Two year,No,Electronic check,118.75,2133.56,0
9611-['R' 'E' 'S' 'O' 'H'],Male,0,No,Yes,0,Yes,No,No,No,No,No,No,No,No,One year,No,Credit card (automatic),35.5,0.0,1
4808-['L' 'Z' 'S' 'O' 'I'],Female,0,Yes,Yes,32,Yes,No,Fiber optic,No,No,No,No,Yes,Yes,One year,No,Bank transfer (automatic),92.08,2942.0,1
6889-['I' 'J' 'B' 'S' 'K'],Male,0,Yes,No,32,Yes,No,No,No,No,No,No,No,No,Month-to-month,No,Credit card (automatic),32.36,1048.95,0
5658-['V' 'I' 'Y' 'G' 'C'],Male,0,Yes,No,10,Yes,No,Fiber optic,No,No,Yes,No,No,No,One year,Yes,Mailed check,80.69,818.9,1
4155-['F' 'U' 'B' 'F' 'C'],Female,0,No,No,59,Yes,No,DSL,No,No,No,No,Yes,No,Month-to-month,Yes,Credit card (automatic),67.36,3979.37,1
7031-['H' 'B' 'Q' 'I' 'L'],Female,1,No,Yes,27,Yes,No,DSL,No,No,No,No,No,No,Two year,Yes,Bank transfer (automatic),59.4,1610.98,0
3466-['K' 'A' 'W' 'M' 'O'],Male,1,No,Yes,61,Yes,No,Fiber optic,No,Yes,No,No,No,Yes,Month-to-month,Yes,Credit card (automatic),87.14,5312.77,1
6476-['U' 'Q' 'Y' 'W' 'X'],Female,0,Yes,No,46,Yes,No,Fiber optic,No,No,Yes,Yes,Yes,Yes,Month-to-month,No,Electronic check,104.44,4808.31,1
6624-['F' 'U' 'V' 'K' 'R'],Female,0,No,No,16,Yes,No,Fiber optic,No,No,No,No,No,No,Two year,Yes,Electronic check,74.16,1198.33,0
7563-['C' 'M' 'W' 'I' 'U'],Female,0,Yes,No,71,Yes,Yes,Fiber optic,No,No,No,No,No,No,One year,No,Mailed check,82.81,5861.0,1
4259-['L' 'B' 'C' 'C' 'L'],Male,0,No,No,8,Yes,No,Fiber optic,Yes,No,No,No,No,Yes,One year,Yes,Electronic check,86.67,704.25,1
7990-['I' 'W' 'H' 'K' 'P'],Male,0,Yes,No,7,Yes,Yes,DSL,No,Yes,Yes,No,No,No,One year,Yes,Mailed check,77.73,541.58,1
2141-['D' 'A' 'X' 'G' 'B'],Female,0,No,No,58,Yes,No,No,No,No,No,No,No,No,Month-to-month,Yes,Electronic check,32.81,1908.02,0
7583-['E' 'G' 'D' 'E' 'X'],Male,0,No,No,68,Yes,No,DSL,Yes,Yes,No,No,Yes,No,One year,Yes,Electronic check,80.37,5458.85,0
5928-['A' 'O' 'T' 'S' 'J'],Male,0,No,No,44,Yes,Yes,No,No,No,No,No,No,No,One year,No,Mailed check,45.77,2009.77,0
8611-['R' 'C' 'K' 'O' 'K'],Female,0,No,Yes,32,Yes,No,DSL,No,No,No,No,No,No,One year,No,Mailed check,60.35,1940.0,1
2829-['E' 'H' 'B' 'P' 'T'],Female,0,Yes,No,37,Yes,No,DSL,No,No,Yes,Yes,Yes,Yes,Month-to-month,Yes,Electronic check,87.05,3230.26,1
2054-['D' 'Q' 'M' 'R' 'E'],Female,0,No,No,62,Yes,Yes,Fiber optic,Yes,No,No,No,Yes,Yes,Month-to-month,No,Mailed check,111.09,6884.06,0
8069-['X' 'X' 'C' 'K' 'M'],Male,1,No,No,11,Yes,No,DSL,No,Yes,No,No,No,No,Two year,Yes,Mailed check,65.51,729.27,1
8939-['Z' 'N' 'V' 'K' 'J'],Male,0,Yes,No,66,Yes,No,No,No,No,No,No,No,No,Month-to-month,No,Bank transfer (automatic),36.81,2425.14,1
3309-['O' 'U' 'J' 'E' 'Z'],Female,0,No,Yes,28,Yes,No,Fiber optic,No,No,No,Yes,No,No,Two year,Yes,Credit card (automatic),80.92,2266.5,1
3172-['E' 'J' 'E' 'C' 'W'],Male,0,No,No,21,Yes,No,DSL,Yes,Yes,Yes,Yes,No,No,Month-to-month,Yes,Mailed check,83.25,1735.63,1
7789-['D' 'R' 'I' 'Q' 'M'],Male,0,Yes,Yes,33,Yes,Yes,No,No,No,No,No,No,No,Month-to-month,No,Credit card (automatic),44.2,1460.62,0
5154-['O' 'T' 'Q' 'M' 'P'],Male,0,No,No,69,Yes,No,No,No,No,No,No,No,No,Month-to-month,No,Electronic check,36.52,2517.52,0
4236-['I' 'Q' 'M' 'B' 'M'],Female,0,No,No,38,Yes,Yes,No,No,No,No,No,No,No,One year,Yes,Bank transfer (automatic),46.36,1750.78,0
5916-['W' 'S' 'C' 'J' 'B'],Male,0,No,Yes,15,Yes,No,DSL,Yes,Yes,Yes,Yes,Yes,No,Two year,No,Electronic check,87.57,1295.15,0
2439-['M' 'S' 'Z' 'Q' 'U'],Male,0,Yes,No,30,Yes,No,DSL,No,No,No,No,Yes,No,One year,Yes,Electronic check,67.43,2017.76,1
1382-['L' 'U' 'L' 'K' 'G'],Female,0,Yes,No,48,No,No,Fiber optic,No,No,No,No,Yes,Yes,Month-to-month,Yes,Electronic check,79.62,3831.81,1
5931-['S' 'A' 'X' 'C' 'M'],Male,0,Yes,No,43,Yes,Yes,DSL,No,Yes,No,No,Yes,No,One year,No,Electronic check,85.37,3669.11,0
7652-['Q' 'C' 'R' 'H' 'V'],Male,1,No,No,45,Yes,No,DSL,Yes,No,No,No,Yes,No,Month-to-month,Yes,Bank transfer (automatic),73.21,3286.73,1
7905-['S' 'E' 'G' 'U' 'H'],Female,0,No,No,0,Yes,Yes,No,No,No,No,No,No,No,One year,Yes,Mailed check,49.5,0.0,0
2307-['E' 'Q' 'E' 'D' 'V'],Male,0,No,No,43,Yes,Yes,No,No,No,No,No,No,No,Two year,Yes,Credit card (automatic),42.18,1815.68,0
4730-['U' 'B' 'K' 'V' 'M'],Female,0,Yes,No,45,Yes,Yes,No,No,No,No,No,No,No,Month-to-month,No,Credit card (automatic),44.68,2014.37,1
4630-['L' 'V' 'U' 'V' 'K'],Male,0,No,No,71,Yes,Yes,Fiber optic,Yes,Yes,No,Yes,Yes,No,One year,No,Electronic check,109.23,7736.83,0
1475-['E' 'Q' 'X' 'T' 'I'],Male,0,Yes,Yes,52,Yes,No,DSL,No,Yes,No,Yes,Yes,No,One year,No,Bank transfer (automatic),74.36,3859.37,0
1557-['Z' 'L' 'F' 'Q' 'S'],Female,0,No,Yes,32,Yes,No,DSL,No,No,No,Yes,No,No,Month-to-month,Yes,Bank transfer (automatic),64.88,2081.44,0
5761-['P' 'L' 'L' 'T' 'F'],Female,0,No,No,44,No,No,Fiber optic,No,No,No,No,No,No,Month-to-month,Yes,Credit card (automatic),60.12,2632.42,1
8166-['W' 'Z' 'D' 'F' 'K'],Female,0,No,No,63,Yes,Yes,Fiber optic,Yes,No,Yes,No,No,Yes,One year,No,Electronic check,109.63,6904.29,0
9125-['X' 'W' 'O' 'K' 'Y'],Male,0,No,Yes,2,Yes,No,Fiber optic,No,No,No,No,Yes,No,Month-to-month,Yes,Electronic check,87.43,175.32,1
7642-['R' 'Q' 'S' 'U' 'N'],Male,0,Yes,No,23,Yes,Yes,Fiber optic,No,No,No,No,No,Yes,Month-to-month,No,Mailed check,94.92,2186.32,1
4802-['R' 'S' 'O' 'O' 'D'],Female,0,No,Yes,30,Yes,Yes,No,No,No,No,No,No,No,Month-to-month,No,Electronic check,46.65,1409.02,1
1364-['C' 'P' 'I' 'H' 'T'],Female,0,Yes,No,70,Yes,No,No,No,No,No,No,No,No,One year,No,Credit card (automatic),35.11,2453.01,0
8084-['Q' 'Q' 'Q' 'A' 'H'],Female,0,No,No,39,Yes,No,No,No,No,No,No,No,No,Two year,No,Bank transfer (automatic),33.12,1294.75,0
8742-['F' 'C' 'E' 'M' 'O'],Male,0,Yes,Yes,49,Yes,Yes,Fiber optic,Yes,Yes,No,No,No,No,Month-to-month,Yes,Bank transfer (automatic),94.56,4624.64,1
8661-['W' 'P' 'R' 'V' 'V'],Male,0,No,Yes,14,Yes,No,No,No,No,No,No,No,No,Month-to-month,Yes,Electronic check,33.69,459.72,1
5778-['C' 'V' 'J' 'J' 'U'],Female,0,No,No,20,No,No,No,No,No,No,No,No,No,Month-to-month,No,Bank transfer (automatic),20.38,400.82,0
2999-['L' 'B' 'I' 'X' 'C'],Male,0,Yes,No,20,Yes,No,Fiber optic,No,No,No,No,No,No,One year,No,Mailed check,74.65,1496.09,1
1695-['Y' 'O' 'C' 'S' 'R'],Male,0,No,No,59,Yes,No,Fiber optic,No,Yes,No,Yes,No,Yes,Month-to-month,Yes,Credit card (automatic),89.91,5278.38,0
3841-['Q' 'H' 'G' 'G' 'C'],Male,0,No,No,64,Yes,Yes,DSL,Yes,No,No,No,No,No,Month-to-month,No,Mailed check,74.52,4773.62,1
2088-['D' 'Y' 'E' 'A' 'O'],Female,0,Yes,No,20,Yes,Yes,No,No,No,No,No,No,No,Month-to-month,Yes,Electronic check,46.45,926.46,1
6668-['M' 'H' 'H' 'E' 'I'],Male,0,No,No,54,No,No,DSL,No,No,No,Yes,Yes,Yes,One year,No,Electronic check,71.08,3839.88,0
9448-['D' 'C' 'B' 'H' 'W'],Female,0,Yes,No,68,Yes,Yes,Fiber optic,Yes,Yes,Yes,No,No,Yes,One year,Yes,Electronic check,110.4,7513.36,0
5897-['N' 'N' 'D' 'F' 'K'],Female,1,No,No,25,Yes,Yes,Fiber optic,Yes,No,Yes,Yes,No,Yes,Month-to-month,No,Bank transfer (automatic),108.65,2701.05,1
4426-['H' 'C' 'N' 'M' 'M'],Female,0,No,Yes,54,Yes,No,No,No,No,No,No,No,No,Two year,No,Electronic check,32.96,1780.04,0
6409-['M' 'S' 'F' 'P' 'B'],Female,0,No,Yes,45,Yes,Yes,Fiber optic,No,Yes,Yes,No,Yes,Yes,One year,Yes,Electronic check,114.23,5124.71,1
6776-['W' 'B' 'J' 'P' 'F'],Female,0,Yes,No,61,Yes,No,Fiber optic,No,No,No,Yes,Yes,Yes,Month-to-month,Yes,Mailed check,98.92,6045.38,0
8355-['B' 'B' 'Z' 'M' 'X'],Female,0,Yes,No,69,Yes,No,Fiber optic,No,Yes,Yes,Yes,No,No,One year,Yes,Electronic check,90.9,6268.35,0
3555-['B' 'G' 'C' 'H' 'W'],Male,0,No,No,53,Yes,No,DSL,No,No,No,Yes,Yes,Yes,Month-to-month,Yes,Bank transfer (automatic),84.49,4480.97,0
5727-['W' 'V' 'G' 'U' 'G'],Female,0,No,No,3,Yes,Yes,No,No,No,No,No,No,No,One year,Yes,Mailed check,42.65,124.77,1
3368-['Q' 'I' 'U' 'M' 'U'],Male,0,No,No,44,Yes,No,Fiber optic,No,Yes,No,No,No,No,Month-to-month,Yes,Electronic check,81.59,3595.07,0
8570-['U' 'S' 'Y' 'Y' 'V'],Male,1,Yes,No,53,Yes,No,DSL,Yes,No,No,No,No,No,Month-to-month,Yes,Mailed check,67.33,3566.44,0
1182-['W' 'J' 'J' 'D' 'H'],Male,0,No,No,52,Yes,No,Fiber optic,Yes,Yes,Yes,No,No,No,Month-to-month,No,Bank transfer (automatic),88.94,4614.92,0
2589-['T' 'T' 'R' 'N' 'R'],Male,0,Yes,No,43,Yes,No,Fiber optic,No,No,No,No,No,Yes,Two year,Yes,Bank transfer (automatic),84.33,3629.05,1
7555-['N' 'T' 'U' 'X' 'O'],Female,1,No,No,35,Yes,No,No,No,No,No,No,No,No,Two year,Yes,Electronic check,32.81,1147.21,0
7846-['D' 'M' 'W' 'H' 'R'],Male,0,Yes,No,33,Yes,No,Fiber optic,No,No,Yes,Yes,No,No,Month-to-month,Yes,Mailed check,86.3,2834.6,1
7046-['N' 'B' 'R' 'X' 'B'],Female,1,No,Yes,51,Yes,No,Fiber optic,No,Yes,Yes,No,Yes,Yes,Month-to-month,Yes,Electronic check,102.99,5261.06,1
8016-['L' 'Q' 'O' 'Y' 'Q'],Female,0,Yes,Yes,5,Yes,Yes,Fiber optic,Yes,Yes,No,No,No,Yes,Month-to-month,No,Mailed check,106.83,511.43,1
8161-['Z' 'R' 'V' 'F' 'Q'],Male,1,Yes,Yes,37,Yes,No,Fiber optic,Yes,Yes,Yes,Yes,No,No,Month-to-month,Yes,Electronic check,93.42,3445.5,1
7056-['F' 'E' 'L' 'Y' 'K'],Female,1,No,No,32,Yes,Yes,No,No,No,No,No,No,No,Two year,Yes,Electronic check,44.93,1434.77,0
5728-['A' 'K' 'S' 'I' 'B'],Male,1,No,No,54,Yes,No,No,No,No,No,No,No,No,Month-to-month,No,Bank transfer (automatic),35.87,1939.1,0
5523-['D' 'D' 'R' 'O' 'S'],Female,0,No,No,22,Yes,No,DSL,No,Yes,No,No,No,Yes,One year,Yes,Mailed check,78.03,1728.39,1
3224-['F' 'P' 'X' 'L' 'S'],Female,1,No,No,43,Yes,No,Fiber optic,No,Yes,Yes,No,Yes,Yes,Two year,Yes,Credit card (automatic),107.41,4606.52,1
9662-['Z' 'A' 'Y' 'X' 'W'],Female,0,Yes,Yes,27,Yes,No,Fiber optic,No,No,Yes,No,Yes,Yes,Month-to-month,No,Bank transfer (automatic),103.9,2802.13,1
7318-['W' 'U' 'U' 'K' 'M'],Male,0,No,No,63,Yes,Yes,Fiber optic,No,No,No,No,No,No,Two year,No,Bank transfer (automatic),84.02,5293.28,0
4607-['L' 'K' 'Q' 'D' 'O'],Male,0,No,Yes,47,Yes,Yes,Fiber optic,No,No,No,Yes,No,Yes,One year,Yes,Credit card (automatic),101.4,4784.29,1
5888-['I' 'U' 'T' 'S' 'S'],Female,0,Yes,Yes,58,Yes,Yes,Fiber optic,No,No,No,No,Yes,Yes,Month-to-month,No,Electronic check,106.58,6182.43,1
2316-['J' 'Q' 'E' 'V' 'P'],Female,0,Yes,No,58,Yes,No,Fiber optic,No,Yes,No,Yes,No,No,Month-to-month,Yes,Electronic check,81.33,4723.78,1
3587-['I' 'C' 'O' 'P' 'R'],Male,0,Yes,Yes,42,Yes,No,Fiber optic,No,Yes,No,No,No,No,Month-to-month,Yes,Mailed check,80.88,3394.26,1
8935-['N' 'C' 'L' 'I' 'G'],Female,1,Yes,No,42,Yes,Yes,DSL,Yes,Yes,No,Yes,Yes,Yes,Month-to-month,Yes,Electronic check,106.43,4463.92,1
5072-['M' 'R' 'E' 'M' 'D'],Male,0,Yes,No,12,Yes,Yes,Fiber optic,No,No,No,No,No,No,One year,No,Electronic check,83.54,1008.43,1
5424-['F' 'K' 'V' 'X' 'V'],Male,1,No,No,71,Yes,Yes,Fiber optic,Yes,No,No,No,Yes,No,Month-to-month,Yes,Electronic check,102.94,7294.91,1
3016-['D' 'M' 'W' 'M' 'M'],Male,0,No,Yes,42,Yes,Yes,No,No,No,No,No,No,No,Month-to-month,Yes,Electronic check,44.58,1875.65,1
9353-['I' 'X' 'H' 'G' 'D'],Male,0,Yes,Yes,12,Yes,No,Fiber optic,No,No,No,No,No,Yes,Month-to-month,Yes,Bank transfer (automatic),83.82,1009.62,1
8170-['F' 'L' 'L' 'U' 'H'],Female,0,No,No,34,Yes,No,DSL,Yes,No,No,Yes,No,No,One year,No,Mailed check,73.65,2510.37,1
2461-['A' 'D' 'U' 'K' 'C'],Male,0,No,No,10,Yes,No,Fiber optic,No,No,No,No,Yes,No,Month-to-month,Yes,Electronic check,85.96,846.89,1
2548-['Y' 'Q' 'V' 'V' 'J'],Male,0,No,No,20,Yes,No,Fiber optic,Yes,No,No,No,Yes,Yes,Month-to-month,No,Credit card (automatic),102.86,2058.4,1
7708-['L' 'O' 'U' 'J' 'N'],Male,0,Yes,No,71,Yes,Yes,Fiber optic,Yes,No,No,No,No,Yes,One year,No,Credit card (automatic),97.73,6947.39,1
4748-['F' 'X' 'B' 'V' 'Q'],Male,0,No,No,25,Yes,No,DSL,No,No,Yes,No,Yes,Yes,Month-to-month,No,Mailed check,88.26,2197.57,0
8011-['N' 'J' 'C' 'Y' 'C'],Female,0,Yes,Yes,49,Yes,No,Fiber optic,Yes,No,No,No,No,Yes,One year,Yes,Bank transfer (automatic),90.78,4451.28,0
3158-['F' 'Q' 'L' 'V' 'T'],Male,0,No,Yes,48,Yes,No,Fiber optic,Yes,No,Yes,No,No,Yes,Month-to-month,No,Bank transfer (automatic),91.33,4364.56,1
8703-['K' 'Y' 'D' 'Z' 'Z'],Female,0,Yes,No,12,No,No,No,No,No,No,No,No,No,Two year,No,Mailed check,18.25,209.65,0
4923-['W' 'P' 'O' 'Q' 'H'],Male,0,No,Yes,38,Yes,No,DSL,Yes,Yes,No,Yes,Yes,No,Month-to-month,Yes,Mailed check,84.03,3188.04,0
3745-['L' 'V' 'U' 'J' 'O'],Male,0,No,No,54,Yes,Yes,Fiber optic,Yes,No,No,No,Yes,Yes,One year,Yes,Bank transfer (automatic),109.22,5898.06,0
3792-['B' 'E' 'F' 'G' 'U'],Female,0,Yes,No,6,Yes,No,Fiber optic,Yes,No,Yes,No,No,Yes,Two year,Yes,Electronic check,93.75,551.34,1
9224-['W' 'Z' 'G' 'T' 'Y'],Male,0,Yes,Yes,42,Yes,Yes,DSL,Yes,No,No,No,Yes,Yes,One year,Yes,Bank transfer (automatic),96.72,4053.29,1
4709-['L' 'P' 'P' 'K' 'U'],Female,1,No,No,41,Yes,No,Fiber optic,No,No,No,No,Yes,No,Month-to-month,Yes,Electronic check,85.07,3484.67,1
5579-['M' 'G' 'D' 'O' 'S'],Male,0,No,No,57,Yes,Yes,Fiber optic,Yes,No,No,No,No,No,Month-to-month,Yes,Bank transfer (automatic),93.5,5338.11,1
5552-['K' 'H' 'A' 'W' 'Y'],Female,0,No,No,11,Yes,Yes,DSL,Yes,No,No,No,Yes,Yes,Month-to-month,No,Electronic check,94.5,1052.32,1
9835-['H' 'C' 'I' 'B' 'B'],Female,0,No,No,12,Yes,Yes,Fiber optic,No,No,No,No,No,No,Month-to-month,Yes,Credit card (automatic),85.01,1012.86,1
4276-['O' 'W' 'L' 'Z' 'D'],Female,1,Yes,Yes,11,Yes,Yes,Fiber optic,No,No,Yes,No,No,Yes,Month-to-month,Yes,Bank transfer (automatic),99.13,1093.02,1
6223-['I' 'W' 'E' 'X' 'T'],Female,0,Yes,No,37,Yes,No,No,No,No,No,No,No,No,Month-to-month,Yes,Mailed check,33.86,1257.3,0
7683-['V' 'I' 'Q' 'Z' 'L'],Female,0,No,No,2,Yes,Yes,Fiber optic,No,No,Yes,No,No,Yes,Two year,Yes,Bank transfer (automatic),97.29,191.5,1
1025-['Y' 'J' 'M' 'S' 'K'],Male,0,Yes,No,71,Yes,Yes,Fiber optic,No,Yes,No,No,No,Yes,Month-to-month,Yes,Bank transfer (automatic),104.47,7417.8,0
9652-['U' 'H' 'H' 'D' 'O'],Female,0,No,No,61,Yes,No,No,No,No,No,No,No,No,Month-to-month,No,Credit card (automatic),38.24,2345.24,0
8006-['K' 'K' 'A' 'Q' 'O'],Female,0,No,No,30,Yes,No,Fiber optic,No,No,No,No,No,Yes,Month-to-month,Yes,Mailed check,85.13,2558.22,1
7707-['F' 'X' 'V' 'Y' 'O'],Male,0,No,No,71,Yes,No,No,No,No,No,No,No,No,Two year,Yes,Bank transfer (automatic),31.97,2276.33,0
9350-['I' 'N' 'R' 'Z' 'Q'],Female,0,Yes,Yes,36,Yes,Yes,No,No,No,No,No,No,No,Month-to-month,No,Credit card (automatic),45.15,1620.57,1
8763-['T' 'I' 'K' 'X' 'V'],Male,0,Yes,No,23,Yes,No,No,No,No,No,No,No,No,Two year,Yes,Mailed check,32.79,759.53,0
2696-['R' 'F' 'B' 'O' 'Z'],Male,0,No,No,67,Yes,No,DSL,No,No,No,Yes,Yes,Yes,Month-to-month,Yes,Electronic check,84.18,5625.47,0
7420-['N' 'E' 'F' 'F' 'V'],Female,0,Yes,No,63,Yes,No,DSL,No,No,Yes,No,Yes,No,One year,Yes,Electronic check,75.68,4763.93,1
7589-['R' 'N' 'J' 'N' 'M'],Female,0,Yes,No,15,No,No,Fiber optic,Yes,No,No,No,Yes,No,Month-to-month,No,Electronic check,77.83,1166.55,1
2757-['C' 'F' 'H' 'L' 'M'],Female,1,No,No,17,Yes,No,DSL,Yes,Yes,No,Yes,No,Yes,One year,Yes,Bank transfer (automatic),83.83,1440.79,0
9811-['A' 'Q' 'P' 'K' 'M'],Female,1,Yes,Yes,67,No,No,Fiber optic,Yes,No,No,No,Yes,No,Month-to-month,Yes,Credit card (automatic),74.64,5000.02,1
5958-['L' 'F' 'I' 'P' 'D'],Female,0,Yes,No,39,Yes,Yes,Fiber optic,No,No,No,No,No,No,Month-to-month,Yes,Electronic check,85.53,3330.34,1
3743-['Z' 'Y' 'L' 'K' 'E'],Female,0,Yes,No,57,Yes,Yes,Fiber optic,Yes,No,No,No,Yes,No,Month-to-month,Yes,Bank transfer (automatic),102.51,5858.62,0
8186-['W' 'W' 'F' 'V' 'R'],Male,1,Yes,No,44,Yes,No,No,No,No,No,No,No,No,Month-to-month,No,Mailed check,33.2,1473.6,1
1619-['S' 'B' 'Q' 'K' 'K'],Male,0,No,No,52,No,No,Fiber optic,Yes,Yes,Yes,Yes,No,Yes,Month-to-month,Yes,Mailed check,93.56,4862.17,1
9436-['P' 'B' 'B' 'W' 'H'],Male,0,Yes,No,26,Yes,No,No,No,No,No,No,No,No,One year,No,Mailed check,34.22,888.2,0
4212-['J' 'H' 'D' 'O' 'A'],Male,0,Yes,No,35,Yes,No,Fiber optic,Yes,Yes,No,Yes,No,No,One year,No,Electronic check,88.87,3108.12,1
8594-['G' 'Q' 'T' 'X' 'R'],Female,0,No,No,67,Yes,No,Fiber optic,Yes,No,No,Yes,Yes,Yes,Month-to-month,Yes,Credit card (automatic),103.43,6951.1,1
6973-['V' 'L' 'I' 'E' 'J'],Female,0,No,No,12,Yes,Yes,Fiber optic,Yes,Yes,Yes,No,No,Yes,Two year,Yes,Bank transfer (automatic),108.65,1316.79,0
4619-['E' 'J' 'K' 'U' 'X'],Male,0,No,No,50,Yes,No,DSL,Yes,Yes,Yes,No,Yes,Yes,Month-to-month,Yes,Mailed check,93.17,4669.57,0
3217-['H' 'B' 'W' 'H' 'P'],Female,0,No,Yes,47,Yes,No,Fiber optic,No,No,No,No,No,No,One year,No,Mailed check,71.66,3356.56,1
6722-['V' 'E' 'Y' 'C' 'L'],Female,0,No,No,59,No,No,No,No,No,No,No,No,No,Month-to-month,Yes,Electronic check,19.14,1118.7,1
2676-['M' 'J' 'D' 'I' 'V'],Male,1,Yes,No,69,Yes,No,Fiber optic,No,No,Yes,No,No,No,Two year,Yes,Bank transfer (automatic),77.15,5326.26,0
8927-['W' 'B' 'S' 'A' 'Y'],Male,0,No,Yes,50,Yes,No,DSL,No,No,Yes,No,No,No,One year,No,Bank transfer (automatic),63.35,3171.02,1
5422-['Q' 'C' 'T' 'T' 'U'],Male,0,Yes,No,13,Yes,No,Fiber optic,Yes,No,No,Yes,Yes,Yes,Month-to-month,No,Credit card (automatic),102.97,1337.07,1
8778-['Q' 'G' 'Z' 'N' 'Q'],Male,0,No,No,42,Yes,Yes,No,No,No,No,No,No,No,Month-to-month,Yes,Mailed check,44.01,1872.03,1
5369-['M' 'T' 'T' 'U' 'R'],Female,1,Yes,No,2,No,No,Fiber optic,Yes,Yes,Yes,No,No,Yes,One year,Yes,Electronic check,84.34,181.33,1
4008-['R' 'A' 'Z' 'Z' 'M'],Male,0,No,No,24,Yes,No,Fiber optic,Yes,Yes,No,Yes,No,No,Month-to-month,No,Bank transfer (automatic),93.92,2258.1,1
4699-['W' 'J' 'K' 'I' 'I'],Female,0,Yes,No,33,Yes,Yes,Fiber optic,No,Yes,Yes,No,Yes,Yes,One year,Yes,Electronic check,115.95,3826.77,1
2913-['A' 'Q' 'V' 'B' 'X'],Male,0,Yes,No,69,Yes,No,DSL,Yes,Yes,No,No,Yes,Yes,Two year,Yes,Bank transfer (automatic),89.34,6155.76,0
2772-['I' 'D' 'E' 'K' 'X'],Male,0,No,Yes,55,Yes,Yes,DSL,No,No,No,No,Yes,Yes,One year,Yes,Bank transfer (automatic),89.49,4913.23,0
1660-['C' 'L' 'Z' 'S' 'S'],Male,0,No,No,64,Yes,No,Fiber optic,No,No,Yes,No,Yes,Yes,Month-to-month,Yes,Credit card (automatic),100.4,6416.12,0
2132-['G' 'O' 'W' 'G' 'Z'],Female,0,Yes,Yes,59,Yes,Yes,Fiber optic,No,Yes,No,No,No,Yes,Two year,No,Mailed check,103.18,6094.27,0
8812-['U' 'N' 'D' 'W' 'J'],Female,0,No,Yes,47,Yes,No,Fiber optic,No,Yes,No,Yes,No,Yes,Two year,Yes,Bank transfer (automatic),97.08,4571.62,0
9275-['O' 'R' 'T' 'M' 'H'],Female,0,Yes,No,71,Yes,No,No,No,No,No,No,No,No,Month-to-month,No,Electronic check,32.98,2340.36,0
7696-['P' 'S' 'P' 'G' 'N'],Female,0,No,Yes,18,Yes,No,No,No,No,No,No,No,No,Two year,No,Credit card (automatic),35.33,630.75,0
5570-['D' 'Z' 'O' 'C' 'E'],Male,0,No,Yes,34,Yes,No,DSL,Yes,No,No,No,No,No,Two year,No,Mailed check,68.12,2316.2,0
4607-['X' 'J' 'D' 'C' 'B'],Male,0,No,No,32,Yes,No,Fiber optic,No,No,Yes,Yes,No,Yes,Month-to-month,Yes,Credit card (automatic),93.5,2974.06,0
9120-['Q' 'W' 'U' 'X' 'T'],Male,0,No,No,41,Yes,Yes,No,No,No,No,No,No,No,Month-to-month,Yes,Bank transfer (automatic),44.14,1809.37,0
1278-['M' 'E' 'U' 'I' 'Y'],Male,0,No,No,53,No,No,DSL,No,No,No,Yes,No,Yes,Two year,Yes,Electronic check,56.53,2984.64,0
4832-['V' 'F' 'E' 'Y' 'J'],Female,0,Yes,No,38,Yes,Yes,DSL,No,Yes,Yes,No,No,Yes,Month-to-month,Yes,Credit card (automatic),87.66,3343.52,1
7534-['G' 'F' 'U' 'T' 'C'],Male,0,Yes,Yes,63,Yes,Yes,DSL,No,Yes,No,No,No,No,Two year,Yes,Electronic check,73.79,4655.38,1
9575-['S' 'V' 'O' 'D' 'L'],Male,0,Yes,No,37,Yes,Yes,Fiber optic,No,Yes,Yes,Yes,Yes,No,One year,Yes,Credit card (automatic),112.69,4169.82,0
4109-['S' 'D' 'O' 'I' 'E'],Male,0,No,No,37,Yes,No,DSL,No,No,No,No,Yes,Yes,Two year,Yes,Electronic check,80.12,2964.42,0
7028-['W' 'Z' 'R' 'E' 'Y'],Female,1,No,No,72,Yes,No,Fiber optic,Yes,No,Yes,No,No,Yes,Month-to-month,Yes,Bank transfer (automatic),92.18,6638.67,0
1205-['Y' 'P' 'O' 'V' 'D'],Female,0,No,No,51,Yes,Yes,Fiber optic,Yes,No,No,No,No,Yes,Month-to-month,No,Mailed check,101.29,5180.66,0
6141-['U' 'V' 'U' 'H' 'Q'],Female,0,Yes,No,46,Yes,Yes,Fiber optic,Yes,No,No,No,No,No,Month-to-month,Yes,Mailed check,87.01,4015.04,0
9463-['W' 'J' 'J' 'B' 'I'],Male,0,No,No,64,Yes,Yes,DSL,No,No,Yes,No,Yes,Yes,Two year,Yes,Mailed check,93.31,5964.84,0
4722-['J' 'V' 'Y' 'Q' 'D'],Female,0,No,No,41,Yes,Yes,No,No,No,No,No,No,No,One year,Yes,Credit card (automatic),44.55,1820.71,0
6679-['T' 'O' 'Y' 'U' 'E'],Female,0,No,No,54,Yes,Yes,DSL,No,No,No,No,No,Yes,Month-to-month,Yes,Credit card (automatic),79.75,4298.66,1
3800-['A' 'Y' 'S' 'D' 'Q'],Male,0,No,No,58,No,No,No,No,No,No,No,No,No,Month-to-month,No,Electronic check,21.31,1228.38,0
8361-['H' 'O' 'G' 'F' 'A'],Female,0,No,Yes,65,Yes,No,DSL,No,No,No,No,Yes,Yes,Two year,No,Mailed check,81.82,5298.23,0
1406-['Z' 'G' 'Y' 'Q' 'B'],Male,0,No,No,53,Yes,No,Fiber optic,Yes,No,Yes,No,Yes,Yes,Month-to-month,Yes,Credit card (automatic),103.61,5502.46,0
1680-['I' 'M' 'F' 'F' 'T'],Male,0,No,Yes,50,Yes,No,Fiber optic,Yes,No,No,Yes,Yes,No,Two year,Yes,Bank transfer (automatic),93.83,4688.4,0
3292-['C' 'Q' 'Q' 'L' 'P'],Female,1,Yes,No,22,Yes,Yes,Fiber optic,No,No,Yes,No,Yes,Yes,Month-to-month,Yes,Mailed check,110.07,2417.87,0
1174-['M' 'W' 'A' 'Q' 'C'],Male,0,No,No,72,Yes,Yes,DSL,Yes,Yes,No,No,Yes,No,One year,No,Mailed check,85.99,6202.42,0
4171-['D' 'R' 'Q' 'S' 'K'],Male,0,Yes,No,10,Yes,No,Fiber optic,No,No,Yes,Yes,No,Yes,Month-to-month,Yes,Bank transfer (automatic),93.47,941.48,1
2907-['C' 'H' 'N' 'Z' 'A'],Male,0,Yes,Yes,35,Yes,No,DSL,Yes,No,No,No,Yes,Yes,Month-to-month,Yes,Mailed check,85.6,2997.44,0
2293-['B' 'W' 'D' 'X' 'S'],Male,0,No,Yes,55,Yes,No,DSL,No,No,No,Yes,No,Yes,Two year,Yes,Bank transfer (automatic),76.71,4225.33,0
5997-['Y' 'A' 'Q' 'H' 'S'],Female,0,No,No,41,Yes,No,DSL,No,No,No,No,Yes,Yes,Month-to-month,Yes,Credit card (automatic),79.1,3256.51,1
3240-['E' 'P' 'F' 'H' 'M'],Male,1,No,No,12,Yes,No,Fiber optic,No,Yes,No,Yes,Yes,No,Month-to-month,No,Bank transfer (automatic),94.15,1124.85,1
2855-['C' 'S' 'L' 'P' 'K'],Female,1,No,Yes,51,Yes,No,Fiber optic,Yes,No,No,No,Yes,No,Month-to-month,No,Electronic check,92.88,4722.49,1
2481-['Y' 'T' 'D' 'L' 'W'],Male,0,Yes,No,29,No,No,Fiber optic,Yes,Yes,Yes,Yes,No,No,Month-to-month,Yes,Bank transfer (automatic),79.52,2303.91,0
4093-['S' 'Y' 'E' 'H' 'G'],Male,0,No,No,11,Yes,No,DSL,No,No,No,Yes,No,No,Month-to-month,Yes,Mailed check,66.89,738.8,1
4277-['X' 'W' 'C' 'R' 'P'],Male,0,Yes,Yes,20,Yes,No,No,No,No,No,No,No,No,One year,No,Credit card (automatic),35.47,714.76,0
5690-['S' 'R' 'T' 'P' 'H'],Male,0,Yes,Yes,11,Yes,No,DSL,No,No,Yes,No,No,Yes,Two year,Yes,Bank transfer (automatic),75.55,832.41,1
8291-['A' 'Q' 'L' 'U' 'K'],Male,0,No,No,61,Yes,Yes,No,No,No,No,No,No,No,Two year,Yes,Bank transfer (automatic),45.62,2782.09,0
1139-['Q' 'F' 'A' 'E' 'Y'],Male,0,Yes,Yes,38,Yes,No,DSL,Yes,Yes,Yes,No,No,Yes,Two year,Yes,Bank transfer (automatic),83.02,3140.64,0
7043-['N' 'E' 'V' 'X' 'A'],Male,0,No,No,43,Yes,No,No,No,No,No,No,No,No,Two year,No,Credit card (automatic),36.6,1583.47,0
1049-['P' 'I' 'S' 'V' 'E'],Female,0,No,No,3,Yes,Yes,DSL,No,Yes,No,No,No,No,Month-to-month,Yes,Credit card (automatic),74.05,220.79,1
9058-['B' 'O' 'G' 'D' 'A'],Female,0,Yes,No,30,Yes,No,Fiber optic,No,No,No,No,Yes,No,Month-to-month,Yes,Bank transfer (automatic),87.53,2642.42,1
4765-['G' 'O' 'W' 'N' 'W'],Female,0,Yes,No,23,Yes,Yes,DSL,No,No,No,No,Yes,Yes,Month-to-month,Yes,Mailed check,89.3,2060.61,0
9319-['V' 'X' 'T' 'X' 'R'],Male,0,Yes,No,41,No,No,Fiber optic,Yes,Yes,No,Yes,No,Yes,Month-to-month,Yes,Credit card (automatic),85.29,3505.21,1
3761-['I' 'Y' 'H' 'Z' 'J'],Female,1,Yes,No,48,Yes,Yes,Fiber optic,No,No,No,No,Yes,No,Month-to-month,No,Bank transfer (automatic),94.0,4498.76,1
7160-['B' 'F' 'Z' 'E' 'I'],Male,0,Yes,No,19,Yes,No,Fiber optic,Yes,No,Yes,No,No,No,One year,No,Mailed check,84.63,1593.86,0
2988-['R' 'Z' 'T' 'I' 'Q'],Female,0,No,No,7,Yes,Yes,Fiber optic,Yes,Yes,No,Yes,Yes,Yes,Month-to-month,Yes,Bank transfer (automatic),118.75,829.89,1
4802-['Q' 'L' 'G' 'C' 'J'],Female,0,No,Yes,32,Yes,No,DSL,Yes,No,No,No,Yes,Yes,Month-to-month,No,Bank transfer (automatic),86.05,2769.09,1
7241-['Y' 'C' 'P' 'B' 'X'],Male,0,Yes,No,67,Yes,Yes,DSL,No,No,Yes,Yes,No,Yes,Month-to-month,No,Electronic check,93.76,6286.56,0
7309-['V' 'Z' 'K' 'W' 'G'],Male,0,Yes,No,37,Yes,Yes,No,No,No,No,No,No,No,Two year,Yes,Bank transfer (automatic),45.54,1673.95,0
2518-['F' 'T' 'I' 'V' 'T'],Male,0,Yes,No,35,No,No,No,No,No,No,No,No,No,Month-to-month,No,Credit card (automatic),19.47,687.07,1
4554-['O' 'B' 'U' 'B' 'V'],Male,0,Yes,Yes,47,No,No,No,No,No,No,No,No,No,Two year,Yes,Mailed check,18.25,868.48,0
2742-['J' 'I' 'A' 'P' 'F'],Male,0,Yes,No,7,Yes,No,DSL,Yes,Yes,Yes,Yes,No,No,Month-to-month,No,Electronic check,81.43,568.16,1
5195-['B' 'D' 'A' 'S' 'Z'],Female,0,Yes,No,72,Yes,Yes,DSL,Yes,No,Yes,No,Yes,No,Month-to-month,Yes,Electronic check,90.73,6551.88,0
7409-['U' 'O' 'V' 'S' 'P'],Male,1,No,No,59,Yes,Yes,DSL,Yes,No,Yes,No,Yes,Yes,One year,No,Bank transfer (automatic),105.64,6226.71,0
2271-['V' 'D' 'B' 'Y' 'M'],Male,0,Yes,Yes,23,Yes,Yes,Fiber optic,Yes,Yes,Yes,No,No,Yes,One year,Yes,Mailed check,111.49,2553.44,1
9475-['A' 'Q' 'M' 'D' 'G'],Male,0,Yes,No,16,Yes,No,DSL,No,Yes,No,No,No,Yes,Month-to-month,No,Bank transfer (automatic),75.46,1204.37,1
1816-['I' 'D' 'S' 'A' 'J'],Female,0,No,Yes,64,Yes,No,Fiber optic,No,Yes,Yes,No,No,Yes,Month-to-month,Yes,Credit card (automatic),96.43,6176.79,1
3093-['J' 'F' 'P' 'F' 'Q'],Male,0,No,Yes,38,Yes,Yes,DSL,Yes,Yes,No,No,No,Yes,Month-to-month,Yes,Credit card (automatic),88.38,3368.33,1
5937-['R' 'V' 'R' 'C' 'T'],Female,0,Yes,No,54,Yes,No,No,No,No,No,No,No,No,Month-to-month,Yes,Electronic check,34.61,1861.86,0
8674-['U' 'Y' 'O' 'O' 'D'],Female,0,No,No,60,No,No,Fiber optic,No,No,No,Yes,Yes,Yes,Two year,Yes,Credit card (automatic),85.82,5147.1,0
4676-['I' 'Z' 'S' 'X' 'Q'],Female,0,No,Yes,30,Yes,Yes,DSL,No,No,No,Yes,No,Yes,Month-to-month,Yes,Bank transfer (automatic),85.24,2541.68,1
5138-['Y' 'I' 'J' 'R' 'T'],Female,0,No,Yes,27,No,No,Fiber optic,Yes,Yes,Yes,Yes,No,Yes,Month-to-month,No,Electronic check,89.84,2431.18,0
9560-['U' 'W' 'O' 'T' 'O'],Male,1,No,No,31,Yes,No,DSL,Yes,No,No,No,Yes,Yes,One year,Yes,Electronic check,85.36,2648.75,0
6119-['A' 'Y' 'N' 'E' 'K'],Male,0,Yes,No,6,Yes,No,DSL,Yes,Yes,No,No,No,Yes,Two year,Yes,Mailed check,82.52,483.48,0
6039-['B' 'H' 'K' 'R' 'C'],Male,0,No,No,13,Yes,No,Fiber optic,Yes,Yes,No,No,Yes,No,Month-to-month,No,Electronic check,92.93,1196.98,1
4901-['Z' 'A' 'K' 'P' 'R'],Male,0,No,No,72,Yes,No,Fiber optic,No,Yes,No,No,No,Yes,Month-to-month,Yes,Electronic check,90.85,6560.18,1
2629-['P' 'W' 'J' 'R' 'F'],Female,0,No,No,53,Yes,No,Fiber optic,No,No,No,No,No,No,One year,Yes,Credit card (automatic),75.54,3995.79,1
5370-['D' 'M' 'X' 'N' 'C'],Female,0,No,No,69,Yes,Yes,DSL,Yes,No,No,Yes,Yes,No,One year,Yes,Bank transfer (automatic),87.31,6032.0,1
2993-['F' 'A' 'W' 'X' 'N'],Male,0,No,No,50,Yes,No,DSL,No,No,No,No,No,Yes,Month-to-month,No,Electronic check,70.05,3504.81,0
1690-['N' 'J' 'Q' 'I' 'F'],Male,0,No,No,29,Yes,No,Fiber optic,No,Yes,No,No,Yes,No,One year,No,Credit card (automatic),90.35,2622.6,1
8786-['Y' 'G' 'Q' 'A' 'V'],Male,0,No,No,29,No,No,Fiber optic,Yes,Yes,Yes,No,No,No,Month-to-month,No,Bank transfer (automatic),79.24,2277.87,1
5744-['R' 'X' 'U' 'B' 'Z'],Female,0,No,Yes,15,Yes,Yes,No,No,No,No,No,No,No,Month-to-month,Yes,Electronic check,47.21,715.72,0
5458-['F' 'Z' 'H' 'D' 'R'],Female,0,Yes,No,22,No,No,DSL,Yes,Yes,Yes,No,No,Yes,Two year,No,Credit card (automatic),68.93,1504.76,0
6738-['E' 'O' 'R' 'B' 'V'],Female,0,No,No,30,No,No,Fiber optic,No,No,No,No,Yes,No,One year,Yes,Credit card (automatic),68.63,2076.72,0
8352-['M' 'D' 'V' 'G' 'K'],Male,0,No,No,11,Yes,Yes,DSL,No,No,No,Yes,Yes,Yes,One year,Yes,Electronic check,98.43,1086.49,1
9003-['O' 'A' 'W' 'C' 'N'],Female,0,Yes,No,2,Yes,No,Fiber optic,No,No,Yes,No,No,Yes,Month-to-month,Yes,Credit card (automatic),88.53,188.01,1
9312-['A' 'F' 'F' 'U' 'P'],Female,1,Yes,No,66,Yes,Yes,Fiber optic,No,No,Yes,No,No,No,Month-to-month,Yes,Credit card (automatic),89.64,5920.05,1
1644-['Q' 'J' 'U' 'R' 'G'],Female,0,No,No,37,Yes,Yes,DSL,No,Yes,Yes,No,Yes,No,Month-to-month,Yes,Mailed check,89.97,3331.37,1
3668-['O' 'T' 'S' 'C' 'D'],Male,0,No,No,15,Yes,Yes,No,No,No,No,No,No,No,Two year,Yes,Electronic check,49.57,730.23,0
1195-['L' 'X' 'J' 'W' 'Y'],Female,1,No,Yes,3,Yes,No,DSL,Yes,No,No,No,No,Yes,Month-to-month,Yes,Mailed check,73.59,213.54,0
9468-['Z' 'T' 'X' 'Y' 'M'],Male,0,No,No,19,Yes,Yes,DSL,No,No,Yes,No,Yes,Yes,Month-to-month,Yes,Bank transfer (automatic),97.36,1846.34,1
3591-['W' 'E' 'D' 'N' 'J'],Male,0,Yes,No,44,Yes,Yes,Fiber optic,Yes,Yes,No,No,No,Yes,Month-to-month,Yes,Electronic check,103.05,4537.75,1
2200-['J' 'Z' 'G' 'P' 'A'],Male,0,No,Yes,12,Yes,No,DSL,Yes,No,Yes,No,Yes,No,Month-to-month,No,Electronic check,82.5,990.87,1
8024-['U' 'I' 'F' 'S' 'M'],Female,1,No,No,1,Yes,No,DSL,Yes,Yes,Yes,No,No,Yes,Month-to-month,No,Bank transfer (automatic),84.88,80.88,0
3594-['G' 'V' 'I' 'V' 'E'],Male,0,No,No,30,Yes,No,No,No,No,No,No,No,No,Month-to-month,Yes,Bank transfer (automatic),34.85,1035.22,0
1086-['Q' 'L' 'W' 'P' 'C'],Female,0,Yes,Yes,27,Yes,No,DSL,Yes,No,No,Yes,No,No,Month-to-month,Yes,Mailed check,70.07,1886.53,1
7968-['V' 'I' 'O' 'E' 'W'],Female,0,No,No,72,Yes,No,DSL,No,No,Yes,No,No,No,Two year,No,Mailed check,64.67,4661.02,0
3700-['N' 'T' 'O' 'P' 'W'],Male,0,No,Yes,58,Yes,No,DSL,No,Yes,No,No,No,Yes,Month-to-month,Yes,Bank transfer (automatic),76.86,4452.29,0
6164-['Q' 'W' 'H' 'U' 'B'],Male,0,Yes,No,10,Yes,No,DSL,Yes,No,No,Yes,No,Yes,One year,Yes,Mailed check,78.96,777.36,1
9676-['F' 'L' 'R' 'V' 'V'],Male,0,Yes,No,34,Yes,No,No,No,No,No,No,No,No,One year,Yes,Electronic check,35.21,1200.3,0
5384-['Q' 'K' 'J' 'S' 'N'],Female,0,No,No,48,Yes,Yes,DSL,No,No,Yes,No,Yes,Yes,Month-to-month,No,Bank transfer (automatic),96.39,4645.06,1
5729-['J' 'O' 'S' 'D' 'B'],Male,0,No,No,43,Yes,No,No,No,No,No,No,No,No,Month-to-month,No,Mailed check,35.45,1519.23,0
8178-['N' 'G' 'W' 'O' 'V'],Female,1,No,No,57,Yes,Yes,No,No,No,No,No,No,No,Month-to-month,Yes,Credit card (automatic),46.24,2644.01,0
1146-['V' 'O' 'X' 'H' 'K'],Male,0,No,No,50,Yes,Yes,Fiber optic,Yes,Yes,Yes,No,No,Yes,Two year,Yes,Credit card (automatic),110.16,5497.93,1
6628-['I' 'O' 'A' 'A' 'S'],Female,0,No,No,16,Yes,Yes,No,No,No,No,No,No,No,Month-to-month,Yes,Credit card (automatic),45.87,727.16,1
3242-['J' 'H' 'O' 'J' 'A'],Male,0,No,No,3,Yes,Yes,DSL,Yes,No,No,Yes,Yes,Yes,Month-to-month,Yes,Bank transfer (automatic),100.0,304.63,1
2948-['R' 'B' 'S' 'M' 'V'],Male,1,Yes,No,32,No,No,Fiber optic,Yes,Yes,No,No,Yes,Yes,Month-to-month,No,Bank transfer (automatic),89.25,2845.32,1
2920-['B' 'P' 'O' 'M' 'P'],Female,0,Yes,No,61,Yes,Yes,DSL,No,No,No,Yes,Yes,Yes,Month-to-month,No,Mailed check,100.62,6126.53,0
6552-['U' 'G' 'X' 'Z' 'Q'],Male,0,Yes,Yes,71,Yes,Yes,Fiber optic,Yes,Yes,No,No,Yes,Yes,Month-to-month,Yes,Bank transfer (automatic),112.13,7959.1,0
6388-['E' 'Z' 'Q' 'C' 'G'],Male,1,Yes,No,42,Yes,No,DSL,Yes,Yes,No,No,No,No,Two year,No,Electronic check,70.45,2958.89,0
1816-['G' 'U' 'A' 'Q' 'Q'],Male,0,Yes,No,41,Yes,No,No,No,No,No,No,No,No,Two year,Yes,Bank transfer (automatic),35.62,1464.92,0
7314-['Y' 'C' 'O' 'U' 'K'],Male,0,No,No,50,Yes,No,Fiber optic,No,No,No,Yes,No,No,Month-to-month,Yes,Credit card (automatic),79.24,3972.32,0
4893-['I' 'X' 'X' 'A' 'Y'],Female,0,No,Yes,37,Yes,Yes,DSL,No,Yes,No,No,Yes,Yes,Month-to-month,Yes,Electronic check,93.55,3454.81,1
7773-['I' 'G' 'N' 'S' 'S'],Female,0,No,Yes,42,Yes,No,DSL,Yes,Yes,No,Yes,Yes,Yes,One year,Yes,Mailed check,94.36,3952.03,0
6057-['I' 'M' 'O' 'C' 'K'],Female,0,Yes,Yes,47,Yes,Yes,Fiber optic,Yes,No,Yes,No,No,Yes,Month-to-month,Yes,Electronic check,106.11,4995.58,0
4764-['N' 'Y' 'H' 'R' 'S'],Female,0,Yes,No,41,Yes,Yes,No,No,No,No,No,No,No,One year,Yes,Electronic check,44.53,1829.69,0
9575-['P' 'B' 'H' 'V' 'F'],Female,0,Yes,Yes,56,Yes,No,No,No,No,No,No,No,No,One year,No,Electronic check,35.71,2009.04,0
3763-['O' 'Y' 'H' 'D' 'O'],Male,0,No,No,53,Yes,No,No,No,No,No,No,No,No,One year,Yes,Electronic check,38.73,2052.79,0
9923-['T' 'Y' 'Q' 'M' 'R'],Female,1,Yes,No,16,Yes,Yes,Fiber optic,Yes,No,No,Yes,No,No,Two year,No,Mailed check,97.5,1562.9,0
7476-['M' 'V' 'O' 'T' 'J'],Male,0,Yes,No,50,Yes,Yes,No,No,No,No,No,No,No,Month-to-month,No,Electronic check,44.35,2204.61,0
1002-['V' 'N' 'H' 'W' 'D'],Female,1,Yes,No,8,No,No,Fiber optic,Yes,Yes,No,Yes,Yes,Yes,Month-to-month,Yes,Bank transfer (automatic),96.89,784.19,1
6626-['T' 'K' 'Z' 'K' 'K'],Male,1,No,No,7,Yes,No,DSL,No,Yes,Yes,Yes,Yes,Yes,Month-to-month,Yes,Electronic check,94.13,642.08,1
1897-['Q' 'I' 'B' 'X' 'O'],Female,0,No,Yes,62,Yes,Yes,DSL,No,Yes,Yes,Yes,No,Yes,Two year,Yes,Electronic check,96.49,5969.56,1
6167-['Y' 'D' 'H' 'I' 'Z'],Male,0,Yes,Yes,55,No,No,Fiber optic,Yes,Yes,Yes,No,Yes,Yes,Month-to-month,Yes,Electronic check,94.99,5228.89,1
7457-['E' 'P' 'M' 'G' 'Z'],Female,0,Yes,No,69,Yes,Yes,DSL,No,No,No,No,Yes,No,Two year,No,Electronic check,84.67,5851.33,0
4792-['C' 'E' 'S' 'L' 'G'],Male,0,Yes,Yes,8,Yes,No,DSL,No,Yes,Yes,No,Yes,No,One year,Yes,Bank transfer (automatic),76.25,624.11,1
4163-['I' 'F' 'Z' 'Q' 'P'],Male,0,Yes,Yes,4,Yes,No,Fiber optic,Yes,Yes,No,No,No,No,Month-to-month,No,Electronic check,82.75,336.02,1
1990-['C' 'U' 'Z' 'D' 'J'],Male,0,No,Yes,71,Yes,Yes,DSL,Yes,Yes,No,Yes,No,Yes,Month-to-month,Yes,Credit card (automatic),93.58,6650.42,0
6876-['V' 'J' 'L' 'J' 'M'],Male,1,Yes,No,63,Yes,No,Fiber optic,Yes,No,No,Yes,No,Yes,One year,Yes,Electronic check,92.29,5820.79,1
7410-['V' 'P' 'H' 'H' 'Y'],Male,0,Yes,No,51,Yes,No,DSL,No,No,No,Yes,Yes,No,One year,Yes,Electronic check,75.21,3839.48,0
8404-['B' 'L' 'J' 'L' 'K'],Female,1,Yes,Yes,34,Yes,Yes,No,No,No,No,No,No,No,Month-to-month,No,Credit card (automatic),46.62,1601.38,1
4278-['P' 'Q' 'Z' 'B' 'R'],Male,0,No,No,59,Yes,Yes,DSL,Yes,No,Yes,No,No,Yes,One year,No,Credit card (automatic),90.07,5322.76,0
7539-['S' 'Z' 'W' 'R' 'Q'],Male,1,No,No,38,Yes,No,No,No,No,No,No,No,No,Two year,Yes,Electronic check,34.26,1305.08,0
1383-['F' 'Y' 'O' 'C' 'F'],Male,0,Yes,No,5,Yes,Yes,DSL,No,No,Yes,No,No,Yes,One year,Yes,Mailed check,78.82,401.63,0
7204-['A' 'M' 'U' 'Z' 'N'],Female,0,No,Yes,20,Yes,No,Fiber optic,Yes,No,No,Yes,Yes,No,One year,Yes,Bank transfer (automatic),92.39,1843.12,0
1922-['D' 'G' 'V' 'J' 'G'],Male,0,No,Yes,35,Yes,No,No,No,No,No,No,No,No,One year,No,Bank transfer (automatic),35.7,1249.73,1
2230-['D' 'W' 'W' 'F' 'X'],Male,0,No,No,17,Yes,Yes,DSL,No,No,No,No,Yes,Yes,Month-to-month,Yes,Credit card (automatic),91.09,1546.03,0
4940-['T' 'L' 'A' 'H' 'A'],Female,0,Yes,No,0,Yes,No,No,No,No,No,No,No,No,One year,No,Bank transfer (automatic),33.15,0.0,0
4748-['V' 'F' 'U' 'C' 'O'],Female,0,Yes,No,16,No,No,No,No,No,No,No,No,No,Month-to-month,Yes,Mailed check,20.27,319.38,0
3875-['X' 'N' 'R' 'P' 'F'],Male,0,No,Yes,68,Yes,Yes,DSL,No,No,Yes,Yes,No,Yes,Two year,Yes,Electronic check,88.49,6012.84,0
3103-['N' 'X' 'H' 'G' 'H'],Male,0,No,Yes,5,Yes,No,Fiber optic,Yes,No,Yes,No,No,No,Month-to-month,No,Electronic check,81.91,406.07,1
5172-['F' 'R' 'B' 'H' 'K'],Female,1,No,No,57,Yes,Yes,DSL,No,Yes,Yes,No,No,Yes,Month-to-month,No,Credit card (automatic),88.57,5043.1,1
2205-['F' 'P' 'T' 'L' 'K'],Male,0,No,No,44,Yes,No,Fiber optic,Yes,No,Yes,No,No,No,One year,No,Mailed check,87.8,3858.57,1
1956-['J' 'C' 'M' 'C' 'O'],Male,0,Yes,No,71,Yes,Yes,DSL,No,Yes,No,No,No,Yes,One year,Yes,Electronic check,86.54,6122.53,1
7396-['M' 'Q' 'C' 'T' 'K'],Male,0,Yes,No,47,Yes,No,Fiber optic,Yes,No,No,Yes,No,No,Month-to-month,Yes,Credit card (automatic),82.98,3904.19,1
3964-['S' 'V' 'K' 'P' 'U'],Female,0,No,No,49,Yes,No,Fiber optic,No,No,No,No,Yes,No,Month-to-month,No,Electronic check,85.08,4163.38,1
3850-['V' 'F' 'N' 'X' 'R'],Male,0,No,No,55,Yes,Yes,Fiber optic,Yes,Yes,No,Yes,No,No,One year,No,Electronic check,99.01,5455.48,0
4504-['D' 'W' 'O' 'K' 'Z'],Male,0,No,No,8,Yes,Yes,Fiber optic,Yes,No,No,No,Yes,No,Month-to-month,No,Electronic check,101.36,826.15,0
9706-['P' 'E' 'U' 'J' 'S'],Female,0,Yes,No,61,Yes,No,Fiber optic,No,Yes,Yes,No,No,No,Month-to-month,Yes,Electronic check,83.83,5130.25,1
1067-['S' 'K' 'B' 'J' 'K'],Female,0,Yes,Yes,30,No,No,DSL,No,No,No,No,No,Yes,One year,No,Credit card (automatic),53.88,1622.28,1
8832-['T' 'P' 'S' 'W' 'X'],Female,1,No,No,64,Yes,No,DSL,No,Yes,Yes,No,Yes,No,One year,Yes,Mailed check,81.93,5237.12,1
1650-['N' 'B' 'W' 'E' 'E'],Male,0,Yes,No,60,Yes,No,No,No,No,No,No,No,No,Month-to-month,No,Electronic check,34.59,2059.21,0
6780-['L' 'R' 'D' 'V' 'Q'],Male,1,Yes,No,9,Yes,No,Fiber optic,No,No,Yes,Yes,No,No,Two year,No,Mailed check,83.29,753.55,0
3217-['T' 'F' 'Y' 'N' 'K'],Female,0,No,Yes,52,Yes,No,Fiber optic,No,No,Yes,No,No,No,Month-to-month,No,Electronic check,80.75,4199.06,0
5383-['K' 'R' 'W' 'V' 'R'],Male,0,Yes,No,63,Yes,Yes,DSL,Yes,No,No,Yes,Yes,No,One year,No,Bank transfer (automatic),86.08,5425.83,0
8031-['W' 'K' 'U' 'L' 'E'],Female,0,No,Yes,63,Yes,Yes,No,No,No,No,No,No,No,Two year,No,Electronic check,44.83,2834.35,0
4414-['I' 'Y' 'I' 'V' 'J'],Male,0,Yes,Yes,49,Yes,No,Fiber optic,Yes,No,No,Yes,No,Yes,Month-to-month,Yes,Electronic check,95.58,4667.92,1
1917-['S' 'A' 'G' 'D' 'A'],Male,0,No,No,64,Yes,Yes,DSL,Yes,Yes,Yes,Yes,No,Yes,Month-to-month,No,Electronic check,100.45,6433.91,1
2678-['H' 'L' 'V' 'V' 'R'],Male,0,Yes,No,13,Yes,No,DSL,Yes,Yes,No,No,Yes,No,One year,Yes,Credit card (automatic),76.02,1001.4,0
8086-['Q' 'N' 'N' 'R' 'T'],Male,1,Yes,No,22,Yes,Yes,DSL,No,Yes,Yes,No,Yes,No,Month-to-month,Yes,Electronic check,89.47,1966.71,1
5529-['P' 'A' 'W' 'K' 'O'],Male,0,No,No,27,Yes,Yes,Fiber optic,Yes,No,No,No,No,No,Month-to-month,Yes,Bank transfer (automatic),89.47,2417.28,1
5875-['H' 'V' 'T' 'F' 'C'],Male,0,No,No,57,Yes,No,DSL,Yes,Yes,Yes,No,No,Yes,One year,No,Mailed check,85.97,4909.65,0
8323-['X' 'Z' 'M' 'M' 'B'],Female,0,Yes,No,39,Yes,Yes,No,No,No,No,No,No,No,Month-to-month,No,Bank transfer (automatic),42.83,1684.56,1
9996-['Q' 'F' 'B' 'D' 'V'],Male,0,Yes,Yes,63,Yes,Yes,Fiber optic,No,Yes,No,No,No,Yes,Month-to-month,Yes,Electronic check,102.34,6453.67,1
9135-['L' 'H' 'K' 'V' 'T'],Female,0,No,Yes,1,Yes,Yes,No,No,No,No,No,No,No,Two year,Yes,Electronic check,44.84,42.73,1
8175-['H' 'Z' 'Q' 'T' 'T'],Male,0,Yes,No,42,Yes,No,Fiber optic,No,No,No,Yes,No,Yes,Month-to-month,Yes,Electronic check,91.89,3872.29,1
7582-['P' 'N' 'K' 'G' 'P'],Female,0,Yes,No,11,Yes,Yes,DSL,No,No,No,Yes,Yes,Yes,Month-to-month,No,Credit card (automatic),95.47,1037.64,1
8212-['O' 'X' 'P' 'U' 'W'],Female,0,Yes,No,34,Yes,No,Fiber optic,No,Yes,Yes,No,Yes,No,Month-to-month,Yes,Credit card (automatic),95.87,3249.77,1
7231-['I' 'C' 'S' 'T' 'E'],Male,0,No,Yes,68,Yes,Yes,Fiber optic,No,Yes,No,No,No,No,One year,Yes,Electronic check,88.29,6020.97,1
2257-['Q' 'O' 'W' 'Y' 'H'],Male,0,Yes,No,62,Yes,Yes,No,No,No,No,No,No,No,Month-to-month,Yes,Electronic check,43.98,2733.18,0
2230-['U' 'N' 'T' 'G' 'U'],Male,0,Yes,Yes,40,Yes,Yes,DSL,No,No,Yes,Yes,Yes,No,One year,No,Bank transfer (automatic),89.91,3599.44,0
6750-['L' 'Q' 'Q' 'J' 'S'],Female,0,Yes,No,63,Yes,Yes,Fiber optic,Yes,No,No,Yes,Yes,Yes,Month-to-month,No,Bank transfer (automatic),116.36,7329.69,1
5589-['K' 'B' 'R' 'G' 'L'],Male,0,No,No,17,Yes,Yes,Fiber optic,Yes,No,Yes,No,Yes,No,Month-to-month,Yes,Bank transfer (automatic),104.52,1772.83,1
3617-['B' 'T' 'R' 'F' 'X'],Male,1,Yes,No,69,Yes,No,Fiber optic,No,Yes,Yes,Yes,No,Yes,One year,Yes,Credit card (automatic),100.79,6957.6,0
7628-['T' 'C' 'E' 'Y' 'H'],Male,0,No,Yes,10,Yes,No,DSL,No,No,Yes,No,Yes,Yes,Month-to-month,Yes,Electronic check,86.54,856.69,1
9775-['H' 'L' 'X' 'W' 'H'],Male,0,Yes,Yes,64,Yes,No,No,No,No,No,No,No,No,One year,No,Electronic check,35.86,2305.29,0
7026-['N' 'H' 'X' 'J' 'G'],Female,0,Yes,No,22,Yes,No,No,No,No,No,No,No,No,Month-to-month,Yes,Electronic check,35.71,780.34,0
8587-['M' 'D' 'E' 'Z' 'V'],Male,0,No,No,3,Yes,No,Fiber optic,Yes,Yes,Yes,No,Yes,No,One year,No,Electronic check,99.87,316.24,1
6457-['F' 'X' 'X' 'W' 'V'],Female,0,No,No,6,Yes,Yes,DSL,Yes,Yes,Yes,Yes,Yes,No,Two year,Yes,Bank transfer (automatic),100.19,580.32,1
8542-['K' 'N' 'E' 'F' 'J'],Female,1,Yes,No,40,Yes,Yes,No,No,No,No,No,No,No,Month-to-month,Yes,Mailed check,43.63,1739.51,1
2447-['N' 'X' 'C' 'L' 'P'],Male,0,No,Yes,48,Yes,No,Fiber optic,No,Yes,No,No,No,No,Month-to-month,Yes,Bank transfer (automatic),81.34,3889.49,1
6462-['Q' 'A' 'W' 'J' 'Y'],Male,0,No,No,16,Yes,No,Fiber optic,Yes,No,Yes,Yes,No,Yes,Two year,Yes,Bank transfer (automatic),100.13,1606.69,0
7324-['X' 'B' 'I' 'V' 'M'],Female,0,No,No,54,No,No,No,No,No,No,No,No,No,One year,No,Bank transfer (automatic),22.2,1210.09,0
6208-['P' 'R' 'S' 'L' 'H'],Male,0,No,No,26,Yes,Yes,Fiber optic,No,Yes,No,Yes,No,Yes,Month-to-month,Yes,Mailed check,106.47,2767.85,1
9080-['O' 'J' 'O' 'O' 'W'],Female,0,Yes,No,11,Yes,No,No,No,No,No,No,No,No,Month-to-month,No,Credit card (automatic),34.52,387.95,1
5774-['M' 'Q' 'I' 'H' 'T'],Female,0,Yes,No,46,Yes,Yes,No,No,No,No,No,No,No,Two year,Yes,Bank transfer (automatic),39.99,1830.04,0
8124-['R' 'M' 'P' 'I' 'L'],Male,0,Yes,No,33,Yes,No,Fiber optic,Yes,No,Yes,Yes,No,Yes,Month-to-month,Yes,Bank transfer (automatic),98.73,3257.41,1
4109-['S' 'G' 'Y' 'C' 'P'],Male,0,No,Yes,7,Yes,Yes,DSL,No,No,No,No,Yes,No,Month-to-month,Yes,Credit card (automatic),83.94,571.78,1
8185-['P' 'W' 'G' 'D' 'Y'],Male,0,No,Yes,22,Yes,Yes,Fiber optic,No,Yes,No,No,Yes,No,One year,Yes,Bank transfer (automatic),98.76,2169.49,1
3535-['M' 'M' 'Q' 'Q' 'E'],Female,1,No,No,25,Yes,No,No,No,No,No,No,No,No,Month-to-month,No,Electronic check,34.99,876.39,0
6509-['S' 'M' 'Y' 'Z' 'N'],Female,0,Yes,No,33,No,No,DSL,Yes,Yes,No,No,No,Yes,One year,Yes,Mailed check,64.36,2116.45,0
2630-['V' 'D' 'G' 'H' 'Y'],Male,0,No,No,31,No,No,Fiber optic,No,No,No,No,Yes,No,Month-to-month,Yes,Bank transfer (automatic),68.06,2092.56,1
2695-['F' 'F' 'X' 'U' 'C'],Male,0,No,No,5,Yes,Yes,DSL,Yes,No,No,Yes,No,No,Month-to-month,Yes,Credit card (automatic),79.03,386.17,1
8579-['C' 'M' 'V' 'B' 'P'],Female,1,Yes,No,64,Yes,No,No,No,No,No,No,No,No,Month-to-month,No,Mailed check,33.27,2109.25,1
9597-['F' 'H' 'W' 'H' 'Y'],Female,0,Yes,No,58,Yes,No,Fiber optic,Yes,Yes,Yes,No,Yes,Yes,One year,Yes,Electronic check,111.32,6448.4,1
5482-['L' 'Q' 'E' 'T' 'Y'],Male,0,No,Yes,49,Yes,No,Fiber optic,No,No,No,No,No,No,Month-to-month,Yes,Electronic check,78.07,3834.33,1
5820-['Z' 'T' 'G' 'V' 'D'],Female,0,No,No,67,Yes,No,Fiber optic,Yes,Yes,Yes,No,No,Yes,Month-to-month,Yes,Mailed check,99.43,6670.92,1
5620-['M' 'J' 'R' 'Q' 'T'],Male,1,Yes,No,7,Yes,Yes,DSL,Yes,No,Yes,No,No,Yes,One year,Yes,Bank transfer (automatic),89.12,630.38,0
3547-['M' 'Q' 'V' 'D' 'A'],Female,0,Yes,No,39,Yes,No,No,No,No,No,No,No,No,Month-to-month,Yes,Electronic check,36.83,1438.92,1
4968-['O' 'M' 'Q' 'X' 'Z'],Male,0,No,No,45,Yes,Yes,Fiber optic,No,No,No,No,Yes,No,Month-to-month,No,Electronic check,91.14,4100.86,1
6447-['R' 'M' 'W' 'N' 'H'],Male,0,No,Yes,32,Yes,Yes,DSL,No,No,Yes,No,Yes,Yes,Month-to-month,No,Credit card (automatic),92.6,2967.86,0
1314-['Z' 'O' 'M' 'G' 'E'],Female,0,No,Yes,57,Yes,Yes,DSL,Yes,Yes,No,No,Yes,Yes,Month-to-month,Yes,Mailed check,102.15,5807.56,1
9347-['Y' 'P' 'W' 'B' 'V'],Female,0,No,No,2,No,No,DSL,No,No,No,No,No,No,Two year,Yes,Electronic check,40.66,71.69,1
1721-['Q' 'G' 'M' 'R' 'N'],Male,0,Yes,No,26,Yes,Yes,Fiber optic,No,Yes,No,No,No,Yes,Month-to-month,No,Bank transfer (automatic),96.79,2525.59,1
2117-['R' 'M' 'K' 'U' 'U'],Male,0,Yes,Yes,64,Yes,Yes,Fiber optic,No,Yes,Yes,No,No,Yes,Month-to-month,Yes,Credit card (automatic),105.64,6738.4,1
2647-['W' 'Q' 'H' 'S' 'T'],Male,0,No,No,56,Yes,Yes,DSL,No,Yes,Yes,No,No,Yes,One year,Yes,Mailed check,90.68,5072.56,1
1142-['I' 'T' 'J' 'L' 'U'],Male,0,No,No,34,Yes,Yes,Fiber optic,No,No,Yes,Yes,Yes,Yes,Month-to-month,No,Credit card (automatic),114.62,3910.23,0
8069-['A' 'Y' 'T' 'I' 'V'],Female,0,No,No,51,Yes,No,Fiber optic,Yes,Yes,No,No,Yes,Yes,Two year,Yes,Electronic check,105.3,5362.94,0
4072-['L' 'C' 'K' 'B' 'P'],Male,0,No,No,50,Yes,Yes,No,No,No,No,No,No,No,Two year,Yes,Mailed check,47.55,2377.66,0
4871-['O' 'L' 'A' 'M' 'N'],Female,0,No,Yes,16,Yes,Yes,Fiber optic,No,No,No,No,Yes,No,Month-to-month,No,Mailed check,95.03,1508.92,1
6048-['H' 'H' 'L' 'A' 'K'],Female,0,No,Yes,51,Yes,No,Fiber optic,No,No,Yes,No,Yes,Yes,Two year,No,Electronic check,100.09,5104.64,0
4303-['J' 'S' 'K' 'G' 'K'],Male,0,Yes,No,47,Yes,No,DSL,Yes,No,No,No,Yes,Yes,Month-to-month,No,Bank transfer (automatic),86.48,4087.26,0
7416-['A' 'Z' 'U' 'U' 'H'],Female,1,No,Yes,57,Yes,Yes,Fiber optic,No,No,Yes,Yes,No,Yes,Month-to-month,Yes,Bank transfer (automatic),104.78,5976.27,1
5485-['V' 'R' 'F' 'E' 'M'],Female,1,Yes,Yes,25,Yes,No,DSL,No,No,No,No,Yes,No,One year,No,Bank transfer (automatic),67.7,1699.57,0
1191-['S' 'V' 'H' 'I' 'Q'],Male,0,Yes,No,26,Yes,No,Fiber optic,No,No,Yes,No,Yes,Yes,Two year,Yes,Mailed check,95.65,2484.73,0
5322-['S' 'K' 'X' 'Q' 'U'],Male,0,Yes,No,23,Yes,No,Fiber optic,No,Yes,No,Yes,Yes,Yes,Month-to-month,No,Bank transfer (automatic),102.86,2372.02,1
8282-['B' 'H' 'S' 'G' 'Q'],Male,1,No,No,10,Yes,No,DSL,Yes,Yes,No,No,Yes,No,Two year,No,Mailed check,78.55,780.11,0
2051-['B' 'F' 'W' 'E' 'S'],Male,0,No,No,7,Yes,No,DSL,No,Yes,Yes,Yes,No,No,Month-to-month,Yes,Mailed check,73.15,496.1,1
8411-['D' 'V' 'Z' 'Q' 'K'],Male,0,Yes,Yes,47,Yes,No,No,No,No,No,No,No,No,One year,Yes,Electronic check,37.33,1747.72,0
3105-['M' 'T' 'Z' 'Q' 'I'],Female,0,No,No,31,Yes,No,DSL,Yes,No,No,No,No,Yes,One year,Yes,Credit card (automatic),74.85,2331.12,0
2251-['W' 'N' 'S' 'Z' 'C'],Male,0,No,No,28,Yes,No,Fiber optic,No,No,No,No,No,No,Month-to-month,Yes,Bank transfer (automatic),68.75,1921.09,1
6869-['H' 'X' 'A' 'J' 'R'],Male,0,No,No,4,Yes,No,No,No,No,No,No,No,No,Two year,Yes,Bank transfer (automatic),37.61,151.95,0
3863-['H' 'A' 'L' 'H' 'X'],Female,1,No,Yes,48,Yes,Yes,Fiber optic,Yes,No,Yes,No,No,No,Two year,No,Bank transfer (automatic),94.85,4543.81,0
7513-['D' 'F' 'L' 'I' 'O'],Male,0,Yes,No,12,Yes,No,Fiber optic,No,No,Yes,No,Yes,Yes,Month-to-month,Yes,Bank transfer (automatic),99.44,1191.97,1
1183-['L' 'X' 'W' 'N' 'M'],Male,0,Yes,No,41,Yes,No,Fiber optic,No,No,No,No,Yes,Yes,Month-to-month,No,Credit card (automatic),95.22,3914.88,1
9728-['B' 'C' 'Z' 'X' 'V'],Male,0,Yes,No,9,Yes,Yes,DSL,No,Yes,No,Yes,No,Yes,Two year,Yes,Electronic check,89.88,815.29,0
2096-['Z' 'T' 'H' 'J' 'S'],Female,1,No,No,25,Yes,Yes,Fiber optic,No,Yes,Yes,Yes,No,Yes,Month-to-month,Yes,Electronic check,112.06,2814.01,1
9002-['X' 'E' 'C' 'Z' 'P'],Male,0,No,No,25,Yes,No,DSL,Yes,Yes,No,No,Yes,No,One year,Yes,Mailed check,80.43,2010.84,1
1270-['C' 'L' 'I' 'U' 'L'],Male,1,No,Yes,22,Yes,No,DSL,No,No,No,No,No,No,Month-to-month,Yes,Credit card (automatic),59.55,1313.63,1
7305-['W' 'R' 'T' 'L' 'W'],Male,0,No,Yes,43,Yes,No,DSL,Yes,No,Yes,No,Yes,No,Month-to-month,No,Electronic check,79.49,3415.88,1
8299-['W' 'P' 'W' 'P' 'A'],Male,0,No,Yes,38,Yes,Yes,No,No,No,No,No,No,No,Two year,No,Bank transfer (automatic),45.73,1738.4,0
4672-['B' 'C' 'Z' 'U' 'Y'],Male,0,No,No,42,Yes,No,Fiber optic,No,No,Yes,No,Yes,No,Month-to-month,No,Electronic check,90.29,3795.05,1
6552-['T' 'V' 'U' 'A' 'T'],Female,1,No,No,51,No,No,DSL,No,No,No,Yes,Yes,No,Month-to-month,Yes,Credit card (automatic),61.43,3135.82,0
3341-['O' 'Z' 'Z' 'N' 'T'],Male,0,No,No,57,Yes,Yes,Fiber optic,No,Yes,No,No,Yes,Yes,Month-to-month,Yes,Credit card (automatic),108.93,6221.66,1
1974-['N' 'Y' 'U' 'X' 'Y'],Male,1,Yes,No,31,Yes,Yes,DSL,No,Yes,No,No,Yes,Yes,One year,Yes,Mailed check,95.45,2967.52,0
3672-['K' 'P' 'L' 'O' 'W'],Male,0,Yes,No,17,Yes,Yes,No,No,No,No,No,No,No,Two year,Yes,Credit card (automatic),44.95,776.55,0
2987-['R' 'U' 'C' 'V' 'H'],Male,0,Yes,No,41,Yes,No,Fiber optic,Yes,Yes,Yes,No,Yes,No,Month-to-month,No,Bank transfer (automatic),100.04,4095.99,1
9383-['C' 'H' 'R' 'J' 'Y'],Male,0,Yes,No,1,Yes,Yes,DSL,No,Yes,No,No,No,Yes,Month-to-month,Yes,Electronic check,86.84,71.14,1
8347-['Q' 'H' 'W' 'K' 'E'],Female,0,Yes,No,59,Yes,Yes,Fiber optic,No,No,No,No,Yes,No,Month-to-month,No,Bank transfer (automatic),96.92,5736.57,0
7009-['M' 'U' 'W' 'E' 'X'],Female,0,Yes,No,32,Yes,No,No,No,No,No,No,No,No,Month-to-month,No,Mailed check,36.14,1162.62,1
5538-['M' 'F' 'E' 'I' 'P'],Male,0,Yes,Yes,45,Yes,Yes,Fiber optic,No,Yes,No,Yes,Yes,Yes,Two year,Yes,Electronic check,117.44,5283.82,0
8616-['H' 'S' 'K' 'L' 'L'],Male,0,No,Yes,58,Yes,Yes,Fiber optic,No,No,No,No,No,Yes,Month-to-month,Yes,Electronic check,95.63,5561.64,1
5006-['Z' 'M' 'H' 'V' 'Z'],Female,0,No,No,56,Yes,Yes,DSL,No,Yes,Yes,No,No,No,One year,Yes,Credit card (automatic),75.77,4243.84,0
3504-['G' 'Z' 'U' 'X' 'O'],Female,0,Yes,No,61,Yes,No,Fiber optic,Yes,No,No,Yes,No,Yes,Month-to-month,No,Mailed check,99.92,6085.57,0
7686-['T' 'Y' 'L' 'A' 'W'],Female,0,Yes,Yes,62,Yes,No,No,No,No,No,No,No,No,Month-to-month,No,Credit card (automatic),33.58,2088.21,0
9469-['H' 'E' 'O' 'A' 'A'],Male,0,No,No,72,Yes,No,Fiber optic,No,No,No,No,Yes,Yes,Month-to-month,Yes,Bank transfer (automatic),95.51,6879.38,0
7837-['J' 'U' 'O' 'Q' 'V'],Female,0,Yes,No,30,Yes,Yes,DSL,No,Yes,Yes,Yes,No,Yes,One year,No,Electronic check,97.01,2901.94,1
9869-['C' 'M' 'P' 'H' 'O'],Male,1,Yes,No,38,Yes,No,Fiber optic,No,Yes,No,Yes,No,Yes,Month-to-month,Yes,Credit card (automatic),94.71,3604.56,0
6904-['Q' 'V' 'Z' 'M' 'Q'],Male,0,No,No,21,Yes,Yes,No,No,No,No,No,No,No,Two year,No,Electronic check,45.45,956.44,0
1165-['Q' 'P' 'N' 'M' 'F'],Female,0,No,No,16,No,No,Fiber optic,No,No,Yes,Yes,Yes,Yes,Month-to-month,No,Mailed check,87.59,1394.27,1
7509-['N' 'O' 'H' 'O' 'V'],Male,0,Yes,No,2,Yes,No,Fiber optic,No,No,Yes,No,Yes,Yes,Month-to-month,No,Mailed check,100.74,216.65,1
4580-['M' 'Q' 'U' 'X' 'C'],Male,0,Yes,No,31,Yes,Yes,DSL,Yes,Yes,No,Yes,Yes,No,Month-to-month,No,Electronic check,92.46,2864.59,1
8984-['W' 'Y' 'B' 'Z' 'O'],Female,0,Yes,No,32,No,No,Fiber optic,No,No,No,Yes,No,No,Month-to-month,Yes,Credit card (automatic),65.64,2101.54,1
1985-['T' 'F' 'F' 'R' 'R'],Male,0,No,No,63,Yes,No,DSL,No,Yes,No,No,Yes,No,One year,Yes,Bank transfer (automatic),74.49,4700.79,0
7928-['Y' 'N' 'N' 'M' 'G'],Female,0,Yes,Yes,9,Yes,No,No,No,No,No,No,No,No,Month-to-month,No,Mailed check,34.66,315.63,0
8566-['S' 'K' 'O' 'L' 'C'],Female,0,No,No,4,Yes,No,DSL,Yes,Yes,No,No,Yes,Yes,Month-to-month,No,Mailed check,90.31,348.54,1
8504-['C' 'S' 'T' 'D' 'C'],Female,0,Yes,No,67,Yes,No,DSL,No,Yes,Yes,Yes,No,Yes,One year,No,Credit card (automatic),90.08,6031.76,0
9095-['Z' 'P' 'L' 'H' 'X'],Male,0,No,Yes,37,Yes,No,Fiber optic,No,No,Yes,Yes,Yes,Yes,Month-to-month,Yes,Credit card (automatic),104.53,3862.82,1
7524-['Q' 'G' 'K' 'R' 'A'],Female,1,No,No,40,Yes,No,Fiber optic,Yes,No,No,No,Yes,Yes,One year,Yes,Credit card (automatic),101.88,4072.6,0
3402-['D' 'M' 'F' 'Z' 'N'],Female,0,Yes,Yes,72,Yes,No,No,No,No,No,No,No,No,Month-to-month,No,Electronic check,32.97,2371.87,0
2956-['P' 'O' 'O' 'D' 'H'],Male,0,Yes,Yes,60,Yes,No,DSL,No,No,No,No,No,Yes,Two year,No,Bank transfer (automatic),72.94,4363.46,1
9378-['P' 'P' 'D' 'M' 'Z'],Female,0,Yes,No,14,Yes,Yes,Fiber optic,Yes,Yes,No,No,Yes,No,Two year,Yes,Electronic check,103.27,1472.13,0
3284-['B' 'C' 'V' 'H' 'X'],Male,0,Yes,Yes,51,No,No,Fiber optic,No,No,No,No,No,Yes,One year,No,Electronic check,69.38,3538.51,0
4854-['K' 'I' 'G' 'M' 'B'],Male,0,Yes,Yes,7,Yes,No,Fiber optic,Yes,No,Yes,No,No,No,Two year,No,Credit card (automatic),83.34,580.82,0
4847-['G' 'X' 'L' 'S' 'G'],Female,0,No,No,55,Yes,Yes,DSL,Yes,Yes,Yes,Yes,Yes,No,One year,No,Mailed check,98.64,5394.07,0
2001-['Y' 'P' 'C' 'J' 'F'],Female,0,No,No,29,Yes,No,Fiber optic,No,No,No,No,No,No,Two year,No,Credit card (automatic),74.41,2156.19,1
9849-['R' 'E' 'U' 'G' 'B'],Male,0,Yes,No,33,No,No,Fiber optic,No,No,Yes,No,No,No,Two year,Yes,Mailed check,64.23,2115.24,0
5266-['M' 'W' 'E' 'F' 'X'],Female,1,No,Yes,58,Yes,Yes,Fiber optic,No,No,No,Yes,No,Yes,Two year,No,Electronic check,95.55,5558.79,0
2657-['N' 'L' 'D' 'W' 'F'],Male,0,No,Yes,55,Yes,No,Fiber optic,No,Yes,No,Yes,Yes,Yes,Two year,No,Electronic check,105.53,5792.52,1
9479-['J' 'R' 'O' 'H' 'Z'],Female,1,Yes,No,12,Yes,Yes,No,No,No,No,No,No,No,Two year,Yes,Bank transfer (automatic),42.14,509.29,0
1607-['I' 'E' 'J' 'T' 'F'],Male,1,No,No,50,No,No,DSL,No,No,No,Yes,Yes,Yes,Month-to-month,Yes,Bank transfer (automatic),70.06,3503.01,0
3671-['X' 'C' 'J' 'K' 'K'],Female,0,No,No,58,No,No,Fiber optic,No,Yes,No,No,No,No,Two year,No,Credit card (automatic),63.61,3703.85,1
8263-['D' 'D' 'Q' 'I' 'S'],Female,0,No,No,61,Yes,Yes,Fiber optic,No,No,No,No,No,Yes,One year,No,Mailed check,93.19,5682.99,0
1725-['X' 'F' 'C' 'V' 'A'],Male,1,Yes,No,28,Yes,No,Fiber optic,No,No,No,Yes,Yes,Yes,Two year,Yes,Credit card (automatic),99.02,2772.58,0
5051-['V' 'P' 'W' 'K' 'M'],Female,0,Yes,No,61,Yes,Yes,No,No,No,No,No,No,No,Two year,No,Electronic check,44.83,2738.59,0
6634-['I' 'L' 'W' 'N' 'A'],Female,0,No,Yes,6,Yes,No,No,No,No,No,No,No,No,One year,No,Electronic check,36.15,214.63,0
2814-['J' 'S' 'O' 'E' 'O'],Male,1,Yes,Yes,43,Yes,Yes,No,No,No,No,No,No,No,Month-to-month,Yes,Electronic check,44.19,1901.88,1
3931-['W' 'Y' 'B' 'M' 'X'],Male,0,No,No,5,Yes,No,Fiber optic,No,Yes,No,No,No,No,Month-to-month,Yes,Mailed check,82.23,426.42,0
3415-['O' 'Y' 'J' 'N' 'J'],Male,0,Yes,No,61,Yes,No,Fiber optic,No,No,Yes,Yes,No,No,Month-to-month,Yes,Electronic check,85.53,5211.24,1
7782-['I' 'Y' 'N' 'C' 'T'],Female,1,Yes,Yes,67,Yes,Yes,Fiber optic,No,No,Yes,Yes,No,Yes,One year,No,Bank transfer (automatic),104.66,6996.09,1
8905-['J' 'C' 'K' 'K' 'U'],Female,0,Yes,No,69,Yes,Yes,DSL,No,Yes,Yes,No,No,Yes,Month-to-month,Yes,Electronic check,92.02,6347.59,1
7548-['V' 'M' 'G' 'W' 'Q'],Male,0,Yes,Yes,16,Yes,Yes,No,No,No,No,No,No,No,Month-to-month,Yes,Bank transfer (automatic),45.78,720.31,0
3941-['B' 'L' 'Y' 'J' 'R'],Male,0,Yes,No,48,Yes,No,DSL,No,Yes,No,No,Yes,Yes,Month-to-month,Yes,Bank transfer (automatic),85.13,4091.61,0
7197-['K' 'P' 'Q' 'S' 'R'],Female,0,No,Yes,23,Yes,Yes,No,No,No,No,No,No,No,Month-to-month,Yes,Credit card (automatic),44.66,1024.28,1
2012-['Z' 'P' 'F' 'Y' 'L'],Male,1,Yes,No,11,Yes,Yes,DSL,No,No,No,Yes,No,No,Month-to-month,Yes,Mailed check,75.47,823.14,1
5586-['O' 'O' 'P' 'J' 'L'],Male,0,Yes,Yes,56,Yes,No,Fiber optic,Yes,Yes,Yes,No,No,No,Month-to-month,No,Electronic check,92.52,5188.12,1
6877-['B' 'Z' 'O' 'H' 'G'],Male,0,No,No,28,No,No,Fiber optic,No,No,No,No,No,Yes,One year,Yes,Mailed check,69.21,1943.76,0
2902-['W' 'N' 'H' 'L' 'M'],Female,0,Yes,No,61,Yes,No,DSL,No,Yes,No,No,No,Yes,Month-to-month,No,Credit card (automatic),74.69,4554.7,1
2789-['K' 'Q' 'Q' 'X' 'D'],Female,1,Yes,No,26,Yes,No,DSL,No,No,Yes,Yes,No,Yes,Month-to-month,No,Bank transfer (automatic),79.16,2052.01,1
9711-['E' 'Z' 'P' 'D' 'V'],Male,0,No,No,4,Yes,No,DSL,No,Yes,No,No,Yes,Yes,Month-to-month,Yes,Bank transfer (automatic),85.81,343.87,1
7543-['N' 'J' 'G' 'M' 'T'],Female,0,Yes,Yes,39,Yes,No,No,No,No,No,No,No,No,Month-to-month,Yes,Credit card (automatic),33.4,1300.14,1
4195-['E' 'C' 'O' 'D' 'O'],Female,1,Yes,Yes,46,Yes,No,No,No,No,No,No,No,No,Month-to-month,Yes,Credit card (automatic),35.13,1635.5,1
6555-['S' 'M' 'J' 'U' 'E'],Male,0,No,No,8,Yes,No,DSL,Yes,No,No,Yes,No,Yes,Two year,Yes,Credit card (automatic),80.13,632.08,0
8478-['T' 'T' 'Y' 'F' 'D'],Female,1,Yes,Yes,15,Yes,No,DSL,No,No,No,No,Yes,No,Month-to-month,Yes,Mailed check,70.56,1043.27,1
4969-['V' 'P' 'R' 'E' 'V'],Male,1,No,No,12,No,No,Fiber optic,Yes,No,Yes,No,No,No,One year,Yes,Bank transfer (automatic),68.98,812.88,1
4939-['M' 'S' 'W' 'B' 'M'],Female,1,Yes,Yes,53,Yes,No,DSL,Yes,Yes,No,No,No,Yes,Month-to-month,Yes,Mailed check,82.68,4399.61,1
2909-['D' 'V' 'T' 'T' 'O'],Male,0,No,No,14,Yes,No,DSL,No,Yes,No,No,Yes,No,Month-to-month,Yes,Credit card (automatic),75.29,1072.8,1
1931-['I' 'G' 'S' 'S' 'F'],Male,0,No,Yes,24,Yes,No,No,No,No,No,No,No,No,Month-to-month,Yes,Credit card (automatic),34.06,814.39,1
7382-['O' 'Y' 'T' 'I' 'D'],Male,0,Yes,No,15,No,No,DSL,Yes,Yes,No,No,No,No,Two year,Yes,Bank transfer (automatic),55.73,857.49,0
4121-['R' 'E' 'T' 'W' 'K'],Female,0,Yes,No,43,No,No,No,No,No,No,No,No,No,Month-to-month,Yes,Electronic check,18.82,794.71,1
4748-['V' 'Z' 'D' 'L' 'B'],Male,0,No,No,46,Yes,Yes,Fiber optic,Yes,No,No,Yes,Yes,Yes,Month-to-month,Yes,Mailed check,118.46,5427.15,1
6929-['I' 'J' 'G' 'D' 'S'],Female,1,No,No,32,Yes,No,No,No,No,No,No,No,No,Two year,No,Credit card (automatic),32.18,1026.1,0
9681-['C' 'Y' 'U' 'S' 'U'],Male,0,Yes,No,25,Yes,No,Fiber optic,Yes,Yes,No,No,No,No,Month-to-month,Yes,Credit card (automatic),85.52,2145.62,1
1287-['B' 'T' 'J' 'B' 'B'],Female,0,Yes,Yes,39,Yes,No,Fiber optic,No,Yes,No,Yes,Yes,No,Month-to-month,Yes,Electronic check,96.33,3762.02,1
3363-['X' 'Q' 'P' 'P' 'N'],Male,0,No,No,70,Yes,Yes,Fiber optic,Yes,No,Yes,No,No,Yes,Month-to-month,Yes,Credit card (automatic),103.28,7224.8,1
1244-['K' 'X' 'A' 'K' 'W'],Male,0,Yes,Yes,44,Yes,No,DSL,Yes,Yes,Yes,No,Yes,No,Month-to-month,Yes,Electronic check,86.18,3789.98,1
9532-['D' 'G' 'Z' 'O' 'R'],Female,1,Yes,Yes,42,Yes,Yes,Fiber optic,No,No,No,No,No,No,Two year,Yes,Electronic check,85.22,3577.56,0
3654-['Q' 'A' 'K' 'A' 'O'],Male,0,No,Yes,71,Yes,Yes,DSL,Yes,No,No,No,Yes,No,Month-to-month,Yes,Mailed check,83.52,5935.09,0
6300-['J' 'G' 'B' 'J' 'X'],Male,0,Yes,No,22,Yes,Yes,DSL,No,Yes,No,No,No,No,Month-to-month,No,Credit card (automatic),68.47,1503.0,0
7553-['K' 'H' 'R' 'K' 'K'],Female,0,Yes,No,46,Yes,No,DSL,Yes,Yes,No,Yes,No,Yes,Month-to-month,Yes,Electronic check,84.25,3873.43,1
7636-['C' 'L' 'C' 'J' 'Q'],Female,0,No,No,43,Yes,No,DSL,No,No,Yes,No,Yes,No,Month-to-month,Yes,Electronic check,77.83,3347.3,1
3229-['B' 'Q' 'P' 'B' 'V'],Male,0,No,No,41,Yes,Yes,Fiber optic,No,No,No,Yes,Yes,No,Month-to-month,No,Credit card (automatic),103.22,4230.12,1
3077-['T' 'F' 'Y' 'J' 'J'],Male,0,Yes,No,11,Yes,Yes,No,No,No,No,No,No,No,Month-to-month,No,Mailed check,43.73,477.68,0
6856-['M' 'X' 'I' 'V' 'J'],Female,0,No,No,35,Yes,No,DSL,No,No,No,No,No,Yes,Month-to-month,No,Credit card (automatic),72.66,2552.35,0
3350-['E' 'V' 'P' 'M' 'V'],Male,0,No,Yes,12,Yes,Yes,Fiber optic,Yes,Yes,Yes,No,Yes,No,Month-to-month,Yes,Electronic check,112.45,1351.27,1
9376-['T' 'R' 'K' 'I' 'P'],Male,0,Yes,No,64,Yes,Yes,Fiber optic,Yes,Yes,No,No,Yes,No,Month-to-month,No,Electronic check,106.67,6817.05,0
6593-['Y' 'B' 'L' 'H' 'I'],Female,0,No,No,26,Yes,Yes,Fiber optic,No,Yes,Yes,Yes,Yes,Yes,One year,No,Electronic check,118.75,3083.38,0
5683-['Z' 'I' 'J' 'Y' 'B'],Male,1,No,No,19,Yes,Yes,DSL,Yes,No,No,Yes,No,Yes,Two year,No,Electronic check,92.08,1751.81,0
6807-['T' 'G' 'B' 'A' 'S'],Male,1,No,Yes,17,Yes,No,Fiber optic,No,No,Yes,No,Yes,No,Month-to-month,No,Electronic check,88.18,1485.99,1
2409-['Y' 'N' 'B' 'O' 'L'],Female,0,No,No,63,Yes,No,Fiber optic,No,Yes,No,Yes,No,Yes,Month-to-month,Yes,Credit card (automatic),94.09,5918.1,0
3172-['G' 'X' 'U' 'J' 'N'],Male,0,No,No,8,Yes,No,No,No,No,No,No,No,No,Month-to-month,Yes,Credit card (automatic),38.57,319.0,0
8825-['X' 'N' 'B' 'Z' 'L'],Male,1,No,No,24,Yes,Yes,DSL,No,No,No,Yes,Yes,No,Month-to-month,Yes,Mailed check,84.36,2027.64,0
7135-['F' 'D' 'M' 'D' 'V'],Male,1,No,No,0,Yes,No,No,No,No,No,No,No,No,One year,Yes,Electronic check,36.15,0.0,1
5535-['Y' 'A' 'M' 'D' 'T'],Male,0,No,No,58,Yes,No,Fiber optic,No,No,Yes,No,Yes,Yes,Month-to-month,Yes,Credit card (automatic),100.71,5833.9,0
8697-['F' 'C' 'W' 'M' 'P'],Male,0,Yes,No,35,Yes,Yes,No,No,No,No,No,No,No,Month-to-month,No,Mailed check,43.31,1505.38,0
6060-['D' 'U' 'H' 'S' 'N'],Female,0,No,Yes,17,Yes,No,No,No,No,No,No,No,No,One year,Yes,Bank transfer (automatic),34.84,594.4,0
3014-['N' 'F' 'L' 'P' 'Q'],Male,0,Yes,No,46,Yes,Yes,Fiber optic,No,Yes,No,No,No,No,One year,No,Bank transfer (automatic),91.18,4194.77,1
8148-['W' 'N' 'G' 'N' 'O'],Male,0,Yes,No,32,Yes,Yes,No,No,No,No,No,No,No,Two year,Yes,Credit card (automatic),43.63,1393.34,0
6675-['Q' 'I' 'V' 'O' 'L'],Female,0,Yes,Yes,21,No,No,DSL,Yes,Yes,Yes,No,No,Yes,Month-to-month,Yes,Credit card (automatic),69.09,1454.81,1
1609-['E' 'M' 'T' 'W' 'H'],Male,0,No,No,64,Yes,No,DSL,No,Yes,Yes,No,Yes,No,One year,No,Credit card (automatic),79.47,5087.24,0
7911-['N' 'O' 'K' 'A' 'U'],Male,0,Yes,No,10,Yes,No,DSL,Yes,No,Yes,Yes,No,No,Month-to-month,Yes,Bank transfer (automatic),73.88,733.95,1
8454-['C' 'Q' 'S' 'N' 'V'],Male,1,No,No,25,No,No,No,No,No,No,No,No,No,Month-to-month,Yes,Mailed check,18.25,451.12,1
3237-['W' 'H' 'M' 'T' 'C'],Female,1,No,No,69,Yes,No,DSL,No,Yes,Yes,No,Yes,Yes,Two year,No,Credit card (automatic),88.25,6084.53,0
1325-['Y' 'V' 'B' 'M' 'E'],Male,1,Yes,Yes,62,Yes,Yes,No,No,No,No,No,No,No,Month-to-month,Yes,Electronic check,46.85,2902.84,1
5603-['Y' 'H' 'W' 'A' 'T'],Female,0,Yes,No,37,Yes,Yes,Fiber optic,Yes,Yes,Yes,Yes,No,Yes,Month-to-month,No,Bank transfer (automatic),115.78,4291.65,1
8754-['G' 'O' 'V' 'X' 'K'],Female,0,Yes,Yes,48,No,No,No,No,No,No,No,No,No,Month-to-month,Yes,Credit card (automatic),21.23,1027.15,0
3575-['C' 'T' 'N' 'C' 'A'],Male,0,No,Yes,16,Yes,No,No,No,No,No,No,No,No,Month-to-month,Yes,Credit card (automatic),32.77,531.97,1
4966-['Z' 'U' 'O' 'A' 'Q'],Female,0,No,No,56,Yes,Yes,Fiber optic,No,No,Yes,No,No,No,Two year,Yes,Mailed check,88.44,4953.84,0
8493-['H' 'P' 'S' 'A' 'C'],Female,0,Yes,No,13,Yes,No,No,No,No,No,No,No,No,Two year,No,Electronic check,38.26,508.34,0
6594-['L' 'L' 'T' 'M' 'T'],Female,0,No,Yes,7,Yes,No,Fiber optic,Yes,No,Yes,Yes,No,Yes,Month-to-month,Yes,Bank transfer (automatic),100.07,714.72,1
4144-['G' 'D' 'S' 'V' 'S'],Female,1,Yes,No,55,Yes,Yes,DSL,No,No,No,No,Yes,Yes,Month-to-month,No,Mailed check,89.41,4905.92,0
8269-['M' 'K' 'M' 'M' 'Y'],Male,0,No,No,22,Yes,Yes,No,No,No,No,No,No,No,Month-to-month,Yes,Bank transfer (automatic),44.92,990.63,1
2499-['T' 'O' 'U' 'M' 'V'],Male,0,No,Yes,43,Yes,Yes,Fiber optic,No,No,No,No,No,No,One year,Yes,Mailed check,84.12,3621.03,0
6162-['S' 'H' 'T' 'H' 'J'],Male,0,Yes,Yes,65,No,No,Fiber optic,No,No,No,No,No,No,Month-to-month,Yes,Electronic check,63.68,4129.23,1
1857-['P' 'S' 'Z' 'W' 'K'],Male,1,Yes,No,2,Yes,Yes,Fiber optic,No,No,No,Yes,Yes,Yes,One year,Yes,Electronic check,109.58,227.14,1
8244-['I' 'T' 'X' 'S' 'P'],Female,0,No,No,52,No,No,Fiber optic,No,No,Yes,No,Yes,No,Two year,Yes,Electronic check,73.89,3859.68,1
7578-['L' 'O' 'W' 'N' 'K'],Male,0,Yes,Yes,12,Yes,Yes,Fiber optic,Yes,No,Yes,Yes,No,Yes,Month-to-month,Yes,Credit card (automatic),112.39,1346.2,0
3657-['K' 'S' 'F' 'N' 'T'],Male,0,No,No,68,Yes,Yes,No,No,No,No,No,No,No,Two year,No,Electronic check,43.19,2935.37,0
5837-['Q' 'J' 'A' 'C' 'H'],Female,0,No,No,0,Yes,No,DSL,Yes,Yes,Yes,No,Yes,Yes,Month-to-month,Yes,Bank transfer (automatic),90.8,0.0,0
2466-['T' 'V' 'O' 'X' 'G'],Male,0,Yes,No,20,Yes,No,No,No,No,No,No,No,No,One year,Yes,Electronic check,37.1,749.95,1
5362-['G' 'D' 'Y' 'L' 'Z'],Female,0,No,Yes,55,Yes,Yes,DSL,Yes,Yes,No,Yes,No,No,Two year,No,Electronic check,84.16,4615.14,0
2893-['N' 'L' 'K' 'S' 'U'],Male,1,Yes,No,1,Yes,Yes,Fiber optic,No,No,Yes,No,Yes,Yes,Month-to-month,Yes,Mailed check,109.47,102.93,1
6540-['N' 'U' 'X' 'P' 'Y'],Male,0,Yes,No,30,Yes,No,DSL,Yes,No,Yes,No,No,Yes,Month-to-month,No,Mailed check,80.71,2422.04,1
9792-['V' 'V' 'Y' 'T' 'V'],Male,0,No,No,12,Yes,Yes,Fiber optic,No,No,No,Yes,Yes,No,Month-to-month,No,Credit card (automatic),98.46,1193.32,1
6599-['Q' 'G' 'N' 'Z' 'K'],Female,0,No,No,13,No,No,Fiber optic,No,No,Yes,Yes,Yes,No,One year,No,Credit card (automatic),76.83,984.67,0
8382-['M' 'W' 'R' 'K' 'O'],Male,0,No,Yes,56,Yes,Yes,Fiber optic,Yes,No,No,No,Yes,Yes,Month-to-month,No,Credit card (automatic),112.34,6301.22,1
9504-['Z' 'Y' 'V' 'S' 'A'],Male,1,Yes,Yes,12,Yes,Yes,DSL,No,No,No,No,Yes,No,Month-to-month,Yes,Credit card (automatic),79.8,963.87,1
3381-['C' 'Q' 'C' 'P' 'N'],Female,0,No,No,13,Yes,Yes,Fiber optic,No,No,No,No,Yes,No,Two year,No,Mailed check,97.06,1266.08,0
3547-['M' 'O' 'N' 'X' 'Y'],Male,0,Yes,No,26,Yes,No,Fiber optic,No,No,No,No,Yes,Yes,Month-to-month,No,Electronic check,96.3,2499.53,1
1946-['F' 'J' 'O' 'U' 'V'],Male,0,Yes,No,69,No,No,No,No,No,No,No,No,No,Two year,Yes,Electronic check,23.48,1605.44,0
9435-['Z' 'F' 'W' 'Y' 'J'],Female,0,No,No,59,Yes,Yes,Fiber optic,Yes,Yes,No,Yes,No,Yes,One year,No,Credit card (automatic),108.89,6426.18,0
4590-['V' 'Q' 'R' 'Q' 'I'],Female,0,Yes,Yes,69,Yes,Yes,Fiber optic,No,No,No,Yes,Yes,No,Month-to-month,Yes,Electronic check,101.42,6997.09,1
2464-['G' 'P' 'R' 'F' 'T'],Male,0,No,No,14,No,No,No,No,No,No,No,No,No,Month-to-month,Yes,Bank transfer (automatic),20.09,278.01,0
9864-['A' 'L' 'U' 'B' 'D'],Female,0,No,No,55,No,No,No,No,No,No,No,No,No,Month-to-month,No,Mailed check,20.79,1133.72,0
1643-['K' 'V' 'Z' 'D' 'A'],Female,1,Yes,No,61,Yes,No,DSL,Yes,Yes,Yes,Yes,No,No,Month-to-month,No,Mailed check,80.98,4937.98,0
8345-['I' 'C' 'H' 'X' 'S'],Female,1,No,No,12,Yes,No,Fiber optic,Yes,No,No,No,No,No,Month-to-month,No,Credit card (automatic),79.42,946.74,1
3339-['R' 'T' 'K' 'N' 'Y'],Male,0,Yes,No,6,Yes,No,No,No,No,No,No,No,No,Month-to-month,Yes,Electronic check,34.56,213.69,1
6275-['P' 'C' 'O' 'D' 'E'],Male,0,No,Yes,20,Yes,Yes,Fiber optic,No,No,Yes,Yes,Yes,Yes,Month-to-month,No,Electronic check,111.81,2253.8,1
4622-['P' 'N' 'Z' 'P' 'G'],Female,0,No,No,13,Yes,Yes,Fiber optic,No,No,No,No,Yes,No,One year,No,Electronic check,94.58,1242.12,1
4715-['V' 'K' 'B' 'L' 'L'],Female,0,Yes,No,2,Yes,No,DSL,No,No,Yes,No,No,No,Month-to-month,No,Mailed check,65.72,122.99,1
7365-['D' 'R' 'Z' 'U' 'G'],Male,0,Yes,No,62,Yes,Yes,Fiber optic,No,No,No,Yes,No,Yes,One year,Yes,Bank transfer (automatic),100.62,6228.2,1
7396-['A' 'Z' 'Z' 'W' 'Z'],Female,0,No,No,42,Yes,Yes,Fiber optic,Yes,Yes,No,Yes,Yes,No,Two year,Yes,Mailed check,112.4,4714.37,0
7533-['F' 'L' 'H' 'X' 'V'],Female,1,No,No,11,Yes,No,Fiber optic,No,Yes,No,No,No,No,Month-to-month,Yes,Mailed check,78.85,874.42,1
9210-['E' 'R' 'E' 'Y' 'J'],Male,0,No,No,54,Yes,No,Fiber optic,No,No,Yes,No,No,Yes,Month-to-month,Yes,Mailed check,89.64,4838.66,1
3080-['J' 'E' 'L' 'V' 'G'],Male,0,Yes,No,58,Yes,Yes,Fiber optic,No,No,No,Yes,Yes,No,Two year,Yes,Electronic check,100.06,5822.26,0
1904-['V' 'U' 'L' 'W' 'A'],Male,0,No,Yes,19,Yes,No,Fiber optic,No,Yes,Yes,Yes,No,Yes,One year,Yes,Bank transfer (automatic),96.24,1820.62,1
9938-['U' 'O' 'B' 'T' 'G'],Female,0,Yes,Yes,68,Yes,Yes,Fiber optic,No,No,Yes,Yes,Yes,Yes,Month-to-month,Yes,Electronic check,114.6,7792.61,0
4956-['L' 'V' 'R' 'C' 'G'],Female,0,No,Yes,44,Yes,No,Fiber optic,No,No,Yes,No,Yes,Yes,One year,No,Electronic check,99.33,4363.87,0
1421-['E' 'Z' 'A' 'L' 'Z'],Female,1,Yes,Yes,54,Yes,No,Fiber optic,Yes,No,No,Yes,Yes,No,Month-to-month,Yes,Bank transfer (automatic),95.86,5172.97,0
5675-['R' 'D' 'Q' 'B' 'X'],Male,0,No,Yes,58,No,No,DSL,No,No,No,No,No,No,Two year,Yes,Electronic check,48.42,2821.9,0
2473-['L' 'F' 'J' 'Y' 'W'],Female,1,Yes,No,59,Yes,No,No,No,No,No,No,No,No,Month-to-month,No,Bank transfer (automatic),34.49,2033.14,1
6882-['P' 'N' 'G' 'S' 'W'],Male,0,No,Yes,60,Yes,Yes,Fiber optic,No,Yes,No,Yes,Yes,No,Month-to-month,No,Electronic check,102.42,6147.52,0
9456-['Z' 'M' 'V' 'E' 'W'],Male,0,No,No,41,Yes,No,DSL,No,Yes,No,No,No,No,Two year,Yes,Bank transfer (automatic),63.96,2626.71,0
6673-['U' 'J' 'G' 'Z' 'O'],Female,0,No,No,43,Yes,Yes,DSL,No,Yes,Yes,No,No,Yes,Month-to-month,Yes,Mailed check,87.41,3767.74,1
9134-['O' 'C' 'S' 'J' 'O'],Male,0,No,No,5,Yes,No,DSL,No,No,No,No,Yes,No,One year,No,Mailed check,69.68,362.23,1
9226-['F' 'L' 'O' 'F' 'M'],Female,0,No,No,68,Yes,Yes,Fiber optic,No,No,No,No,Yes,Yes,Two year,No,Mailed check,105.09,7141.07,0
4138-['H' 'H' 'W' 'Z' 'T'],Female,0,No,No,21,Yes,No,Fiber optic,No,No,Yes,Yes,No,Yes,Month-to-month,Yes,Electronic check,94.3,1962.71,0
5270-['D' 'S' 'U' 'C' 'M'],Male,1,Yes,No,64,Yes,No,Fiber optic,No,No,No,Yes,No,No,Month-to-month,No,Bank transfer (automatic),80.96,5199.93,0
9022-['P' 'M' 'C' 'P' 'I'],Female,0,No,No,19,Yes,Yes,Fiber optic,No,No,No,No,No,Yes,Month-to-month,Yes,Electronic check,92.62,1743.44,1
4899-['N' 'M' 'U' 'Y' 'G'],Male,0,No,No,46,Yes,No,Fiber optic,Yes,Yes,Yes,No,Yes,Yes,Month-to-month,No,Mailed check,114.12,5237.8,1
3062-['G' 'F' 'B' 'I' 'V'],Male,1,Yes,No,47,Yes,Yes,Fiber optic,Yes,No,Yes,No,No,No,Two year,No,Electronic check,95.64,4500.68,0
7256-['E' 'L' 'A' 'J' 'K'],Male,0,Yes,No,23,No,No,DSL,No,Yes,No,Yes,Yes,No,One year,Yes,Mailed check,65.02,1479.93,1
2231-['N' 'H' 'X' 'Q' 'Y'],Female,0,No,No,71,Yes,Yes,No,No,No,No,No,No,No,One year,Yes,Electronic check,47.87,3395.56,0
1305-['L' 'Y' 'Q' 'Z' 'N'],Female,1,Yes,No,38,Yes,Yes,DSL,No,Yes,No,No,Yes,No,Two year,Yes,Mailed check,87.67,3343.65,0
4917-['I' 'D' 'Y' 'W' 'K'],Female,1,No,No,54,Yes,Yes,Fiber optic,Yes,No,No,No,Yes,No,Two year,Yes,Mailed check,104.5,5646.08,0
6649-['M' 'K' 'N' 'R' 'Y'],Male,0,No,No,54,Yes,Yes,DSL,Yes,No,Yes,No,Yes,Yes,Two year,No,Mailed check,98.99,5337.35,0
3226-['X' 'O' 'I' 'H' 'T'],Male,0,Yes,No,69,Yes,Yes,No,No,No,No,No,No,No,One year,Yes,Mailed check,41.25,2850.6,0
8235-['N' 'Y' 'B' 'P' 'C'],Female,1,Yes,No,62,Yes,No,Fiber optic,No,No,No,No,No,Yes,Month-to-month,No,Mailed check,85.14,5263.34,1
6911-['P' 'G' 'M' 'M' 'E'],Male,0,Yes,No,18,Yes,Yes,DSL,No,No,No,Yes,Yes,No,Month-to-month,No,Bank transfer (automatic),86.65,1569.57,1
2141-['R' 'O' 'R' 'B' 'J'],Female,0,Yes,No,57,Yes,Yes,Fiber optic,No,No,No,No,Yes,Yes,Two year,Yes,Electronic check,110.06,6270.34,0
3038-['M' 'R' 'O' 'L' 'O'],Female,0,Yes,No,25,No,No,Fiber optic,No,Yes,Yes,No,Yes,Yes,Month-to-month,Yes,Bank transfer (automatic),89.57,2242.74,1
8116-['R' 'O' 'Y' 'W' 'K'],Female,0,No,No,46,Yes,No,DSL,No,No,Yes,Yes,Yes,Yes,Month-to-month,Yes,Credit card (automatic),93.48,4293.4,0
6266-['C' 'G' 'U' 'Z' 'N'],Female,0,Yes,Yes,13,Yes,Yes,DSL,No,No,No,No,Yes,Yes,One year,Yes,Electronic check,91.18,1193.58,0
5658-['K' 'W' 'V' 'W' 'X'],Male,0,Yes,No,2,No,No,Fiber optic,No,No,Yes,Yes,No,Yes,Two year,No,Electronic check,80.37,159.88,0
8669-['S' 'R' 'L' 'W' 'A'],Female,0,Yes,No,68,Yes,No,No,No,No,No,No,No,No,One year,No,Credit card (automatic),35.92,2446.23,0
3962-['T' 'Q' 'E' 'Z' 'C'],Male,1,No,No,13,Yes,No,DSL,No,No,No,Yes,No,No,Month-to-month,No,Credit card (automatic),64.84,843.56,1
1126-['C' 'H' 'P' 'F' 'M'],Male,0,No,No,7,Yes,No,Fiber optic,No,No,Yes,Yes,No,No,Two year,Yes,Bank transfer (automatic),83.38,590.95,0
2366-['V' 'V' 'P' 'P' 'C'],Female,0,Yes,No,14,Yes,No,No,No,No,No,No,No,No,Month-to-month,No,Electronic check,35.56,481.31,1
5539-['M' 'N' 'H' 'L' 'W'],Female,0,Yes,No,44,Yes,No,Fiber optic,Yes,No,Yes,No,No,No,Month-to-month,No,Electronic check,84.58,3719.26,1
5086-['V' 'U' 'Z' 'H' 'U'],Male,0,No,No,44,Yes,No,DSL,No,No,No,No,No,Yes,Month-to-month,Yes,Credit card (automatic),68.75,3027.79,0
7040-['I' 'A' 'F' 'W' 'S'],Female,0,Yes,Yes,2,Yes,Yes,Fiber optic,No,No,No,No,No,No,Two year,Yes,Credit card (automatic),85.1,172.64,1
6014-['M' 'K' 'R' 'W' 'O'],Male,0,No,Yes,10,Yes,No,No,No,No,No,No,No,No,Month-to-month,No,Credit card (automatic),32.15,310.15,1
4296-['U' 'Y' 'G' 'W' 'M'],Male,1,Yes,No,8,Yes,No,Fiber optic,No,No,No,Yes,Yes,Yes,Month-to-month,Yes,Credit card (automatic),100.27,801.05,1
3987-['R' 'X' 'S' 'O' 'H'],Male,1,No,No,3,Yes,No,No,No,No,No,No,No,No,Month-to-month,No,Credit card (automatic),35.8,113.17,1
5530-['J' 'G' 'R' 'P' 'T'],Male,0,No,No,49,Yes,Yes,DSL,Yes,Yes,No,No,No,No,Month-to-month,Yes,Electronic check,78.88,3866.69,1
3693-['I' 'U' 'M' 'Y' 'U'],Female,0,No,Yes,5,Yes,No,Fiber optic,No,No,No,No,No,No,Two year,Yes,Mailed check,74.69,364.07,1
8257-['H' 'P' 'M' 'M' 'Q'],Female,0,No,No,43,Yes,No,DSL,No,No,No,No,Yes,Yes,Month-to-month,Yes,Credit card (automatic),79.71,3441.75,1
7772-['Q' 'I' 'B' 'Y' 'Z'],Female,0,Yes,No,4,Yes,No,Fiber optic,Yes,No,No,No,Yes,Yes,Month-to-month,Yes,Mailed check,96.91,392.78,1
9488-['F' 'K' 'Y' 'F' 'F'],Male,1,Yes,No,56,Yes,Yes,Fiber optic,No,Yes,No,No,No,Yes,Month-to-month,No,Electronic check,97.63,5495.91,1
7060-['K' 'N' 'B' 'H' 'C'],Female,0,Yes,No,48,Yes,Yes,DSL,No,No,No,No,No,Yes,Month-to-month,Yes,Electronic check,81.4,3913.98,1
6622-['U' 'C' 'A' 'X' 'S'],Male,0,No,No,68,Yes,Yes,Fiber optic,No,Yes,Yes,No,No,Yes,Month-to-month,Yes,Electronic check,104.5,7101.98,1
7079-['Q' 'T' 'X' 'M' 'C'],Male,0,Yes,Yes,27,Yes,No,Fiber optic,No,Yes,No,Yes,Yes,Yes,Month-to-month,Yes,Credit card (automatic),107.64,2894.94,1
3048-['D' 'Y' 'M' 'Q' 'K'],Male,0,Yes,No,38,No,No,No,No,No,No,No,No,No,Two year,No,Credit card (automatic),22.02,837.66,1
4553-['Y' 'P' 'B' 'S' 'W'],Female,0,No,Yes,33,Yes,No,No,No,No,No,No,No,No,Two year,Yes,Credit card (automatic),36.86,1213.75,0
5818-['Y' 'P' 'V' 'S' 'I'],Female,1,No,No,61,Yes,Yes,No,No,No,No,No,No,No,Month-to-month,Yes,Bank transfer (automatic),45.06,2746.35,0
8209-['S' 'A' 'B' 'P' 'L'],Male,0,Yes,No,11,Yes,No,No,No,No,No,No,No,No,Month-to-month,Yes,Electronic check,35.14,382.1,0
2462-['R' 'B' 'Y' 'M' 'F'],Female,0,No,Yes,68,Yes,No,Fiber optic,Yes,No,Yes,Yes,Yes,No,Month-to-month,Yes,Electronic check,103.82,7066.83,0
3068-['Z' 'F' 'I' 'P' 'K'],Male,0,No,Yes,53,Yes,Yes,No,No,No,No,No,No,No,Month-to-month,No,Mailed check,45.05,2393.9,0
3598-['J' 'J' 'Y' 'T' 'R'],Female,0,No,Yes,72,Yes,Yes,Fiber optic,Yes,No,No,Yes,Yes,Yes,Two year,Yes,Mailed check,111.47,8034.69,0
6051-['X' 'T' 'I' 'O' 'D'],Female,0,Yes,No,36,Yes,Yes,Fiber optic,No,No,No,No,No,No,Month-to-month,Yes,Mailed check,86.11,3079.9,1
2191-['I' 'M' 'I' 'Z' 'D'],Female,1,Yes,Yes,32,Yes,No,DSL,No,No,Yes,No,No,No,Month-to-month,No,Mailed check,65.39,2083.85,1
1271-['O' 'C' 'Y' 'T' 'E'],Male,0,Yes,No,48,Yes,No,DSL,Yes,No,No,Yes,Yes,No,Two year,Yes,Mailed check,80.17,3851.21,0
4332-['T' 'O' 'R' 'O' 'B'],Female,0,No,Yes,0,Yes,No,DSL,No,Yes,Yes,No,Yes,Yes,Two year,No,Bank transfer (automatic),88.33,0.0,0
4676-['M' 'D' 'J' 'M' 'J'],Female,0,Yes,No,46,Yes,Yes,DSL,Yes,Yes,No,No,Yes,Yes,Month-to-month,No,Mailed check,99.12,4558.17,1
6214-['I' 'H' 'C' 'P' 'N'],Male,0,No,No,36,Yes,Yes,Fiber optic,No,No,Yes,Yes,No,Yes,Two year,No,Electronic check,106.17,3823.25,0
5616-['U' 'K' 'C' 'E' 'J'],Female,0,No,No,8,Yes,Yes,DSL,No,Yes,No,Yes,Yes,No,Month-to-month,Yes,Mailed check,91.26,708.82,0
5471-['M' 'L' 'E' 'J' 'X'],Male,0,Yes,No,17,Yes,Yes,DSL,No,No,Yes,No,No,No,Month-to-month,Yes,Mailed check,73.8,1262.71,1
9264-['T' 'G' 'B' 'V' 'X'],Female,0,No,No,43,Yes,Yes,Fiber optic,No,Yes,No,No,No,No,Month-to-month,Yes,Electronic check,89.4,3847.69,1
1571-['W' 'G' 'H' 'G' 'U'],Male,0,Yes,Yes,69,Yes,Yes,Fiber optic,No,No,Yes,No,No,Yes,Month-to-month,No,Electronic check,99.13,6829.44,0
2174-['N' 'Z' 'S' 'E' 'W'],Male,0,No,Yes,62,Yes,No,DSL,No,Yes,No,Yes,Yes,No,Month-to-month,No,Bank transfer (automatic),81.99,5084.0,0
1734-['Y' 'R' 'T' 'L' 'W'],Female,0,Yes,No,2,Yes,No,No,No,No,No,No,No,No,Month-to-month,No,Mailed check,33.44,88.18,0
5588-['B' 'Y' 'M' 'Z' 'G'],Male,0,Yes,Yes,17,Yes,Yes,DSL,No,Yes,No,No,No,No,One year,No,Credit card (automatic),74.64,1274.97,1
1731-['J' 'W' 'F' 'C' 'Z'],Male,0,Yes,No,36,Yes,No,Fiber optic,Yes,No,Yes,Yes,No,Yes,Month-to-month,No,Electronic check,102.19,3682.46,1
3933-['T' 'E' 'S' 'V' 'S'],Female,0,No,No,19,Yes,No,Fiber optic,Yes,No,No,Yes,Yes,No,Month-to-month,No,Electronic check,91.51,1755.2,1
1893-['O' 'P' 'X' 'I' 'D'],Female,0,Yes,No,35,Yes,Yes,Fiber optic,No,No,No,Yes,Yes,Yes,Month-to-month,No,Credit card (automatic),107.34,3757.33,0
5312-['L' 'W' 'C' 'W' 'N'],Female,1,Yes,No,3,No,No,Fiber optic,No,Yes,Yes,Yes,No,Yes,Two year,Yes,Bank transfer (automatic),83.46,259.05,1
8088-['S' 'F' 'D' 'G' 'S'],Female,0,Yes,Yes,16,Yes,Yes,DSL,No,Yes,No,No,Yes,Yes,One year,No,Bank transfer (automatic),93.26,1495.03,0
2167-['O' 'V' 'H' 'S' 'H'],Male,0,Yes,Yes,56,Yes,Yes,DSL,No,Yes,Yes,Yes,No,Yes,Month-to-month,Yes,Bank transfer (automatic),90.67,5092.83,1
4793-['P' 'T' 'S' 'J' 'Q'],Male,0,No,No,48,Yes,Yes,Fiber optic,Yes,Yes,No,Yes,Yes,Yes,Month-to-month,Yes,Electronic check,118.75,5711.59,1
3220-['M' 'G' 'J' 'B' 'D'],Female,0,Yes,No,52,Yes,No,No,No,No,No,No,No,No,Month-to-month,Yes,Bank transfer (automatic),37.39,1955.64,1
4992-['F' 'X' 'R' 'W' 'F'],Female,0,No,No,9,Yes,Yes,DSL,Yes,No,Yes,Yes,No,Yes,Month-to-month,No,Mailed check,96.97,863.34,1
4197-['Y' 'W' 'Q' 'N' 'X'],Female,0,No,Yes,28,Yes,Yes,No,No,No,No,No,No,No,Month-to-month,No,Mailed check,45.28,1255.85,0
8037-['B' 'C' 'K' 'F' 'N'],Female,0,Yes,No,8,Yes,Yes,Fiber optic,No,No,No,No,Yes,Yes,Month-to-month,No,Electronic check,104.76,849.45,1
8090-['Z' 'P' 'U' 'V' 'X'],Male,0,No,No,20,Yes,Yes,No,No,No,No,No,No,No,One year,No,Electronic check,43.03,872.46,1
2894-['H' 'S' 'T' 'P' 'V'],Male,1,Yes,No,0,Yes,No,Fiber optic,No,No,No,Yes,Yes,Yes,Month-to-month,Yes,Electronic check,101.47,0.0,1
6178-['G' 'I' 'M' 'A' 'H'],Male,0,Yes,No,35,Yes,No,Fiber optic,Yes,No,Yes,No,Yes,No,Month-to-month,No,Electronic check,93.84,3278.64,0
2335-['V' 'D' 'C' 'C' 'V'],Male,0,Yes,Yes,5,No,No,DSL,No,No,Yes,No,No,Yes,One year,Yes,Electronic check,56.77,287.09,1
7380-['H' 'G' 'A' 'P' 'F'],Male,1,No,Yes,17,No,No,No,No,No,No,No,No,No,One year,No,Electronic check,22.23,369.67,1
5267-['W' 'I' 'K' 'J' 'U'],Female,0,No,No,71,Yes,No,DSL,No,Yes,No,Yes,Yes,Yes,One year,Yes,Bank transfer (automatic),90.41,6411.58,0
9881-['D' 'E' 'I' 'Q' 'C'],Female,1,No,Yes,10,Yes,No,No,No,No,No,No,No,No,Month-to-month,Yes,Electronic check,32.3,348.12,1
2412-['P' 'C' 'T' 'O' 'C'],Male,0,No,No,68,Yes,No,Fiber optic,Yes,No,No,No,Yes,No,Two year,No,Mailed check,89.3,6092.05,0
9307-['N' 'P' 'Q' 'X' 'T'],Male,0,No,Yes,20,Yes,No,DSL,No,No,Yes,Yes,Yes,Yes,Month-to-month,Yes,Electronic check,91.78,1828.53,1
6969-['R' 'V' 'N' 'R' 'O'],Female,0,Yes,No,8,Yes,No,Fiber optic,No,No,No,Yes,Yes,Yes,Month-to-month,No,Mailed check,101.11,810.06,1
4150-['F' 'O' 'R' 'D' 'W'],Male,0,Yes,No,1,Yes,Yes,No,No,No,No,No,No,No,Month-to-month,Yes,Credit card (automatic),43.11,35.69,0
8943-['O' 'C' 'O' 'M' 'I'],Male,0,Yes,Yes,3,No,No,Fiber optic,Yes,Yes,No,No,Yes,Yes,One year,Yes,Bank transfer (automatic),88.44,259.5,1
9033-['X' 'H' 'T' 'Q' 'M'],Male,0,No,No,11,Yes,No,DSL,Yes,No,No,No,No,No,Two year,Yes,Bank transfer (automatic),68.34,746.55,1
9737-['O' 'L' 'N' 'Y' 'B'],Male,0,Yes,No,38,Yes,No,No,No,No,No,No,No,No,Month-to-month,No,Mailed check,34.99,1327.95,0
2990-['W' 'Y' 'F' 'N' 'H'],Female,0,No,No,59,Yes,No,Fiber optic,Yes,Yes,No,Yes,No,Yes,One year,Yes,Credit card (automatic),98.93,5823.44,0
5435-['U' 'U' 'V' 'C' 'E'],Male,1,No,No,33,Yes,No,DSL,No,Yes,No,Yes,Yes,No,Month-to-month,Yes,Electronic check,78.4,2585.67,0
8951-['R' 'Z' 'Q' 'K' 'Q'],Male,0,No,No,58,Yes,Yes,No,No,No,No,No,No,No,One year,No,Electronic check,45.79,2662.88,0
9633-['W' 'B' 'D' 'U' 'G'],Male,0,No,No,71,No,No,Fiber optic,Yes,Yes,Yes,Yes,Yes,No,Month-to-month,Yes,Electronic check,89.43,6331.26,1
2505-['F' 'Q' 'G' 'Y' 'E'],Male,0,No,No,5,No,No,Fiber optic,Yes,Yes,Yes,Yes,No,No,Two year,Yes,Electronic check,81.34,411.83,0
8236-['T' 'P' 'S' 'I' 'E'],Male,0,No,No,31,Yes,No,Fiber optic,No,No,No,Yes,No,Yes,Month-to-month,Yes,Electronic check,88.37,2753.86,1
7852-['J' 'Y' 'B' 'I' 'K'],Female,1,No,No,27,Yes,Yes,Fiber optic,No,No,No,Yes,Yes,No,Month-to-month,No,Mailed check,100.56,2727.92,1
3659-['V' 'V' 'V' 'B' 'W'],Female,0,No,No,40,Yes,Yes,Fiber optic,Yes,No,Yes,No,No,Yes,Month-to-month,Yes,Mailed check,105.82,4225.06,1
3925-['A' 'R' 'G' 'A' 'A'],Female,0,Yes,Yes,71,Yes,Yes,Fiber optic,No,No,Yes,Yes,Yes,No,One year,Yes,Mailed check,103.83,7386.77,0
1512-['X' 'D' 'D' 'R' 'K'],Male,0,Yes,Yes,26,Yes,No,DSL,Yes,No,Yes,No,Yes,Yes,Month-to-month,Yes,Electronic check,91.44,2378.26,0
2567-['A' 'J' 'I' 'W' 'D'],Male,0,No,No,52,Yes,No,DSL,No,Yes,No,Yes,Yes,No,Two year,Yes,Mailed check,80.64,4185.51,0
8867-['F' 'P' 'B' 'W' 'R'],Female,0,Yes,No,10,Yes,No,DSL,No,Yes,No,No,Yes,Yes,Month-to-month,Yes,Credit card (automatic),87.79,887.96,1
5567-['X' 'Q' 'M' 'X' 'R'],Female,0,No,No,21,No,No,No,No,No,No,No,No,No,Month-to-month,No,Electronic check,21.48,460.52,1
3741-['M' 'Q' 'E' 'K' 'G'],Male,0,Yes,No,4,Yes,Yes,No,No,No,No,No,No,No,Month-to-month,Yes,Bank transfer (automatic),44.39,173.95,1
5284-['J' 'Q' 'O' 'R' 'W'],Male,0,No,Yes,33,Yes,No,Fiber optic,No,Yes,No,Yes,Yes,Yes,Month-to-month,No,Bank transfer (automatic),105.18,3479.27,1
1498-['Z' 'B' 'Z' 'D' 'C'],Female,1,No,No,61,Yes,Yes,Fiber optic,Yes,Yes,Yes,No,Yes,No,Two year,Yes,Credit card (automatic),108.1,6565.52,0
3118-['X' 'R' 'J' 'G' 'H'],Male,0,No,No,30,Yes,No,Fiber optic,No,Yes,No,Yes,Yes,No,One year,No,Bank transfer (automatic),96.12,2882.76,1
5565-['Z' 'A' 'D' 'N' 'Q'],Male,0,Yes,No,46,Yes,No,Fiber optic,No,No,Yes,No,Yes,Yes,Month-to-month,Yes,Mailed check,100.8,4633.68,1
9243-['R' 'K' 'U' 'Z' 'N'],Female,1,Yes,No,36,Yes,No,Fiber optic,No,Yes,No,No,No,Yes,One year,Yes,Credit card (automatic),88.25,3181.46,1
3568-['O' 'L' 'J' 'S' 'X'],Male,1,No,No,25,No,No,Fiber optic,Yes,Yes,No,No,Yes,No,Month-to-month,Yes,Mailed check,81.09,2005.9,1
4199-['T' 'X' 'F' 'H' 'A'],Male,0,No,No,42,Yes,No,Fiber optic,No,Yes,No,No,Yes,Yes,One year,No,Electronic check,100.91,4231.58,1
1240-['Q' 'X' 'O' 'G' 'S'],Male,0,No,No,60,Yes,Yes,DSL,Yes,Yes,No,Yes,Yes,Yes,Month-to-month,Yes,Mailed check,106.34,6392.27,0
6077-['Y' 'W' 'C' 'V' 'K'],Female,0,No,No,37,Yes,No,No,No,No,No,No,No,No,Two year,Yes,Credit card (automatic),34.61,1294.15,0
3173-['S' 'I' 'J' 'B' 'A'],Male,0,Yes,No,31,Yes,No,DSL,No,No,No,No,No,Yes,Month-to-month,No,Mailed check,68.26,2104.88,1
8325-['P' 'R' 'W' 'Z' 'Q'],Male,0,Yes,No,68,Yes,Yes,DSL,No,No,Yes,Yes,No,No,Month-to-month,Yes,Credit card (automatic),79.68,5410.93,0
2317-['N' 'W' 'Y' 'O' 'N'],Female,0,Yes,No,61,No,No,No,No,No,No,No,No,No,Two year,Yes,Credit card (automatic),21.37,1288.94,0
8607-['V' 'C' 'X' 'W' 'S'],Male,0,No,No,24,Yes,No,No,No,No,No,No,No,No,Month-to-month,Yes,Credit card (automatic),32.5,796.87,1
9107-['B' 'C' 'R' 'A' 'T'],Male,0,Yes,Yes,32,Yes,Yes,DSL,No,Yes,Yes,No,No,Yes,Month-to-month,Yes,Bank transfer (automatic),89.95,2891.02,1
7996-['F' 'E' 'A' 'S' 'A'],Male,0,Yes,No,63,No,No,No,No,No,No,No,No,No,One year,Yes,Mailed check,22.71,1422.9,0
7362-['U' 'U' 'P' 'L' 'V'],Female,0,Yes,Yes,70,Yes,No,No,No,No,No,No,No,No,Two year,No,Mailed check,34.02,2389.54,0
7681-['P' 'A' 'D' 'J' 'K'],Female,0,No,Yes,15,Yes,No,DSL,No,No,Yes,No,Yes,No,Two year,No,Bank transfer (automatic),71.23,1054.55,0
1534-['G' 'L' 'U' 'G' 'L'],Male,0,No,No,48,Yes,No,DSL,Yes,No,No,Yes,No,Yes,Month-to-month,No,Electronic check,81.24,3890.21,1
6966-['B' 'N' 'M' 'D' 'N'],Female,0,Yes,No,14,Yes,Yes,DSL,Yes,Yes,No,Yes,Yes,No,Month-to-month,Yes,Credit card (automatic),92.96,1306.73,1
9518-['S' 'B' 'J' 'R' 'Q'],Female,0,Yes,No,19,Yes,Yes,Fiber optic,No,Yes,No,No,Yes,No,One year,Yes,Mailed check,97.14,1841.49,1
2861-['V' 'I' 'T' 'A' 'V'],Female,0,Yes,No,21,Yes,Yes,Fiber optic,Yes,No,No,No,No,No,Month-to-month,No,Bank transfer (automatic),88.64,1860.97,1
5846-['U' 'Z' 'F' 'S' 'R'],Female,0,No,Yes,9,Yes,No,DSL,Yes,No,Yes,No,Yes,No,Month-to-month,Yes,Mailed check,80.42,705.62,0
1901-['M' 'A' 'W' 'W' 'Z'],Female,1,Yes,No,71,Yes,Yes,DSL,No,Yes,Yes,Yes,Yes,Yes,One year,Yes,Credit card (automatic),105.28,7477.09,0
7604-['G' 'O' 'L' 'Z' 'A'],Female,0,Yes,No,54,Yes,No,DSL,Yes,No,No,No,Yes,No,Month-to-month,No,Mailed check,78.37,4235.09,0
8118-['D' 'M' 'W' 'Y' 'E'],Female,0,No,No,27,Yes,Yes,Fiber optic,No,No,No,No,Yes,Yes,Month-to-month,No,Mailed check,104.88,2840.74,1
8996-['B' 'W' 'Z' 'A' 'P'],Female,0,No,Yes,8,Yes,No,No,No,No,No,No,No,No,Month-to-month,Yes,Bank transfer (automatic),35.15,283.19,0
9997-['W' 'P' 'N' 'Z' 'C'],Female,0,Yes,No,30,Yes,Yes,DSL,No,No,No,No,Yes,Yes,Two year,Yes,Electronic check,90.17,2721.93,0
3460-['B' 'A' 'I' 'I' 'W'],Male,0,Yes,Yes,56,Yes,No,No,No,No,No,No,No,No,Month-to-month,Yes,Bank transfer (automatic),32.11,1794.97,0
7726-['C' 'Z' 'R' 'K' 'G'],Female,0,Yes,No,30,Yes,No,No,No,No,No,No,No,No,Two year,No,Electronic check,35.67,1067.34,1
1616-['A' 'N' 'T' 'F' 'G'],Female,0,Yes,No,42,Yes,No,DSL,Yes,No,Yes,No,No,No,Month-to-month,Yes,Credit card (automatic),67.71,2840.02,1
4081-['G' 'Z' 'B' 'D' 'U'],Male,1,No,No,8,Yes,No,No,No,No,No,No,No,No,Two year,Yes,Mailed check,33.88,261.36,1
7269-['Q' 'A' 'J' 'S' 'O'],Male,0,No,No,41,No,No,Fiber optic,No,Yes,Yes,Yes,No,No,Month-to-month,Yes,Electronic check,75.98,3106.7,1
6801-['S' 'L' 'X' 'P' 'I'],Male,0,No,No,49,Yes,No,Fiber optic,Yes,No,Yes,No,No,No,Month-to-month,Yes,Electronic check,88.49,4329.47,1
7175-['O' 'Q' 'N' 'R' 'Z'],Male,0,No,No,36,Yes,No,Fiber optic,No,No,No,No,No,No,Month-to-month,No,Bank transfer (automatic),76.9,2763.86,1
9321-['D' 'R' 'G' 'M' 'O'],Female,1,Yes,No,70,Yes,No,No,No,No,No,No,No,No,Month-to-month,No,Electronic check,37.63,2621.67,1
4672-['W' 'V' 'Z' 'A' 'K'],Female,0,No,No,71,Yes,No,Fiber optic,No,No,No,Yes,Yes,Yes,Month-to-month,Yes,Credit card (automatic),104.78,7441.96,0
3121-['Y' 'E' 'P' 'K' 'U'],Female,0,Yes,Yes,16,Yes,No,Fiber optic,No,No,Yes,Yes,Yes,Yes,One year,No,Mailed check,108.05,1738.25,0
4237-['I' 'M' 'X' 'H' 'N'],Male,0,No,No,47,Yes,No,Fiber optic,No,Yes,No,No,Yes,Yes,Month-to-month,Yes,Bank transfer (automatic),104.1,4895.64,1
5704-['Q' 'X' 'E' 'Y' 'B'],Female,0,No,Yes,1,Yes,Yes,Fiber optic,No,Yes,No,No,Yes,Yes,Month-to-month,Yes,Electronic check,104.43,99.13,1
6471-['Y' 'X' 'I' 'D' 'Q'],Female,0,No,No,41,Yes,Yes,DSL,No,Yes,Yes,Yes,No,Yes,Two year,Yes,Electronic check,93.16,3826.61,0
5212-['R' 'P' 'H' 'Z' 'K'],Male,0,No,No,62,Yes,No,Fiber optic,No,No,No,No,No,No,One year,Yes,Electronic check,77.53,4798.99,0
2364-['U' 'R' 'W' 'X' 'J'],Male,0,No,No,10,Yes,Yes,Fiber optic,Yes,No,No,No,No,No,Month-to-month,Yes,Electronic check,94.61,931.88,1
9044-['Q' 'R' 'J' 'P' 'T'],Male,0,Yes,No,55,Yes,No,DSL,No,Yes,No,Yes,No,No,One year,Yes,Mailed check,68.98,3789.67,0
3148-['M' 'R' 'Q' 'I' 'N'],Male,0,No,No,72,Yes,No,Fiber optic,Yes,No,Yes,Yes,Yes,No,Two year,Yes,Mailed check,97.26,7008.12,1
4504-['D' 'R' 'T' 'X' 'X'],Male,1,Yes,No,44,Yes,No,Fiber optic,No,No,Yes,Yes,No,No,Two year,Yes,Bank transfer (automatic),83.31,3654.54,0
5654-['K' 'L' 'I' 'M' 'O'],Female,0,No,No,44,Yes,No,DSL,No,Yes,Yes,No,Yes,No,Month-to-month,No,Bank transfer (automatic),77.62,3407.0,0
1154-['O' 'E' 'W' 'S' 'Z'],Male,0,No,No,28,Yes,Yes,No,No,No,No,No,No,No,Month-to-month,Yes,Bank transfer (automatic),46.11,1282.21,0
1153-['N' 'Q' 'R' 'U' 'C'],Male,0,No,No,33,Yes,No,DSL,No,No,Yes,No,No,Yes,Month-to-month,No,Electronic check,75.96,2512.91,1
1786-['Q' 'L' 'A' 'L' 'Q'],Female,0,Yes,Yes,68,Yes,No,DSL,No,Yes,Yes,No,Yes,Yes,Two year,No,Mailed check,91.33,6208.17,1
4767-['C' 'K' 'Q' 'W' 'Z'],Female,0,No,Yes,19,Yes,Yes,No,No,No,No,No,No,No,Month-to-month,Yes,Credit card (automatic),41.23,774.52,1
4426-['H' 'T' 'D' 'U' 'V'],Female,0,No,No,71,Yes,Yes,No,No,No,No,No,No,No,One year,Yes,Mailed check,42.84,3040.39,1
3349-['D' 'P' 'X' 'V' 'A'],Male,0,No,No,69,Yes,No,Fiber optic,No,No,No,Yes,Yes,No,One year,No,Electronic check,92.31,6371.1,0
7704-['Y' 'J' 'V' 'P' 'P'],Male,0,No,Yes,17,Yes,Yes,No,No,No,No,No,No,No,One year,No,Bank transfer (automatic),45.96,766.35,0
8367-['G' 'F' 'P' 'T' 'P'],Female,0,No,No,71,Yes,No,No,No,No,No,No,No,No,Month-to-month,Yes,Electronic check,37.1,2631.93,0
3713-['Z' 'N' 'G' 'A' 'Z'],Female,0,Yes,No,59,Yes,No,DSL,No,No,Yes,No,No,No,Month-to-month,Yes,Bank transfer (automatic),61.9,3644.96,1
4192-['M' 'T' 'C' 'T' 'D'],Male,0,No,No,54,Yes,Yes,Fiber optic,No,No,No,No,Yes,Yes,Month-to-month,No,Mailed check,107.67,5819.21,1
3506-['B' 'N' 'L' 'Q' 'L'],Female,0,Yes,No,51,Yes,No,DSL,Yes,Yes,No,No,No,No,One year,Yes,Electronic check,71.69,3651.75,0
5825-['L' 'A' 'M' 'N' 'X'],Female,0,No,No,24,Yes,Yes,Fiber optic,No,No,Yes,Yes,No,Yes,Two year,Yes,Electronic check,103.08,2472.66,1
3941-['B' 'L' 'Z' 'U' 'P'],Female,0,No,No,65,Yes,Yes,DSL,No,No,No,No,No,No,Month-to-month,No,Bank transfer (automatic),68.98,4496.51,0
6091-['H' 'B' 'J' 'I' 'W'],Female,0,No,No,27,Yes,No,DSL,Yes,Yes,No,No,No,Yes,Month-to-month,Yes,Mailed check,79.87,2174.03,1
4276-['W' 'Q' 'P' 'B' 'T'],Male,0,Yes,No,19,Yes,Yes,No,No,No,No,No,No,No,One year,Yes,Credit card (automatic),42.36,818.75,0
2299-['N' 'C' 'W' 'L' 'H'],Male,0,Yes,No,69,Yes,No,No,No,No,No,No,No,No,Two year,Yes,Electronic check,32.9,2265.09,0
8489-['D' 'N' 'P' 'S' 'B'],Male,0,No,No,36,Yes,Yes,No,No,No,No,No,No,No,Month-to-month,No,Mailed check,43.84,1574.48,1
2532-['N' 'F' 'M' 'D' 'V'],Female,0,No,No,15,Yes,No,DSL,Yes,No,Yes,No,Yes,No,Month-to-month,Yes,Electronic check,81.88,1225.56,1
4089-['L' 'T' 'V' 'U' 'S'],Male,0,No,No,34,Yes,Yes,Fiber optic,No,Yes,Yes,No,No,Yes,Month-to-month,Yes,Credit card (automatic),108.59,3693.19,0
9167-['G' 'P' 'S' 'F' 'T'],Male,0,No,No,54,Yes,No,Fiber optic,Yes,Yes,No,Yes,No,Yes,One year,Yes,Electronic check,99.8,5382.71,1
8322-['U' 'K' 'E' 'P' 'G'],Female,0,No,No,64,Yes,Yes,Fiber optic,Yes,Yes,No,No,Yes,Yes,Month-to-month,Yes,Bank transfer (automatic),116.74,7467.12,1
9634-['E' 'K' 'O' 'C' 'Z'],Female,0,No,No,13,Yes,Yes,Fiber optic,No,Yes,Yes,No,Yes,No,One year,Yes,Bank transfer (automatic),102.17,1317.93,1
1534-['U' 'E' 'I' 'O' 'C'],Male,0,Yes,No,23,Yes,Yes,DSL,Yes,No,No,No,Yes,Yes,Month-to-month,Yes,Credit card (automatic),94.19,2183.15,1
7085-['Q' 'Z' 'U' 'H' 'U'],Female,0,Yes,Yes,37,Yes,No,Fiber optic,No,No,No,Yes,No,No,Month-to-month,Yes,Credit card (automatic),80.42,2978.61,1
5517-['H' 'J' 'X' 'C' 'W'],Female,0,Yes,No,8,Yes,Yes,No,No,No,No,No,No,No,Month-to-month,Yes,Electronic check,42.93,351.82,1
8670-['N' 'J' 'L' 'F' 'L'],Male,0,Yes,No,58,Yes,No,DSL,No,Yes,Yes,No,Yes,No,Month-to-month,No,Mailed check,77.58,4502.28,1
4309-['B' 'I' 'J' 'Z' 'Q'],Male,0,No,No,50,Yes,Yes,Fiber optic,Yes,Yes,Yes,No,No,Yes,Month-to-month,No,Mailed check,107.67,5392.68,1
1882-['A' 'L' 'G' 'D' 'J'],Male,0,No,No,50,Yes,No,Fiber optic,No,No,Yes,No,Yes,No,One year,No,Electronic check,91.92,4604.54,0
6204-['V' 'Y' 'D' 'R' 'E'],Female,0,No,No,18,Yes,No,Fiber optic,Yes,No,No,No,No,No,Month-to-month,Yes,Electronic check,82.61,1484.52,1
1018-['B' 'L' 'Q' 'J' 'B'],Female,0,Yes,Yes,61,Yes,No,No,No,No,No,No,No,No,Two year,No,Electronic check,33.46,2039.22,0
1773-['H' 'S' 'K' 'Y' 'L'],Female,1,Yes,No,9,Yes,Yes,Fiber optic,Yes,No,No,Yes,Yes,No,Month-to-month,Yes,Electronic check,107.72,975.88,1
7984-['B' 'H' 'Z' 'K' 'U'],Female,0,No,No,37,Yes,Yes,Fiber optic,No,Yes,No,No,No,No,One year,Yes,Bank transfer (automatic),89.33,3301.99,1
1739-['J' 'U' 'T' 'P' 'H'],Female,0,No,Yes,2,Yes,No,DSL,No,Yes,No,No,No,Yes,One year,Yes,Bank transfer (automatic),74.85,126.73,0
7947-['J' 'L' 'N' 'P' 'V'],Female,1,No,Yes,47,Yes,No,DSL,No,No,No,No,Yes,No,One year,Yes,Electronic check,68.04,3191.76,0
8124-['V' 'U' 'L' 'R' 'G'],Male,0,Yes,No,40,Yes,No,DSL,No,No,No,No,Yes,Yes,Month-to-month,Yes,Mailed check,77.56,3104.36,1
7998-['G' 'I' 'A' 'Z' 'F'],Male,1,Yes,No,16,Yes,Yes,No,No,No,No,No,No,No,Month-to-month,Yes,Electronic check,42.98,678.51,1
6413-['V' 'L' 'V' 'L' 'J'],Female,0,No,No,72,No,No,Fiber optic,Yes,No,Yes,Yes,No,Yes,One year,Yes,Electronic check,84.63,6089.09,0
9569-['F' 'Q' 'S' 'R' 'F'],Male,0,No,No,68,Yes,No,DSL,Yes,Yes,No,No,No,Yes,Two year,Yes,Credit card (automatic),81.21,5520.08,0
6682-['J' 'X' 'H' 'U' 'X'],Male,0,No,No,14,Yes,Yes,Fiber optic,No,No,Yes,No,Yes,Yes,Month-to-month,No,Bank transfer (automatic),108.38,1521.91,1
1069-['U' 'Y' 'G' 'X' 'A'],Male,0,Yes,No,55,Yes,No,DSL,No,Yes,No,No,No,Yes,Month-to-month,No,Mailed check,75.68,4148.11,1
9119-['Y' 'T' 'L' 'P' 'J'],Female,1,No,No,14,Yes,Yes,No,No,No,No,No,No,No,Month-to-month,Yes,Credit card (automatic),41.49,583.08,1
3330-['J' 'N' 'Y' 'T' 'J'],Male,0,Yes,No,4,Yes,No,Fiber optic,Yes,No,No,No,Yes,Yes,One year,No,Credit card (automatic),97.04,387.55,1
9216-['K' 'W' 'B' 'Y' 'T'],Male,0,Yes,No,43,Yes,No,DSL,No,Yes,No,No,No,Yes,Two year,No,Mailed check,72.33,3107.92,0
1231-['W' 'G' 'H' 'A' 'U'],Female,0,No,No,2,Yes,No,Fiber optic,No,No,Yes,No,Yes,Yes,One year,No,Electronic check,100.68,215.15,1
7401-['R' 'O' 'A' 'E' 'B'],Female,1,No,Yes,46,Yes,Yes,No,No,No,No,No,No,No,Month-to-month,Yes,Credit card (automatic),43.33,1980.01,1
9787-['C' 'S' 'R' 'V' 'R'],Female,0,Yes,No,29,Yes,Yes,Fiber optic,Yes,No,Yes,No,No,Yes,Month-to-month,Yes,Credit card (automatic),105.43,3066.84,1
8933-['X' 'H' 'L' 'U' 'J'],Male,0,No,Yes,11,Yes,No,Fiber optic,No,Yes,Yes,No,Yes,Yes,One year,No,Mailed check,103.46,1143.72,1
9534-['T' 'Q' 'K' 'B' 'Z'],Male,0,No,No,14,Yes,No,DSL,No,No,No,No,No,No,One year,Yes,Mailed check,56.76,792.64,1
4235-['A' 'O' 'M' 'H' 'Y'],Male,1,No,Yes,37,Yes,Yes,Fiber optic,Yes,Yes,No,No,No,No,Month-to-month,No,Bank transfer (automatic),96.49,3567.66,1
7353-['E' 'S' 'Z' 'W' 'V'],Female,0,Yes,Yes,27,Yes,Yes,No,No,No,No,No,No,No,Month-to-month,Yes,Credit card (automatic),44.37,1205.11,0
6839-['A' 'L' 'X' 'B' 'U'],Female,0,Yes,No,48,Yes,No,DSL,No,No,No,No,Yes,No,Month-to-month,No,Electronic check,67.05,3222.9,1
2927-['R' 'Y' 'P' 'E' 'Z'],Female,1,No,Yes,46,Yes,Yes,DSL,No,Yes,No,Yes,Yes,Yes,One year,Yes,Bank transfer (automatic),101.16,4664.69,0
6533-['V' 'M' 'S' 'C' 'Z'],Male,0,No,No,11,Yes,No,Fiber optic,No,Yes,No,No,No,Yes,One year,Yes,Electronic check,86.07,934.2,1
3663-['Z' 'Z' 'L' 'B' 'K'],Male,0,No,Yes,53,Yes,No,Fiber optic,No,Yes,Yes,No,Yes,Yes,Two year,Yes,Mailed check,103.56,5492.45,0
2131-['R' 'M' 'E' 'V' 'L'],Male,0,Yes,No,31,Yes,No,Fiber optic,No,Yes,No,Yes,Yes,Yes,One year,No,Bank transfer (automatic),103.27,3203.88,1
6092-['G' 'Z' 'Z' 'X' 'L'],Female,1,Yes,Yes,0,Yes,Yes,DSL,Yes,No,No,No,No,No,Month-to-month,Yes,Credit card (automatic),74.56,0.0,1
7159-['W' 'H' 'I' 'O' 'E'],Female,0,Yes,Yes,15,Yes,Yes,No,No,No,No,No,No,No,Two year,No,Bank transfer (automatic),48.31,733.36,0
6636-['K' 'J' 'T' 'M' 'I'],Male,0,Yes,No,10,Yes,No,Fiber optic,No,Yes,Yes,No,No,No,Month-to-month,Yes,Mailed check,88.09,893.53,1
6812-['N' 'R' 'O' 'J' 'X'],Male,0,Yes,No,54,Yes,No,DSL,No,No,No,No,Yes,Yes,Month-to-month,No,Bank transfer (automatic),79.38,4293.46,0
7782-['G' 'H' 'C' 'O' 'P'],Male,0,Yes,Yes,35,Yes,No,DSL,Yes,Yes,No,No,Yes,No,One year,No,Electronic check,78.37,2748.13,0
2876-['F' 'A' 'D' 'K' 'L'],Female,1,No,No,29,Yes,No,No,No,No,No,No,No,No,Month-to-month,Yes,Bank transfer (automatic),32.71,965.86,0
5516-['W' 'U' 'P' 'M' 'M'],Male,1,No,Yes,67,Yes,No,Fiber optic,No,No,Yes,No,Yes,Yes,One year,Yes,Electronic check,99.14,6652.04,1
2008-['G' 'H' 'M' 'W' 'P'],Female,0,No,No,55,Yes,No,DSL,No,Yes,Yes,No,Yes,Yes,Two year,No,Mailed check,89.72,4946.09,0
1989-['D' 'H' 'P' 'U' 'J'],Male,0,No,No,59,Yes,No,DSL,No,Yes,No,No,No,Yes,Two year,No,Bank transfer (automatic),74.91,4423.25,0
9075-['Z' 'E' 'P' 'A' 'I'],Male,0,No,Yes,16,Yes,Yes,DSL,Yes,No,Yes,Yes,No,Yes,Two year,No,Mailed check,94.47,1516.96,0
4908-['V' 'T' 'V' 'X' 'C'],Male,0,Yes,No,32,Yes,No,Fiber optic,No,Yes,No,No,No,No,Month-to-month,Yes,Bank transfer (automatic),77.63,2507.43,0
9388-['B' 'N' 'B' 'M' 'G'],Male,0,Yes,No,29,Yes,No,No,No,No,No,No,No,No,One year,Yes,Credit card (automatic),34.86,1012.05,1
3665-['M' 'P' 'Z' 'N' 'K'],Male,0,Yes,No,12,Yes,No,DSL,No,No,No,No,Yes,Yes,One year,Yes,Electronic check,78.33,938.79,0
9613-['D' 'U' 'A' 'G' 'X'],Male,0,No,Yes,11,Yes,Yes,Fiber optic,Yes,No,Yes,Yes,Yes,Yes,Month-to-month,No,Credit card (automatic),118.75,1309.13,0
2223-['E' 'S' 'J' 'K' 'Y'],Male,0,Yes,Yes,31,Yes,No,No,No,No,No,No,No,No,Month-to-month,Yes,Mailed check,36.98,1139.83,0
1654-['F' 'O' 'E' 'S' 'V'],Male,0,Yes,No,33,Yes,No,Fiber optic,No,Yes,Yes,No,No,No,Month-to-month,Yes,Bank transfer (automatic),84.8,2787.3,1
5402-['J' 'L' 'V' 'D' 'R'],Male,0,Yes,No,11,No,No,DSL,No,Yes,Yes,No,Yes,Yes,One year,Yes,Credit card (automatic),76.84,833.06,1
9167-['D' 'Y' 'W' 'L' 'B'],Male,0,No,Yes,3,Yes,No,DSL,No,No,No,No,No,No,One year,Yes,Electronic check,58.37,191.84,1
5196-['C' 'I' 'U' 'R' 'K'],Female,0,No,No,25,Yes,Yes,DSL,Yes,No,No,No,No,No,Two year,No,Electronic check,77.27,1924.93,0
5002-['Y' 'W' 'B' 'I' 'N'],Female,0,Yes,No,63,Yes,No,DSL,Yes,No,No,No,Yes,Yes,Month-to-month,Yes,Mailed check,89.21,5639.94,0
9963-['I' 'M' 'R' 'O' 'J'],Male,0,Yes,No,29,No,No,No,No,No,No,No,No,No,One year,Yes,Mailed check,21.06,623.34,0
4407-['L' 'T' 'E' 'B' 'J'],Male,1,Yes,No,33,Yes,Yes,Fiber optic,No,Yes,No,No,No,Yes,One year,No,Mailed check,98.52,3237.65,0
8334-['Z' 'Q' 'P' 'X' 'C'],Female,0,Yes,No,32,Yes,No,Fiber optic,Yes,No,No,Yes,Yes,No,Month-to-month,No,Credit card (automatic),93.2,2974.5,1
6289-['V' 'G' 'Z' 'Q' 'F'],Female,0,Yes,Yes,30,Yes,No,No,No,No,No,No,No,No,One year,Yes,Mailed check,35.05,1044.32,0
2173-['D' 'Q' 'I' 'D' 'G'],Female,0,Yes,No,55,No,No,Fiber optic,Yes,Yes,No,No,No,Yes,One year,No,Bank transfer (automatic),80.03,4397.58,1
3262-['B' 'Q' 'X' 'H' 'W'],Male,0,No,No,61,Yes,No,Fiber optic,No,Yes,Yes,No,No,Yes,Month-to-month,No,Mailed check,97.72,5955.61,1
3429-['O' 'O' 'H' 'P' 'S'],Male,0,Yes,Yes,30,Yes,No,DSL,No,No,No,No,Yes,No,Two year,No,Bank transfer (automatic),73.81,2209.7,0
6930-['B' 'W' 'X' 'Q' 'Z'],Male,0,No,Yes,23,Yes,Yes,Fiber optic,Yes,No,No,Yes,Yes,Yes,Month-to-month,No,Credit card (automatic),114.46,2637.95,1
4151-['Y' 'O' 'M' 'O' 'D'],Male,0,Yes,No,68,Yes,Yes,Fiber optic,Yes,No,No,Yes,No,No,Month-to-month,Yes,Electronic check,98.34,6676.21,1
5573-['L' 'D' 'C' 'V' 'Q'],Female,0,No,No,50,Yes,Yes,No,No,No,No,No,No,No,One year,Yes,Electronic check,45.99,2291.18,0
7997-['R' 'Y' 'R' 'W' 'Q'],Female,0,No,No,64,Yes,Yes,Fiber optic,Yes,Yes,No,Yes,No,Yes,Month-to-month,Yes,Mailed check,110.79,7102.81,0
9779-['W' 'U' 'X' 'D' 'L'],Female,1,No,No,8,Yes,Yes,DSL,No,No,Yes,No,Yes,No,Month-to-month,No,Mailed check,87.05,681.26,1
8865-['W' 'V' 'U' 'T' 'O'],Female,0,No,No,7,Yes,Yes,Fiber optic,No,No,Yes,Yes,Yes,No,Month-to-month,Yes,Electronic check,104.38,735.55,1
7811-['P' 'E' 'U' 'O' 'Q'],Male,0,No,Yes,35,Yes,Yes,No,No,No,No,No,No,No,One year,Yes,Bank transfer (automatic),45.78,1608.45,0
4057-['E' 'M' 'S' 'M' 'R'],Female,0,No,No,68,Yes,Yes,DSL,Yes,Yes,Yes,No,No,No,Month-to-month,No,Electronic check,84.6,5741.82,0
7349-['D' 'D' 'T' 'T' 'S'],Female,0,Yes,No,55,Yes,No,DSL,No,Yes,No,Yes,Yes,Yes,One year,No,Bank transfer (automatic),89.41,4925.29,0
1364-['L' 'G' 'Y' 'L' 'U'],Male,0,Yes,No,45,Yes,No,DSL,Yes,No,Yes,No,No,Yes,Month-to-month,Yes,Electronic check,78.73,3532.96,1
1579-['B' 'B' 'E' 'W' 'J'],Male,1,Yes,No,9,No,No,No,No,No,No,No,No,No,Month-to-month,Yes,Credit card (automatic),18.42,170.13,1
4039-['J' 'I' 'M' 'G' 'E'],Male,0,Yes,No,10,Yes,No,DSL,No,No,No,Yes,No,No,One year,Yes,Bank transfer (automatic),60.43,605.5,0
7537-['J' 'F' 'S' 'U' 'H'],Female,1,Yes,No,7,Yes,No,DSL,No,No,Yes,No,Yes,No,Month-to-month,Yes,Mailed check,79.06,550.5,1
7747-['Q' 'G' 'N' 'U' 'U'],Female,0,Yes,No,67,Yes,No,No,No,No,No,No,No,No,Two year,Yes,Bank transfer (automatic),34.12,2282.13,0
5144-['I' 'Q' 'E' 'Z' 'Y'],Male,0,No,No,17,Yes,No,Fiber optic,Yes,Yes,No,No,Yes,No,Month-to-month,No,Bank transfer (automatic),100.11,1722.28,0
4645-['T' 'H' 'F' 'K' 'S'],Male,0,No,Yes,2,Yes,Yes,DSL,Yes,No,No,No,Yes,Yes,Month-to-month,Yes,Electronic check,94.88,186.64,0
4555-['R' 'A' 'M' 'N' 'X'],Male,0,No,No,14,Yes,No,DSL,Yes,No,Yes,Yes,Yes,Yes,One year,No,Credit card (automatic),96.82,1354.14,0
7752-['K' 'Q' 'D' 'Z' 'L'],Male,1,Yes,Yes,59,Yes,No,Fiber optic,No,Yes,Yes,Yes,Yes,No,Month-to-month,Yes,Bank transfer (automatic),100.42,5921.27,1
7238-['F' 'Y' 'A' 'G' 'Z'],Female,0,Yes,Yes,71,Yes,No,DSL,No,Yes,No,No,No,Yes,Month-to-month,No,Credit card (automatic),77.1,5476.36,0
9283-['P' 'X' 'N' 'W' 'T'],Male,0,Yes,No,54,No,No,Fiber optic,No,No,Yes,No,No,No,Month-to-month,Yes,Bank transfer (automatic),64.8,3493.68,1
6011-['F' 'V' 'Y' 'E' 'X'],Female,1,No,No,69,Yes,No,Fiber optic,No,Yes,No,Yes,No,Yes,Month-to-month,Yes,Electronic check,92.71,6398.81,1
2812-['R' 'O' 'F' 'Y' 'S'],Male,0,No,No,31,Yes,No,Fiber optic,Yes,No,No,No,No,Yes,Month-to-month,No,Electronic check,90.55,2793.9,1
2407-['A' 'A' 'M' 'C' 'J'],Male,0,Yes,No,5,Yes,No,Fiber optic,Yes,Yes,Yes,No,No,Yes,Two year,No,Electronic check,97.93,492.05,0
5372-['C' 'I' 'H' 'C' 'Y'],Female,1,No,No,15,Yes,Yes,DSL,No,No,No,Yes,No,No,One year,Yes,Mailed check,72.66,1089.12,0
5332-['F' 'M' 'W' 'T' 'T'],Male,0,No,No,65,Yes,No,DSL,No,Yes,Yes,Yes,Yes,Yes,Two year,No,Mailed check,91.88,5978.35,0
5052-['X' 'W' 'P' 'W' 'F'],Male,0,Yes,No,15,Yes,Yes,DSL,No,No,No,Yes,No,Yes,Two year,Yes,Bank transfer (automatic),83.76,1256.76,0
6490-['U' 'M' 'Q' 'W' 'I'],Male,0,No,No,13,No,No,Fiber optic,No,Yes,No,No,Yes,No,One year,Yes,Mailed check,76.41,1019.61,1
1848-['B' 'S' 'S' 'X' 'G'],Female,0,Yes,Yes,61,No,No,Fiber optic,No,Yes,Yes,No,No,No,Two year,Yes,Credit card (automatic),70.1,4277.23,0
9894-['J' 'J' 'T' 'I' 'Q'],Female,0,No,No,17,Yes,No,Fiber optic,Yes,No,No,Yes,Yes,Yes,Month-to-month,Yes,Mailed check,103.37,1796.84,1
5378-['O' 'B' 'D' 'S' 'Q'],Male,0,No,No,7,Yes,No,No,No,No,No,No,No,No,Month-to-month,No,Mailed check,32.12,227.21,0
6585-['U' 'V' 'G' 'Q' 'G'],Male,0,Yes,Yes,4,No,No,No,No,No,No,No,No,No,Month-to-month,Yes,Credit card (automatic),20.65,68.63,0
8715-['H' 'M' 'D' 'F' 'Y'],Female,0,Yes,No,40,Yes,No,DSL,Yes,No,No,No,No,Yes,Month-to-month,Yes,Electronic check,74.43,2979.19,0
8837-['L' 'D' 'X' 'I' 'D'],Female,0,Yes,No,58,Yes,No,DSL,Yes,No,Yes,No,No,No,Two year,Yes,Bank transfer (automatic),68.46,3976.49,0
9498-['X' 'N' 'E' 'R' 'J'],Female,1,Yes,No,8,Yes,Yes,No,No,No,No,No,No,No,Month-to-month,No,Electronic check,43.57,347.14,0
6176-['S' 'L' 'R' 'Q' 'X'],Male,0,No,No,41,Yes,No,Fiber optic,Yes,No,Yes,No,No,No,Two year,No,Bank transfer (automatic),87.08,3573.7,1
6398-['Q' 'A' 'O' 'I' 'O'],Male,0,No,No,17,Yes,No,No,No,No,No,No,No,No,Month-to-month,Yes,Bank transfer (automatic),37.27,632.36,1
1919-['C' 'V' 'S' 'M' 'L'],Male,0,No,No,45,Yes,No,DSL,Yes,No,Yes,No,Yes,No,One year,No,Credit card (automatic),82.1,3703.12,0
4392-['U' 'Q' 'M' 'A' 'J'],Male,0,No,Yes,47,Yes,No,DSL,Yes,No,No,No,No,No,Month-to-month,Yes,Electronic check,62.13,2908.25,1
2070-['G' 'V' 'R' 'P' 'N'],Female,0,Yes,No,27,Yes,No,DSL,Yes,No,Yes,No,No,Yes,One year,Yes,Bank transfer (automatic),80.43,2161.08,1
8194-['R' 'G' 'Q' 'R' 'L'],Female,0,Yes,No,36,Yes,No,No,No,No,No,No,No,No,Two year,Yes,Electronic check,35.04,1264.41,0
2502-['B' 'G' 'D' 'R' 'F'],Female,0,Yes,No,19,Yes,No,DSL,No,No,Yes,Yes,No,Yes,Month-to-month,Yes,Mailed check,75.6,1443.06,1
7654-['I' 'I' 'N' 'H' 'S'],Male,0,Yes,No,37,Yes,Yes,DSL,No,No,Yes,No,No,Yes,Month-to-month,Yes,Credit card (automatic),82.77,3060.14,0
3594-['R' 'E' 'N' 'D' 'G'],Female,0,Yes,Yes,40,Yes,Yes,Fiber optic,No,No,No,No,Yes,Yes,Month-to-month,No,Mailed check,107.21,4279.35,0
4539-['Y' 'L' 'B' 'K' 'N'],Male,0,No,No,61,Yes,Yes,No,No,No,No,No,No,No,One year,No,Mailed check,41.14,2506.85,0
5911-['T' 'F' 'W' 'D' 'O'],Female,0,Yes,Yes,19,Yes,Yes,No,No,No,No,No,No,No,Two year,Yes,Credit card (automatic),43.73,828.22,0
1087-['Y' 'A' 'G' 'Y' 'L'],Male,0,No,No,22,Yes,No,DSL,No,No,Yes,No,No,Yes,Month-to-month,Yes,Credit card (automatic),71.89,1588.25,0
7276-['L' 'R' 'J' 'F' 'L'],Male,0,Yes,Yes,49,Yes,Yes,No,No,No,No,No,No,No,Month-to-month,No,Mailed check,44.11,2157.99,1
9038-['R' 'B' 'J' 'O' 'L'],Female,0,Yes,No,4,Yes,No,DSL,No,Yes,No,No,No,No,Month-to-month,No,Mailed check,60.87,230.39,1
3064-['D' 'G' 'I' 'S' 'W'],Female,0,No,Yes,59,Yes,Yes,DSL,Yes,Yes,No,No,No,Yes,Month-to-month,No,Mailed check,89.06,5269.48,0
1118-['B' 'F' 'R' 'F' 'M'],Female,0,No,No,72,Yes,Yes,DSL,No,Yes,No,Yes,No,Yes,Month-to-month,Yes,Electronic check,89.85,6475.82,0
4250-['B' 'L' 'O' 'N' 'F'],Female,0,No,No,42,Yes,No,Fiber optic,No,No,Yes,Yes,No,Yes,Month-to-month,Yes,Bank transfer (automatic),96.67,4060.4,0
8857-['E' 'R' 'C' 'C' 'V'],Female,0,No,No,35,Yes,Yes,DSL,No,Yes,No,No,No,Yes,Month-to-month,Yes,Electronic check,84.45,2947.02,1
9021-['J' 'S' 'C' 'L' 'P'],Female,0,Yes,No,2,Yes,Yes,No,No,No,No,No,No,No,Month-to-month,Yes,Electronic check,45.31,77.32,1
5752-['G' 'M' 'X' 'B' 'D'],Male,0,No,No,60,Yes,Yes,No,No,No,No,No,No,No,Month-to-month,No,Credit card (automatic),44.78,2682.67,0
4209-['G' 'X' 'Q' 'T' 'F'],Female,0,No,No,53,No,No,DSL,Yes,No,No,Yes,Yes,No,Month-to-month,No,Electronic check,67.82,3586.89,0
8890-['E' 'J' 'I' 'M' 'S'],Male,0,No,No,35,Yes,Yes,No,No,No,No,No,No,No,Month-to-month,No,Bank transfer (automatic),44.01,1550.29,1
4557-['D' 'X' 'C' 'C' 'D'],Male,0,No,No,44,Yes,Yes,No,No,No,No,No,No,No,Two year,Yes,Bank transfer (automatic),43.28,1903.7,1
8160-['E' 'H' 'P' 'V' 'C'],Male,0,Yes,No,28,Yes,No,Fiber optic,No,Yes,No,Yes,No,No,Two year,No,Bank transfer (automatic),85.46,2388.73,1
4127-['L' 'Y' 'H' 'M' 'D'],Female,0,No,No,25,Yes,Yes,Fiber optic,Yes,Yes,No,No,No,Yes,One year,Yes,Mailed check,103.91,2605.73,1
1845-['M' 'F' 'Q' 'D' 'H'],Female,0,No,No,7,Yes,No,Fiber optic,No,Yes,Yes,No,No,Yes,Two year,Yes,Electronic check,97.8,709.2,0
6360-['C' 'Q' 'I' 'B' 'Y'],Female,0,No,No,72,No,No,Fiber optic,No,No,No,No,No,Yes,One year,No,Credit card (automatic),67.07,4839.73,0
9257-['T' 'K' 'Z' 'V' 'O'],Female,0,No,Yes,21,Yes,Yes,Fiber optic,No,Yes,Yes,No,No,Yes,Month-to-month,Yes,Electronic check,103.87,2185.58,0
3486-['C' 'C' 'Z' 'L' 'X'],Female,0,No,No,68,Yes,Yes,DSL,No,Yes,No,No,No,No,One year,Yes,Credit card (automatic),76.47,5203.68,0
2036-['I' 'Y' 'U' 'M' 'L'],Female,1,Yes,No,43,Yes,No,DSL,No,Yes,Yes,Yes,No,No,One year,No,Electronic check,75.63,3242.96,0
2548-['X' 'J' 'A' 'Y' 'H'],Male,1,No,No,40,Yes,No,Fiber optic,Yes,No,No,No,Yes,Yes,Two year,Yes,Electronic check,100.11,3996.74,0
4957-['P' 'M' 'C' 'C' 'X'],Male,0,No,No,35,Yes,Yes,DSL,Yes,Yes,No,No,No,No,Month-to-month,No,Electronic check,77.3,2704.08,1
9708-['Z' 'K' 'G' 'U' 'X'],Male,0,No,No,29,Yes,Yes,DSL,Yes,Yes,Yes,No,No,Yes,One year,No,Credit card (automatic),93.23,2727.3,0
4945-['T' 'B' 'C' 'H' 'K'],Male,1,No,No,48,Yes,No,Fiber optic,No,Yes,No,Yes,No,Yes,Month-to-month,Yes,Bank transfer (automatic),98.75,4729.78,1
5934-['M' 'B' 'F' 'I' 'T'],Male,0,No,Yes,16,No,No,DSL,No,No,No,No,Yes,Yes,Month-to-month,Yes,Bank transfer (automatic),67.43,1069.83,1
3785-['R' 'P' 'Y' 'L' 'G'],Female,0,Yes,Yes,29,Yes,No,DSL,No,Yes,No,No,Yes,No,One year,No,Credit card (automatic),73.88,2136.5,0
2574-['Q' 'M' 'K' 'F' 'W'],Female,0,No,No,72,No,No,DSL,Yes,No,Yes,No,No,Yes,Two year,Yes,Mailed check,64.47,4648.97,0
6210-['N' 'F' 'F' 'B' 'V'],Male,1,No,No,3,Yes,Yes,DSL,Yes,Yes,Yes,Yes,Yes,No,Month-to-month,No,Electronic check,94.01,279.73,1
2875-['Y' 'O' 'Q' 'H' 'E'],Male,1,Yes,No,34,Yes,Yes,DSL,No,No,Yes,Yes,No,Yes,Month-to-month,Yes,Electronic check,90.37,3068.82,1
9240-['T' 'A' 'V' 'R' 'O'],Male,0,No,No,16,Yes,No,No,No,No,No,No,No,No,Month-to-month,Yes,Electronic check,37.17,588.18,1
3833-['F' 'V' 'U' 'E' 'S'],Female,1,No,No,6,Yes,No,Fiber optic,No,No,Yes,No,Yes,Yes,Two year,Yes,Credit card (automatic),98.34,579.24,1
5777-['P' 'L' 'R' 'W' 'A'],Female,0,Yes,No,61,Yes,Yes,Fiber optic,Yes,Yes,No,No,Yes,No,One year,Yes,Credit card (automatic),104.59,6377.3,0
1821-['F' 'C' 'B' 'B' 'M'],Female,0,No,No,57,Yes,Yes,Fiber optic,No,No,Yes,Yes,Yes,Yes,Month-to-month,Yes,Credit card (automatic),115.26,6574.47,0
4535-['E' 'W' 'U' 'G' 'M'],Female,1,Yes,No,43,Yes,No,DSL,No,No,Yes,No,Yes,No,Two year,No,Credit card (automatic),74.5,3203.37,0
3707-['X' 'Z' 'M' 'Z' 'G'],Female,1,No,No,57,No,No,No,No,No,No,No,No,No,Month-to-month,Yes,Credit card (automatic),20.7,1200.52,1
1564-['F' 'E' 'W' 'B' 'U'],Female,0,Yes,No,52,No,No,No,No,No,No,No,No,No,Two year,Yes,Mailed check,19.66,1034.25,0
7030-['Z' 'P' 'S' 'I' 'V'],Female,1,Yes,No,71,Yes,Yes,DSL,Yes,No,Yes,No,Yes,Yes,Two year,Yes,Electronic check,103.36,7351.53,0
5732-['Z' 'S' 'G' 'D' 'C'],Male,0,Yes,Yes,8,Yes,Yes,DSL,Yes,No,No,Yes,Yes,Yes,Two year,No,Bank transfer (automatic),103.91,829.47,0
7207-['T' 'K' 'A' 'F' 'Z'],Male,0,Yes,Yes,5,Yes,Yes,Fiber optic,Yes,Yes,No,No,No,No,Month-to-month,No,Mailed check,99.0,477.4,1
6322-['A' 'U' 'G' 'F' 'N'],Female,1,Yes,No,18,Yes,Yes,Fiber optic,No,No,Yes,Yes,Yes,Yes,Month-to-month,Yes,Mailed check,118.75,2134.03,1
5161-['D' 'K' 'O' 'R' 'A'],Male,1,No,Yes,19,Yes,Yes,DSL,No,No,No,No,Yes,Yes,Month-to-month,Yes,Electronic check,90.6,1713.22,1
9638-['C' 'C' 'G' 'A' 'Y'],Female,0,Yes,Yes,63,Yes,No,Fiber optic,Yes,No,No,No,No,Yes,Month-to-month,Yes,Credit card (automatic),88.48,5575.59,1
8210-['F' 'T' 'C' 'S' 'B'],Male,0,Yes,Yes,26,Yes,No,Fiber optic,No,Yes,No,No,No,No,Month-to-month,No,Credit card (automatic),78.23,2025.79,1
5305-['L' 'J' 'E' 'I' 'B'],Female,0,Yes,No,6,Yes,No,No,No,No,No,No,No,No,Month-to-month,Yes,Mailed check,34.71,210.34,0
2211-['F' 'J' 'R' 'L' 'D'],Female,0,Yes,No,23,Yes,No,DSL,No,No,Yes,No,No,No,One year,Yes,Credit card (automatic),64.13,1459.18,0
1501-['U' 'Q' 'O' 'F' 'P'],Male,0,Yes,No,7,Yes,No,Fiber optic,No,Yes,Yes,No,No,Yes,Two year,Yes,Electronic check,94.58,654.69,1
9880-['C' 'J' 'E' 'N' 'Z'],Female,1,Yes,Yes,66,Yes,Yes,Fiber optic,No,No,No,Yes,No,No,Month-to-month,Yes,Electronic check,87.74,5793.8,1
6820-['U' 'M' 'Z' 'F' 'L'],Male,0,No,Yes,10,Yes,No,Fiber optic,No,No,No,No,Yes,No,One year,Yes,Electronic check,84.61,850.85,1
5366-['P' 'A' 'P' 'E' 'C'],Female,0,No,No,65,Yes,Yes,No,No,No,No,No,No,No,Month-to-month,No,Mailed check,43.69,2820.53,0
5958-['M' 'X' 'P' 'W' 'K'],Male,1,No,No,0,Yes,No,Fiber optic,Yes,No,No,Yes,No,Yes,One year,No,Mailed check,96.81,0.0,0
1148-['B' 'V' 'F' 'Z' 'Z'],Female,0,No,No,6,No,No,Fiber optic,No,Yes,Yes,No,Yes,No,Month-to-month,No,Bank transfer (automatic),77.72,452.11,1
9186-['F' 'N' 'Y' 'K' 'H'],Male,0,No,Yes,23,Yes,Yes,No,No,No,No,No,No,No,Month-to-month,No,Credit card (automatic),43.3,998.57,0
3823-['A' 'U' 'G' 'F' 'U'],Female,0,No,Yes,11,Yes,No,DSL,Yes,No,No,Yes,No,No,Month-to-month,No,Electronic check,68.94,764.01,1
9391-['S' 'V' 'U' 'X' 'T'],Male,0,Yes,No,62,Yes,No,Fiber optic,No,Yes,Yes,No,Yes,No,One year,Yes,Mailed check,95.1,5891.01,1
3311-['Z' 'N' 'R' 'Y' 'P'],Male,0,No,No,71,Yes,Yes,DSL,No,No,No,No,Yes,Yes,Month-to-month,Yes,Electronic check,88.59,6292.57,0
6785-['J' 'V' 'P' 'D' 'T'],Male,0,Yes,Yes,12,Yes,Yes,Fiber optic,No,No,Yes,Yes,Yes,Yes,Month-to-month,Yes,Electronic check,117.27,1414.77,1
8532-['V' 'E' 'V' 'G' 'W'],Male,0,No,No,69,Yes,Yes,DSL,No,Yes,No,No,Yes,Yes,Month-to-month,No,Bank transfer (automatic),96.43,6669.12,0
4815-['P' 'F' 'P' 'F' 'N'],Female,0,Yes,No,23,Yes,No,DSL,Yes,No,Yes,No,No,No,Two year,Yes,Mailed check,67.36,1547.82,0
5468-['A' 'Y' 'I' 'Y' 'X'],Male,0,Yes,Yes,37,Yes,No,No,No,No,No,No,No,No,Two year,No,Electronic check,36.24,1349.75,0
4673-['S' 'Q' 'K' 'H' 'W'],Female,0,No,No,70,Yes,Yes,Fiber optic,Yes,No,Yes,No,Yes,Yes,One year,No,Electronic check,113.4,7939.05,0
7697-['G' 'J' 'D' 'I' 'Z'],Female,0,Yes,Yes,9,Yes,Yes,No,No,No,No,No,No,No,One year,No,Mailed check,46.33,402.76,1
4885-['B' 'Y' 'I' 'U' 'A'],Female,0,Yes,Yes,29,Yes,Yes,No,No,No,No,No,No,No,One year,Yes,Mailed check,46.92,1370.69,0
7985-['J' 'T' 'Y' 'V' 'C'],Female,0,Yes,No,26,Yes,Yes,No,No,No,No,No,No,No,One year,Yes,Electronic check,40.59,1063.72,0
9828-['Z' 'F' 'U' 'B' 'Z'],Female,0,No,No,29,Yes,No,DSL,No,Yes,No,No,Yes,No,Two year,Yes,Mailed check,78.92,2285.15,0
4670-['B' 'L' 'V' 'E' 'T'],Female,0,Yes,No,1,Yes,No,Fiber optic,No,Yes,Yes,No,No,No,Two year,Yes,Bank transfer (automatic),85.08,72.63,1
5631-['P' 'T' 'A' 'A' 'Q'],Female,0,No,No,7,Yes,Yes,No,No,No,No,No,No,No,Two year,Yes,Credit card (automatic),46.34,327.45,0
7906-['A' 'U' 'T' 'M' 'I'],Female,0,No,No,16,Yes,No,DSL,No,Yes,Yes,Yes,Yes,No,Month-to-month,Yes,Electronic check,84.67,1345.51,0
8938-['N' 'W' 'K' 'X' 'V'],Male,0,Yes,No,47,Yes,No,No,No,No,No,No,No,No,Two year,Yes,Electronic check,35.01,1642.17,0
6611-['M' 'Z' 'M' 'A' 'X'],Male,0,No,No,63,Yes,No,No,No,No,No,No,No,No,One year,Yes,Electronic check,34.33,2153.27,0
6577-['C' 'X' 'D' 'P' 'H'],Female,1,No,Yes,60,Yes,Yes,Fiber optic,No,No,No,No,Yes,Yes,Month-to-month,Yes,Mailed check,102.09,6149.51,1
3063-['Q' 'S' 'V' 'O' 'P'],Male,0,No,Yes,12,Yes,Yes,Fiber optic,No,No,Yes,No,Yes,Yes,Month-to-month,Yes,Bank transfer (automatic),107.86,1287.4,1
2294-['Y' 'B' 'K' 'A' 'O'],Male,0,Yes,No,20,Yes,Yes,DSL,Yes,No,Yes,No,No,Yes,Month-to-month,Yes,Credit card (automatic),91.71,1845.81,1
2603-['K' 'E' 'C' 'M' 'J'],Female,0,No,No,1,Yes,No,Fiber optic,No,No,Yes,No,No,No,Month-to-month,No,Electronic check,78.59,95.28,1
2098-['R' 'B' 'G' 'I' 'J'],Male,0,No,No,22,Yes,No,DSL,No,Yes,No,No,Yes,No,Month-to-month,Yes,Bank transfer (automatic),76.08,1663.59,1
4787-['G' 'Q' 'Z' 'A' 'E'],Male,0,No,No,15,Yes,Yes,DSL,No,Yes,Yes,No,Yes,Yes,One year,No,Bank transfer (automatic),101.08,1527.63,1
1175-['O' 'B' 'I' 'G' 'D'],Male,0,Yes,No,12,Yes,No,No,No,No,No,No,No,No,One year,Yes,Bank transfer (automatic),35.57,432.07,1
9867-['M' 'A' 'X' 'C' 'P'],Female,1,Yes,No,3,No,No,Fiber optic,Yes,Yes,No,No,No,No,Month-to-month,Yes,Credit card (automatic),67.99,225.37,1
8965-['V' 'D' 'Y' 'W' 'Y'],Female,0,Yes,No,1,No,No,Fiber optic,No,No,No,No,No,Yes,Two year,Yes,Credit card (automatic),66.68,65.3,0
2849-['S' 'A' 'E' 'S' 'V'],Male,0,Yes,No,64,No,No,No,No,No,No,No,No,No,Two year,Yes,Credit card (automatic),18.42,1184.94,0
4799-['K' 'M' 'T' 'E' 'U'],Female,0,Yes,No,25,Yes,Yes,DSL,No,No,Yes,No,Yes,No,Month-to-month,Yes,Bank transfer (automatic),83.04,2094.15,1
6795-['D' 'D' 'T' 'U' 'R'],Female,1,No,Yes,29,Yes,Yes,DSL,No,Yes,No,Yes,No,Yes,One year,No,Electronic check,88.19,2566.68,1
2487-['I' 'R' 'V' 'B' 'U'],Male,0,Yes,No,37,Yes,Yes,Fiber optic,No,No,No,No,No,Yes,Month-to-month,Yes,Credit card (automatic),95.4,3537.51,1
3431-['L' 'G' 'O' 'G' 'V'],Male,0,No,Yes,19,Yes,No,No,No,No,No,No,No,No,Two year,No,Bank transfer (automatic),36.24,688.98,0
9793-['U' 'Q' 'P' 'S' 'I'],Male,0,Yes,Yes,24,Yes,No,Fiber optic,No,No,No,No,No,Yes,Month-to-month,No,Mailed check,82.15,1970.69,1
7622-['N' 'Q' 'E' 'B' 'T'],Male,0,No,No,51,Yes,No,Fiber optic,No,No,No,No,Yes,No,Month-to-month,No,Bank transfer (automatic),82.56,4204.58,0
5271-['N' 'N' 'A' 'C' 'Z'],Female,0,Yes,Yes,9,Yes,No,Fiber optic,No,No,No,Yes,No,Yes,One year,Yes,Bank transfer (automatic),89.53,812.41,1
7073-['O' 'S' 'T' 'B' 'S'],Female,0,No,Yes,40,Yes,Yes,Fiber optic,Yes,No,Yes,No,Yes,Yes,Month-to-month,Yes,Electronic check,114.41,4593.41,1
8396-['R' 'P' 'D' 'L' 'G'],Female,0,No,Yes,60,Yes,No,Fiber optic,No,No,No,No,No,No,One year,Yes,Credit card (automatic),74.46,4465.51,0
9461-['W' 'L' 'C' 'E' 'Q'],Female,0,No,No,1,Yes,No,No,No,No,No,No,No,No,Month-to-month,Yes,Electronic check,31.81,27.51,1
9697-['J' 'J' 'K' 'Q' 'E'],Female,0,Yes,Yes,6,Yes,Yes,No,No,No,No,No,No,No,Two year,Yes,Electronic check,43.16,246.22,0
9553-['I' 'Q' 'A' 'D' 'D'],Female,1,Yes,Yes,59,Yes,No,Fiber optic,Yes,No,No,Yes,Yes,No,Month-to-month,Yes,Electronic check,93.05,5480.43,1
8281-['N' 'Y' 'O' 'F' 'X'],Female,0,No,No,60,Yes,Yes,Fiber optic,No,Yes,No,No,Yes,Yes,Month-to-month,Yes,Electronic check,105.16,6303.72,0
1681-['O' 'D' 'R' 'R' 'Y'],Female,0,Yes,No,26,Yes,No,Fiber optic,Yes,Yes,No,Yes,Yes,Yes,Month-to-month,No,Credit card (automatic),110.07,2868.59,1
5016-['L' 'G' 'P' 'K' 'N'],Female,0,Yes,No,0,Yes,No,DSL,No,No,No,No,Yes,No,Month-to-month,No,Mailed check,67.52,0.0,0
5157-['J' 'F' 'M' 'J' 'R'],Male,0,Yes,No,26,Yes,No,Fiber optic,No,No,No,No,Yes,No,Month-to-month,No,Mailed check,87.12,2281.3,1
7713-['P' 'Y' 'Y' 'F' 'M'],Female,0,No,No,59,Yes,Yes,DSL,No,No,Yes,Yes,No,No,Two year,No,Credit card (automatic),79.24,4661.65,0
4936-['T' 'E' 'H' 'L' 'B'],Female,0,No,No,52,Yes,No,DSL,No,No,Yes,No,Yes,No,Month-to-month,Yes,Mailed check,72.41,3766.31,1
7379-['E' 'V' 'E' 'M' 'I'],Female,0,Yes,No,35,Yes,No,Fiber optic,No,No,Yes,No,Yes,No,Month-to-month,Yes,Mailed check,90.12,3160.2,1
8456-['C' 'R' 'L' 'C' 'Z'],Male,0,Yes,No,23,Yes,No,DSL,No,No,No,No,No,No,Month-to-month,No,Electronic check,60.1,1377.57,0
3744-['I' 'Z' 'B' 'C' 'N'],Male,1,Yes,Yes,34,Yes,No,Fiber optic,No,No,No,No,Yes,Yes,Month-to-month,Yes,Mailed check,96.18,3270.58,1
5675-['Y' 'S' 'M' 'G' 'L'],Female,0,Yes,No,32,Yes,Yes,DSL,No,Yes,No,No,Yes,Yes,Two year,Yes,Mailed check,95.21,3038.68,0
3722-['W' 'W' 'I' 'B' 'V'],Female,0,No,No,16,Yes,No,Fiber optic,Yes,No,No,No,Yes,Yes,Two year,Yes,Bank transfer (automatic),104.83,1679.1,0
1808-['L' 'L' 'O' 'B' 'R'],Male,0,No,No,68,Yes,No,Fiber optic,No,No,No,No,Yes,No,Month-to-month,Yes,Electronic check,84.85,5780.22,1
9012-['N' 'E' 'Z' 'J' 'L'],Female,0,Yes,Yes,34,No,No,No,No,No,No,No,No,No,Two year,No,Bank transfer (automatic),23.73,823.67,0
2353-['X' 'K' 'Y' 'B' 'E'],Male,0,No,Yes,46,Yes,Yes,Fiber optic,Yes,No,Yes,Yes,Yes,No,Month-to-month,No,Electronic check,109.17,5015.82,1
2790-['F' 'V' 'W' 'C' 'M'],Female,1,No,No,58,Yes,Yes,No,No,No,No,No,No,No,Month-to-month,Yes,Mailed check,43.65,2520.82,1
3073-['Y' 'X' 'U' 'F' 'K'],Male,0,Yes,Yes,60,Yes,No,Fiber optic,No,No,No,No,No,No,Month-to-month,Yes,Bank transfer (automatic),73.6,4404.16,0
7841-['Q' 'J' 'L' 'Q' 'D'],Male,0,Yes,No,21,No,No,No,No,No,No,No,No,No,Two year,No,Mailed check,18.25,393.46,0
8129-['R' 'U' 'D' 'H' 'T'],Female,0,Yes,Yes,26,Yes,No,No,No,No,No,No,No,No,One year,Yes,Credit card (automatic),36.84,957.58,0
6677-['L' 'V' 'U' 'R' 'K'],Male,0,Yes,Yes,71,Yes,Yes,DSL,No,No,No,Yes,Yes,Yes,One year,No,Electronic check,98.36,6976.6,1
5350-['H' 'B' 'Y' 'O' 'I'],Male,0,No,No,14,Yes,Yes,Fiber optic,No,Yes,No,No,Yes,No,Month-to-month,Yes,Bank transfer (automatic),102.08,1420.33,1
8282-['T' 'H' 'Y' 'S' 'E'],Male,0,Yes,No,35,Yes,Yes,DSL,No,No,Yes,No,No,Yes,Month-to-month,No,Electronic check,85.16,2965.72,1
7986-['O' 'H' 'S' 'W' 'H'],Female,0,No,No,56,Yes,Yes,Fiber optic,No,Yes,No,Yes,Yes,No,Two year,No,Credit card (automatic),105.65,5920.09,0
9159-['Z' 'S' 'R' 'J' 'G'],Female,0,No,Yes,40,Yes,No,DSL,Yes,No,No,Yes,No,No,Two year,Yes,Bank transfer (automatic),71.1,2841.93,0
8867-['I' 'A' 'S' 'E' 'S'],Male,1,Yes,No,44,Yes,Yes,No,No,No,No,No,No,No,Two year,No,Electronic check,43.63,1926.51,0
8776-['O' 'P' 'W' 'G' 'Z'],Male,0,Yes,No,42,Yes,No,Fiber optic,No,Yes,No,No,No,No,Month-to-month,Yes,Electronic check,80.04,3363.69,1
4935-['L' 'H' 'E' 'J' 'U'],Female,0,No,No,11,Yes,Yes,Fiber optic,No,No,Yes,Yes,No,Yes,One year,Yes,Credit card (automatic),104.63,1171.31,1
8856-['Z' 'E' 'V' 'O' 'M'],Female,0,No,No,67,Yes,No,Fiber optic,No,No,Yes,No,No,Yes,Month-to-month,Yes,Electronic check,89.09,5975.51,0
6738-['W' 'A' 'K' 'R' 'R'],Female,1,No,No,66,Yes,Yes,DSL,Yes,Yes,No,Yes,Yes,No,Month-to-month,Yes,Mailed check,95.55,6297.69,0
9989-['Z' 'P' 'M' 'G' 'A'],Male,0,Yes,No,3,Yes,Yes,DSL,No,Yes,No,No,No,Yes,Month-to-month,Yes,Electronic check,84.69,246.91,1
4737-['P' 'A' 'Q' 'F' 'B'],Female,0,Yes,No,64,Yes,No,Fiber optic,Yes,No,No,No,No,Yes,One year,Yes,Mailed check,92.61,5907.67,0
2392-['F' 'N' 'R' 'F' 'J'],Female,0,No,No,4,Yes,No,DSL,Yes,No,Yes,No,Yes,No,Two year,Yes,Electronic check,78.52,300.54,0
5753-['I' 'H' 'J' 'Q' 'W'],Female,0,No,No,1,Yes,Yes,DSL,Yes,Yes,No,Yes,No,Yes,Month-to-month,No,Bank transfer (automatic),93.17,101.09,1
5541-['Z' 'F' 'N' 'V' 'V'],Female,0,Yes,Yes,45,Yes,No,DSL,No,Yes,No,Yes,Yes,No,Month-to-month,Yes,Credit card (automatic),82.08,3690.77,1
5869-['Z' 'G' 'L' 'C' 'N'],Male,0,No,Yes,8,Yes,Yes,DSL,Yes,Yes,No,Yes,No,Yes,Month-to-month,Yes,Electronic check,96.57,786.08,1
6682-['W' 'P' 'G' 'H' 'R'],Male,0,Yes,No,7,Yes,Yes,DSL,No,Yes,No,Yes,No,No,Month-to-month,Yes,Electronic check,82.59,567.56,1
1600-['M' 'U' 'I' 'J' 'U'],Female,0,No,No,57,Yes,Yes,Fiber optic,No,No,No,No,Yes,No,Month-to-month,Yes,Bank transfer (automatic),98.46,5619.12,1
4766-['I' 'O' 'T' 'B' 'Y'],Male,0,Yes,Yes,62,Yes,No,Fiber optic,Yes,No,Yes,Yes,No,No,Two year,No,Electronic check,91.08,5646.46,0
9417-['S' 'Z' 'B' 'C' 'F'],Female,0,No,Yes,60,Yes,Yes,DSL,Yes,No,No,No,Yes,No,Month-to-month,Yes,Electronic check,86.06,5151.72,1
3178-['J' 'X' 'F' 'W' 'P'],Male,0,Yes,No,14,Yes,No,Fiber optic,No,No,Yes,No,No,No,Month-to-month,Yes,Electronic check,78.61,1097.57,1
9895-['Q' 'S' 'C' 'R' 'G'],Female,0,Yes,Yes,72,Yes,No,DSL,Yes,Yes,Yes,Yes,Yes,No,Month-to-month,No,Credit card (automatic),89.99,6483.71,0
1328-['T' 'L' 'E' 'C' 'K'],Female,0,No,No,41,No,No,DSL,No,No,Yes,No,Yes,No,One year,No,Bank transfer (automatic),57.79,2366.82,0
1120-['D' 'E' 'A' 'R' 'L'],Male,0,No,No,49,Yes,Yes,DSL,Yes,Yes,No,No,Yes,Yes,Month-to-month,Yes,Credit card (automatic),98.65,4840.67,0
9524-['I' 'B' 'E' 'M' 'P'],Female,0,Yes,Yes,50,Yes,No,DSL,Yes,Yes,Yes,No,No,No,Month-to-month,No,Electronic check,72.6,3604.67,1
4170-['V' 'D' 'K' 'W' 'Z'],Female,1,Yes,No,24,Yes,Yes,Fiber optic,No,Yes,No,Yes,Yes,No,Month-to-month,Yes,Electronic check,105.99,2537.99,1
1028-['C' 'P' 'V' 'O' 'J'],Male,0,Yes,No,21,Yes,Yes,Fiber optic,No,No,Yes,No,No,No,Month-to-month,Yes,Electronic check,84.98,1784.89,1
3024-['K' 'P' 'J' 'Q' 'S'],Female,0,No,No,21,Yes,Yes,Fiber optic,No,No,Yes,Yes,Yes,No,Two year,No,Credit card (automatic),106.04,2225.19,1
9961-['X' 'W' 'B' 'F' 'S'],Male,0,Yes,No,68,Yes,Yes,Fiber optic,No,Yes,Yes,No,Yes,Yes,Month-to-month,No,Electronic check,115.19,7849.1,1
8399-['Z' 'C' 'Z' 'N' 'Y'],Female,0,Yes,Yes,68,No,No,No,No,No,No,No,No,No,Month-to-month,Yes,Bank transfer (automatic),19.11,1316.44,1
2460-['C' 'V' 'Z' 'R' 'I'],Female,0,Yes,Yes,65,Yes,Yes,No,No,No,No,No,No,No,One year,Yes,Electronic check,43.86,2838.49,0
8766-['U' 'Y' 'A' 'U' 'J'],Male,0,No,No,63,Yes,Yes,Fiber optic,Yes,No,No,Yes,Yes,No,Month-to-month,Yes,Electronic check,105.6,6674.51,1
5474-['F' 'W' 'L' 'D' 'M'],Male,0,No,No,21,Yes,No,DSL,Yes,No,No,No,Yes,No,Month-to-month,No,Credit card (automatic),77.5,1626.97,1
2040-['H' 'Z' 'T' 'C' 'L'],Female,0,Yes,Yes,12,Yes,Yes,DSL,No,Yes,No,No,Yes,Yes,Month-to-month,Yes,Credit card (automatic),95.33,1160.48,1
5326-['L' 'B' 'X' 'N' 'V'],Female,0,Yes,No,26,Yes,No,Fiber optic,Yes,Yes,No,Yes,Yes,Yes,Two year,No,Credit card (automatic),111.58,2893.81,0
3262-['E' 'I' 'U' 'K' 'E'],Male,0,Yes,No,46,Yes,No,No,No,No,No,No,No,No,Month-to-month,Yes,Electronic check,36.59,1681.97,0
9802-['Q' 'B' 'X' 'A' 'G'],Male,0,Yes,No,20,Yes,No,No,No,No,No,No,No,No,Month-to-month,Yes,Credit card (automatic),33.01,663.38,1
4677-['N' 'E' 'S' 'K' 'W'],Female,0,No,Yes,30,Yes,No,DSL,No,Yes,No,Yes,Yes,No,Month-to-month,No,Bank transfer (automatic),77.95,2338.67,1
2400-['B' 'H' 'I' 'C' 'B'],Female,0,No,Yes,37,Yes,No,DSL,No,Yes,No,No,Yes,No,Month-to-month,Yes,Credit card (automatic),78.3,2887.75,1
1870-['E' 'U' 'Z' 'E' 'T'],Female,1,No,No,38,Yes,Yes,No,No,No,No,No,No,No,Two year,Yes,Electronic check,44.56,1713.17,0
1940-['U' 'T' 'F' 'T' 'R'],Male,1,No,No,35,Yes,Yes,Fiber optic,No,Yes,No,Yes,Yes,No,One year,No,Electronic check,105.58,3707.52,1
4457-['Y' 'Z' 'F' 'I' 'Y'],Female,0,No,No,64,Yes,No,Fiber optic,No,Yes,No,No,No,Yes,Month-to-month,No,Credit card (automatic),87.63,5612.01,1
6442-['A' 'A' 'S' 'E' 'M'],Male,1,Yes,No,10,No,No,DSL,No,Yes,Yes,No,Yes,Yes,Month-to-month,Yes,Credit card (automatic),73.74,736.96,0
8727-['Y' 'Y' 'S' 'C' 'L'],Female,0,No,No,68,Yes,Yes,No,No,No,No,No,No,No,Two year,No,Mailed check,43.39,2943.91,0
3017-['V' 'G' 'M' 'Y' 'O'],Male,1,Yes,No,33,Yes,Yes,DSL,No,No,No,Yes,Yes,Yes,One year,Yes,Credit card (automatic),94.0,3079.26,1
3434-['U' 'T' 'E' 'X' 'H'],Female,0,No,Yes,4,No,No,Fiber optic,Yes,No,Yes,No,No,No,Month-to-month,Yes,Electronic check,68.52,271.25,1
2781-['A' 'H' 'X' 'R' 'T'],Male,0,Yes,No,19,Yes,Yes,Fiber optic,No,No,No,No,No,No,Month-to-month,Yes,Bank transfer (automatic),85.58,1622.61,1
9699-['P' 'R' 'T' 'L' 'M'],Male,1,Yes,No,62,Yes,No,Fiber optic,Yes,Yes,No,No,No,Yes,Month-to-month,Yes,Credit card (automatic),91.41,5657.55,0
9044-['J' 'G' 'Y' 'N' 'X'],Female,1,Yes,No,44,Yes,Yes,Fiber optic,No,No,No,Yes,Yes,No,Two year,Yes,Credit card (automatic),99.69,4379.88,0
5975-['O' 'L' 'I' 'H' 'R'],Male,0,Yes,Yes,41,Yes,No,Fiber optic,Yes,Yes,Yes,No,No,Yes,Two year,Yes,Mailed check,96.18,3949.98,0
7614-['R' 'M' 'R' 'O' 'D'],Male,0,No,No,12,No,No,DSL,No,Yes,No,No,Yes,Yes,Month-to-month,No,Bank transfer (automatic),72.89,854.58,1
8492-['V' 'P' 'I' 'J' 'X'],Male,1,No,No,8,Yes,Yes,DSL,No,No,No,No,Yes,No,One year,Yes,Credit card (automatic),81.14,639.62,0
6424-['R' 'G' 'D' 'Z' 'E'],Female,0,Yes,No,4,Yes,No,No,No,No,No,No,No,No,Two year,Yes,Credit card (automatic),37.64,143.47,0
5155-['W' 'P' 'C' 'Z' 'R'],Female,1,Yes,No,37,Yes,Yes,Fiber optic,No,Yes,No,Yes,Yes,No,Month-to-month,No,Credit card (automatic),106.16,3931.39,1
6660-['W' 'U' 'N' 'O' 'Q'],Female,0,Yes,Yes,48,Yes,No,Fiber optic,No,No,No,Yes,No,No,Month-to-month,No,Bank transfer (automatic),77.83,3739.68,1
2176-['U' 'Q' 'W' 'Y' 'K'],Female,0,Yes,No,27,Yes,Yes,DSL,No,No,No,No,No,Yes,Month-to-month,No,Bank transfer (automatic),78.68,2112.74,1
3233-['N' 'T' 'S' 'U' 'G'],Male,0,Yes,No,42,Yes,Yes,Fiber optic,No,Yes,No,No,No,No,Month-to-month,Yes,Bank transfer (automatic),88.8,3726.15,1
6559-['M' 'R' 'W' 'N' 'A'],Male,0,Yes,No,69,Yes,No,DSL,No,No,No,No,No,Yes,Two year,Yes,Electronic check,72.58,5009.21,1
8910-['H' 'R' 'I' 'A' 'V'],Female,0,Yes,No,40,Yes,Yes,Fiber optic,No,Yes,No,No,Yes,No,One year,No,Bank transfer (automatic),96.36,3861.92,1
8799-['E' 'B' 'T' 'Y' 'D'],Male,1,No,Yes,43,Yes,No,DSL,No,No,Yes,No,No,Yes,One year,Yes,Electronic check,74.6,3209.81,0
5439-['U' 'K' 'P' 'Z' 'Q'],Male,0,No,Yes,28,No,No,DSL,Yes,Yes,No,No,No,No,Month-to-month,Yes,Credit card (automatic),55.82,1574.36,1
2030-['P' 'C' 'Z' 'P' 'H'],Female,0,Yes,Yes,67,Yes,Yes,Fiber optic,Yes,Yes,No,No,No,Yes,Month-to-month,Yes,Bank transfer (automatic),103.82,6949.89,1
3850-['Q' 'U' 'R' 'K' 'D'],Female,0,No,No,24,Yes,Yes,Fiber optic,No,No,No,Yes,No,Yes,One year,No,Bank transfer (automatic),96.01,2303.67,0
8151-['Q' 'I' 'F' 'X' 'T'],Male,0,Yes,No,67,Yes,No,DSL,No,No,Yes,No,No,Yes,Month-to-month,Yes,Mailed check,72.98,4865.75,0
2672-['U' 'F' 'C' 'T' 'F'],Female,1,No,Yes,13,Yes,No,Fiber optic,Yes,No,No,No,Yes,Yes,One year,Yes,Electronic check,101.34,1326.46,0
8734-['A' 'E' 'F' 'M' 'B'],Male,0,No,No,58,Yes,No,No,No,No,No,No,No,No,Two year,No,Electronic check,33.61,1956.48,0
9428-['Z' 'Y' 'N' 'Z' 'V'],Male,0,Yes,Yes,61,Yes,No,DSL,No,No,Yes,No,Yes,No,One year,Yes,Credit card (automatic),72.03,4382.45,0
4782-['N' 'Z' 'X' 'J' 'Q'],Female,0,Yes,No,16,Yes,No,Fiber optic,No,Yes,Yes,Yes,No,No,Two year,No,Mailed check,88.87,1425.47,0
4513-['P' 'X' 'M' 'V' 'Y'],Female,0,No,No,18,Yes,No,Fiber optic,No,No,No,No,Yes,Yes,One year,No,Credit card (automatic),93.62,1663.44,1
8795-['R' 'N' 'R' 'E' 'Z'],Male,1,Yes,Yes,28,Yes,Yes,Fiber optic,Yes,No,Yes,No,No,No,Two year,No,Mailed check,95.47,2675.8,0
9328-['C' 'H' 'T' 'V' 'J'],Female,0,Yes,No,65,Yes,Yes,Fiber optic,Yes,No,No,Yes,Yes,No,Two year,No,Credit card (automatic),103.34,6711.66,0
6021-['U' 'C' 'K' 'K' 'Q'],Male,1,No,No,44,Yes,Yes,Fiber optic,No,No,No,Yes,No,No,Month-to-month,No,Credit card (automatic),86.26,3803.35,1
6085-['W' 'S' 'L' 'O' 'K'],Male,1,Yes,No,70,Yes,Yes,Fiber optic,Yes,No,No,No,No,No,Month-to-month,Yes,Electronic check,88.1,6175.63,1
3510-['R' 'K' 'Z' 'L' 'B'],Female,0,Yes,No,27,Yes,No,No,No,No,No,No,No,No,Month-to-month,Yes,Electronic check,34.34,942.51,0
5179-['O' 'T' 'D' 'V' 'R'],Female,1,No,No,58,Yes,No,Fiber optic,Yes,Yes,No,No,Yes,Yes,Month-to-month,No,Electronic check,108.13,6272.28,1
4237-['W' 'Z' 'S' 'K' 'X'],Female,0,No,Yes,53,Yes,Yes,DSL,No,No,Yes,No,Yes,Yes,One year,No,Electronic check,97.81,5193.07,0
9314-['H' 'K' 'E' 'R' 'W'],Female,0,No,No,7,Yes,Yes,Fiber optic,Yes,No,Yes,No,No,Yes,One year,Yes,Electronic check,106.67,748.87,1
1561-['N' 'V' 'J' 'C' 'I'],Male,0,No,No,9,No,No,No,No,No,No,No,No,No,One year,Yes,Credit card (automatic),18.33,155.53,0
4554-['K' 'L' 'L' 'C' 'U'],Female,1,Yes,No,20,Yes,Yes,Fiber optic,No,Yes,Yes,Yes,No,No,One year,Yes,Electronic check,101.08,2019.21,0
8095-['K' 'G' 'Y' 'U' 'J'],Female,0,No,Yes,34,Yes,No,DSL,No,No,Yes,Yes,Yes,No,Month-to-month,Yes,Bank transfer (automatic),81.07,2754.36,1
6330-['P' 'V' 'U' 'T' 'L'],Female,1,No,Yes,3,Yes,No,Fiber optic,No,No,No,No,Yes,Yes,Two year,Yes,Electronic check,95.66,290.4,1
8647-['R' 'W' 'M' 'E' 'D'],Male,0,No,No,52,Yes,Yes,Fiber optic,No,Yes,Yes,Yes,Yes,No,One year,No,Mailed check,110.89,5773.8,1
9712-['Y' 'S' 'C' 'E' 'U'],Female,0,No,Yes,24,Yes,Yes,DSL,Yes,No,Yes,No,Yes,No,One year,Yes,Electronic check,87.0,2076.59,1
8111-['S' 'Q' 'Q' 'K' 'B'],Female,0,No,No,19,Yes,No,DSL,No,No,Yes,No,No,No,One year,Yes,Bank transfer (automatic),65.16,1230.15,0
2541-['V' 'N' 'C' 'L' 'D'],Female,0,No,No,70,Yes,Yes,Fiber optic,Yes,No,Yes,No,No,Yes,Month-to-month,Yes,Electronic check,109.55,7671.18,1
4083-['M' 'B' 'B' 'O' 'W'],Female,0,Yes,No,70,Yes,No,No,No,No,No,No,No,No,Month-to-month,Yes,Credit card (automatic),33.5,2356.97,0
3972-['Q' 'G' 'N' 'L' 'Q'],Female,1,Yes,No,21,Yes,Yes,DSL,Yes,No,No,No,No,No,Month-to-month,No,Electronic check,69.92,1469.54,1
6463-['F' 'R' 'X' 'E' 'X'],Male,0,Yes,No,48,Yes,No,Fiber optic,No,No,No,Yes,No,Yes,Month-to-month,No,Electronic check,90.11,4337.28,1
2313-['H' 'O' 'O' 'K' 'V'],Male,1,Yes,No,5,Yes,No,Fiber optic,Yes,No,No,No,No,Yes,Month-to-month,No,Credit card (automatic),93.11,476.24,1
9949-['X' 'A' 'R' 'L' 'L'],Male,1,Yes,No,50,Yes,No,DSL,No,No,Yes,No,Yes,No,One year,Yes,Bank transfer (automatic),74.73,3745.92,0
6432-['K' 'H' 'G' 'W' 'U'],Female,0,No,No,26,Yes,No,No,No,No,No,No,No,No,Month-to-month,No,Electronic check,36.74,962.36,1
8637-['J' 'C' 'T' 'J' 'R'],Female,0,No,Yes,17,Yes,Yes,No,No,No,No,No,No,No,Month-to-month,No,Electronic check,45.1,772.51,1
8373-['R' 'X' 'H' 'J' 'V'],Male,1,No,Yes,11,Yes,Yes,DSL,No,No,No,Yes,Yes,Yes,One year,No,Bank transfer (automatic),94.52,1039.76,0
4308-['U' 'H' 'D' 'D' 'E'],Female,0,Yes,No,27,Yes,No,Fiber optic,Yes,No,Yes,Yes,No,Yes,Month-to-month,No,Mailed check,100.78,2705.17,1
1992-['Q' 'B' 'H' 'G' 'O'],Male,0,Yes,No,18,Yes,Yes,Fiber optic,No,No,Yes,No,Yes,No,Month-to-month,Yes,Credit card (automatic),99.82,1800.6,1
6560-['E' 'B' 'G' 'H' 'G'],Female,0,Yes,Yes,42,Yes,Yes,No,No,No,No,No,No,No,Two year,Yes,Credit card (automatic),40.85,1714.08,0
3523-['N' 'U' 'R' 'F' 'D'],Male,1,No,No,14,Yes,No,DSL,No,No,Yes,Yes,No,Yes,Month-to-month,Yes,Bank transfer (automatic),81.77,1150.02,1
6609-['R' 'L' 'P' 'Y' 'G'],Male,0,No,No,68,Yes,Yes,No,No,No,No,No,No,No,Month-to-month,Yes,Bank transfer (automatic),47.14,3230.66,0
2220-['C' 'L' 'O' 'J' 'Z'],Female,0,No,No,35,No,No,DSL,No,No,Yes,No,No,No,Month-to-month,No,Electronic check,48.28,1691.42,1
7035-['S' 'P' 'K' 'H' 'C'],Female,0,Yes,Yes,41,Yes,No,No,No,No,No,No,No,No,Month-to-month,Yes,Credit card (automatic),34.68,1425.46,1
2724-['G' 'N' 'B' 'J' 'S'],Female,0,Yes,No,44,Yes,Yes,No,No,No,No,No,No,No,Two year,Yes,Electronic check,45.64,2001.06,0
3105-['I' 'P' 'S' 'R' 'I'],Female,0,No,No,29,Yes,No,No,No,No,No,No,No,No,Month-to-month,Yes,Electronic check,35.99,1041.3,1
5911-['M' 'J' 'Y' 'T' 'N'],Female,1,Yes,No,38,Yes,Yes,DSL,Yes,No,No,No,No,Yes,One year,No,Mailed check,85.07,3219.26,0
4110-['W' 'O' 'P' 'H' 'J'],Male,0,No,Yes,45,No,No,Fiber optic,No,Yes,No,No,No,Yes,Two year,No,Electronic check,75.4,3398.4,1
2214-['D' 'S' 'S' 'U' 'O'],Female,0,Yes,No,57,Yes,No,DSL,No,Yes,No,No,Yes,Yes,One year,No,Electronic check,83.04,4746.82,1
6024-['P' 'J' 'S' 'V' 'C'],Male,0,Yes,No,29,Yes,No,DSL,No,No,Yes,No,No,Yes,Month-to-month,No,Mailed check,72.54,2129.4,1
6988-['I' 'R' 'K' 'P' 'B'],Female,0,Yes,No,55,Yes,No,No,No,No,No,No,No,No,One year,No,Electronic check,35.79,1981.49,0
4845-['K' 'H' 'L' 'B' 'I'],Male,0,No,Yes,53,Yes,Yes,Fiber optic,Yes,No,No,Yes,No,Yes,Month-to-month,No,Mailed check,104.09,5510.89,0
8937-['A' 'J' 'B' 'L' 'W'],Male,0,Yes,No,36,Yes,No,DSL,No,Yes,Yes,Yes,No,Yes,One year,Yes,Credit card (automatic),84.92,3070.15,0
1711-['E' 'V' 'A' 'O' 'F'],Male,0,No,Yes,21,Yes,No,Fiber optic,Yes,Yes,No,No,Yes,No,One year,Yes,Mailed check,96.08,2022.69,0
2259-['H' 'M' 'S' 'A' 'K'],Female,0,No,No,23,Yes,Yes,No,No,No,No,No,No,No,Month-to-month,Yes,Bank transfer (automatic),44.41,1028.21,0
7643-['A' 'H' 'E' 'Q' 'H'],Male,0,No,No,68,Yes,No,Fiber optic,Yes,Yes,No,No,No,Yes,One year,Yes,Electronic check,93.78,6371.43,0
8777-['I' 'X' 'W' 'C' 'R'],Female,0,Yes,Yes,32,Yes,No,DSL,Yes,Yes,Yes,No,No,Yes,One year,Yes,Credit card (automatic),82.93,2661.51,0
2222-['O' 'U' 'V' 'T' 'R'],Male,0,No,No,16,No,No,Fiber optic,No,Yes,No,Yes,No,No,One year,Yes,Bank transfer (automatic),71.95,1152.32,1
8490-['W' 'N' 'X' 'B' 'N'],Female,0,No,No,61,No,No,Fiber optic,No,No,Yes,No,No,No,Month-to-month,No,Credit card (automatic),66.42,4050.39,1
6127-['G' 'K' 'C' 'Q' 'N'],Male,0,Yes,No,11,Yes,Yes,Fiber optic,No,No,No,Yes,Yes,Yes,One year,Yes,Electronic check,109.82,1173.81,1
5133-['H' 'V' 'E' 'H' 'B'],Female,0,No,No,29,Yes,No,No,No,No,No,No,No,No,Month-to-month,No,Bank transfer (automatic),35.18,1014.18,0
8246-['L' 'Q' 'A' 'O' 'N'],Female,0,Yes,No,12,Yes,No,No,No,No,No,No,No,No,Month-to-month,Yes,Bank transfer (automatic),34.07,414.31,1
3355-['V' 'P' 'I' 'A' 'Q'],Male,0,Yes,No,5,Yes,No,DSL,No,No,No,Yes,No,Yes,Month-to-month,Yes,Credit card (automatic),79.86,390.69,1
5060-['M' 'U' 'Z' 'U' 'E'],Male,0,No,Yes,66,Yes,No,DSL,No,Yes,No,No,No,No,Two year,Yes,Bank transfer (automatic),66.21,4388.41,0
4845-['X' 'S' 'Y' 'M' 'A'],Female,0,No,No,10,Yes,Yes,No,No,No,No,No,No,No,One year,Yes,Electronic check,41.98,424.27,0
7382-['N' 'H' 'J' 'I' 'Q'],Male,0,No,No,59,Yes,Yes,Fiber optic,No,Yes,No,No,No,Yes,Two year,Yes,Credit card (automatic),98.97,5833.64,1
9424-['C' 'K' 'L' 'J' 'Y'],Female,0,Yes,No,9,Yes,No,Fiber optic,No,No,No,Yes,Yes,Yes,Month-to-month,Yes,Credit card (automatic),98.14,876.2,1
9880-['Q' 'Y' 'K' 'V' 'D'],Female,0,No,No,15,Yes,Yes,Fiber optic,No,No,Yes,No,No,No,One year,Yes,Mailed check,92.45,1372.16,1
4622-['U' 'Z' 'N' 'G' 'X'],Male,0,No,No,41,Yes,No,No,No,No,No,No,No,No,Month-to-month,Yes,Mailed check,34.61,1437.04,0
4431-['A' 'X' 'V' 'D' 'L'],Female,1,Yes,No,43,Yes,No,Fiber optic,Yes,No,Yes,Yes,Yes,Yes,Month-to-month,No,Mailed check,111.0,4761.52,1
3892-['T' 'F' 'K' 'W' 'D'],Male,0,No,No,18,No,No,No,No,No,No,No,No,No,One year,Yes,Electronic check,20.67,377.72,1
4718-['V' 'K' 'X' 'A' 'Z'],Female,0,Yes,No,72,Yes,Yes,Fiber optic,No,Yes,No,No,No,No,Month-to-month,Yes,Bank transfer (automatic),93.66,6750.34,1
6212-['G' 'L' 'G' 'W' 'G'],Female,0,Yes,No,14,Yes,No,DSL,Yes,Yes,No,No,No,No,Month-to-month,Yes,Electronic check,68.24,948.77,0
5335-['Z' 'H' 'I' 'I' 'B'],Female,1,No,Yes,38,Yes,Yes,DSL,Yes,No,No,Yes,No,Yes,Month-to-month,Yes,Bank transfer (automatic),87.58,3323.86,0
6494-['D' 'Y' 'X' 'L' 'Q'],Female,0,No,No,4,Yes,Yes,No,No,No,No,No,No,No,Month-to-month,Yes,Credit card (automatic),43.4,173.73,0
7273-['M' 'R' 'O' 'H' 'O'],Male,0,Yes,Yes,30,Yes,No,No,No,No,No,No,No,No,Two year,Yes,Bank transfer (automatic),36.35,1098.51,1
2568-['T' 'J' 'L' 'E' 'I'],Female,0,No,No,27,Yes,No,No,No,No,No,No,No,No,Month-to-month,No,Mailed check,36.21,969.24,1
8903-['P' 'N' 'Y' 'M' 'W'],Male,0,No,No,37,Yes,Yes,Fiber optic,No,No,No,No,Yes,Yes,One year,Yes,Bank transfer (automatic),103.92,3820.55,0
2054-['E' 'P' 'Z' 'K' 'V'],Female,1,No,No,51,Yes,Yes,Fiber optic,Yes,No,No,Yes,No,Yes,Month-to-month,Yes,Bank transfer (automatic),106.5,5429.24,0
1667-['K' 'Y' 'S' 'C' 'O'],Female,0,Yes,No,14,Yes,No,DSL,Yes,No,No,Yes,No,No,One year,No,Mailed check,67.43,954.88,0
5070-['G' 'F' 'C' 'M' 'G'],Male,0,Yes,No,18,No,No,DSL,Yes,Yes,No,Yes,Yes,No,Two year,Yes,Credit card (automatic),68.72,1249.67,0
4620-['W' 'R' 'V' 'H' 'Q'],Female,0,Yes,Yes,34,Yes,Yes,Fiber optic,Yes,No,Yes,No,Yes,No,Two year,No,Credit card (automatic),104.59,3550.6,0
2075-['A' 'N' 'Q' 'J' 'L'],Female,1,No,Yes,14,Yes,Yes,Fiber optic,No,Yes,No,No,Yes,No,Month-to-month,Yes,Electronic check,99.75,1391.44,1
9047-['N' 'P' 'H' 'W' 'J'],Male,0,No,No,46,Yes,No,No,No,No,No,No,No,No,Month-to-month,No,Credit card (automatic),33.22,1521.45,1
8548-['Q' 'R' 'T' 'P' 'Q'],Female,0,Yes,No,55,Yes,No,No,No,No,No,No,No,No,One year,No,Mailed check,36.18,2004.71,0
2231-['S' 'X' 'X' 'H' 'F'],Female,1,No,No,19,Yes,No,DSL,Yes,Yes,Yes,No,No,No,Month-to-month,Yes,Electronic check,75.98,1432.85,0
3908-['I' 'D' 'Z' 'L' 'L'],Female,0,No,No,8,Yes,Yes,DSL,No,No,No,Yes,Yes,No,Month-to-month,Yes,Electronic check,83.49,663.22,1
5598-['Q' 'O' 'I' 'G' 'J'],Male,0,Yes,No,4,Yes,Yes,DSL,No,Yes,No,No,Yes,Yes,One year,Yes,Credit card (automatic),96.26,382.89,0
3735-['L' 'Y' 'G' 'R' 'O'],Male,0,No,No,10,Yes,No,DSL,No,Yes,No,No,Yes,Yes,Month-to-month,No,Credit card (automatic),87.11,891.59,1
1223-['F' 'Z' 'L' 'K' 'T'],Male,1,No,Yes,1,Yes,No,Fiber optic,Yes,Yes,No,Yes,No,Yes,Two year,No,Credit card (automatic),98.89,114.87,0
1225-['F' 'X' 'V' 'Y' 'E'],Male,0,No,No,51,Yes,No,Fiber optic,No,No,No,No,Yes,No,Month-to-month,No,Bank transfer (automatic),81.89,4181.13,1
9401-['P' 'H' 'Y' 'Z' 'T'],Male,0,No,Yes,19,Yes,Yes,Fiber optic,No,No,No,Yes,No,Yes,One year,Yes,Electronic check,103.08,1957.29,1
7558-['K' 'J' 'X' 'Y' 'L'],Male,0,No,No,20,Yes,No,Fiber optic,No,No,No,No,No,No,Month-to-month,No,Mailed check,76.7,1540.31,1
9795-['F' 'T' 'E' 'W' 'I'],Male,0,No,No,50,Yes,No,DSL,No,Yes,Yes,No,Yes,No,One year,Yes,Electronic check,82.27,4116.37,0
4385-['P' 'V' 'N' 'V' 'H'],Male,0,No,Yes,29,Yes,Yes,DSL,No,No,No,No,Yes,No,Month-to-month,Yes,Bank transfer (automatic),80.7,2331.79,0
3835-['S' 'N' 'G' 'E' 'R'],Female,0,Yes,No,47,Yes,No,DSL,No,Yes,No,No,No,Yes,Month-to-month,Yes,Credit card (automatic),77.85,3666.84,1
9353-['K' 'V' 'H' 'A' 'V'],Male,0,Yes,No,0,Yes,Yes,Fiber optic,Yes,Yes,No,Yes,No,Yes,Month-to-month,Yes,Electronic check,111.88,0.0,1
2963-['B' 'R' 'G' 'Z' 'Q'],Female,0,Yes,No,34,Yes,No,No,No,No,No,No,No,No,Month-to-month,Yes,Electronic check,32.44,1101.43,0
4061-['W' 'N' 'X' 'G' 'V'],Female,0,Yes,Yes,25,No,No,No,No,No,No,No,No,No,Month-to-month,No,Bank transfer (automatic),19.09,472.45,1
9101-['T' 'B' 'Q' 'L' 'L'],Female,0,Yes,No,8,Yes,No,Fiber optic,Yes,Yes,No,Yes,No,Yes,Month-to-month,Yes,Electronic check,103.84,830.67,1
5607-['R' 'M' 'L' 'Q' 'D'],Female,0,No,No,39,No,No,DSL,No,No,No,No,No,Yes,Month-to-month,Yes,Mailed check,55.31,2167.65,0
2726-['W' 'J' 'K' 'F' 'F'],Female,0,No,No,20,Yes,No,Fiber optic,No,No,No,No,No,No,Month-to-month,No,Credit card (automatic),76.23,1526.62,1
5584-['O' 'B' 'D' 'E' 'Q'],Male,0,No,Yes,11,Yes,Yes,DSL,Yes,No,No,No,No,No,Month-to-month,Yes,Mailed check,77.02,853.36,1
5647-['S' 'C' 'R' 'U' 'S'],Male,0,No,No,36,Yes,Yes,DSL,Yes,No,Yes,No,No,No,Month-to-month,Yes,Electronic check,80.9,2907.83,0
4391-['S' 'O' 'F' 'P' 'H'],Female,0,Yes,No,70,Yes,Yes,No,No,No,No,No,No,No,Month-to-month,Yes,Bank transfer (automatic),43.71,3060.18,0
3739-['P' 'K' 'G' 'Q' 'Q'],Male,0,Yes,No,23,Yes,Yes,DSL,No,Yes,Yes,Yes,Yes,Yes,Two year,Yes,Credit card (automatic),104.66,2419.18,1
1877-['W' 'A' 'Q' 'D' 'U'],Male,0,Yes,No,49,No,No,Fiber optic,No,No,No,No,Yes,No,Month-to-month,No,Credit card (automatic),70.57,3481.79,1
1292-['T' 'X' 'W' 'Y' 'G'],Male,0,Yes,No,53,Yes,Yes,No,No,No,No,No,No,No,Month-to-month,Yes,Credit card (automatic),43.18,2285.31,0
3686-['J' 'Q' 'G' 'A' 'G'],Male,0,No,No,27,Yes,Yes,No,No,No,No,No,No,No,Month-to-month,No,Electronic check,43.71,1173.79,1
1889-['X' 'K' 'I' 'L' 'C'],Male,1,No,No,3,Yes,No,DSL,Yes,Yes,No,Yes,Yes,No,Month-to-month,Yes,Credit card (automatic),83.95,263.87,1
5542-['D' 'D' 'Y' 'M' 'W'],Female,1,Yes,Yes,11,Yes,No,DSL,Yes,Yes,No,No,No,Yes,Two year,Yes,Credit card (automatic),82.4,927.05,0
5690-['J' 'E' 'G' 'X' 'P'],Female,0,Yes,No,66,Yes,Yes,Fiber optic,No,Yes,No,No,No,No,Month-to-month,Yes,Electronic check,89.35,5896.02,1
8520-['L' 'B' 'G' 'K' 'M'],Female,0,Yes,No,36,Yes,No,Fiber optic,Yes,Yes,Yes,No,No,No,Month-to-month,No,Electronic check,92.02,3298.66,1
8710-['B' 'G' 'O' 'Y' 'K'],Female,0,Yes,Yes,3,Yes,Yes,DSL,No,No,No,Yes,No,No,Month-to-month,No,Credit card (automatic),75.68,247.17,1
1028-['B' 'P' 'G' 'M' 'E'],Female,0,Yes,Yes,14,Yes,No,DSL,Yes,Yes,Yes,No,No,Yes,One year,Yes,Electronic check,86.51,1212.14,1
6755-['S' 'G' 'F' 'H' 'M'],Male,0,No,Yes,27,Yes,Yes,Fiber optic,No,Yes,Yes,No,No,No,Two year,No,Bank transfer (automatic),92.96,2516.06,0
7372-['B' 'I' 'K' 'X' 'F'],Male,0,No,No,36,Yes,No,DSL,No,No,Yes,Yes,Yes,No,Two year,Yes,Electronic check,78.5,2826.56,0
1572-['Z' 'G' 'Y' 'G' 'S'],Female,0,No,No,8,Yes,Yes,DSL,Yes,No,No,No,No,No,Two year,No,Mailed check,73.99,601.88,1
1325-['K' 'K' 'G' 'B' 'S'],Female,0,No,No,13,Yes,No,Fiber optic,No,Yes,Yes,Yes,No,Yes,Month-to-month,Yes,Bank transfer (automatic),100.4,1295.56,1
2721-['F' 'Q' 'Y' 'E' 'G'],Male,0,Yes,Yes,66,No,No,DSL,No,Yes,No,No,Yes,No,Month-to-month,No,Electronic check,60.34,3972.18,0
4808-['A' 'S' 'F' 'R' 'J'],Male,0,No,No,49,Yes,No,No,No,No,No,No,No,No,Month-to-month,No,Electronic check,38.02,1878.75,1
1091-['K' 'A' 'A' 'M' 'E'],Female,0,No,Yes,24,Yes,No,Fiber optic,No,Yes,No,No,No,Yes,Month-to-month,Yes,Electronic check,89.85,2158.4,1
9128-['T' 'C' 'R' 'I' 'N'],Female,0,No,Yes,38,Yes,No,Fiber optic,Yes,No,No,No,Yes,Yes,Month-to-month,No,Credit card (automatic),102.82,3893.44,1
9990-['Q' 'W' 'N' 'D' 'E'],Male,1,No,No,25,Yes,No,DSL,No,No,No,No,No,Yes,One year,Yes,Electronic check,70.57,1756.62,1
8065-['U' 'Q' 'V' 'Y' 'B'],Male,0,Yes,No,59,Yes,No,Fiber optic,No,Yes,No,No,Yes,No,Two year,Yes,Credit card (automatic),87.07,5139.9,0
6622-['V' 'E' 'D' 'D' 'F'],Female,0,Yes,No,51,Yes,No,DSL,No,No,No,No,Yes,No,One year,No,Bank transfer (automatic),72.47,3686.78,0
6780-['M' 'V' 'E' 'W' 'Y'],Male,1,No,Yes,69,Yes,No,No,No,No,No,No,No,No,One year,Yes,Bank transfer (automatic),37.98,2620.32,0
1665-['W' 'G' 'T' 'A' 'N'],Male,0,No,No,25,Yes,Yes,No,No,No,No,No,No,No,Month-to-month,Yes,Bank transfer (automatic),45.42,1130.59,1
2079-['D' 'Q' 'U' 'N' 'P'],Female,1,No,No,47,Yes,No,Fiber optic,Yes,No,Yes,No,No,No,Two year,Yes,Credit card (automatic),86.83,4078.28,0
8951-['X' 'T' 'H' 'X' 'C'],Male,1,Yes,No,53,Yes,No,Fiber optic,Yes,Yes,No,No,No,Yes,Two year,Yes,Electronic check,95.37,5046.41,0
8233-['O' 'V' 'J' 'R' 'V'],Female,0,Yes,Yes,40,Yes,Yes,DSL,Yes,No,Yes,Yes,No,Yes,Two year,No,Credit card (automatic),93.01,3710.15,0
7256-['M' 'A' 'E' 'Z' 'M'],Male,0,Yes,No,0,Yes,No,Fiber optic,Yes,Yes,Yes,No,Yes,No,Two year,No,Mailed check,96.73,0.0,0
7554-['Y' 'N' 'X' 'C' 'O'],Female,0,Yes,Yes,20,Yes,Yes,No,No,No,No,No,No,No,Month-to-month,Yes,Mailed check,43.02,855.69,0
5798-['N' 'L' 'L' 'K' 'Q'],Male,0,Yes,No,71,Yes,No,DSL,Yes,No,No,No,Yes,No,Month-to-month,Yes,Electronic check,74.38,5287.81,1
3855-['Q' 'U' 'Y' 'W' 'T'],Male,1,Yes,Yes,24,Yes,Yes,DSL,Yes,No,No,No,Yes,No,Month-to-month,Yes,Electronic check,82.16,1959.03,1
5543-['K' 'Y' 'Y' 'B' 'J'],Female,0,No,No,17,Yes,No,Fiber optic,No,Yes,No,No,No,No,Two year,No,Electronic check,78.56,1339.5,0
2353-['K' 'F' 'D' 'X' 'L'],Female,1,No,Yes,14,Yes,No,Fiber optic,No,No,No,Yes,No,Yes,Two year,Yes,Bank transfer (automatic),88.42,1228.27,0
3934-['W' 'Z' 'Y' 'M' 'E'],Male,0,No,No,41,Yes,Yes,Fiber optic,Yes,Yes,No,Yes,Yes,Yes,One year,No,Credit card (automatic),118.75,4890.06,0
9325-['A' 'F' 'R' 'V' 'I'],Female,1,Yes,Yes,19,No,No,No,No,No,No,No,No,No,Month-to-month,Yes,Credit card (automatic),20.07,371.56,0
4671-['Y' 'O' 'Z' 'H' 'S'],Female,0,No,No,15,Yes,Yes,DSL,Yes,No,No,Yes,No,No,Month-to-month,No,Mailed check,80.64,1196.51,0
9444-['F' 'V' 'C' 'J' 'A'],Male,0,No,No,6,Yes,No,Fiber optic,No,No,No,No,Yes,Yes,Two year,No,Mailed check,99.04,607.17,0
6435-['N' 'D' 'Z' 'L' 'F'],Male,0,No,No,4,Yes,No,Fiber optic,No,Yes,Yes,No,No,No,Month-to-month,Yes,Mailed check,85.14,345.36,1
4241-['R' 'G' 'G' 'K' 'D'],Male,0,Yes,Yes,17,Yes,No,Fiber optic,Yes,No,Yes,No,Yes,No,One year,Yes,Bank transfer (automatic),97.47,1654.42,0
2587-['A' 'M' 'R' 'I' 'Z'],Female,0,Yes,No,17,Yes,Yes,No,No,No,No,No,No,No,Two year,Yes,Bank transfer (automatic),45.73,774.75,0
6783-['I' 'W' 'I' 'J' 'B'],Male,0,No,Yes,63,Yes,Yes,Fiber optic,No,Yes,No,No,No,No,One year,Yes,Electronic check,89.66,5623.11,1
4301-['O' 'C' 'K' 'F' 'C'],Male,0,Yes,No,24,Yes,No,DSL,No,No,Yes,No,No,Yes,Two year,Yes,Electronic check,79.08,1900.66,1
2079-['K' 'O' 'M' 'T' 'J'],Female,0,Yes,No,25,Yes,Yes,No,No,No,No,No,No,No,One year,No,Electronic check,47.78,1181.64,0
8982-['Y' 'R' 'R' 'G' 'O'],Female,0,Yes,No,68,Yes,Yes,No,No,No,No,No,No,No,One year,No,Bank transfer (automatic),44.62,3042.19,1
4985-['R' 'T' 'I' 'X' 'B'],Female,0,Yes,Yes,15,Yes,Yes,Fiber optic,Yes,No,Yes,Yes,Yes,No,One year,Yes,Mailed check,109.78,1669.27,0
6991-['T' 'B' 'K' 'Z' 'G'],Male,0,No,Yes,62,Yes,No,Fiber optic,No,Yes,Yes,Yes,No,No,Month-to-month,No,Electronic check,90.76,5634.06,1
3653-['J' 'E' 'K' 'A' 'B'],Female,0,No,No,71,Yes,No,DSL,No,Yes,Yes,Yes,No,Yes,One year,Yes,Credit card (automatic),83.94,5954.71,0
5864-['S' 'B' 'U' 'T' 'W'],Male,1,No,Yes,57,Yes,Yes,DSL,No,No,No,No,No,Yes,Two year,Yes,Electronic check,78.95,4515.96,0
3196-['X' 'D' 'L' 'V' 'T'],Male,0,No,No,26,Yes,Yes,Fiber optic,No,No,No,Yes,Yes,No,Two year,No,Electronic check,101.44,2638.22,0
2309-['A' 'X' 'N' 'D' 'E'],Male,0,No,No,48,Yes,Yes,Fiber optic,No,No,No,No,No,Yes,Month-to-month,Yes,Electronic check,96.18,4610.83,0
9215-['W' 'M' 'P' 'X' 'M'],Male,0,Yes,No,72,Yes,No,DSL,Yes,No,No,Yes,Yes,Yes,Two year,Yes,Mailed check,85.92,6192.87,0
3711-['V' 'Z' 'B' 'P' 'F'],Female,0,Yes,No,46,Yes,No,DSL,No,Yes,No,No,Yes,No,Month-to-month,Yes,Mailed check,70.71,3255.43,0
1946-['C' 'K' 'E' 'Q' 'Z'],Female,0,Yes,No,70,Yes,No,Fiber optic,No,No,Yes,No,Yes,No,One year,Yes,Bank transfer (automatic),90.16,6306.42,0
2308-['K' 'C' 'T' 'J' 'J'],Female,0,Yes,Yes,49,Yes,No,Fiber optic,Yes,No,Yes,No,Yes,Yes,Month-to-month,Yes,Credit card (automatic),101.9,5004.88,0
5811-['O' 'J' 'J' 'Z' 'S'],Female,0,No,No,45,Yes,No,DSL,No,Yes,Yes,Yes,No,No,Month-to-month,No,Electronic check,73.14,3283.43,1
5480-['X' 'Z' 'J' 'B' 'Q'],Male,0,Yes,No,7,Yes,Yes,Fiber optic,Yes,Yes,No,No,No,No,Two year,Yes,Mailed check,96.21,670.06,1
1669-['X' 'G' 'G' 'T' 'I'],Female,0,Yes,No,1,Yes,Yes,Fiber optic,No,Yes,No,No,Yes,No,Two year,No,Credit card (automatic),101.04,92.2,0
1109-['Q' 'A' 'I' 'T' 'U'],Male,0,Yes,Yes,17,Yes,Yes,Fiber optic,Yes,No,No,No,Yes,Yes,Month-to-month,No,Electronic check,112.61,1905.16,1
7499-['H' 'M' 'D' 'I' 'I'],Female,0,No,Yes,35,Yes,No,No,No,No,No,No,No,No,Month-to-month,No,Bank transfer (automatic),35.86,1246.92,1
3047-['V' 'R' 'L' 'J' 'K'],Female,0,No,No,41,No,No,Fiber optic,No,No,No,No,Yes,No,Month-to-month,No,Credit card (automatic),70.87,2906.25,0
4238-['I' 'F' 'S' 'P' 'O'],Male,0,No,No,10,Yes,No,Fiber optic,No,No,Yes,Yes,Yes,No,Month-to-month,Yes,Electronic check,93.56,928.39,1
3511-['E' 'P' 'A' 'S' 'E'],Male,0,Yes,No,58,Yes,No,DSL,No,Yes,No,Yes,No,Yes,Month-to-month,No,Mailed check,80.44,4674.86,0
1486-['S' 'V' 'E' 'Q' 'Z'],Male,0,No,No,51,Yes,Yes,DSL,No,No,No,Yes,No,Yes,Month-to-month,Yes,Electronic check,82.56,4223.67,1
3261-['H' 'A' 'B' 'O' 'T'],Female,0,Yes,Yes,48,Yes,Yes,No,No,No,No,No,No,No,One year,Yes,Credit card (automatic),45.23,2160.7,0
7843-['R' 'K' 'Y' 'J' 'X'],Male,0,Yes,No,55,Yes,No,No,No,No,No,No,No,No,Month-to-month,Yes,Electronic check,37.53,2066.14,0
2667-['E' 'D' 'M' 'Y' 'M'],Female,0,Yes,Yes,69,Yes,No,DSL,No,Yes,Yes,No,Yes,No,Month-to-month,Yes,Electronic check,79.92,5524.93,1
2425-['X' 'B' 'P' 'A' 'Z'],Male,0,Yes,No,29,Yes,No,No,No,No,No,No,No,No,Month-to-month,Yes,Electronic check,36.51,1048.09,0
2490-['I' 'C' 'Y' 'G' 'J'],Female,0,No,No,54,No,No,Fiber optic,Yes,Yes,No,Yes,No,Yes,One year,Yes,Bank transfer (automatic),86.46,4688.73,0
1832-['J' 'U' 'I' 'O' 'O'],Male,0,Yes,No,27,Yes,Yes,Fiber optic,Yes,No,No,No,No,No,Month-to-month,No,Credit card (automatic),87.25,2355.46,0
1440-['E' 'I' 'Z' 'V' 'I'],Male,0,Yes,No,50,Yes,Yes,DSL,Yes,No,No,Yes,Yes,Yes,Two year,Yes,Bank transfer (automatic),102.61,5125.89,0
6190-['X' 'W' 'L' 'Y' 'I'],Male,0,Yes,No,26,Yes,Yes,Fiber optic,Yes,No,No,No,Yes,No,One year,No,Electronic check,94.96,2475.73,1
4262-['I' 'Q' 'A' 'S' 'F'],Male,0,No,No,51,Yes,No,No,No,No,No,No,No,No,Month-to-month,Yes,Electronic check,36.79,1875.27,1
8972-['B' 'I' 'Z' 'N' 'D'],Female,0,No,No,33,Yes,No,DSL,No,No,No,Yes,No,Yes,Month-to-month,No,Electronic check,72.2,2393.05,1
6539-['U' 'O' 'H' 'Z' 'D'],Female,0,No,No,31,Yes,No,DSL,No,No,Yes,No,Yes,No,One year,Yes,Electronic check,76.1,2352.63,0
8727-['U' 'D' 'P' 'V' 'L'],Female,1,No,No,43,Yes,No,Fiber optic,No,No,Yes,Yes,No,No,Month-to-month,Yes,Bank transfer (automatic),84.9,3669.93,1
1818-['H' 'F' 'J' 'E' 'R'],Female,0,No,Yes,3,Yes,No,DSL,Yes,Yes,No,No,Yes,Yes,Month-to-month,Yes,Mailed check,86.5,267.88,1
6641-['J' 'G' 'R' 'A' 'G'],Male,0,Yes,Yes,47,Yes,No,Fiber optic,No,No,No,No,Yes,Yes,Two year,Yes,Electronic check,94.16,4422.44,0
8232-['O' 'D' 'T' 'J' 'W'],Male,0,Yes,No,15,Yes,Yes,DSL,No,No,No,Yes,Yes,No,One year,No,Mailed check,83.28,1243.78,0
7523-['N' 'P' 'A' 'B' 'G'],Female,1,No,Yes,59,Yes,No,No,No,No,No,No,No,No,Month-to-month,No,Mailed check,35.82,2113.21,0
9974-['Q' 'W' 'P' 'M' 'K'],Female,1,No,No,46,Yes,No,Fiber optic,No,Yes,Yes,Yes,Yes,No,Month-to-month,Yes,Electronic check,99.83,4592.11,1
3956-['N' 'K' 'J' 'C' 'Q'],Female,1,No,No,14,Yes,Yes,DSL,No,Yes,Yes,No,No,Yes,Month-to-month,No,Electronic check,89.63,1262.52,1
7458-['R' 'E' 'F' 'Q' 'K'],Female,0,No,No,55,Yes,No,DSL,No,No,Yes,No,No,Yes,Month-to-month,No,Credit card (automatic),74.71,4099.24,1
4091-['P' 'I' 'B' 'E' 'A'],Female,1,No,Yes,15,Yes,Yes,DSL,No,No,No,Yes,No,No,Two year,Yes,Bank transfer (automatic),73.1,1108.75,0
4203-['D' 'V' 'Z' 'Y' 'C'],Male,0,No,No,0,Yes,No,Fiber optic,No,No,No,No,No,No,Two year,No,Electronic check,72.98,0.0,1
8382-['L' 'J' 'B' 'K' 'J'],Male,0,No,No,24,No,No,DSL,No,No,No,No,Yes,Yes,Month-to-month,Yes,Electronic check,65.55,1573.36,0
4349-['F' 'R' 'B' 'B' 'J'],Female,1,Yes,No,63,No,No,Fiber optic,No,Yes,No,No,No,No,Month-to-month,No,Bank transfer (automatic),65.5,4122.13,1
1583-['P' 'R' 'M' 'O' 'U'],Female,0,Yes,No,42,No,No,No,No,No,No,No,No,No,Month-to-month,No,Electronic check,20.18,850.0,0
8083-['H' 'J' 'N' 'E' 'R'],Male,0,No,No,13,Yes,Yes,No,No,No,No,No,No,No,Month-to-month,No,Bank transfer (automatic),42.79,547.06,0
6285-['K' 'U' 'K' 'T' 'T'],Female,0,Yes,No,47,Yes,No,Fiber optic,Yes,No,No,No,Yes,Yes,Month-to-month,Yes,Mailed check,99.54,4684.3,1
1788-['R' 'Y' 'R' 'J' 'B'],Female,0,Yes,No,67,No,No,Fiber optic,Yes,No,Yes,Yes,Yes,No,Month-to-month,Yes,Electronic check,83.11,5564.21,1
6273-['I' 'N' 'S' 'J' 'W'],Male,0,Yes,Yes,13,Yes,No,Fiber optic,No,No,No,No,No,Yes,Month-to-month,No,Electronic check,85.55,1115.84,0
8612-['F' 'N' 'D' 'Z' 'O'],Male,0,Yes,No,14,Yes,No,DSL,No,No,Yes,No,No,No,Two year,Yes,Electronic check,62.78,871.25,0
5240-['S' 'S' 'Q' 'F' 'K'],Male,0,No,Yes,16,Yes,Yes,Fiber optic,No,No,Yes,No,No,No,Two year,No,Electronic check,89.46,1447.98,0
5047-['Y' 'H' 'K' 'G' 'Z'],Female,0,No,No,51,No,No,No,No,No,No,No,No,No,Month-to-month,Yes,Credit card (automatic),22.0,1115.58,0
5663-['V' 'Y' 'S' 'Z' 'J'],Female,0,No,No,9,Yes,Yes,No,No,No,No,No,No,No,One year,No,Electronic check,48.89,438.18,0
1680-['D' 'W' 'O' 'M' 'Y'],Male,0,No,Yes,16,Yes,No,Fiber optic,Yes,Yes,No,No,Yes,No,Month-to-month,Yes,Credit card (automatic),96.61,1536.29,1
9001-['B' 'P' 'I' 'M' 'C'],Female,0,Yes,Yes,7,Yes,Yes,DSL,No,Yes,Yes,No,No,No,Month-to-month,No,Mailed check,76.74,543.19,1
9872-['M' 'U' 'V' 'B' 'H'],Female,0,Yes,No,1,Yes,No,Fiber optic,No,No,No,No,Yes,No,One year,No,Credit card (automatic),88.04,89.86,1
5922-['I' 'P' 'B' 'F' 'V'],Female,1,No,No,55,Yes,No,Fiber optic,Yes,No,No,No,Yes,No,One year,Yes,Mailed check,85.87,4726.57,0
7521-['E' 'I' 'A' 'I' 'J'],Female,0,Yes,No,64,Yes,Yes,Fiber optic,No,No,No,No,No,Yes,One year,No,Electronic check,94.84,6058.05,0
3486-['D' 'C' 'J' 'O' 'K'],Female,0,No,No,54,Yes,No,Fiber optic,Yes,No,Yes,Yes,No,No,Month-to-month,No,Mailed check,90.15,4852.39,0
3317-['F' 'L' 'M' 'Q' 'P'],Male,1,No,No,68,Yes,No,DSL,Yes,Yes,No,Yes,No,No,Month-to-month,No,Credit card (automatic),74.34,5041.91,0
8842-['B' 'K' 'I' 'C' 'R'],Female,0,Yes,Yes,72,Yes,No,DSL,No,Yes,Yes,No,Yes,Yes,Month-to-month,No,Electronic check,89.3,6438.31,1
2293-['B' 'Q' 'V' 'Z' 'H'],Male,0,Yes,Yes,35,Yes,Yes,DSL,No,Yes,No,No,Yes,Yes,Month-to-month,Yes,Mailed check,94.3,3307.67,0
8849-['Z' 'R' 'Y' 'S' 'H'],Male,0,Yes,No,8,Yes,Yes,No,No,No,No,No,No,No,Month-to-month,No,Credit card (automatic),42.55,344.68,1
6255-['C' 'C' 'L' 'V' 'Q'],Female,0,Yes,No,13,Yes,Yes,Fiber optic,No,No,No,Yes,No,Yes,Month-to-month,No,Credit card (automatic),99.94,1298.56,1
5323-['Q' 'N' 'S' 'I' 'U'],Male,0,Yes,No,21,Yes,Yes,DSL,No,No,Yes,No,No,Yes,Month-to-month,Yes,Electronic check,84.34,1752.38,1
8844-['K' 'T' 'C' 'U' 'O'],Male,0,No,No,15,No,No,Fiber optic,Yes,No,No,No,No,Yes,Month-to-month,No,Electronic check,75.73,1127.17,0
5810-['T' 'H' 'D' 'L' 'H'],Female,0,No,No,40,Yes,No,Fiber optic,No,No,Yes,No,Yes,Yes,Month-to-month,Yes,Mailed check,98.66,3953.16,1
1869-['O' 'L' 'P' 'P' 'U'],Male,0,Yes,No,66,Yes,No,Fiber optic,No,No,No,No,Yes,No,Month-to-month,No,Credit card (automatic),82.58,5444.26,0
9627-['T' 'D' 'K' 'M' 'I'],Female,0,No,No,27,Yes,No,No,No,No,No,No,No,No,Two year,No,Electronic check,34.9,938.25,0
4587-['L' 'I' 'M' 'P' 'Z'],Female,0,Yes,Yes,28,Yes,No,DSL,No,No,Yes,Yes,No,No,Two year,No,Electronic check,68.83,1927.43,0
9297-['M' 'G' 'Z' 'S' 'X'],Male,0,Yes,No,64,Yes,Yes,No,No,No,No,No,No,No,Month-to-month,Yes,Mailed check,45.73,2943.42,0
8024-['M' 'M' 'Z' 'U' 'B'],Female,0,No,No,27,Yes,Yes,No,No,No,No,No,No,No,One year,No,Electronic check,47.11,1286.27,0
4849-['V' 'M' 'Z' 'I' 'A'],Male,0,No,No,31,Yes,Yes,Fiber optic,Yes,Yes,Yes,No,No,No,Month-to-month,No,Electronic check,99.82,3091.57,1
9333-['P' 'T' 'O' 'A' 'Q'],Male,0,No,No,51,Yes,No,No,No,No,No,No,No,No,Month-to-month,No,Credit card (automatic),35.46,1812.83,0
8325-['M' 'O' 'P' 'P' 'B'],Female,1,No,No,10,Yes,No,DSL,Yes,No,No,No,No,No,Two year,No,Electronic check,64.06,632.13,1
9234-['H' 'T' 'C' 'L' 'T'],Female,0,No,No,25,Yes,No,DSL,Yes,No,No,No,No,Yes,Month-to-month,Yes,Electronic check,71.74,1804.51,0
8631-['U' 'Q' 'K' 'Q' 'S'],Female,0,No,No,30,No,No,Fiber optic,No,No,No,Yes,No,Yes,One year,Yes,Electronic check,75.91,2292.85,1
8413-['A' 'L' 'O' 'R' 'W'],Female,0,No,Yes,19,Yes,Yes,No,No,No,No,No,No,No,Month-to-month,Yes,Mailed check,45.39,842.22,1
5701-['A' 'M' 'O' 'G' 'O'],Female,0,No,No,68,Yes,No,DSL,Yes,Yes,No,No,Yes,Yes,Month-to-month,No,Credit card (automatic),91.78,6246.17,0
5083-['J' 'N' 'F' 'N' 'X'],Female,0,Yes,Yes,40,Yes,No,Fiber optic,No,No,No,Yes,No,No,Month-to-month,Yes,Electronic check,80.51,3225.03,1
3296-['V' 'L' 'K' 'Y' 'T'],Female,0,No,No,66,Yes,No,No,No,No,No,No,No,No,Two year,No,Credit card (automatic),32.1,2128.46,0
9853-['T' 'A' 'H' 'Y' 'N'],Female,0,Yes,No,43,Yes,No,DSL,Yes,Yes,Yes,Yes,No,No,Month-to-month,No,Credit card (automatic),77.01,3317.68,0
6985-['Y' 'W' 'E' 'W' 'Y'],Female,0,Yes,No,59,Yes,Yes,DSL,No,Yes,No,No,No,Yes,Two year,Yes,Mailed check,85.46,5019.96,0
2543-['P' 'V' 'P' 'M' 'T'],Female,0,Yes,No,6,Yes,Yes,Fiber optic,Yes,No,Yes,No,No,Yes,Month-to-month,Yes,Credit card (automatic),101.09,609.13,1
6902-['A' 'V' 'C' 'F' 'V'],Male,0,No,No,53,Yes,No,Fiber optic,Yes,No,No,Yes,No,No,Two year,Yes,Mailed check,81.12,4306.75,0
9529-['C' 'J' 'Q' 'G' 'O'],Male,0,Yes,No,62,Yes,No,DSL,Yes,No,No,Yes,No,Yes,Two year,No,Electronic check,76.43,4731.89,0
1730-['Y' 'K' 'Q' 'E' 'G'],Female,0,Yes,Yes,12,Yes,No,No,No,No,No,No,No,No,Month-to-month,Yes,Credit card (automatic),36.41,427.92,1
3130-['Y' 'X' 'O' 'C' 'O'],Female,0,Yes,Yes,32,No,No,Fiber optic,No,Yes,No,No,No,No,Two year,Yes,Mailed check,63.6,2026.78,0
3916-['W' 'L' 'T' 'E' 'C'],Female,0,No,No,6,Yes,No,Fiber optic,Yes,Yes,Yes,No,Yes,Yes,Month-to-month,Yes,Mailed check,110.39,676.67,1
7265-['I' 'G' 'Z' 'B' 'W'],Female,0,Yes,Yes,29,No,No,No,No,No,No,No,No,No,Two year,No,Bank transfer (automatic),21.52,612.7,0
3810-['U' 'P' 'I' 'M' 'S'],Female,0,No,No,10,Yes,Yes,Fiber optic,Yes,Yes,No,No,No,No,Two year,No,Electronic check,95.42,945.95,0
8999-['T' 'Q' 'F' 'D' 'A'],Male,0,No,No,69,Yes,Yes,Fiber optic,Yes,No,No,No,No,No,Month-to-month,No,Electronic check,94.33,6518.47,1
6310-['S' 'I' 'M' 'H' 'W'],Female,0,Yes,No,20,Yes,Yes,Fiber optic,No,No,No,No,No,Yes,One year,Yes,Electronic check,92.71,1858.58,1
9812-['O' 'K' 'L' 'N' 'D'],Female,0,No,No,31,Yes,No,Fiber optic,Yes,Yes,No,No,Yes,No,Month-to-month,No,Mailed check,98.36,3061.34,1
5512-['X' 'D' 'S' 'I' 'J'],Male,0,Yes,No,4,Yes,No,DSL,Yes,No,No,No,No,Yes,One year,No,Mailed check,78.8,329.76,0
2379-['T' 'I' 'M' 'L' 'K'],Female,1,Yes,No,34,Yes,Yes,DSL,No,No,No,Yes,No,Yes,Month-to-month,Yes,Credit card (automatic),86.6,2946.59,1
8819-['R' 'L' 'P' 'E' 'T'],Female,1,No,No,46,Yes,Yes,No,No,No,No,No,No,No,Month-to-month,No,Bank transfer (automatic),43.77,2021.34,0
9459-['U' 'Y' 'K' 'I' 'R'],Male,0,No,No,11,Yes,No,Fiber optic,No,Yes,No,No,Yes,No,Month-to-month,No,Bank transfer (automatic),91.12,991.49,1
2725-['Y' 'C' 'T' 'Q' 'N'],Female,0,Yes,Yes,36,Yes,Yes,DSL,Yes,No,No,Yes,Yes,Yes,Month-to-month,No,Electronic check,102.92,3697.22,0
2232-['Y' 'H' 'E' 'E' 'I'],Female,0,No,No,43,Yes,No,Fiber optic,No,No,Yes,Yes,Yes,Yes,Two year,Yes,Bank transfer (automatic),106.47,4577.83,0
9338-['W' 'I' 'V' 'R' 'P'],Male,0,Yes,No,21,Yes,No,DSL,No,No,No,Yes,Yes,No,One year,No,Electronic check,72.94,1550.91,1
9480-['B' 'N' 'N' 'A' 'Z'],Female,0,No,No,10,Yes,Yes,No,No,No,No,No,No,No,Month-to-month,Yes,Mailed check,43.12,424.91,1
2721-['Y' 'P' 'O' 'Z' 'O'],Male,0,No,No,54,Yes,Yes,DSL,No,No,No,Yes,Yes,No,Month-to-month,Yes,Bank transfer (automatic),85.33,4593.81,0
2195-['P' 'N' 'X' 'O' 'W'],Female,0,Yes,No,9,Yes,No,DSL,No,No,No,Yes,Yes,No,One year,Yes,Credit card (automatic),76.86,690.03,1
2306-['J' 'C' 'W' 'Q' 'H'],Male,0,No,No,41,Yes,Yes,Fiber optic,No,Yes,No,No,No,Yes,Two year,No,Credit card (automatic),103.42,4255.9,0
1909-['U' 'J' 'A' 'D' 'A'],Male,0,Yes,No,54,Yes,Yes,No,No,No,No,No,No,No,One year,No,Electronic check,48.02,2595.28,0
2695-['T' 'O' 'M' 'B' 'S'],Female,1,No,Yes,49,Yes,No,Fiber optic,No,No,Yes,No,Yes,No,Month-to-month,Yes,Mailed check,85.18,4191.04,1
9855-['M' 'X' 'K' 'V' 'O'],Male,0,No,No,31,Yes,No,No,No,No,No,No,No,No,Two year,Yes,Electronic check,35.13,1100.96,0
3825-['I' 'I' 'T' 'A' 'Q'],Male,0,No,Yes,67,Yes,Yes,Fiber optic,No,No,No,Yes,No,No,Month-to-month,Yes,Mailed check,85.79,5729.27,1
2789-['R' 'O' 'F' 'G' 'Q'],Female,0,Yes,No,17,Yes,Yes,Fiber optic,No,No,Yes,Yes,Yes,No,One year,Yes,Electronic check,105.68,1799.96,0
4653-['H' 'L' 'U' 'N' 'L'],Male,0,Yes,No,64,Yes,Yes,Fiber optic,Yes,Yes,No,Yes,Yes,No,Month-to-month,Yes,Mailed check,109.79,7016.24,0
6494-['J' 'V' 'T' 'O' 'G'],Male,0,No,No,24,Yes,No,Fiber optic,No,No,Yes,Yes,Yes,No,One year,Yes,Electronic check,95.81,2297.26,1
4129-['I' 'J' 'J' 'P' 'G'],Female,0,No,Yes,30,Yes,Yes,DSL,Yes,No,Yes,No,Yes,Yes,Month-to-month,No,Electronic check,98.58,2960.78,1
7811-['E' 'W' 'C' 'R' 'K'],Male,0,No,No,18,Yes,Yes,Fiber optic,No,Yes,No,No,No,No,Month-to-month,Yes,Electronic check,87.88,1585.84,1
4534-['U' 'T' 'E' 'X' 'L'],Female,0,No,No,17,Yes,No,No,No,No,No,No,No,No,Two year,Yes,Mailed check,35.38,587.95,0
2774-['I' 'G' 'J' 'W' 'M'],Male,0,No,No,67,No,No,Fiber optic,Yes,No,No,No,No,No,One year,No,Electronic check,66.34,4434.65,0
4239-['L' 'V' 'X' 'S' 'Z'],Male,0,Yes,No,32,Yes,Yes,DSL,Yes,Yes,Yes,Yes,No,Yes,Month-to-month,Yes,Electronic check,99.03,3155.4,0
7361-['A' 'P' 'V' 'Q' 'Y'],Male,0,Yes,No,69,No,No,DSL,Yes,Yes,Yes,Yes,No,Yes,One year,Yes,Electronic check,73.23,5050.31,0
8741-['R' 'K' 'R' 'G' 'R'],Male,0,No,No,6,Yes,No,Fiber optic,Yes,No,Yes,No,Yes,No,Two year,No,Electronic check,95.48,554.16,0
7981-['G' 'W' 'V' 'J' 'K'],Female,0,Yes,Yes,0,Yes,No,DSL,Yes,Yes,No,No,No,No,One year,No,Electronic check,67.92,0.0,1
1364-['I' 'G' 'I' 'M' 'Z'],Male,0,No,No,58,Yes,Yes,DSL,No,No,Yes,No,Yes,No,Month-to-month,No,Electronic check,83.82,4851.63,0
9160-['U' 'T' 'B' 'Y' 'C'],Female,0,Yes,No,33,Yes,No,Fiber optic,No,Yes,No,No,Yes,Yes,One year,No,Mailed check,101.56,3357.61,1
1773-['M' 'U' 'A' 'T' 'S'],Female,0,No,No,51,Yes,No,Fiber optic,Yes,No,Yes,Yes,No,Yes,Month-to-month,No,Mailed check,97.54,4959.04,1
6344-['U' 'V' 'B' 'O' 'N'],Male,0,No,No,10,No,No,Fiber optic,No,No,Yes,No,No,Yes,One year,Yes,Electronic check,76.26,783.06,1
7802-['K' 'O' 'F' 'T' 'I'],Female,1,Yes,No,7,No,No,DSL,No,Yes,No,No,Yes,No,Month-to-month,No,Credit card (automatic),62.92,440.19,1
8012-['T' 'B' 'F' 'Z' 'R'],Male,0,No,Yes,52,Yes,No,Fiber optic,Yes,No,No,No,Yes,No,Month-to-month,Yes,Mailed check,89.45,4658.43,0
1603-['W' 'S' 'I' 'U' 'X'],Female,0,No,Yes,14,Yes,Yes,Fiber optic,No,No,Yes,Yes,No,Yes,Month-to-month,Yes,Mailed check,104.82,1464.02,1
4770-['F' 'N' 'Z' 'X' 'M'],Male,0,Yes,No,27,Yes,No,Fiber optic,No,No,Yes,No,No,No,Month-to-month,Yes,Electronic check,82.17,2205.76,0
9978-['U' 'Z' 'S' 'X' 'Z'],Female,0,No,Yes,13,Yes,No,No,No,No,No,No,No,No,Month-to-month,No,Mailed check,33.73,448.61,0
4756-['N' 'X' 'R' 'L' 'D'],Female,0,Yes,No,57,Yes,No,DSL,No,No,Yes,No,No,Yes,One year,No,Mailed check,74.57,4243.62,0
6392-['D' 'L' 'M' 'D' 'J'],Male,0,No,No,56,No,No,No,No,No,No,No,No,No,Two year,Yes,Mailed check,18.25,1020.94,0
6086-['C' 'O' 'B' 'Y' 'Y'],Male,1,Yes,Yes,51,Yes,Yes,Fiber optic,No,No,Yes,No,No,No,Month-to-month,No,Electronic check,91.42,4642.22,1
7576-['F' 'Z' 'H' 'C' 'Y'],Female,0,No,No,36,Yes,No,Fiber optic,No,No,No,No,Yes,No,Two year,No,Credit card (automatic),85.73,3102.92,0
8313-['V' 'A' 'P' 'G' 'C'],Female,0,Yes,No,1,Yes,No,Fiber optic,No,No,No,No,Yes,Yes,Two year,No,Electronic check,96.85,94.62,1
4574-['D' 'I' 'E' 'S' 'O'],Female,0,No,Yes,33,Yes,No,Fiber optic,Yes,Yes,Yes,Yes,No,No,One year,Yes,Bank transfer (automatic),96.38,3184.91,0
9741-['R' 'S' 'X' 'O' 'Z'],Female,1,No,No,33,Yes,Yes,DSL,No,No,No,Yes,Yes,No,One year,No,Electronic check,82.89,2748.41,0
6769-['F' 'N' 'Q' 'I' 'S'],Female,0,No,No,57,Yes,No,DSL,No,No,Yes,No,No,No,One year,Yes,Credit card (automatic),68.34,3896.33,0
5893-['E' 'W' 'G' 'S' 'T'],Female,1,No,No,72,Yes,Yes,DSL,Yes,No,No,No,Yes,No,Month-to-month,Yes,Electronic check,85.44,6160.68,1
2785-['G' 'X' 'B' 'Y' 'W'],Male,1,Yes,Yes,60,Yes,No,No,No,No,No,No,No,No,One year,Yes,Electronic check,36.84,2214.55,1
8727-['M' 'H' 'F' 'F' 'I'],Male,1,No,No,53,Yes,Yes,No,No,No,No,No,No,No,One year,Yes,Mailed check,41.75,2193.99,0
5890-['K' 'E' 'Y' 'Q' 'T'],Male,1,Yes,No,66,Yes,No,DSL,No,No,Yes,Yes,No,Yes,Month-to-month,No,Bank transfer (automatic),80.66,5324.03,1
1986-['O' 'Y' 'O' 'N' 'M'],Female,1,No,No,29,No,No,Fiber optic,No,No,Yes,No,No,No,One year,Yes,Mailed check,65.18,1894.3,1
1906-['M' 'Z' 'V' 'X' 'I'],Female,0,Yes,No,58,Yes,Yes,No,No,No,No,No,No,No,Two year,No,Electronic check,43.19,2500.31,0
8939-['Q' 'N' 'X' 'R' 'K'],Male,1,No,No,57,Yes,Yes,No,No,No,No,No,No,No,Month-to-month,No,Mailed check,47.92,2728.02,1
4081-['I' 'Y' 'C' 'V' 'W'],Male,0,No,Yes,23,Yes,No,Fiber optic,Yes,Yes,No,Yes,Yes,No,Month-to-month,No,Electronic check,97.27,2228.0,0
3829-['Z' 'Y' 'O' 'B' 'X'],Male,0,No,Yes,14,Yes,No,Fiber optic,Yes,No,No,No,Yes,Yes,Month-to-month,No,Electronic check,101.84,1441.87,0
2741-['P' 'G' 'D' 'R' 'X'],Male,0,Yes,No,21,Yes,Yes,Fiber optic,No,Yes,No,No,Yes,No,Month-to-month,Yes,Electronic check,99.07,2081.96,1
2690-['E' 'F' 'G' 'O' 'Z'],Male,1,Yes,Yes,31,Yes,No,DSL,Yes,No,No,No,No,No,Month-to-month,Yes,Bank transfer (automatic),67.67,2095.49,0
2088-['X' 'D' 'Y' 'A' 'K'],Male,0,No,No,41,Yes,Yes,Fiber optic,No,No,No,Yes,Yes,No,Month-to-month,No,Mailed check,98.18,4037.86,1
5490-['J' 'Q' 'D' 'X' 'O'],Male,0,No,Yes,58,Yes,Yes,DSL,No,Yes,No,No,No,Yes,One year,Yes,Credit card (automatic),87.86,5077.33,0
9431-['U' 'M' 'I' 'K' 'K'],Male,0,Yes,No,54,Yes,No,Fiber optic,No,No,Yes,No,Yes,Yes,One year,Yes,Bank transfer (automatic),99.68,5381.38,1
5725-['F' 'M' 'V' 'X' 'V'],Female,0,No,Yes,4,Yes,Yes,DSL,No,No,No,Yes,No,Yes,Month-to-month,No,Mailed check,84.95,343.46,1
8002-['R' 'T' 'N' 'O' 'Z'],Male,0,No,Yes,40,Yes,Yes,Fiber optic,Yes,Yes,No,No,Yes,No,Month-to-month,No,Credit card (automatic),105.66,4227.71,0
5537-['D' 'B' 'G' 'J' 'P'],Male,0,No,No,56,Yes,No,No,No,No,No,No,No,No,Month-to-month,Yes,Credit card (automatic),35.02,1971.09,0
1713-['R' 'Q' 'U' 'M' 'A'],Male,1,Yes,Yes,52,Yes,Yes,Fiber optic,No,Yes,Yes,No,Yes,Yes,Month-to-month,Yes,Mailed check,114.45,5935.69,1
9768-['O' 'A' 'F' 'Y' 'Z'],Female,0,No,Yes,37,No,No,Fiber optic,No,Yes,No,No,No,Yes,One year,Yes,Bank transfer (automatic),75.13,2774.22,1
9652-['A' 'E' 'I' 'Y' 'Q'],Male,0,No,No,0,Yes,Yes,Fiber optic,Yes,Yes,Yes,No,Yes,No,One year,Yes,Bank transfer (automatic),111.53,0.0,0
6167-['H' 'Q' 'O' 'X' 'A'],Female,0,Yes,Yes,59,Yes,Yes,Fiber optic,No,No,No,No,Yes,Yes,Month-to-month,Yes,Mailed check,103.88,6130.27,0
7411-['E' 'X' 'F' 'Y' 'A'],Female,1,Yes,No,45,Yes,No,Fiber optic,No,No,Yes,Yes,No,No,Month-to-month,No,Bank transfer (automatic),84.28,3798.06,1
1256-['J' 'J' 'C' 'Q' 'S'],Female,0,No,No,3,Yes,No,DSL,No,Yes,Yes,No,Yes,No,One year,Yes,Mailed check,80.75,220.87,0
3460-['R' 'B' 'I' 'X' 'Q'],Female,0,Yes,No,14,Yes,Yes,No,No,No,No,No,No,No,One year,Yes,Electronic check,44.54,608.88,0
5515-['Q' 'Q' 'L' 'T' 'R'],Female,0,Yes,No,11,Yes,Yes,DSL,Yes,Yes,Yes,Yes,No,No,Two year,No,Electronic check,90.98,1011.0,0
7786-['K' 'Y' 'R' 'D' 'Q'],Male,0,Yes,No,0,Yes,No,No,No,No,No,No,No,No,Month-to-month,Yes,Bank transfer (automatic),35.32,0.0,1
8345-['E' 'N' 'J' 'O' 'A'],Male,0,No,Yes,29,Yes,No,Fiber optic,Yes,No,Yes,Yes,No,No,One year,No,Mailed check,90.06,2620.82,0
5943-['K' 'W' 'T' 'F' 'X'],Female,0,Yes,Yes,5,Yes,No,Fiber optic,No,Yes,No,Yes,No,Yes,One year,Yes,Electronic check,93.33,467.16,0
1636-['V' 'P' 'B' 'A' 'X'],Female,1,Yes,Yes,72,Yes,Yes,DSL,No,No,Yes,No,Yes,No,Month-to-month,No,Bank transfer (automatic),86.97,6249.9,0
1712-['V' 'L' 'Q' 'Y' 'O'],Female,0,No,Yes,49,Yes,Yes,Fiber optic,No,No,No,No,No,Yes,One year,No,Electronic check,94.7,4646.63,1
8773-['S' 'V' 'J' 'Z' 'L'],Female,0,Yes,No,1,Yes,Yes,DSL,Yes,Yes,No,Yes,Yes,Yes,One year,No,Credit card (automatic),107.2,108.02,1
7957-['I' 'M' 'C' 'U' 'N'],Female,1,No,Yes,5,Yes,Yes,No,No,No,No,No,No,No,Two year,Yes,Electronic check,41.85,209.42,0
8939-['T' 'W' 'Y' 'K' 'P'],Male,0,Yes,Yes,37,Yes,Yes,DSL,Yes,No,No,No,Yes,Yes,One year,Yes,Mailed check,94.27,3492.74,1
2845-['W' 'Q' 'M' 'K' 'C'],Female,0,No,No,17,Yes,Yes,DSL,No,No,No,Yes,Yes,Yes,Two year,Yes,Electronic check,96.65,1632.75,1
2509-['V' 'U' 'K' 'P' 'S'],Female,0,No,No,18,Yes,Yes,DSL,No,Yes,No,Yes,No,No,Two year,No,Mailed check,82.33,1471.74,0
8714-['D' 'P' 'P' 'U' 'Z'],Female,0,No,No,27,Yes,Yes,Fiber optic,No,No,No,No,No,No,Month-to-month,Yes,Mailed check,85.73,2287.55,1
4960-['D' 'S' 'Z' 'Q' 'M'],Male,0,No,Yes,11,Yes,No,Fiber optic,No,Yes,Yes,Yes,Yes,Yes,Two year,Yes,Mailed check,113.7,1244.89,0
8833-['V' 'W' 'Z' 'X' 'A'],Male,0,Yes,No,51,Yes,No,DSL,No,Yes,No,Yes,Yes,No,Month-to-month,Yes,Bank transfer (automatic),82.87,4226.35,0
4499-['D' 'K' 'E' 'B' 'Q'],Male,0,No,Yes,57,Yes,No,No,No,No,No,No,No,No,One year,Yes,Mailed check,37.47,2138.92,0
7823-['F' 'U' 'I' 'M' 'K'],Female,1,No,No,21,Yes,Yes,Fiber optic,Yes,No,No,No,Yes,No,Month-to-month,Yes,Bank transfer (automatic),101.15,2149.52,1
2025-['J' 'L' 'H' 'K' 'J'],Female,0,No,Yes,44,Yes,No,Fiber optic,No,Yes,No,No,Yes,Yes,Two year,Yes,Electronic check,102.25,4482.37,0
8372-['Y' 'Q' 'G' 'X' 'C'],Male,0,Yes,No,61,Yes,No,DSL,Yes,Yes,No,No,Yes,Yes,One year,No,Mailed check,88.12,5377.98,0
4741-['T' 'M' 'S' 'G' 'I'],Male,0,No,No,41,Yes,Yes,DSL,Yes,No,No,No,No,Yes,One year,Yes,Electronic check,86.81,3556.77,0
4026-['M' 'V' 'H' 'V' 'R'],Male,0,No,Yes,66,Yes,No,DSL,No,No,Yes,No,Yes,No,One year,No,Mailed check,74.46,4921.72,0
3620-['W' 'B' 'R' 'R' 'K'],Female,0,No,No,8,Yes,No,DSL,No,No,Yes,No,Yes,Yes,Month-to-month,No,Mailed check,83.6,656.29,1
4872-['N' 'P' 'K' 'A' 'G'],Female,0,No,Yes,63,Yes,Yes,No,No,No,No,No,No,No,Month-to-month,No,Bank transfer (automatic),45.35,2870.95,0
5092-['P' 'N' 'O' 'N' 'U'],Male,0,No,Yes,14,Yes,No,Fiber optic,No,No,No,No,No,No,Month-to-month,Yes,Electronic check,72.37,1033.81,1
3666-['P' 'S' 'Q' 'Z' 'F'],Male,0,Yes,Yes,29,Yes,No,Fiber optic,No,Yes,No,No,No,No,Two year,Yes,Electronic check,81.45,2376.46,0
4888-['I' 'R' 'Q' 'L' 'W'],Female,1,Yes,No,25,Yes,Yes,DSL,No,No,No,No,No,No,Month-to-month,Yes,Bank transfer (automatic),71.95,1792.37,1
1565-['V' 'E' 'K' 'D' 'D'],Male,0,Yes,Yes,68,Yes,Yes,Fiber optic,No,No,No,Yes,Yes,Yes,Two year,Yes,Mailed check,110.17,7502.43,0
6890-['Z' 'X' 'W' 'Y' 'Q'],Female,1,No,Yes,21,Yes,Yes,Fiber optic,Yes,No,No,Yes,No,No,One year,Yes,Credit card (automatic),95.97,2010.1,0
3982-['Z' 'D' 'W' 'M' 'L'],Male,0,Yes,No,53,Yes,No,DSL,No,No,No,No,Yes,Yes,Month-to-month,Yes,Electronic check,83.81,4443.84,0
3580-['S' 'U' 'T' 'R' 'K'],Female,0,Yes,No,57,Yes,No,DSL,Yes,Yes,Yes,No,Yes,Yes,One year,Yes,Bank transfer (automatic),91.12,5179.72,0
5019-['C' 'Q' 'L' 'J' 'H'],Female,0,No,No,52,Yes,Yes,Fiber optic,No,No,Yes,No,No,No,Two year,No,Electronic check,90.99,4737.35,1
4022-['E' 'D' 'Z' 'U' 'T'],Male,1,Yes,No,18,Yes,No,DSL,Yes,Yes,No,No,No,No,Month-to-month,Yes,Mailed check,68.69,1221.97,1
2074-['U' 'D' 'O' 'Q' 'L'],Female,0,Yes,Yes,33,Yes,Yes,Fiber optic,No,Yes,No,Yes,Yes,Yes,Month-to-month,Yes,Electronic check,114.43,3795.51,1
2986-['J' 'O' 'J' 'X' 'W'],Female,0,Yes,No,13,Yes,No,No,No,No,No,No,No,No,Two year,No,Mailed check,34.81,436.72,0
3176-['C' 'U' 'Z' 'L' 'A'],Male,0,Yes,No,21,Yes,No,Fiber optic,No,Yes,No,Yes,No,Yes,Month-to-month,No,Bank transfer (automatic),92.43,1930.59,1
8234-['E' 'S' 'Y' 'A' 'D'],Female,0,Yes,Yes,12,No,No,Fiber optic,No,Yes,No,No,No,Yes,One year,Yes,Electronic check,75.1,899.86,1
5284-['Z' 'Z' 'D' 'Q' 'N'],Male,1,No,No,63,Yes,Yes,No,No,No,No,No,No,No,Month-to-month,Yes,Credit card (automatic),43.18,2729.11,1
7129-['A' 'V' 'P' 'C' 'W'],Female,0,No,No,55,Yes,Yes,Fiber optic,No,Yes,No,Yes,No,No,Month-to-month,No,Electronic check,94.33,5195.72,1
8400-['W' 'D' 'U' 'E' 'K'],Male,0,Yes,Yes,71,Yes,Yes,DSL,Yes,Yes,Yes,Yes,Yes,No,Two year,Yes,Bank transfer (automatic),100.54,7126.98,0
6241-['C' 'F' 'X' 'K' 'I'],Female,0,No,No,41,Yes,No,DSL,No,No,Yes,No,No,Yes,Month-to-month,No,Electronic check,74.47,3044.67,1
3588-['O' 'W' 'C' 'A' 'T'],Female,0,No,No,65,Yes,Yes,DSL,No,Yes,No,No,No,No,Two year,Yes,Electronic check,75.4,4885.12,0
4218-['N' 'Q' 'V' 'N' 'Q'],Male,1,Yes,No,62,Yes,Yes,Fiber optic,No,No,Yes,Yes,No,Yes,Month-to-month,Yes,Electronic check,108.7,6749.46,0
8034-['N' 'L' 'P' 'A' 'M'],Male,0,Yes,Yes,41,Yes,No,DSL,No,No,No,No,Yes,Yes,Month-to-month,Yes,Mailed check,75.75,3096.96,1
5150-['S' 'F' 'G' 'A' 'A'],Female,0,No,No,33,Yes,Yes,Fiber optic,No,No,Yes,No,Yes,Yes,Two year,Yes,Credit card (automatic),104.95,3464.39,1
7468-['F' 'P' 'Y' 'P' 'N'],Male,0,No,Yes,28,Yes,No,No,No,No,No,No,No,No,Month-to-month,No,Mailed check,30.79,876.96,1
1864-['M' 'T' 'J' 'X' 'J'],Male,0,Yes,Yes,25,Yes,No,No,No,No,No,No,No,No,Month-to-month,Yes,Bank transfer (automatic),35.54,888.26,0
6672-['M' 'C' 'R' 'T' 'B'],Female,0,No,No,22,Yes,No,Fiber optic,No,No,Yes,No,Yes,No,Month-to-month,Yes,Mailed check,89.16,1942.7,1
4483-['S' 'W' 'M' 'M' 'A'],Male,0,No,Yes,35,Yes,No,No,No,No,No,No,No,No,Month-to-month,Yes,Bank transfer (automatic),33.38,1169.73,1
4041-['A' 'X' 'E' 'X' 'C'],Female,0,No,No,8,Yes,Yes,Fiber optic,No,No,Yes,No,No,Yes,One year,No,Electronic check,97.07,770.43,1
9123-['G' 'X' 'V' 'M' 'W'],Male,1,Yes,No,41,Yes,No,DSL,Yes,No,Yes,No,Yes,No,Month-to-month,No,Credit card (automatic),76.63,3146.77,0
7429-['R' 'X' 'U' 'G' 'A'],Female,0,Yes,No,66,Yes,Yes,No,No,No,No,No,No,No,One year,Yes,Credit card (automatic),47.47,3103.51,0
7107-['H' 'O' 'T' 'D' 'B'],Male,0,Yes,No,6,Yes,No,Fiber optic,Yes,Yes,Yes,No,Yes,Yes,Month-to-month,Yes,Bank transfer (automatic),112.08,664.19,1
4012-['A' 'Y' 'E' 'F' 'B'],Female,0,No,No,22,Yes,No,DSL,No,No,No,No,Yes,Yes,Month-to-month,Yes,Electronic check,78.76,1729.31,1
5729-['Z' 'A' 'D' 'G' 'V'],Female,0,Yes,No,31,Yes,No,Fiber optic,Yes,No,Yes,No,Yes,Yes,Month-to-month,Yes,Electronic check,101.78,3151.03,1
7655-['Z' 'A' 'A' 'H' 'T'],Male,1,No,No,22,Yes,Yes,No,No,No,No,No,No,No,Month-to-month,Yes,Bank transfer (automatic),49.28,1087.89,1
1527-['U' 'M' 'W' 'X' 'Z'],Male,0,No,No,15,Yes,No,No,No,No,No,No,No,No,One year,No,Electronic check,36.88,565.77,0
6206-['R' 'T' 'J' 'L' 'A'],Female,0,Yes,No,68,Yes,Yes,Fiber optic,No,Yes,No,No,Yes,No,Month-to-month,No,Electronic check,104.01,7070.4,1
3888-['C' 'S' 'Z' 'I' 'J'],Male,0,Yes,No,12,Yes,Yes,DSL,No,Yes,No,No,No,No,One year,Yes,Mailed check,76.27,921.19,0
1690-['P' 'X' 'R' 'N' 'C'],Female,0,No,Yes,9,Yes,No,DSL,No,No,No,No,No,Yes,One year,No,Credit card (automatic),70.87,634.67,1
6873-['X' 'I' 'M' 'B' 'G'],Female,0,No,Yes,58,Yes,No,No,No,No,No,No,No,No,Two year,Yes,Electronic check,33.49,1954.33,0
4695-['U' 'S' 'Y' 'O' 'V'],Male,0,No,No,1,Yes,Yes,Fiber optic,No,Yes,No,No,No,Yes,Month-to-month,Yes,Bank transfer (automatic),99.18,93.86,1
5512-['U' 'G' 'T' 'H' 'J'],Male,0,No,Yes,51,Yes,No,Fiber optic,No,No,No,No,Yes,No,Month-to-month,Yes,Electronic check,84.54,4301.9,1
6640-['Y' 'Y' 'A' 'B' 'S'],Male,0,Yes,Yes,0,Yes,No,DSL,Yes,No,Yes,Yes,Yes,No,One year,Yes,Mailed check,83.78,0.0,0
2773-['T' 'J' 'I' 'J' 'F'],Female,0,No,No,69,Yes,Yes,Fiber optic,No,No,No,No,Yes,Yes,Month-to-month,Yes,Electronic check,105.0,7218.76,0
3576-['Y' 'F' 'D' 'T' 'C'],Male,0,No,Yes,53,Yes,No,Fiber optic,No,No,No,No,Yes,Yes,One year,Yes,Credit card (automatic),94.59,5000.09,0
6969-['Z' 'X' 'D' 'H' 'Q'],Male,0,Yes,Yes,18,Yes,No,Fiber optic,No,Yes,Yes,Yes,No,No,Month-to-month,No,Credit card (automatic),92.4,1656.77,1
1734-['E' 'M' 'Y' 'A' 'M'],Male,0,Yes,No,27,Yes,No,DSL,Yes,No,Yes,No,Yes,Yes,Month-to-month,Yes,Electronic check,92.75,2500.91,1
5099-['V' 'Z' 'X' 'N' 'C'],Female,0,Yes,No,4,Yes,No,Fiber optic,No,Yes,Yes,No,No,Yes,One year,Yes,Credit card (automatic),93.62,378.21,1
4872-['W' 'L' 'K' 'X' 'H'],Male,0,Yes,No,29,Yes,No,Fiber optic,No,No,No,Yes,No,No,Month-to-month,No,Electronic check,82.59,2394.43,1
5261-['V' 'B' 'S' 'T' 'T'],Male,0,No,No,18,Yes,No,No,No,No,No,No,No,No,Two year,No,Credit card (automatic),34.93,624.77,0
1544-['J' 'P' 'D' 'K' 'P'],Female,0,No,No,41,Yes,No,DSL,No,No,No,No,No,Yes,One year,No,Credit card (automatic),71.22,2901.11,1
4130-['T' 'A' 'P' 'S' 'U'],Male,0,Yes,Yes,24,Yes,No,No,No,No,No,No,No,No,Two year,Yes,Electronic check,32.52,763.59,0
6397-['I' 'I' 'I' 'Q' 'L'],Female,1,No,Yes,34,Yes,Yes,DSL,Yes,No,No,No,Yes,Yes,One year,Yes,Electronic check,98.41,3341.77,0
5088-['M' 'H' 'P' 'R' 'A'],Male,0,Yes,No,8,No,No,Fiber optic,Yes,No,Yes,No,No,No,One year,Yes,Mailed check,71.85,569.55,1
5299-['F' 'I' 'W' 'E' 'P'],Female,0,No,No,38,Yes,Yes,DSL,Yes,No,No,No,Yes,No,Month-to-month,Yes,Mailed check,85.54,3253.55,1
8953-['Q' 'R' 'A' 'S' 'V'],Female,0,No,Yes,55,Yes,No,No,No,No,No,No,No,No,Two year,Yes,Bank transfer (automatic),32.47,1783.39,0
2159-['C' 'Z' 'Y' 'Z' 'E'],Female,0,No,No,37,Yes,Yes,Fiber optic,No,No,No,No,No,Yes,Month-to-month,Yes,Electronic check,93.37,3451.95,1
5775-['S' 'R' 'R' 'U' 'A'],Male,0,Yes,Yes,14,Yes,Yes,Fiber optic,No,No,No,Yes,No,Yes,Month-to-month,No,Credit card (automatic),100.97,1398.98,1
7766-['R' 'Y' 'G' 'P' 'P'],Male,0,Yes,Yes,45,Yes,No,Fiber optic,No,Yes,Yes,Yes,No,Yes,Two year,Yes,Credit card (automatic),97.96,4416.45,0
8205-['I' 'G' 'N' 'K' 'U'],Female,1,Yes,No,36,Yes,Yes,Fiber optic,Yes,Yes,Yes,Yes,Yes,No,One year,No,Credit card (automatic),114.62,4133.67,1
2854-['P' 'Y' 'F' 'V' 'P'],Male,1,Yes,No,59,Yes,No,DSL,No,No,No,No,Yes,No,Month-to-month,Yes,Bank transfer (automatic),71.99,4241.97,1
7963-['P' 'L' 'Q' 'E' 'Y'],Male,0,No,No,61,Yes,Yes,No,No,No,No,No,No,No,Month-to-month,Yes,Electronic check,45.73,2779.43,0
7839-['E' 'L' 'I' 'C' 'C'],Male,0,Yes,Yes,30,Yes,Yes,Fiber optic,No,No,No,No,Yes,Yes,Two year,Yes,Credit card (automatic),101.89,3049.26,0
7176-['Y' 'V' 'R' 'X' 'L'],Female,0,No,Yes,29,Yes,No,Fiber optic,Yes,Yes,Yes,No,Yes,Yes,Two year,No,Electronic check,109.88,3175.25,1
5584-['R' 'R' 'G' 'D' 'M'],Male,1,No,No,65,Yes,No,DSL,No,No,Yes,No,Yes,No,Two year,No,Electronic check,72.69,4718.57,0
2040-['X' 'B' 'N' 'C' 'E'],Female,0,Yes,No,6,Yes,No,Fiber optic,No,No,No,No,No,Yes,One year,Yes,Electronic check,87.04,516.32,0
2677-['C' 'W' 'G' 'R' 'M'],Female,0,Yes,No,29,Yes,No,Fiber optic,No,Yes,No,Yes,No,Yes,Month-to-month,No,Bank transfer (automatic),99.92,2893.84,1
6052-['W' 'V' 'J' 'Y' 'M'],Male,0,No,No,32,Yes,Yes,Fiber optic,No,No,No,No,Yes,No,Two year,Yes,Electronic check,95.08,3035.22,0
5648-['B' 'W' 'E' 'V' 'Q'],Male,0,Yes,No,37,Yes,Yes,DSL,No,No,No,No,No,Yes,Two year,Yes,Bank transfer (automatic),81.75,3035.7,0
4683-['Q' 'I' 'T' 'B' 'X'],Female,0,Yes,No,18,No,No,Fiber optic,Yes,No,Yes,No,Yes,Yes,Month-to-month,No,Electronic check,90.05,1624.44,1
5218-['V' 'K' 'M' 'H' 'A'],Male,0,No,No,8,No,No,No,No,No,No,No,No,No,One year,No,Bank transfer (automatic),20.99,157.97,1
8632-['L' 'D' 'U' 'M' 'I'],Male,0,No,Yes,31,Yes,No,No,No,No,No,No,No,No,Month-to-month,Yes,Credit card (automatic),35.1,1084.07,0
7010-['G' 'W' 'X' 'E' 'E'],Female,0,No,No,29,Yes,Yes,DSL,No,Yes,No,No,Yes,No,One year,No,Bank transfer (automatic),81.54,2364.51,1
5637-['I' 'F' 'Y' 'S' 'P'],Male,0,No,No,5,Yes,Yes,DSL,No,Yes,Yes,No,No,No,One year,No,Electronic check,80.51,417.89,1
9457-['P' 'E' 'O' 'M' 'M'],Female,0,No,No,60,Yes,Yes,Fiber optic,Yes,Yes,No,Yes,No,No,Month-to-month,No,Bank transfer (automatic),97.43,5839.89,0
4359-['M' 'O' 'N' 'H' 'K'],Female,0,Yes,Yes,36,Yes,No,Fiber optic,No,No,Yes,Yes,Yes,No,Month-to-month,Yes,Credit card (automatic),95.32,3423.58,1
1209-['X' 'D' 'Z' 'J' 'A'],Male,0,Yes,No,70,Yes,Yes,Fiber optic,No,Yes,Yes,No,Yes,Yes,Month-to-month,Yes,Bank transfer (automatic),112.93,7910.91,1
2284-['M' 'A' 'W' 'H' 'C'],Female,1,No,No,19,Yes,No,DSL,Yes,Yes,No,Yes,No,Yes,One year,Yes,Electronic check,85.13,1623.41,1
3787-['C' 'O' 'H' 'C' 'G'],Male,0,No,No,29,No,No,Fiber optic,Yes,Yes,No,No,No,Yes,One year,No,Mailed check,80.43,2311.76,0
1849-['K' 'K' 'Q' 'F' 'H'],Male,0,No,Yes,17,No,No,Fiber optic,No,Yes,Yes,No,No,Yes,Month-to-month,Yes,Mailed check,80.64,1359.75,1
2472-['J' 'Y' 'S' 'C' 'D'],Male,0,No,No,62,Yes,Yes,No,No,No,No,No,No,No,Month-to-month,No,Electronic check,43.17,2678.13,1
8978-['O' 'A' 'I' 'K' 'S'],Female,0,No,No,60,Yes,Yes,Fiber optic,No,No,No,No,No,No,One year,Yes,Electronic check,81.63,4897.72,1
2388-['Z' 'P' 'D' 'A' 'T'],Female,1,Yes,No,56,Yes,No,DSL,No,No,Yes,Yes,Yes,Yes,Month-to-month,No,Credit card (automatic),90.62,5078.54,1
2100-['A' 'E' 'E' 'N' 'W'],Female,0,No,No,21,Yes,No,DSL,Yes,No,No,Yes,No,Yes,Month-to-month,Yes,Electronic check,84.15,1765.15,1
1781-['H' 'D' 'G' 'T' 'S'],Male,0,Yes,No,48,Yes,No,Fiber optic,No,No,No,Yes,Yes,Yes,Month-to-month,Yes,Credit card (automatic),100.55,4825.03,1
5782-['V' 'D' 'S' 'I' 'U'],Male,0,No,No,17,No,No,No,No,No,No,No,No,No,Month-to-month,Yes,Credit card (automatic),18.25,298.81,1
1502-['N' 'V' 'J' 'P' 'E'],Female,0,No,No,60,Yes,Yes,Fiber optic,Yes,Yes,Yes,No,Yes,Yes,Month-to-month,Yes,Credit card (automatic),118.75,7111.29,1
2050-['F' 'Z' 'B' 'M' 'M'],Male,0,No,No,67,Yes,No,No,No,No,No,No,No,No,Two year,No,Electronic check,36.44,2428.27,0
5018-['R' 'S' 'A' 'H' 'V'],Male,0,Yes,Yes,6,Yes,Yes,DSL,No,Yes,Yes,No,Yes,Yes,Month-to-month,No,Mailed check,100.58,595.89,1
4951-['B' 'H' 'F' 'P' 'W'],Female,0,Yes,No,6,Yes,Yes,Fiber optic,No,No,Yes,No,No,Yes,Two year,No,Mailed check,99.76,593.71,1
3634-['Q' 'W' 'S' 'K' 'H'],Female,1,No,No,64,Yes,Yes,DSL,Yes,Yes,Yes,No,Yes,No,Month-to-month,Yes,Bank transfer (automatic),92.47,5922.9,0
6955-['K' 'H' 'I' 'Z' 'B'],Female,0,Yes,Yes,39,Yes,No,DSL,Yes,No,No,No,No,Yes,Month-to-month,Yes,Electronic check,80.07,3122.06,1
3383-['F' 'U' 'U' 'Z' 'S'],Male,0,Yes,No,23,Yes,Yes,No,No,No,No,No,No,No,Month-to-month,Yes,Electronic check,44.96,1040.92,1
5635-['H' 'N' 'X' 'P' 'L'],Male,0,Yes,No,31,Yes,No,Fiber optic,Yes,No,Yes,No,No,Yes,Two year,No,Bank transfer (automatic),95.01,2954.17,0
2079-['Z' 'X' 'S' 'R' 'I'],Male,1,Yes,Yes,9,Yes,Yes,DSL,No,Yes,Yes,Yes,Yes,Yes,Month-to-month,Yes,Mailed check,106.96,978.0,1
2473-['Y' 'T' 'L' 'B' 'J'],Female,0,Yes,No,8,Yes,No,No,No,No,No,No,No,No,One year,Yes,Mailed check,34.93,281.89,0
1419-['Y' 'L' 'I' 'D' 'I'],Female,0,Yes,No,38,Yes,Yes,Fiber optic,Yes,No,Yes,Yes,No,Yes,Month-to-month,Yes,Electronic check,109.95,4197.02,0
2340-['N' 'V' 'Y' 'R' 'F'],Female,1,No,No,2,Yes,No,Fiber optic,No,Yes,No,No,No,No,Two year,Yes,Mailed check,78.36,135.46,1
2361-['T' 'P' 'O' 'P' 'H'],Female,0,No,No,68,Yes,No,DSL,Yes,Yes,Yes,No,No,Yes,One year,No,Electronic check,83.13,5646.19,0
2292-['W' 'K' 'Y' 'G' 'Q'],Male,0,No,No,6,Yes,No,No,No,No,No,No,No,No,Two year,No,Mailed check,36.07,214.05,0
9625-['V' 'W' 'S' 'Y' 'M'],Female,0,Yes,Yes,11,Yes,No,Fiber optic,No,No,No,No,Yes,Yes,Month-to-month,No,Mailed check,97.03,1049.77,1
9494-['W' 'V' 'V' 'A' 'P'],Male,0,Yes,Yes,22,No,No,No,No,No,No,No,No,No,One year,No,Mailed check,18.82,406.6,0
9953-['C' 'W' 'J' 'S' 'E'],Female,0,Yes,No,62,Yes,Yes,No,No,No,No,No,No,No,Two year,Yes,Mailed check,42.43,2636.52,0
8750-['N' 'C' 'M' 'M' 'J'],Male,0,No,No,16,Yes,Yes,DSL,No,No,No,Yes,No,Yes,Month-to-month,Yes,Mailed check,86.99,1391.72,1
1577-['F' 'H' 'D' 'Y' 'L'],Female,0,Yes,No,63,Yes,Yes,Fiber optic,Yes,Yes,Yes,No,No,Yes,Two year,No,Credit card (automatic),111.6,7025.32,0
1430-['H' 'G' 'N' 'W' 'S'],Male,1,No,Yes,64,Yes,No,DSL,No,No,No,Yes,Yes,No,Month-to-month,Yes,Bank transfer (automatic),76.12,4871.02,0
9493-['V' 'M' 'U' 'A' 'S'],Male,0,Yes,No,27,Yes,Yes,Fiber optic,No,No,No,No,No,Yes,Two year,No,Credit card (automatic),94.76,2551.5,0
9635-['A' 'D' 'J' 'C' 'T'],Female,0,Yes,No,57,Yes,Yes,Fiber optic,Yes,No,No,Yes,Yes,Yes,Month-to-month,No,Bank transfer (automatic),118.28,6746.92,1
9168-['C' 'F' 'F' 'W' 'Y'],Male,0,Yes,No,17,Yes,No,Fiber optic,Yes,No,Yes,Yes,Yes,No,Two year,Yes,Mailed check,102.19,1735.87,0
8126-['A' 'P' 'X' 'E' 'I'],Female,0,No,No,43,Yes,No,Fiber optic,No,No,Yes,No,No,Yes,One year,Yes,Bank transfer (automatic),87.75,3777.55,1
3793-['M' 'O' 'L' 'E' 'E'],Male,0,Yes,Yes,63,Yes,No,DSL,Yes,Yes,Yes,Yes,No,Yes,Two year,Yes,Bank transfer (automatic),88.44,5579.17,0
6790-['R' 'L' 'C' 'Z' 'Y'],Female,1,No,Yes,36,Yes,No,Fiber optic,No,No,No,No,Yes,No,Month-to-month,No,Bank transfer (automatic),80.98,2904.89,1
5080-['S' 'R' 'A' 'Y' 'X'],Female,0,No,No,2,Yes,No,DSL,Yes,Yes,No,No,No,No,Two year,No,Bank transfer (automatic),70.03,151.86,0
2892-['B' 'A' 'G' 'K' 'K'],Female,0,Yes,Yes,13,No,No,DSL,No,No,Yes,No,No,No,Month-to-month,Yes,Bank transfer (automatic),50.26,643.62,1
3015-['R' 'Q' 'B' 'G' 'G'],Male,1,No,Yes,6,Yes,Yes,DSL,Yes,No,Yes,No,No,No,Month-to-month,Yes,Bank transfer (automatic),81.18,482.51,1
1565-['U' 'C' 'L' 'C' 'K'],Male,0,Yes,No,16,Yes,No,DSL,Yes,Yes,No,No,No,No,One year,Yes,Bank transfer (automatic),74.04,1173.13,0
5412-['L' 'Y' 'D' 'Y' 'P'],Female,0,Yes,No,69,Yes,Yes,Fiber optic,No,Yes,No,No,Yes,No,Two year,Yes,Bank transfer (automatic),99.0,6827.83,0
7739-['R' 'D' 'V' 'F' 'U'],Male,1,Yes,Yes,38,Yes,Yes,DSL,No,Yes,No,Yes,Yes,Yes,Two year,Yes,Electronic check,101.33,3857.99,0
8342-['A' 'C' 'E' 'V' 'Q'],Female,0,Yes,Yes,4,Yes,No,DSL,No,No,Yes,No,No,No,Month-to-month,No,Mailed check,68.3,280.09,1
2741-['I' 'C' 'Z' 'M' 'C'],Male,0,Yes,No,51,Yes,Yes,DSL,Yes,No,Yes,Yes,No,Yes,Month-to-month,No,Mailed check,95.38,4866.69,0
5023-['O' 'M' 'S' 'V' 'P'],Female,0,Yes,Yes,25,Yes,Yes,No,No,No,No,No,No,No,Month-to-month,No,Bank transfer (automatic),45.68,1149.69,1
8825-['G' 'M' 'D' 'I' 'J'],Female,0,Yes,No,38,Yes,Yes,No,No,No,No,No,No,No,Two year,Yes,Credit card (automatic),42.68,1619.03,0
1232-['G' 'O' 'H' 'S' 'K'],Female,0,No,No,44,Yes,No,Fiber optic,No,No,No,Yes,No,No,Month-to-month,No,Credit card (automatic),81.57,3578.2,1
1233-['P' 'W' 'M' 'H' 'I'],Female,0,Yes,No,30,Yes,Yes,Fiber optic,No,Yes,Yes,Yes,Yes,No,Month-to-month,No,Electronic check,113.58,3405.28,1
1889-['P' 'J' 'X' 'L' 'Y'],Female,0,Yes,Yes,22,Yes,No,No,No,No,No,No,No,No,Month-to-month,Yes,Mailed check,35.65,793.89,0
1731-['L' 'J' 'R' 'R' 'D'],Male,0,No,No,39,Yes,No,DSL,No,Yes,Yes,Yes,Yes,Yes,Month-to-month,Yes,Credit card (automatic),92.68,3624.63,1
8624-['G' 'R' 'H' 'K' 'G'],Male,1,No,No,31,Yes,No,Fiber optic,No,Yes,Yes,No,Yes,No,Two year,No,Bank transfer (automatic),92.86,2871.45,0
9232-['H' 'C' 'Q' 'B' 'O'],Male,0,No,Yes,3,Yes,Yes,DSL,Yes,No,Yes,No,No,No,Two year,No,Bank transfer (automatic),80.02,241.74,0
6229-['R' 'P' 'T' 'V' 'D'],Male,0,No,Yes,45,Yes,No,Fiber optic,No,Yes,No,No,Yes,No,Month-to-month,Yes,Bank transfer (automatic),89.95,4038.35,1
3949-['F' 'Z' 'K' 'Z' 'Q'],Female,0,No,No,41,No,No,No,No,No,No,No,No,No,Month-to-month,Yes,Electronic check,20.6,841.89,0
2115-['C' 'M' 'V' 'C' 'P'],Female,0,No,No,38,Yes,Yes,No,No,No,No,No,No,No,Month-to-month,No,Mailed check,46.54,1766.4,1
8313-['O' 'E' 'P' 'P' 'Q'],Female,0,Yes,No,69,Yes,No,Fiber optic,No,No,No,No,No,No,One year,Yes,Mailed check,74.61,5152.01,0
9090-['W' 'C' 'T' 'M' 'V'],Male,0,Yes,Yes,55,Yes,Yes,No,No,No,No,No,No,No,Month-to-month,No,Credit card (automatic),47.02,2592.07,0
6403-['G' 'F' 'I' 'L' 'O'],Female,1,No,No,46,Yes,No,DSL,Yes,Yes,No,Yes,No,Yes,One year,No,Credit card (automatic),82.03,3784.62,1
4891-['C' 'J' 'A' 'S' 'S'],Male,0,No,No,37,Yes,Yes,No,No,No,No,No,No,No,Month-to-month,No,Credit card (automatic),46.44,1694.9,1
3102-['W' 'M' 'L' 'A' 'S'],Male,1,No,No,17,Yes,Yes,No,No,No,No,No,No,No,Month-to-month,No,Bank transfer (automatic),46.95,811.74,0
2884-['X' 'P' 'Y' 'W' 'W'],Male,0,No,No,1,Yes,No,Fiber optic,Yes,Yes,No,Yes,Yes,Yes,Month-to-month,No,Mailed check,113.95,115.27,1
7747-['O' 'P' 'K' 'X' 'F'],Female,0,No,No,53,Yes,No,DSL,No,Yes,No,No,No,No,Two year,Yes,Credit card (automatic),70.06,3711.62,0
3186-['C' 'O' 'A' 'G' 'A'],Male,0,Yes,No,29,Yes,Yes,No,No,No,No,No,No,No,Month-to-month,No,Bank transfer (automatic),45.93,1321.96,0
5656-['I' 'Z' 'W' 'M' 'K'],Male,0,Yes,No,3,No,No,DSL,Yes,No,No,No,Yes,Yes,Two year,Yes,Mailed check,67.17,208.18,0
7539-['V' 'T' 'W' 'S' 'Q'],Male,0,No,Yes,6,Yes,Yes,DSL,No,No,No,Yes,No,No,Month-to-month,No,Credit card (automatic),73.24,434.29,0
3083-['C' 'A' 'R' 'U' 'O'],Male,0,No,Yes,56,Yes,Yes,Fiber optic,No,No,No,No,Yes,No,Month-to-month,No,Mailed check,94.64,5302.78,1
4751-['A' 'T' 'N' 'D' 'E'],Male,0,Yes,No,29,Yes,Yes,DSL,Yes,No,No,No,No,No,Month-to-month,Yes,Electronic check,74.16,2149.54,1
2494-['M' 'X' 'O' 'F' 'A'],Female,0,No,No,43,Yes,Yes,Fiber optic,Yes,No,Yes,No,Yes,No,One year,Yes,Mailed check,104.69,4514.01,1
9630-['S' 'M' 'F' 'O' 'P'],Male,0,No,No,28,Yes,Yes,Fiber optic,No,Yes,No,Yes,No,Yes,Month-to-month,Yes,Mailed check,103.95,2908.98,1
3198-['P' 'J' 'V' 'I' 'I'],Male,0,No,No,35,Yes,Yes,DSL,No,No,No,No,No,Yes,Month-to-month,Yes,Credit card (automatic),77.19,2714.35,1
1496-['X' 'L' 'M' 'L' 'N'],Male,0,Yes,No,47,Yes,Yes,Fiber optic,Yes,Yes,No,No,Yes,No,One year,Yes,Mailed check,104.19,4890.56,1
6065-['W' 'S' 'B' 'D' 'S'],Female,0,Yes,No,18,Yes,No,DSL,No,Yes,Yes,No,Yes,No,Two year,Yes,Bank transfer (automatic),79.24,1418.62,0
5761-['O' 'O' 'X' 'F' 'C'],Male,0,Yes,No,62,Yes,No,DSL,No,No,No,Yes,Yes,Yes,Two year,No,Credit card (automatic),82.82,5117.17,0
5350-['P' 'B' 'G' 'K' 'Z'],Female,0,No,Yes,1,Yes,Yes,Fiber optic,Yes,Yes,No,No,Yes,No,Two year,Yes,Bank transfer (automatic),107.74,104.47,1
9381-['G' 'D' 'X' 'T' 'G'],Male,0,Yes,Yes,13,No,No,Fiber optic,Yes,No,No,No,Yes,Yes,Month-to-month,No,Mailed check,84.53,1105.5,1
5931-['L' 'E' 'W' 'Z' 'S'],Female,0,Yes,No,34,Yes,No,Fiber optic,Yes,No,No,Yes,No,No,One year,Yes,Mailed check,85.26,2895.24,1
2689-['E' 'S' 'U' 'C' 'Z'],Female,1,No,No,20,Yes,Yes,No,No,No,No,No,No,No,One year,Yes,Bank transfer (automatic),44.44,890.72,0
5394-['G' 'Q' 'Y' 'I' 'U'],Female,0,No,No,16,Yes,No,No,No,No,No,No,No,No,Month-to-month,Yes,Credit card (automatic),36.64,580.86,0
1296-['J' 'M' 'O' 'V' 'E'],Male,1,No,Yes,31,Yes,No,Fiber optic,No,No,Yes,Yes,Yes,No,Two year,Yes,Bank transfer (automatic),94.66,2942.56,0
3268-['C' 'H' 'T' 'J' 'M'],Male,0,No,No,22,Yes,No,Fiber optic,No,Yes,Yes,No,No,Yes,One year,No,Electronic check,96.91,2133.59,1
8358-['C' 'V' 'H' 'I' 'V'],Male,0,No,No,5,No,No,No,No,No,No,No,No,No,Month-to-month,No,Electronic check,21.83,99.9,1
1660-['L' 'K' 'B' 'R' 'I'],Male,0,Yes,Yes,28,Yes,Yes,DSL,Yes,Yes,Yes,No,No,Yes,Month-to-month,Yes,Electronic check,93.99,2632.41,1
7337-['B' 'C' 'P' 'S' 'D'],Female,0,No,Yes,62,Yes,Yes,No,No,No,No,No,No,No,Month-to-month,No,Electronic check,41.95,2595.21,0
8416-['R' 'T' 'Y' 'R' 'J'],Male,0,Yes,No,69,Yes,No,DSL,No,Yes,No,Yes,No,No,Month-to-month,Yes,Credit card (automatic),69.96,4833.67,1
7364-['Q' 'Z' 'X' 'Y' 'W'],Male,0,Yes,No,3,Yes,Yes,DSL,Yes,No,No,No,No,No,One year,Yes,Electronic check,73.91,202.24,1
8607-['T' 'P' 'T' 'M' 'B'],Female,0,Yes,Yes,57,Yes,No,DSL,Yes,No,No,No,Yes,No,Month-to-month,Yes,Electronic check,74.15,4230.47,1
8255-['B' 'Y' 'N' 'D' 'Q'],Female,0,Yes,No,30,Yes,Yes,No,No,No,No,No,No,No,Month-to-month,No,Bank transfer (automatic),40.51,1215.1,0
4724-['D' 'C' 'L' 'V' 'W'],Female,0,No,No,21,Yes,No,No,No,No,No,No,No,No,Month-to-month,Yes,Electronic check,36.49,785.55,1
6319-['B' 'F' 'V' 'J' 'L'],Female,0,No,No,26,Yes,Yes,Fiber optic,No,No,No,Yes,No,Yes,Two year,No,Electronic check,98.42,2558.31,0
6353-['J' 'W' 'C' 'T' 'J'],Male,0,Yes,No,15,Yes,No,Fiber optic,Yes,No,No,No,Yes,No,Month-to-month,No,Electronic check,87.71,1322.2,1
7172-['I' 'T' 'S' 'N' 'B'],Male,1,Yes,Yes,5,Yes,Yes,Fiber optic,Yes,No,No,Yes,No,Yes,One year,No,Electronic check,108.15,545.54,1
9252-['H' 'G' 'F' 'K' 'L'],Female,1,No,No,6,Yes,No,DSL,Yes,Yes,Yes,Yes,Yes,Yes,Month-to-month,Yes,Mailed check,100.63,620.79,1
7609-['S' 'J' 'Y' 'Y' 'U'],Female,1,No,No,13,Yes,No,No,No,No,No,No,No,No,Month-to-month,No,Bank transfer (automatic),34.07,453.03,0
1493-['C' 'R' 'X' 'O' 'F'],Male,0,Yes,No,2,Yes,Yes,Fiber optic,Yes,No,Yes,No,No,Yes,Month-to-month,Yes,Electronic check,104.49,227.5,1
3970-['L' 'G' 'Q' 'A' 'Z'],Female,0,No,No,48,No,No,Fiber optic,No,No,No,No,No,Yes,Month-to-month,No,Bank transfer (automatic),68.65,3315.86,1
4185-['Z' 'O' 'S' 'A' 'E'],Female,1,Yes,No,35,Yes,No,Fiber optic,Yes,No,Yes,No,No,Yes,Two year,Yes,Mailed check,96.48,3381.41,0
6154-['A' 'H' 'L' 'V' 'Y'],Female,0,Yes,Yes,28,No,No,DSL,No,Yes,Yes,No,No,No,Month-to-month,No,Credit card (automatic),52.8,1469.89,0
1594-['Y' 'Y' 'L' 'M' 'A'],Male,0,No,No,3,No,No,No,No,No,No,No,No,No,Month-to-month,Yes,Mailed check,21.92,72.75,1
6957-['H' 'D' 'E' 'Y' 'V'],Male,0,No,No,39,No,No,DSL,No,No,No,No,No,Yes,Two year,No,Mailed check,54.5,2119.49,0
2830-['W' 'D' 'T' 'D' 'O'],Male,0,No,Yes,40,Yes,No,Fiber optic,No,No,Yes,Yes,No,Yes,One year,No,Mailed check,92.49,3691.0,1
3810-['U' 'E' 'X' 'I' 'B'],Female,0,No,Yes,21,Yes,Yes,DSL,Yes,Yes,Yes,No,No,Yes,Two year,No,Electronic check,96.25,2038.09,0
4514-['G' 'Q' 'P' 'Q' 'T'],Male,1,Yes,Yes,3,Yes,Yes,Fiber optic,Yes,Yes,No,Yes,Yes,No,One year,No,Mailed check,110.07,314.36,1
5857-['W' 'B' 'K' 'B' 'A'],Female,0,No,No,22,Yes,No,DSL,Yes,No,No,No,No,Yes,Month-to-month,Yes,Mailed check,75.94,1676.17,0
1793-['B' 'W' 'I' 'V' 'Z'],Male,0,No,Yes,3,Yes,No,No,No,No,No,No,No,No,Month-to-month,No,Bank transfer (automatic),37.02,99.42,1
4937-['O' 'J' 'O' 'J' 'Y'],Female,0,Yes,No,67,Yes,Yes,Fiber optic,No,Yes,Yes,No,Yes,Yes,Month-to-month,No,Electronic check,115.17,7706.99,0
2750-['Q' 'I' 'R' 'D' 'I'],Female,0,No,Yes,17,Yes,No,No,No,No,No,No,No,No,Month-to-month,Yes,Bank transfer (automatic),35.99,596.05,0
6938-['A' 'W' 'F' 'J' 'P'],Male,0,Yes,Yes,0,Yes,No,No,No,No,No,No,No,No,One year,No,Electronic check,33.59,0.0,0
5853-['V' 'M' 'P' 'T' 'F'],Male,0,No,No,31,Yes,No,DSL,Yes,No,No,No,No,No,Month-to-month,Yes,Electronic check,67.44,2102.7,1
7474-['X' 'C' 'T' 'J' 'A'],Female,0,Yes,No,20,Yes,No,Fiber optic,Yes,No,No,No,No,Yes,One year,Yes,Credit card (automatic),91.58,1838.71,1
4818-['Z' 'Z' 'L' 'N' 'Y'],Female,0,No,No,37,Yes,Yes,No,No,No,No,No,No,No,Month-to-month,Yes,Electronic check,46.28,1699.9,0
7890-['D' 'G' 'J' 'S' 'Y'],Female,0,Yes,Yes,25,Yes,Yes,Fiber optic,No,No,No,Yes,Yes,No,Month-to-month,Yes,Credit card (automatic),100.74,2503.94,1
6113-['D' 'B' 'Z' 'U' 'R'],Female,1,Yes,Yes,40,Yes,Yes,DSL,No,Yes,No,No,Yes,Yes,Month-to-month,Yes,Credit card (automatic),97.94,3916.46,1
3575-['V' 'K' 'J' 'Q' 'N'],Female,1,No,Yes,48,Yes,Yes,Fiber optic,No,No,No,Yes,No,No,Month-to-month,Yes,Bank transfer (automatic),89.68,4304.03,1
1277-['D' 'S' 'B' 'G' 'I'],Male,0,Yes,No,40,Yes,No,Fiber optic,Yes,No,No,Yes,No,Yes,Month-to-month,Yes,Mailed check,97.08,3879.23,0
9594-['P' 'V' 'Y' 'P' 'R'],Female,0,No,No,58,Yes,Yes,Fiber optic,No,Yes,Yes,No,Yes,No,Month-to-month,No,Mailed check,107.61,6239.24,1
5692-['K' 'G' 'I' 'D' 'Y'],Male,0,Yes,No,3,Yes,No,Fiber optic,Yes,No,No,No,Yes,Yes,Month-to-month,Yes,Mailed check,98.33,286.85,1
7078-['M' 'Z' 'Y' 'D' 'S'],Male,1,No,No,12,Yes,No,DSL,No,Yes,No,Yes,No,No,One year,No,Mailed check,71.81,852.85,0
9584-['L' 'B' 'F' 'E' 'E'],Male,1,Yes,No,60,Yes,No,Fiber optic,Yes,No,No,No,No,No,Two year,No,Mailed check,83.6,5019.9,0
9533-['E' 'D' 'I' 'V' 'J'],Male,0,No,No,50,Yes,Yes,Fiber optic,Yes,No,Yes,No,Yes,Yes,One year,No,Electronic check,113.19,5638.34,1
6327-['J' 'J' 'S' 'J' 'F'],Female,0,No,No,34,Yes,No,DSL,No,No,No,No,No,No,Two year,Yes,Electronic check,58.91,1968.92,0
7461-['Q' 'E' 'Z' 'F' 'X'],Male,0,No,No,64,Yes,No,No,No,No,No,No,No,No,Month-to-month,No,Electronic check,37.01,2357.04,0
5926-['O' 'Y' 'S' 'R' 'D'],Male,0,No,No,48,Yes,No,Fiber optic,Yes,No,No,Yes,No,Yes,One year,Yes,Electronic check,99.37,4776.41,1
5967-['P' 'X' 'S' 'T' 'C'],Male,0,No,No,48,Yes,No,Fiber optic,No,No,No,Yes,Yes,No,Month-to-month,Yes,Mailed check,93.27,4462.71,0
5677-['K' 'N' 'P' 'U' 'S'],Female,0,Yes,No,13,Yes,Yes,No,No,No,No,No,No,No,Two year,No,Electronic check,43.72,564.79,0
2249-['Y' 'Q' 'I' 'Q' 'O'],Male,0,No,No,36,Yes,No,Fiber optic,No,No,No,Yes,No,No,Two year,Yes,Electronic check,81.74,2949.43,0
2245-['G' 'V' 'W' 'S' 'C'],Male,1,No,No,29,Yes,Yes,Fiber optic,Yes,No,Yes,No,Yes,No,Two year,No,Mailed check,102.28,2978.02,0
1442-['A' 'D' 'R' 'Z' 'H'],Male,0,No,No,13,Yes,Yes,DSL,Yes,No,Yes,Yes,Yes,Yes,Month-to-month,Yes,Bank transfer (automatic),101.6,1328.64,0
8058-['W' 'W' 'Y' 'F' 'A'],Female,0,No,No,26,Yes,No,Fiber optic,No,No,No,No,No,No,Two year,No,Mailed check,75.78,1964.78,0
2031-['A' 'S' 'K' 'U' 'X'],Female,0,Yes,No,61,Yes,Yes,Fiber optic,Yes,No,Yes,No,No,Yes,Month-to-month,No,Electronic check,106.7,6518.29,1
8862-['Y' 'K' 'S' 'U' 'J'],Female,0,Yes,No,2,Yes,No,DSL,Yes,No,Yes,No,Yes,Yes,Two year,Yes,Electronic check,92.6,184.95,0
2291-['A' 'X' 'G' 'Q' 'Z'],Male,0,Yes,No,69,Yes,No,DSL,No,Yes,Yes,No,No,Yes,One year,No,Mailed check,78.75,5436.08,0
3939-['J' 'F' 'Q' 'R' 'E'],Female,0,Yes,No,38,Yes,No,DSL,No,Yes,Yes,Yes,Yes,No,Two year,Yes,Credit card (automatic),80.69,3043.04,0
2233-['Z' 'Q' 'V' 'P' 'H'],Female,1,Yes,Yes,18,Yes,No,Fiber optic,Yes,Yes,No,Yes,No,Yes,One year,No,Electronic check,103.21,1863.46,1
3775-['M' 'X' 'P' 'K' 'F'],Female,1,No,Yes,38,Yes,Yes,No,No,No,No,No,No,No,Month-to-month,Yes,Credit card (automatic),46.73,1789.01,1
1890-['C' 'A' 'R' 'E' 'M'],Male,1,Yes,No,9,Yes,No,DSL,No,No,Yes,No,Yes,No,One year,Yes,Bank transfer (automatic),75.73,663.66,1
1740-['Z' 'N' 'Q' 'A' 'Y'],Female,0,No,No,46,Yes,No,Fiber optic,No,No,Yes,No,No,Yes,Month-to-month,No,Mailed check,88.47,4098.24,1
6153-['G' 'J' 'T' 'G' 'X'],Male,0,Yes,No,22,Yes,No,Fiber optic,No,No,Yes,No,Yes,Yes,Month-to-month,Yes,Mailed check,102.15,2232.7,1
9592-['P' 'T' 'Z' 'P' 'S'],Male,0,No,Yes,58,Yes,Yes,DSL,No,Yes,No,No,No,Yes,Month-to-month,Yes,Bank transfer (automatic),83.18,4827.58,1
8545-['O' 'L' 'U' 'J' 'Z'],Male,0,No,No,19,Yes,No,Fiber optic,No,Yes,Yes,No,Yes,No,Month-to-month,No,Bank transfer (automatic),94.45,1802.45,1
2973-['B' 'G' 'M' 'C' 'O'],Male,1,Yes,No,44,Yes,No,No,No,No,No,No,No,No,Two year,No,Bank transfer (automatic),36.41,1593.56,0
8641-['C' 'Y' 'J' 'O' 'V'],Female,0,No,No,43,Yes,Yes,Fiber optic,Yes,No,No,No,Yes,No,Month-to-month,No,Bank transfer (automatic),97.9,4219.46,0
5858-['F' 'T' 'O' 'X' 'U'],Female,0,Yes,No,17,Yes,No,Fiber optic,Yes,No,Yes,Yes,No,Yes,Month-to-month,Yes,Mailed check,100.69,1714.86,1
1120-['U' 'E' 'D' 'V' 'R'],Male,1,Yes,No,47,Yes,No,DSL,Yes,Yes,No,No,Yes,Yes,One year,Yes,Electronic check,95.24,4493.72,0
2250-['Q' 'R' 'R' 'X' 'X'],Male,1,No,No,0,Yes,No,DSL,No,No,Yes,No,Yes,No,Month-to-month,Yes,Mailed check,77.54,0.0,1
3956-['V' 'O' 'E' 'C' 'E'],Male,0,Yes,Yes,31,Yes,Yes,Fiber optic,No,No,No,Yes,Yes,No,Month-to-month,No,Electronic check,100.39,3109.33,1
7436-['E' 'C' 'C' 'T' 'W'],Male,0,No,No,63,Yes,Yes,Fiber optic,No,Yes,Yes,No,No,Yes,Two year,No,Mailed check,103.13,6504.47,0
4483-['R' 'Z' 'T' 'D' 'A'],Female,0,No,Yes,6,Yes,No,DSL,No,No,No,No,Yes,Yes,Month-to-month,Yes,Mailed check,78.59,468.54,1
2151-['U' 'X' 'Z' 'L' 'P'],Female,0,No,No,70,No,No,Fiber optic,Yes,Yes,No,No,No,Yes,Month-to-month,No,Mailed check,84.91,5955.94,1
9402-['J' 'G' 'L' 'T' 'E'],Male,0,Yes,No,45,Yes,Yes,No,No,No,No,No,No,No,Two year,No,Credit card (automatic),44.61,2003.53,0
8494-['T' 'V' 'Z' 'N' 'K'],Female,0,No,Yes,23,No,No,Fiber optic,No,Yes,No,Yes,No,No,One year,Yes,Bank transfer (automatic),67.48,1539.81,0
5038-['J' 'I' 'D' 'P' 'J'],Female,0,No,No,68,Yes,No,Fiber optic,No,Yes,No,No,No,Yes,Two year,No,Electronic check,90.69,6185.53,0
2746-['X' 'Q' 'I' 'M' 'A'],Female,0,No,No,35,Yes,Yes,Fiber optic,No,No,Yes,Yes,No,No,Month-to-month,Yes,Bank transfer (automatic),93.63,3267.71,0
8073-['M' 'X' 'I' 'G' 'P'],Female,0,Yes,Yes,66,Yes,No,Fiber optic,No,Yes,No,No,No,Yes,Month-to-month,Yes,Bank transfer (automatic),89.72,5910.25,1
8910-['F' 'R' 'S' 'K' 'L'],Male,0,No,No,49,Yes,No,DSL,No,Yes,No,Yes,Yes,Yes,One year,Yes,Bank transfer (automatic),90.63,4437.63,1
9953-['J' 'M' 'L' 'U' 'J'],Female,1,No,No,58,Yes,Yes,DSL,No,No,Yes,No,No,Yes,One year,Yes,Mailed check,84.72,4886.13,0
2555-['R' 'D' 'X' 'E' 'E'],Male,0,Yes,No,57,Yes,No,DSL,No,No,Yes,No,No,No,Month-to-month,No,Credit card (automatic),64.92,3707.18,0
2787-['L' 'Z' 'C' 'H' 'V'],Female,0,No,Yes,45,Yes,No,No,No,No,No,No,No,No,Month-to-month,No,Bank transfer (automatic),36.19,1637.7,1
9065-['R' 'I' 'M' 'G' 'J'],Female,0,Yes,No,69,Yes,No,DSL,No,No,No,No,No,No,Two year,Yes,Electronic check,57.14,3942.21,0
9328-['V' 'O' 'E' 'L' 'A'],Male,0,Yes,No,22,Yes,No,Fiber optic,No,No,Yes,No,No,No,Month-to-month,No,Bank transfer (automatic),81.34,1763.14,1
1661-['F' 'S' 'S' 'P' 'S'],Female,0,Yes,No,11,Yes,Yes,Fiber optic,No,No,Yes,No,No,Yes,One year,Yes,Mailed check,100.31,1093.05,1
7850-['W' 'J' 'R' 'Z' 'M'],Male,0,Yes,No,27,Yes,Yes,Fiber optic,No,No,Yes,No,No,No,Month-to-month,Yes,Mailed check,88.07,2369.99,1
4897-['R' 'C' 'Z' 'W' 'C'],Female,0,Yes,Yes,57,Yes,Yes,Fiber optic,Yes,Yes,No,Yes,Yes,No,Month-to-month,No,Electronic check,106.79,6079.66,0
7454-['Y' 'Z' 'L' 'T' 'G'],Male,0,Yes,No,60,Yes,Yes,Fiber optic,Yes,No,Yes,No,Yes,No,Two year,Yes,Bank transfer (automatic),104.9,6290.02,0
4544-['X' 'H' 'I' 'N' 'E'],Female,0,Yes,No,54,Yes,No,DSL,No,Yes,No,Yes,No,No,One year,Yes,Mailed check,70.51,3824.32,0
6492-['S' 'U' 'P' 'X' 'L'],Male,0,Yes,No,33,Yes,No,No,No,No,No,No,No,No,Month-to-month,Yes,Mailed check,37.46,1234.91,1
9084-['D' 'H' 'G' 'O' 'F'],Female,0,Yes,No,17,No,No,DSL,No,Yes,Yes,Yes,Yes,Yes,One year,No,Credit card (automatic),79.22,1338.39,1
8565-['U' 'M' 'J' 'R' 'D'],Male,0,Yes,No,34,Yes,Yes,No,No,No,No,No,No,No,One year,Yes,Mailed check,47.13,1604.44,0
9775-['X' 'K' 'Q' 'R' 'U'],Female,0,No,No,47,Yes,No,DSL,Yes,Yes,Yes,No,Yes,No,One year,Yes,Electronic check,86.64,4071.82,1
1815-['L' 'M' 'P' 'W' 'Z'],Male,0,No,No,36,Yes,No,DSL,No,Yes,No,Yes,No,No,Two year,Yes,Mailed check,67.56,2418.62,0
7516-['A' 'P' 'O' 'F' 'L'],Male,0,No,Yes,40,Yes,No,DSL,No,No,No,No,No,No,Month-to-month,Yes,Credit card (automatic),58.55,2341.15,1
5513-['L' 'U' 'N' 'P' 'K'],Female,0,Yes,No,5,Yes,No,Fiber optic,Yes,No,Yes,Yes,No,No,Month-to-month,No,Mailed check,91.46,457.51,0
8283-['I' 'J' 'Q' 'L' 'F'],Male,0,Yes,No,38,Yes,Yes,DSL,No,No,Yes,No,No,Yes,Month-to-month,Yes,Mailed check,84.64,3228.82,1
3962-['K' 'I' 'U' 'F' 'Y'],Male,0,Yes,Yes,3,Yes,Yes,Fiber optic,Yes,No,Yes,Yes,Yes,No,Month-to-month,Yes,Electronic check,108.24,328.92,1
6880-['X' 'Y' 'P' 'T' 'P'],Female,0,Yes,Yes,15,No,No,Fiber optic,No,No,Yes,No,No,Yes,Month-to-month,Yes,Mailed check,73.74,1084.74,1
7277-['E' 'U' 'D' 'B' 'F'],Female,0,No,No,51,Yes,Yes,No,No,No,No,No,No,No,Month-to-month,Yes,Credit card (automatic),44.47,2263.62,1
6032-['Q' 'N' 'G' 'V' 'S'],Female,0,No,No,18,Yes,No,Fiber optic,Yes,Yes,Yes,Yes,Yes,No,One year,Yes,Mailed check,104.68,1885.8,0
6696-['T' 'Y' 'O' 'R' 'C'],Male,0,Yes,No,16,Yes,Yes,Fiber optic,Yes,No,Yes,Yes,No,No,One year,Yes,Electronic check,102.52,1640.04,0
2265-['B' 'J' 'K' 'X' 'C'],Male,0,Yes,Yes,44,Yes,No,Fiber optic,No,Yes,No,No,No,Yes,Month-to-month,Yes,Bank transfer (automatic),91.46,4033.93,1
3470-['H' 'S' 'R' 'M' 'M'],Female,0,No,No,1,No,No,DSL,Yes,Yes,No,No,Yes,No,Month-to-month,No,Credit card (automatic),63.41,72.11,1
6591-['S' 'W' 'L' 'Q' 'V'],Male,0,No,Yes,1,Yes,No,Fiber optic,No,Yes,No,Yes,No,Yes,One year,No,Bank transfer (automatic),96.17,85.35,1
6311-['M' 'Y' 'L' 'S' 'N'],Female,0,Yes,Yes,54,Yes,No,Fiber optic,Yes,Yes,No,No,Yes,No,Month-to-month,No,Electronic check,91.93,4967.96,0
4206-['M' 'F' 'X' 'S' 'S'],Male,0,Yes,Yes,3,Yes,No,No,No,No,No,No,No,No,Month-to-month,No,Electronic check,34.53,113.52,1
9562-['I' 'P' 'D' 'F' 'H'],Female,0,No,No,11,Yes,No,DSL,No,Yes,Yes,No,No,Yes,Month-to-month,Yes,Bank transfer (automatic),79.89,844.59,1
8063-['P' 'E' 'U' 'V' 'J'],Male,0,Yes,No,53,Yes,No,Fiber optic,No,No,Yes,No,Yes,Yes,Month-to-month,Yes,Bank transfer (automatic),100.8,5340.64,1
3422-['M' 'Z' 'N' 'G' 'T'],Female,0,No,Yes,59,Yes,Yes,Fiber optic,No,No,Yes,Yes,Yes,No,Month-to-month,Yes,Bank transfer (automatic),100.81,5953.03,1
8813-['G' 'E' 'U' 'R' 'W'],Female,0,Yes,Yes,28,No,No,DSL,Yes,No,No,Yes,Yes,No,Month-to-month,No,Credit card (automatic),61.64,1729.62,1
7635-['F' 'A' 'D' 'S' 'L'],Female,1,Yes,No,60,Yes,Yes,DSL,No,Yes,No,Yes,Yes,Yes,One year,Yes,Bank transfer (automatic),99.19,5951.19,0
1726-['Z' 'T' 'H' 'K' 'P'],Male,0,Yes,No,45,Yes,No,No,No,No,No,No,No,No,Month-to-month,No,Bank transfer (automatic),32.35,1460.71,1
3984-['C' 'E' 'T' 'N' 'Z'],Male,1,Yes,No,48,Yes,Yes,DSL,No,Yes,No,Yes,Yes,No,One year,Yes,Mailed check,89.32,4293.15,0
8790-['F' 'Z' 'D' 'H' 'S'],Male,0,No,No,17,Yes,No,Fiber optic,Yes,Yes,No,No,No,No,Month-to-month,Yes,Credit card (automatic),84.22,1455.83,1
2914-['E' 'M' 'P' 'A' 'M'],Female,0,Yes,No,23,Yes,Yes,No,No,No,No,No,No,No,Month-to-month,Yes,Mailed check,46.76,1073.84,1
4838-['V' 'K' 'U' 'H' 'Y'],Male,0,Yes,No,16,Yes,No,Fiber optic,Yes,No,Yes,Yes,Yes,No,Month-to-month,No,Electronic check,99.61,1581.65,1
7103-['N' 'M' 'C' 'D' 'T'],Male,0,No,No,55,Yes,Yes,Fiber optic,Yes,Yes,No,Yes,No,Yes,Month-to-month,No,Credit card (automatic),110.9,6101.81,0
4822-['O' 'U' 'M' 'I' 'Y'],Female,0,Yes,No,51,Yes,No,Fiber optic,No,No,No,Yes,Yes,Yes,Two year,No,Mailed check,100.29,5126.65,0
8211-['N' 'A' 'N' 'N' 'H'],Female,0,Yes,No,70,Yes,No,DSL,No,No,No,No,No,Yes,Two year,No,Credit card (automatic),70.21,4913.05,0
7319-['N' 'A' 'P' 'R' 'G'],Female,0,Yes,No,19,Yes,Yes,No,No,No,No,No,No,No,Month-to-month,Yes,Bank transfer (automatic),47.81,912.62,0
7999-['Q' 'S' 'W' 'M' 'I'],Female,0,Yes,Yes,28,No,No,DSL,No,Yes,No,No,Yes,No,Month-to-month,Yes,Credit card (automatic),59.79,1681.72,0
4598-['Y' 'Z' 'C' 'X' 'A'],Male,0,No,No,49,Yes,Yes,Fiber optic,No,No,No,No,Yes,Yes,One year,No,Electronic check,106.22,5201.29,0
8644-['W' 'M' 'H' 'Q' 'V'],Female,0,Yes,No,14,Yes,Yes,No,No,No,No,No,No,No,Month-to-month,No,Electronic check,44.63,632.09,0
4853-['U' 'U' 'G' 'O' 'P'],Male,0,No,No,30,Yes,Yes,Fiber optic,Yes,No,No,No,Yes,No,One year,No,Credit card (automatic),99.19,2979.77,1
1114-['F' 'W' 'A' 'L' 'R'],Female,0,No,No,12,Yes,Yes,DSL,No,Yes,Yes,Yes,No,Yes,Month-to-month,No,Credit card (automatic),95.83,1132.03,1
7927-['L' 'T' 'M' 'H' 'Z'],Male,0,No,No,55,Yes,No,DSL,Yes,No,No,No,No,No,Two year,No,Mailed check,64.58,3568.68,0
6397-['A' 'Z' 'U' 'G' 'O'],Female,0,No,No,18,Yes,No,No,No,No,No,No,No,No,Month-to-month,Yes,Credit card (automatic),33.31,597.41,0
1540-['V' 'M' 'M' 'I' 'X'],Female,0,Yes,Yes,69,Yes,No,No,No,No,No,No,No,No,One year,No,Bank transfer (automatic),36.38,2517.13,0
6134-['D' 'M' 'L' 'E' 'G'],Female,1,No,No,27,Yes,No,DSL,No,No,No,Yes,No,Yes,Two year,No,Mailed check,78.0,2105.75,0
8652-['I' 'N' 'Z' 'L' 'D'],Female,0,No,No,21,Yes,Yes,No,No,No,No,No,No,No,One year,Yes,Bank transfer (automatic),43.69,919.13,0
3419-['H' 'Q' 'H' 'U' 'A'],Female,0,No,Yes,27,Yes,Yes,DSL,No,No,No,No,Yes,No,One year,Yes,Mailed check,80.27,2186.06,0
2779-['B' 'D' 'X' 'U' 'A'],Male,0,No,No,32,Yes,No,No,No,No,No,No,No,No,Two year,No,Credit card (automatic),31.53,1008.0,0
1258-['L' 'S' 'O' 'V' 'P'],Male,0,Yes,No,44,Yes,Yes,No,No,No,No,No,No,No,One year,No,Mailed check,47.22,2088.53,0
4017-['V' 'F' 'Q' 'U' 'V'],Male,0,Yes,No,47,Yes,Yes,No,No,No,No,No,No,No,Month-to-month,Yes,Electronic check,45.64,2143.57,1
4196-['Q' 'U' 'S' 'R' 'K'],Male,0,Yes,No,62,Yes,No,DSL,Yes,No,Yes,No,No,Yes,Month-to-month,Yes,Mailed check,78.48,4874.23,1
3999-['G' 'J' 'G' 'E' 'L'],Male,0,No,No,25,Yes,No,DSL,No,Yes,No,No,Yes,No,Month-to-month,No,Bank transfer (automatic),75.02,1871.38,1
6679-['Y' 'U' 'R' 'C' 'T'],Female,0,No,No,0,Yes,Yes,Fiber optic,Yes,Yes,Yes,Yes,No,Yes,Month-to-month,No,Mailed check,118.39,0.0,1
4598-['E' 'M' 'S' 'L' 'W'],Female,0,No,No,61,Yes,Yes,Fiber optic,Yes,Yes,No,No,No,Yes,One year,No,Credit card (automatic),104.69,6393.15,1
8636-['E' 'F' 'G' 'Z' 'J'],Male,0,No,Yes,71,Yes,No,DSL,Yes,Yes,No,No,No,Yes,Month-to-month,No,Credit card (automatic),82.05,5814.19,0
7127-['H' 'I' 'D' 'U' 'U'],Male,1,Yes,No,2,Yes,Yes,Fiber optic,No,Yes,Yes,Yes,Yes,No,Month-to-month,Yes,Bank transfer (automatic),110.71,236.41,1
9166-['O' 'U' 'C' 'Q' 'K'],Male,0,Yes,No,4,Yes,Yes,Fiber optic,No,No,Yes,No,No,Yes,Month-to-month,Yes,Electronic check,99.61,395.45,0
9484-['Y' 'J' 'O' 'N' 'D'],Male,0,No,No,44,Yes,No,DSL,Yes,No,No,Yes,Yes,No,Two year,Yes,Mailed check,81.39,3624.73,0
9787-['B' 'L' 'A' 'X' 'T'],Male,0,No,No,11,Yes,Yes,DSL,Yes,No,No,No,Yes,Yes,Two year,No,Bank transfer (automatic),90.88,996.23,0
7852-['F' 'X' 'K' 'H' 'G'],Female,0,No,Yes,47,Yes,Yes,Fiber optic,No,No,Yes,Yes,No,No,Month-to-month,No,Credit card (automatic),95.54,4491.68,1
8971-['F' 'P' 'T' 'O' 'N'],Male,0,Yes,No,13,Yes,No,Fiber optic,No,Yes,No,No,Yes,Yes,Month-to-month,No,Electronic check,102.55,1334.85,1
8062-['L' 'L' 'P' 'O' 'M'],Female,0,No,No,52,Yes,Yes,No,No,No,No,No,No,No,Month-to-month,Yes,Electronic check,44.29,2303.97,1
9554-['Q' 'U' 'O' 'N' 'J'],Male,1,Yes,Yes,44,Yes,No,DSL,No,No,Yes,No,Yes,Yes,Month-to-month,No,Bank transfer (automatic),88.07,3873.74,0
8147-['P' 'O' 'J' 'D' 'W'],Female,0,Yes,Yes,31,No,No,Fiber optic,Yes,No,No,Yes,No,No,Month-to-month,Yes,Electronic check,70.32,2192.34,1
1092-['I' 'U' 'T' 'I' 'U'],Male,0,Yes,No,29,No,No,DSL,No,No,Yes,No,No,No,Two year,Yes,Credit card (automatic),50.09,1458.02,0
6688-['X' 'T' 'K' 'K' 'G'],Male,0,Yes,Yes,11,Yes,No,DSL,No,No,No,Yes,No,Yes,One year,No,Credit card (automatic),74.04,824.03,0
4956-['J' 'D' 'E' 'E' 'K'],Female,1,Yes,No,43,Yes,Yes,Fiber optic,Yes,No,No,No,Yes,Yes,Two year,Yes,Mailed check,109.18,4687.97,1
7875-['P' 'I' 'V' 'D' 'B'],Female,0,Yes,Yes,24,Yes,No,DSL,No,No,No,No,No,Yes,One year,No,Mailed check,72.52,1738.04,0
7125-['C' 'R' 'U' 'F' 'K'],Female,0,No,No,41,No,No,DSL,Yes,Yes,Yes,Yes,No,Yes,Two year,No,Electronic check,72.64,2983.04,0
7900-['R' 'L' 'E' 'I' 'T'],Male,1,No,No,20,Yes,No,No,No,No,No,No,No,No,Month-to-month,Yes,Credit card (automatic),36.53,723.76,1
8496-['D' 'Q' 'Q' 'W' 'W'],Male,0,Yes,No,60,Yes,No,DSL,Yes,No,No,Yes,No,Yes,One year,Yes,Electronic check,77.92,4680.64,0
4176-['I' 'E' 'O' 'O' 'C'],Male,0,Yes,Yes,65,Yes,Yes,Fiber optic,No,No,No,No,Yes,Yes,Month-to-month,Yes,Mailed check,106.37,6916.1,0
1722-['C' 'F' 'D' 'X' 'M'],Male,0,No,No,20,Yes,Yes,No,No,No,No,No,No,No,Two year,Yes,Bank transfer (automatic),43.34,868.13,0
1330-['E' 'A' 'I' 'Q' 'V'],Female,0,No,No,25,Yes,No,No,No,No,No,No,No,No,One year,No,Mailed check,35.36,884.98,0
8232-['C' 'O' 'Z' 'U' 'Z'],Female,0,No,No,31,Yes,No,Fiber optic,No,No,Yes,No,Yes,Yes,One year,No,Credit card (automatic),103.96,3240.37,1
6611-['Y' 'V' 'O' 'I' 'X'],Female,0,No,No,16,Yes,Yes,DSL,No,No,Yes,No,Yes,No,Month-to-month,Yes,Electronic check,84.48,1356.57,1
1329-['T' 'I' 'O' 'W' 'U'],Female,0,Yes,No,3,Yes,No,No,No,No,No,No,No,No,Two year,No,Bank transfer (automatic),32.43,84.23,0
2793-['Z' 'S' 'N' 'H' 'F'],Female,0,No,No,38,Yes,Yes,Fiber optic,No,No,No,Yes,No,Yes,Two year,Yes,Electronic check,98.49,3738.45,0
7170-['O' 'N' 'U' 'A' 'K'],Female,0,No,No,14,Yes,No,DSL,No,Yes,No,No,No,Yes,Two year,No,Bank transfer (automatic),73.6,1053.09,0
9411-['Y' 'C' 'S' 'R' 'T'],Female,0,No,No,32,Yes,No,No,No,No,No,No,No,No,Month-to-month,No,Bank transfer (automatic),37.31,1188.07,1
6691-['B' 'Y' 'Z' 'G' 'H'],Male,0,No,Yes,60,Yes,No,DSL,Yes,Yes,No,Yes,Yes,No,Month-to-month,No,Credit card (automatic),84.35,5067.12,0
9437-['O' 'J' 'V' 'A' 'F'],Male,0,Yes,Yes,13,Yes,Yes,Fiber optic,No,No,No,No,Yes,Yes,Month-to-month,Yes,Bank transfer (automatic),103.74,1336.92,1
6247-['M' 'N' 'C' 'K' 'C'],Female,0,Yes,No,46,No,No,Fiber optic,No,Yes,Yes,No,Yes,Yes,Month-to-month,Yes,Bank transfer (automatic),88.2,4060.59,1
2417-['O' 'K' 'O' 'Z' 'X'],Female,1,Yes,Yes,1,Yes,No,No,No,No,No,No,No,No,Month-to-month,No,Bank transfer (automatic),34.42,32.53,0
8391-['E' 'D' 'M' 'I' 'Y'],Male,0,Yes,No,65,Yes,No,No,No,No,No,No,No,No,Month-to-month,No,Electronic check,35.7,2324.93,1
9289-['X' 'E' 'P' 'G' 'A'],Female,0,No,No,47,No,No,Fiber optic,No,Yes,No,No,Yes,Yes,Month-to-month,No,Bank transfer (automatic),86.93,4081.16,1
7393-['L' 'U' 'K' 'L' 'S'],Male,0,No,No,63,Yes,Yes,Fiber optic,No,No,No,Yes,Yes,No,Month-to-month,No,Electronic check,100.01,6294.8,1
2721-['L' 'L' 'N' 'B' 'B'],Male,0,No,No,65,Yes,No,No,No,No,No,No,No,No,Two year,Yes,Mailed check,31.75,2062.4,0
2816-['D' 'T' 'W' 'Z' 'P'],Female,0,Yes,No,47,Yes,Yes,No,No,No,No,No,No,No,Month-to-month,No,Bank transfer (automatic),40.89,1919.01,0
4849-['M' 'B' 'C' 'S' 'F'],Male,0,No,No,17,Yes,Yes,Fiber optic,No,Yes,Yes,No,Yes,No,Month-to-month,No,Credit card (automatic),102.86,1748.33,1
3322-['U' 'T' 'S' 'H' 'N'],Male,0,Yes,No,50,Yes,Yes,DSL,Yes,Yes,No,Yes,No,Yes,One year,No,Bank transfer (automatic),98.49,4920.09,0
6660-['O' 'W' 'W' 'R' 'N'],Male,0,Yes,No,3,No,No,DSL,No,No,Yes,No,No,No,Two year,Yes,Mailed check,50.52,157.39,0
2563-['Z' 'J' 'O' 'D' 'W'],Female,0,No,No,32,No,No,Fiber optic,No,No,No,No,Yes,Yes,Month-to-month,Yes,Mailed check,78.56,2515.98,1
1321-['C' 'G' 'W' 'P' 'J'],Female,0,Yes,No,22,Yes,Yes,Fiber optic,No,No,No,No,Yes,Yes,Two year,No,Electronic check,106.73,2345.13,0
6604-['W' 'T' 'M' 'M' 'K'],Male,0,No,Yes,52,Yes,Yes,Fiber optic,No,No,Yes,Yes,Yes,No,Month-to-month,No,Bank transfer (automatic),108.73,5675.04,1
6002-['P' 'O' 'Q' 'V' 'R'],Female,0,Yes,Yes,12,Yes,Yes,No,No,No,No,No,No,No,Two year,Yes,Bank transfer (automatic),43.18,506.95,0
3514-['D' 'V' 'V' 'W' 'E'],Male,0,Yes,No,70,No,No,Fiber optic,No,No,Yes,Yes,Yes,No,Two year,No,Credit card (automatic),79.36,5561.27,1
5646-['B' 'A' 'L' 'J' 'H'],Male,0,No,No,57,Yes,No,Fiber optic,Yes,No,No,No,No,Yes,One year,Yes,Electronic check,88.72,5048.52,1
1352-['L' 'B' 'J' 'V' 'Q'],Female,0,Yes,No,62,Yes,Yes,DSL,No,Yes,Yes,No,No,Yes,One year,No,Credit card (automatic),92.6,5731.61,0
3502-['L' 'H' 'T' 'L' 'C'],Male,0,Yes,No,64,No,No,Fiber optic,Yes,Yes,No,No,No,No,One year,Yes,Mailed check,69.45,4451.91,1
1976-['I' 'J' 'V' 'F' 'Y'],Male,1,Yes,No,41,Yes,No,Fiber optic,No,No,No,No,No,No,Month-to-month,Yes,Bank transfer (automatic),74.96,3066.41,1
1107-['E' 'M' 'O' 'V' 'K'],Male,0,Yes,No,39,Yes,Yes,DSL,No,Yes,Yes,No,Yes,Yes,Month-to-month,No,Bank transfer (automatic),102.39,3993.05,1
6543-['E' 'B' 'L' 'B' 'Z'],Male,0,Yes,Yes,20,Yes,No,DSL,No,No,No,No,No,No,Month-to-month,Yes,Electronic check,60.57,1219.56,0
1559-['U' 'C' 'J' 'S' 'H'],Male,0,No,No,32,Yes,Yes,DSL,No,Yes,Yes,No,Yes,Yes,Month-to-month,Yes,Bank transfer (automatic),101.59,3238.22,1
4046-['A' 'L' 'E' 'P' 'Y'],Male,0,No,Yes,69,No,No,No,No,No,No,No,No,No,Two year,Yes,Electronic check,20.2,1397.6,0
6411-['Q' 'X' 'U' 'B' 'L'],Male,1,No,No,41,Yes,No,DSL,No,No,No,No,Yes,No,One year,Yes,Mailed check,69.8,2848.88,0
2760-['L' 'L' 'L' 'S' 'Y'],Female,0,Yes,No,36,Yes,Yes,No,No,No,No,No,No,No,Month-to-month,Yes,Credit card (automatic),46.28,1643.35,1
6040-['T' 'X' 'X' 'Z' 'K'],Female,0,No,No,71,Yes,No,Fiber optic,No,Yes,No,Yes,Yes,No,Month-to-month,No,Credit card (automatic),97.53,6925.36,1
1602-['H' 'J' 'H' 'T' 'H'],Male,0,No,Yes,0,Yes,Yes,Fiber optic,No,Yes,No,No,Yes,Yes,One year,No,Bank transfer (automatic),108.95,0.0,1
8963-['B' 'Y' 'K' 'H' 'M'],Female,0,No,No,25,Yes,No,Fiber optic,No,No,Yes,No,No,Yes,One year,Yes,Electronic check,92.6,2296.72,1
9916-['O' 'C' 'W' 'N' 'O'],Male,1,No,No,38,Yes,Yes,No,No,No,No,No,No,No,Month-to-month,No,Electronic check,44.58,1719.84,0
2665-['S' 'L' 'Y' 'T' 'D'],Male,0,No,No,46,Yes,Yes,Fiber optic,No,No,No,No,Yes,No,One year,No,Bank transfer (automatic),96.45,4445.77,1
3808-['O' 'S' 'B' 'L' 'E'],Male,0,No,No,55,Yes,Yes,Fiber optic,No,No,Yes,Yes,Yes,No,Month-to-month,Yes,Electronic check,102.0,5610.33,0
7096-['N' 'V' 'J' 'C' 'D'],Male,1,No,No,57,Yes,Yes,Fiber optic,No,No,Yes,No,No,Yes,Month-to-month,Yes,Electronic check,99.58,5669.6,1
9823-['Y' 'V' 'P' 'G' 'O'],Female,0,Yes,Yes,27,Yes,No,No,No,No,No,No,No,No,Month-to-month,Yes,Electronic check,36.77,1007.6,0
5317-['U' 'Y' 'T' 'Z' 'K'],Male,0,Yes,No,56,Yes,Yes,DSL,No,No,No,No,Yes,Yes,One year,No,Mailed check,90.77,5090.87,0
7805-['U' 'A' 'E' 'M' 'U'],Male,0,No,Yes,70,Yes,No,Fiber optic,Yes,Yes,No,No,No,Yes,One year,Yes,Electronic check,93.55,6540.33,1
3952-['Q' 'O' 'U' 'G' 'V'],Female,0,Yes,Yes,71,Yes,No,DSL,Yes,Yes,Yes,Yes,Yes,No,Month-to-month,Yes,Bank transfer (automatic),91.15,6484.65,1
5799-['W' 'F' 'U' 'P' 'Z'],Female,0,Yes,No,44,Yes,No,Fiber optic,Yes,No,No,Yes,Yes,Yes,Month-to-month,Yes,Electronic check,103.89,4573.04,0
9776-['N' 'H' 'N' 'L' 'J'],Female,0,No,No,64,Yes,No,Fiber optic,Yes,No,No,No,No,No,Month-to-month,Yes,Electronic check,84.55,5395.23,0
2245-['T' 'T' 'Z' 'U' 'M'],Female,0,Yes,Yes,3,Yes,No,No,No,No,No,No,No,No,One year,Yes,Credit card (automatic),32.88,75.13,1
1540-['S' 'O' 'H' 'W' 'U'],Female,1,Yes,Yes,60,Yes,No,No,No,No,No,No,No,No,Month-to-month,No,Electronic check,32.79,1973.9,0
5062-['U' 'C' 'Z' 'E' 'P'],Female,0,Yes,No,60,Yes,No,Fiber optic,No,No,No,No,No,No,Month-to-month,Yes,Credit card (automatic),73.8,4427.96,1
8013-['Z' 'T' 'T' 'P' 'X'],Male,0,Yes,No,42,Yes,No,DSL,No,Yes,Yes,Yes,Yes,No,Month-to-month,No,Electronic check,85.88,3606.43,1
8635-['O' 'R' 'A' 'Z' 'S'],Male,0,No,Yes,18,Yes,Yes,Fiber optic,No,Yes,No,No,No,Yes,Month-to-month,No,Electronic check,100.37,1813.73,1
8399-['F' 'L' 'G' 'R' 'V'],Female,0,No,Yes,0,Yes,Yes,DSL,Yes,No,No,No,Yes,No,Two year,Yes,Mailed check,84.44,0.0,0
5717-['H' 'X' 'T' 'V' 'N'],Female,0,No,No,18,Yes,Yes,Fiber optic,Yes,No,No,No,Yes,Yes,Month-to-month,No,Mailed check,111.52,2010.75,1
3180-['I' 'H' 'B' 'P' 'M'],Male,0,Yes,No,50,Yes,No,DSL,No,No,No,Yes,No,Yes,Two year,Yes,Mailed check,72.78,3636.09,1
4270-['P' 'G' 'N' 'N' 'L'],Female,0,Yes,No,63,Yes,No,Fiber optic,No,Yes,No,Yes,No,No,Two year,Yes,Credit card (automatic),85.44,5385.88,0
1288-['A' 'L' 'T' 'U' 'O'],Female,0,Yes,No,62,Yes,Yes,DSL,No,No,No,No,Yes,No,One year,No,Bank transfer (automatic),79.79,4940.12,1
2183-['P' 'C' 'G' 'X' 'V'],Female,0,Yes,No,28,Yes,No,No,No,No,No,No,No,No,Two year,No,Electronic check,34.75,990.8,0
7213-['P' 'X' 'H' 'W' 'V'],Male,0,No,No,18,Yes,Yes,No,No,No,No,No,No,No,One year,No,Electronic check,45.61,822.48,1
3377-['P' 'K' 'M' 'F' 'X'],Female,0,Yes,Yes,42,Yes,Yes,DSL,No,Yes,No,No,Yes,No,Month-to-month,Yes,Bank transfer (automatic),86.65,3630.85,1
6600-['U' 'S' 'L' 'X' 'F'],Male,0,Yes,No,69,Yes,No,DSL,Yes,No,Yes,Yes,No,No,One year,Yes,Electronic check,72.11,4963.92,0
3365-['R' 'M' 'G' 'W' 'M'],Male,0,Yes,Yes,38,Yes,No,No,No,No,No,No,No,No,One year,Yes,Bank transfer (automatic),39.58,1508.06,0
1372-['H' 'U' 'Q' 'I' 'T'],Male,0,Yes,No,22,Yes,No,Fiber optic,No,Yes,No,Yes,No,Yes,One year,Yes,Mailed check,94.58,2100.65,1
6772-['B' 'D' 'Y' 'B' 'D'],Female,1,No,Yes,0,No,No,No,No,No,No,No,No,No,Month-to-month,Yes,Electronic check,20.51,0.0,1
1530-['J' 'R' 'Y' 'U' 'J'],Female,1,Yes,No,60,Yes,No,Fiber optic,Yes,No,No,No,Yes,Yes,Month-to-month,No,Credit card (automatic),100.52,6027.93,0
6156-['Q' 'V' 'M' 'W' 'Q'],Male,0,Yes,No,24,Yes,No,DSL,No,No,Yes,No,No,Yes,Two year,No,Mailed check,73.16,1772.32,0
8432-['X' 'L' 'N' 'N' 'H'],Male,0,Yes,No,3,Yes,Yes,Fiber optic,Yes,No,No,Yes,No,No,Two year,Yes,Electronic check,95.8,297.24,0
2142-['E' 'S' 'N' 'I' 'G'],Female,0,Yes,No,0,Yes,Yes,No,No,No,No,No,No,No,Two year,Yes,Credit card (automatic),42.81,0.0,0
1762-['Z' 'Z' 'H' 'N' 'V'],Male,0,Yes,No,39,Yes,No,DSL,Yes,Yes,No,No,No,No,Month-to-month,Yes,Mailed check,69.07,2708.12,0
1557-['K' 'N' 'U' 'H' 'C'],Female,0,No,No,20,Yes,Yes,No,No,No,No,No,No,No,Month-to-month,Yes,Electronic check,46.6,923.5,0
9348-['W' 'R' 'C' 'M' 'L'],Male,1,No,No,42,Yes,No,Fiber optic,No,Yes,Yes,No,Yes,No,Two year,Yes,Bank transfer (automatic),92.48,3880.32,0
2137-['E' 'G' 'K' 'Z' 'K'],Female,0,Yes,Yes,9,Yes,No,DSL,No,Yes,No,Yes,Yes,No,Two year,No,Bank transfer (automatic),79.91,717.48,0
6434-['O' 'J' 'O' 'M' 'N'],Female,0,Yes,Yes,65,Yes,Yes,Fiber optic,No,Yes,Yes,No,No,No,One year,No,Electronic check,96.11,6235.9,1
3160-['M' 'J' 'Y' 'A' 'A'],Male,1,No,Yes,16,Yes,No,DSL,No,No,No,No,No,Yes,Month-to-month,Yes,Mailed check,68.61,1103.83,1
3063-['L' 'Z' 'X' 'F' 'F'],Male,0,No,No,12,Yes,Yes,Fiber optic,Yes,No,No,No,No,No,Month-to-month,No,Credit card (automatic),88.25,1042.95,0
3667-['Y' 'O' 'D' 'X' 'D'],Female,0,Yes,No,9,Yes,No,DSL,No,Yes,No,No,No,Yes,One year,Yes,Mailed check,76.55,693.89,1
9609-['X' 'L' 'G' 'T' 'I'],Male,0,Yes,No,51,Yes,No,No,No,No,No,No,No,No,Month-to-month,Yes,Credit card (automatic),33.39,1704.23,0
5798-['I' 'H' 'N' 'A' 'W'],Male,0,Yes,No,9,Yes,No,DSL,No,No,No,No,Yes,No,Two year,No,Electronic check,69.47,629.84,0
3068-['W' 'L' 'Y' 'B' 'M'],Male,0,No,No,46,Yes,Yes,Fiber optic,Yes,Yes,No,Yes,Yes,No,Month-to-month,Yes,Mailed check,112.08,5160.52,0
2786-['D' 'T' 'R' 'S' 'P'],Female,0,No,No,8,Yes,Yes,No,No,No,No,No,No,No,Month-to-month,Yes,Bank transfer (automatic),44.49,358.83,1
9269-['H' 'L' 'I' 'F' 'Z'],Male,0,No,No,45,No,No,Fiber optic,No,Yes,Yes,No,No,No,Month-to-month,Yes,Electronic check,72.0,3222.17,1
5861-['Q' 'Y' 'L' 'Q' 'M'],Male,0,Yes,No,67,Yes,No,Fiber optic,No,No,Yes,No,No,Yes,One year,Yes,Mailed check,88.76,5956.47,0
8919-['Y' 'E' 'Y' 'P' 'Y'],Male,0,No,Yes,53,Yes,No,Fiber optic,Yes,Yes,Yes,No,Yes,No,Month-to-month,Yes,Bank transfer (automatic),97.36,5154.06,0
1938-['Q' 'Z' 'W' 'N' 'F'],Male,0,No,No,67,Yes,No,DSL,No,No,No,Yes,No,Yes,Month-to-month,Yes,Mailed check,74.19,4961.26,1
8128-['W' 'K' 'L' 'M' 'D'],Female,0,Yes,No,3,No,No,DSL,No,No,No,No,No,No,Month-to-month,No,Electronic check,47.14,138.06,1
2126-['B' 'F' 'F' 'R' 'T'],Male,1,No,No,0,Yes,No,Fiber optic,Yes,No,No,Yes,No,Yes,Month-to-month,Yes,Mailed check,97.2,0.0,1
5135-['H' 'H' 'H' 'A' 'B'],Female,0,No,No,58,Yes,No,No,No,No,No,No,No,No,Month-to-month,No,Electronic check,36.64,2138.56,0
3283-['O' 'D' 'Y' 'C' 'N'],Female,0,Yes,No,24,Yes,No,No,No,No,No,No,No,No,Month-to-month,Yes,Mailed check,37.24,901.87,0
4093-['W' 'H' 'M' 'W' 'S'],Male,0,Yes,No,8,Yes,No,Fiber optic,No,Yes,No,No,No,No,Month-to-month,No,Credit card (automatic),78.18,639.69,1
7227-['A' 'P' 'W' 'X' 'B'],Male,0,Yes,No,24,No,No,No,No,No,No,No,No,No,Two year,No,Mailed check,20.91,486.83,0
3340-['D' 'B' 'J' 'V' 'E'],Female,0,No,No,70,Yes,No,Fiber optic,No,No,No,No,Yes,No,Two year,Yes,Mailed check,82.81,5798.94,0
8145-['W' 'V' 'O' 'I' 'K'],Male,0,No,Yes,25,Yes,No,DSL,No,No,No,Yes,Yes,Yes,One year,Yes,Electronic check,82.65,2078.16,1
3160-['U' 'I' 'W' 'P' 'F'],Male,0,Yes,Yes,55,Yes,No,DSL,No,No,No,No,Yes,Yes,Two year,No,Bank transfer (automatic),78.08,4299.49,0
3922-['W' 'Q' 'D' 'O' 'A'],Female,0,Yes,No,48,Yes,No,Fiber optic,Yes,No,No,No,No,Yes,Month-to-month,Yes,Credit card (automatic),91.13,4363.99,1
9093-['T' 'A' 'I' 'L' 'D'],Male,0,No,Yes,64,Yes,No,Fiber optic,No,Yes,Yes,Yes,No,Yes,Month-to-month,Yes,Electronic check,100.66,6454.81,1
7395-['V' 'M' 'G' 'H' 'M'],Male,1,Yes,No,60,No,No,DSL,No,No,Yes,Yes,No,No,Month-to-month,No,Credit card (automatic),54.62,3290.7,0
5970-['I' 'Y' 'X' 'P' 'J'],Male,0,Yes,No,8,Yes,No,DSL,Yes,No,Yes,No,Yes,Yes,Two year,No,Bank transfer (automatic),92.78,736.47,0
3939-['N' 'S' 'L' 'R' 'U'],Female,0,Yes,Yes,9,Yes,Yes,Fiber optic,Yes,No,No,No,No,Yes,Month-to-month,No,Credit card (automatic),100.76,894.89,1
8074-['A' 'S' 'D' 'W' 'P'],Male,0,Yes,No,10,Yes,Yes,No,No,No,No,No,No,No,One year,No,Mailed check,46.78,484.61,1
3366-['L' 'U' 'U' 'M' 'Q'],Female,0,No,No,35,Yes,No,Fiber optic,No,No,No,No,No,Yes,One year,Yes,Bank transfer (automatic),88.1,3088.89,1
2614-['L' 'Q' 'Y' 'O' 'B'],Female,0,Yes,Yes,55,Yes,Yes,DSL,No,Yes,No,No,No,Yes,Month-to-month,No,Credit card (automatic),83.0,4558.34,0
4653-['Q' 'P' 'Q' 'Y' 'T'],Female,0,Yes,No,31,Yes,No,DSL,No,Yes,Yes,No,No,Yes,Two year,Yes,Credit card (automatic),83.31,2563.82,1
6733-['X' 'N' 'Q' 'Y' 'S'],Male,1,No,No,71,Yes,Yes,No,No,No,No,No,No,No,One year,No,Electronic check,47.19,3354.48,0
5364-['N' 'F' 'F' 'A' 'N'],Male,0,No,No,34,Yes,Yes,No,No,No,No,No,No,No,Month-to-month,No,Bank transfer (automatic),46.91,1601.71,0
9841-['S' 'S' 'S' 'W' 'D'],Female,1,Yes,No,3,No,No,Fiber optic,No,Yes,Yes,Yes,No,Yes,One year,No,Electronic check,85.13,247.67,0
1595-['S' 'J' 'Y' 'B' 'D'],Female,0,Yes,Yes,61,Yes,No,DSL,Yes,No,No,Yes,Yes,Yes,Two year,No,Credit card (automatic),92.08,5601.56,0
6879-['F' 'G' 'P' 'G' 'R'],Male,0,Yes,No,62,Yes,Yes,Fiber optic,No,No,No,No,Yes,No,Two year,No,Credit card (automatic),95.68,5928.15,0
1947-['Z' 'Z' 'V' 'S' 'I'],Male,0,No,Yes,7,Yes,Yes,Fiber optic,No,No,Yes,No,Yes,Yes,Two year,No,Credit card (automatic),107.91,760.02,1
6651-['J' 'M' 'R' 'P' 'V'],Female,1,No,Yes,68,Yes,No,No,No,No,No,No,No,No,Month-to-month,No,Credit card (automatic),38.8,2626.8,0
2104-['V' 'M' 'L' 'J' 'A'],Male,0,No,No,60,Yes,No,DSL,No,No,No,Yes,No,Yes,Month-to-month,No,Bank transfer (automatic),73.51,4416.87,0
8069-['H' 'U' 'V' 'R' 'B'],Female,0,Yes,Yes,62,Yes,Yes,Fiber optic,Yes,Yes,Yes,No,Yes,No,Month-to-month,Yes,Electronic check,108.96,6761.4,1
1171-['I' 'C' 'V' 'Z' 'U'],Female,0,Yes,Yes,60,Yes,Yes,Fiber optic,No,Yes,No,No,Yes,Yes,Month-to-month,Yes,Bank transfer (automatic),109.44,6569.87,1
2885-['D' 'Z' 'B' 'H' 'J'],Male,0,No,No,36,Yes,Yes,Fiber optic,No,No,Yes,No,No,No,One year,No,Mailed check,91.62,3304.67,0
1815-['W' 'K' 'R' 'V' 'N'],Male,0,Yes,No,3,No,No,No,No,No,No,No,No,No,Month-to-month,No,Bank transfer (automatic),18.66,59.42,1
4239-['W' 'O' 'Q' 'U' 'R'],Male,0,No,Yes,55,Yes,No,Fiber optic,No,Yes,Yes,No,Yes,Yes,Month-to-month,No,Electronic check,100.08,5502.15,0
9031-['F' 'W' 'N' 'W' 'C'],Female,0,Yes,No,42,No,No,No,No,No,No,No,No,No,Two year,Yes,Mailed check,21.44,882.48,0
9998-['O' 'U' 'X' 'P' 'P'],Male,0,Yes,Yes,20,No,No,DSL,Yes,No,No,Yes,Yes,No,Month-to-month,No,Electronic check,65.57,1296.07,0
4909-['B' 'V' 'M' 'L' 'O'],Male,0,No,No,57,Yes,Yes,Fiber optic,Yes,No,Yes,No,Yes,Yes,Two year,No,Bank transfer (automatic),114.52,6523.4,0
4066-['I' 'B' 'Q' 'E' 'K'],Female,0,Yes,No,15,Yes,Yes,DSL,Yes,No,No,No,Yes,Yes,Month-to-month,Yes,Credit card (automatic),99.14,1492.58,0
4442-['X' 'G' 'B' 'P' 'L'],Female,0,No,No,52,Yes,No,No,No,No,No,No,No,No,Month-to-month,Yes,Electronic check,35.76,1849.39,0
6374-['A' 'Y' 'M' 'W' 'F'],Male,0,No,No,17,Yes,No,DSL,Yes,No,Yes,Yes,Yes,Yes,Month-to-month,Yes,Credit card (automatic),95.67,1612.43,1
3655-['M' 'R' 'C' 'A' 'O'],Male,0,No,Yes,56,Yes,No,DSL,No,No,No,Yes,Yes,Yes,Month-to-month,No,Mailed check,84.01,4704.03,0
1825-['M' 'E' 'Y' 'M' 'V'],Female,0,Yes,Yes,37,Yes,No,DSL,Yes,No,Yes,No,Yes,Yes,Month-to-month,Yes,Credit card (automatic),91.82,3405.91,0
1443-['S' 'U' 'X' 'R' 'U'],Female,0,No,No,31,Yes,Yes,Fiber optic,Yes,No,No,Yes,Yes,Yes,Month-to-month,Yes,Electronic check,114.34,3524.79,1
4465-['X' 'H' 'O' 'U' 'Y'],Male,0,Yes,No,18,Yes,No,DSL,No,No,Yes,No,No,No,One year,Yes,Electronic check,64.27,1172.85,1
6747-['Y' 'W' 'V' 'D' 'B'],Male,0,Yes,No,47,Yes,Yes,DSL,No,No,No,Yes,No,Yes,Month-to-month,Yes,Credit card (automatic),83.43,3922.03,1
5215-['F' 'C' 'G' 'J' 'W'],Female,0,No,No,25,No,No,Fiber optic,Yes,No,Yes,No,Yes,Yes,Month-to-month,No,Credit card (automatic),85.84,2131.92,1
4909-['P' 'B' 'X' 'Q' 'M'],Male,0,No,Yes,44,Yes,Yes,Fiber optic,No,No,No,Yes,Yes,No,Month-to-month,Yes,Electronic check,100.74,4449.17,1
4648-['F' 'E' 'Y' 'M' 'W'],Female,0,No,No,44,Yes,Yes,Fiber optic,No,No,Yes,No,No,Yes,Month-to-month,No,Mailed check,99.0,4354.03,1
6212-['L' 'G' 'O' 'C' 'P'],Female,0,No,No,14,Yes,No,DSL,No,Yes,Yes,No,No,Yes,Two year,No,Bank transfer (automatic),73.99,1023.59,1
3368-['P' 'X' 'L' 'S' 'H'],Male,0,No,No,17,Yes,No,Fiber optic,No,Yes,Yes,No,No,No,Two year,No,Mailed check,86.05,1467.41,1
4691-['O' 'B' 'Q' 'G' 'M'],Male,0,No,No,30,Yes,Yes,DSL,No,No,No,No,Yes,Yes,Month-to-month,Yes,Mailed check,91.6,2754.96,1
5255-['A' 'F' 'M' 'K' 'J'],Female,0,Yes,No,14,Yes,No,No,No,No,No,No,No,No,Two year,Yes,Mailed check,36.59,521.69,0
6487-['Z' 'X' 'W' 'T' 'Q'],Female,0,Yes,No,14,No,No,DSL,Yes,Yes,No,Yes,No,No,Month-to-month,No,Electronic check,58.06,790.68,1
9621-['T' 'J' 'N' 'A' 'K'],Female,0,Yes,No,64,Yes,Yes,Fiber optic,No,Yes,No,No,No,No,One year,Yes,Bank transfer (automatic),88.28,5663.94,0
6273-['W' 'R' 'P' 'R' 'H'],Male,0,No,No,45,Yes,Yes,DSL,No,Yes,No,No,Yes,Yes,One year,No,Mailed check,92.98,4163.81,0
3249-['Z' 'J' 'E' 'J' 'R'],Female,0,No,No,15,Yes,Yes,Fiber optic,Yes,No,No,Yes,Yes,No,Month-to-month,Yes,Bank transfer (automatic),108.27,1629.35,0
1532-['X' 'F' 'C' 'H' 'I'],Female,0,No,Yes,54,Yes,No,DSL,No,Yes,No,Yes,No,No,Month-to-month,Yes,Electronic check,71.6,3863.13,0
8292-['B' 'B' 'G' 'Q' 'J'],Female,0,No,No,29,Yes,Yes,Fiber optic,No,Yes,No,No,Yes,Yes,One year,Yes,Bank transfer (automatic),108.53,3153.89,0
5649-['T' 'A' 'D' 'M' 'L'],Male,0,Yes,No,40,Yes,No,Fiber optic,Yes,Yes,Yes,Yes,No,Yes,Two year,No,Electronic check,107.38,4282.57,0
8849-['O' 'E' 'Y' 'Q' 'E'],Female,0,Yes,No,66,Yes,No,Fiber optic,No,Yes,No,No,Yes,No,One year,No,Electronic check,85.26,5616.93,0
5370-['N' 'H' 'Q' 'C' 'J'],Male,0,No,Yes,16,Yes,Yes,No,No,No,No,No,No,No,One year,Yes,Mailed check,45.42,723.8,1
8632-['K' 'H' 'A' 'M' 'U'],Male,0,No,No,25,Yes,Yes,Fiber optic,No,Yes,No,Yes,Yes,Yes,Two year,Yes,Electronic check,114.51,2865.58,1
4718-['N' 'E' 'X' 'K' 'Q'],Female,0,Yes,No,72,Yes,No,DSL,No,No,No,Yes,Yes,Yes,Two year,No,Electronic check,83.74,6025.11,0
3276-['T' 'C' 'E' 'Z' 'O'],Female,0,No,No,63,Yes,No,DSL,Yes,Yes,No,No,Yes,Yes,Month-to-month,No,Electronic check,89.31,5627.67,1
1306-['P' 'H' 'M' 'P' 'C'],Female,0,No,Yes,57,No,No,Fiber optic,Yes,No,No,Yes,No,Yes,Month-to-month,Yes,Credit card (automatic),83.33,4729.62,0
7336-['I' 'I' 'V' 'Z' 'Q'],Male,0,Yes,No,2,Yes,No,DSL,No,No,No,No,Yes,No,One year,Yes,Mailed check,68.44,148.61,0
1951-['B' 'I' 'X' 'S' 'M'],Female,0,No,No,27,Yes,Yes,Fiber optic,No,No,No,Yes,Yes,Yes,Month-to-month,Yes,Bank transfer (automatic),110.66,2988.78,1
5008-['M' 'A' 'Y' 'O' 'D'],Male,0,Yes,No,3,Yes,No,No,No,No,No,No,No,No,Month-to-month,No,Bank transfer (automatic),37.0,105.82,1
5030-['T' 'J' 'Y' 'F' 'X'],Male,0,Yes,Yes,39,Yes,No,Fiber optic,No,No,Yes,No,Yes,Yes,Month-to-month,No,Bank transfer (automatic),106.11,4140.39,1
4723-['T' 'P' 'C' 'N' 'A'],Male,0,Yes,No,56,Yes,Yes,DSL,Yes,No,No,No,No,No,Two year,Yes,Credit card (automatic),73.21,4111.42,0
3398-['O' 'G' 'D' 'N' 'X'],Male,0,No,No,64,Yes,No,Fiber optic,No,No,No,No,Yes,No,Month-to-month,No,Electronic check,87.8,5602.62,1
4695-['N' 'C' 'Q' 'U' 'N'],Male,0,Yes,Yes,46,Yes,Yes,Fiber optic,No,No,No,Yes,Yes,No,Month-to-month,No,Electronic check,97.55,4472.74,0
9561-['C' 'V' 'S' 'C' 'L'],Male,1,Yes,Yes,33,Yes,Yes,DSL,Yes,Yes,No,No,No,Yes,One year,No,Mailed check,92.64,3065.13,1
1949-['E' 'J' 'I' 'A' 'M'],Female,0,No,No,44,Yes,No,Fiber optic,Yes,No,No,No,Yes,Yes,Month-to-month,Yes,Mailed check,100.38,4431.57,1
1354-['S' 'K' 'P' 'F' 'X'],Female,0,Yes,No,31,Yes,No,Fiber optic,Yes,No,Yes,No,No,Yes,Two year,No,Credit card (automatic),96.61,2983.23,0
7994-['F' 'H' 'V' 'M' 'L'],Male,0,No,Yes,43,Yes,No,Fiber optic,Yes,Yes,Yes,No,No,Yes,Two year,Yes,Credit card (automatic),103.75,4477.04,1
6821-['J' 'C' 'D' 'A' 'M'],Male,0,No,No,10,Yes,Yes,Fiber optic,Yes,Yes,Yes,Yes,No,Yes,Month-to-month,Yes,Mailed check,114.26,1135.41,0
5919-['D' 'V' 'K' 'S' 'K'],Female,0,Yes,No,35,Yes,No,Fiber optic,Yes,No,No,No,Yes,Yes,Month-to-month,No,Bank transfer (automatic),103.61,3608.85,1
3827-['K' 'F' 'L' 'I' 'Y'],Female,0,Yes,No,12,Yes,Yes,DSL,No,Yes,Yes,No,No,Yes,Month-to-month,Yes,Mailed check,93.31,1118.19,1
7505-['C' 'C' 'T' 'W' 'P'],Female,0,Yes,No,56,Yes,No,No,No,No,No,No,No,No,Month-to-month,Yes,Credit card (automatic),32.71,1847.12,0
5802-['J' 'X' 'K' 'H' 'F'],Female,1,No,No,24,Yes,Yes,No,No,No,No,No,No,No,Month-to-month,Yes,Electronic check,43.55,1032.82,1
5883-['K' 'U' 'L' 'P' 'R'],Male,0,Yes,No,69,Yes,No,DSL,No,No,No,Yes,Yes,Yes,Month-to-month,Yes,Credit card (automatic),86.14,5947.77,1
3060-['V' 'C' 'O' 'V' 'U'],Female,0,Yes,No,36,Yes,Yes,DSL,Yes,No,No,No,Yes,Yes,Two year,Yes,Electronic check,91.31,3311.2,1
1158-['N' 'E' 'U' 'N' 'Y'],Male,1,No,No,3,No,No,Fiber optic,Yes,No,No,No,Yes,Yes,Two year,Yes,Electronic check,88.11,279.84,0
8514-['H' 'W' 'O' 'O' 'S'],Male,0,Yes,No,25,Yes,Yes,No,No,No,No,No,No,No,One year,Yes,Electronic check,45.91,1141.3,0
8257-['T' 'F' 'S' 'Y' 'H'],Female,0,No,No,12,Yes,Yes,DSL,Yes,No,No,No,Yes,No,Month-to-month,Yes,Electronic check,83.82,1006.44,1
3419-['W' 'O' 'C' 'J' 'O'],Female,1,No,No,71,Yes,Yes,Fiber optic,Yes,No,No,Yes,No,Yes,Month-to-month,No,Bank transfer (automatic),106.7,7568.59,0
7263-['P' 'Q' 'S' 'K' 'P'],Male,1,Yes,No,50,Yes,No,DSL,No,No,No,No,No,No,One year,Yes,Bank transfer (automatic),58.76,2937.38,0
8812-['E' 'Z' 'N' 'R' 'Z'],Male,1,Yes,Yes,46,Yes,Yes,Fiber optic,Yes,Yes,No,Yes,Yes,No,Month-to-month,Yes,Credit card (automatic),111.31,5109.02,1
5486-['P' 'W' 'N' 'E' 'X'],Male,0,Yes,Yes,32,No,No,Fiber optic,No,No,No,Yes,No,Yes,One year,Yes,Credit card (automatic),75.16,2423.18,1
3179-['D' 'P' 'X' 'Q' 'O'],Male,0,No,No,41,Yes,Yes,Fiber optic,Yes,No,No,Yes,Yes,Yes,Month-to-month,Yes,Electronic check,115.89,4755.56,1
4909-['P' 'D' 'F' 'E' 'P'],Female,0,Yes,Yes,30,Yes,No,DSL,No,Yes,Yes,No,No,Yes,One year,No,Credit card (automatic),79.75,2404.74,0
8485-['Y' 'P' 'J' 'I' 'D'],Female,0,No,Yes,39,Yes,No,No,No,No,No,No,No,No,Month-to-month,No,Mailed check,36.5,1432.56,1
6123-['L' 'X' 'J' 'D' 'R'],Female,0,Yes,No,15,Yes,No,Fiber optic,No,No,Yes,Yes,Yes,Yes,One year,Yes,Mailed check,106.29,1604.08,0
7540-['N' 'R' 'A' 'U' 'P'],Female,0,Yes,No,55,Yes,No,No,No,No,No,No,No,No,One year,No,Credit card (automatic),34.93,1923.63,0
5942-['V' 'Y' 'E' 'F' 'F'],Female,0,Yes,No,35,Yes,Yes,DSL,No,No,Yes,Yes,No,No,Month-to-month,Yes,Electronic check,82.23,2885.59,1
5162-['P' 'L' 'D' 'A' 'D'],Male,0,Yes,No,55,Yes,Yes,No,No,No,No,No,No,No,Month-to-month,Yes,Electronic check,42.45,2336.21,1
9340-['H' 'X' 'E' 'Z' 'B'],Male,0,Yes,No,47,Yes,Yes,Fiber optic,No,Yes,No,No,Yes,No,One year,No,Electronic check,99.43,4692.84,1
1528-['G' 'K' 'D' 'E' 'F'],Female,0,Yes,No,57,Yes,No,DSL,Yes,Yes,No,Yes,Yes,No,Month-to-month,No,Electronic check,85.74,4899.72,0
7656-['Y' 'J' 'T' 'X' 'U'],Female,0,No,No,14,Yes,No,DSL,No,Yes,No,No,No,Yes,Two year,No,Credit card (automatic),75.36,1060.05,1
6950-['Q' 'H' 'M' 'T' 'R'],Male,0,Yes,Yes,71,Yes,Yes,DSL,No,No,No,No,No,Yes,Month-to-month,Yes,Mailed check,80.58,5727.09,1
4925-['P' 'B' 'E' 'R' 'C'],Male,0,No,No,14,Yes,No,Fiber optic,Yes,No,No,No,Yes,No,Month-to-month,Yes,Credit card (automatic),89.44,1259.0,1
2242-['V' 'Q' 'P' 'F' 'S'],Female,1,No,No,20,Yes,No,No,No,No,No,No,No,No,One year,Yes,Electronic check,34.75,708.65,1
7406-['R' 'N' 'F' 'H' 'O'],Female,0,Yes,Yes,63,Yes,No,DSL,Yes,Yes,No,Yes,Yes,No,One year,Yes,Electronic check,83.67,5268.33,0
2440-['K' 'Y' 'E' 'E' 'U'],Male,0,No,No,6,No,No,No,No,No,No,No,No,No,Month-to-month,Yes,Credit card (automatic),22.34,156.18,0
3945-['F' 'N' 'K' 'D' 'X'],Female,1,Yes,No,51,Yes,No,Fiber optic,No,No,No,Yes,No,Yes,One year,Yes,Credit card (automatic),91.93,4687.82,1
9792-['I' 'X' 'C' 'Z' 'P'],Female,0,No,Yes,18,Yes,Yes,Fiber optic,No,Yes,No,No,Yes,No,Month-to-month,Yes,Mailed check,98.7,1781.51,1
3218-['D' 'A' 'Y' 'U' 'V'],Male,0,Yes,Yes,45,Yes,No,Fiber optic,Yes,Yes,No,No,No,No,One year,Yes,Electronic check,82.7,3719.67,1
1143-['S' 'P' 'K' 'Z' 'H'],Male,0,Yes,No,37,Yes,Yes,Fiber optic,No,No,Yes,No,Yes,Yes,Month-to-month,Yes,Bank transfer (automatic),110.9,4114.2,1
9062-['W' 'A' 'Z' 'U' 'Z'],Male,0,No,Yes,12,Yes,Yes,Fiber optic,No,Yes,No,Yes,Yes,No,Month-to-month,Yes,Credit card (automatic),104.3,1256.89,1
7984-['L' 'V' 'H' 'Z' 'Q'],Female,0,Yes,No,43,Yes,No,Fiber optic,No,Yes,Yes,No,No,Yes,Two year,Yes,Mailed check,95.73,4116.12,1
8078-['S' 'Y' 'F' 'U' 'X'],Male,0,No,No,21,Yes,No,No,No,No,No,No,No,No,Two year,No,Electronic check,38.84,818.83,0
7907-['S' 'R' 'O' 'B' 'N'],Female,0,No,No,70,Yes,No,Fiber optic,Yes,No,Yes,No,No,Yes,Month-to-month,Yes,Mailed check,94.74,6621.44,1
3612-['J' 'P' 'G' 'H' 'J'],Male,0,Yes,Yes,34,No,No,Fiber optic,Yes,Yes,No,Yes,Yes,Yes,Month-to-month,No,Bank transfer (automatic),98.68,3365.73,1
2902-['H' 'M' 'L' 'H' 'O'],Female,0,No,No,2,Yes,No,Fiber optic,No,No,No,Yes,Yes,No,One year,No,Credit card (automatic),90.54,189.27,1
9075-['K' 'S' 'N' 'R' 'M'],Female,0,Yes,Yes,15,No,No,DSL,Yes,No,No,No,Yes,No,Two year,Yes,Credit card (automatic),58.54,897.79,0
1830-['Q' 'S' 'I' 'W' 'G'],Male,0,Yes,Yes,44,Yes,No,DSL,No,No,Yes,No,No,No,Month-to-month,Yes,Bank transfer (automatic),66.28,2908.14,1
8878-['Z' 'G' 'T' 'G' 'H'],Female,0,No,No,15,Yes,Yes,No,No,No,No,No,No,No,Two year,No,Electronic check,46.42,695.4,0
6455-['C' 'M' 'J' 'R' 'G'],Female,0,Yes,Yes,65,No,No,Fiber optic,Yes,No,No,Yes,No,No,Month-to-month,Yes,Credit card (automatic),70.68,4610.2,1
8380-['U' 'E' 'W' 'Y' 'X'],Male,0,No,No,37,Yes,Yes,No,No,No,No,No,No,No,Month-to-month,Yes,Bank transfer (automatic),47.28,1741.14,1
3406-['Y' 'V' 'Q' 'D' 'X'],Female,0,No,Yes,23,Yes,No,Fiber optic,No,No,No,Yes,No,No,Two year,No,Mailed check,80.0,1831.38,0
9367-['S' 'J' 'C' 'C' 'Q'],Male,1,No,No,49,Yes,Yes,DSL,Yes,No,No,Yes,Yes,No,One year,No,Electronic check,91.01,4466.32,1
5233-['Q' 'V' 'Q' 'U' 'D'],Female,0,No,No,56,Yes,Yes,Fiber optic,No,No,No,Yes,No,No,One year,Yes,Mailed check,91.75,5137.8,1
2878-['F' 'L' 'Y' 'V' 'Y'],Male,1,Yes,No,55,Yes,No,DSL,Yes,No,Yes,Yes,No,No,One year,Yes,Mailed check,77.13,4238.23,0
4952-['Q' 'J' 'G' 'P' 'M'],Male,0,No,No,65,No,No,No,No,No,No,No,No,No,Month-to-month,Yes,Bank transfer (automatic),18.25,1198.27,0
5865-['P' 'F' 'F' 'M' 'G'],Female,0,No,No,72,Yes,No,DSL,Yes,No,No,Yes,No,Yes,Two year,No,Electronic check,77.03,5547.09,0
7412-['Y' 'U' 'U' 'P' 'Z'],Male,0,Yes,No,61,Yes,Yes,Fiber optic,Yes,No,Yes,No,Yes,Yes,Month-to-month,No,Bank transfer (automatic),113.06,6881.42,0
2953-['E' 'R' 'G' 'K' 'Y'],Male,0,Yes,No,13,Yes,No,Fiber optic,Yes,Yes,Yes,Yes,Yes,Yes,Month-to-month,No,Mailed check,117.21,1522.59,1
7840-['K' 'V' 'Q' 'P' 'M'],Female,0,Yes,No,65,Yes,No,Fiber optic,Yes,Yes,Yes,No,Yes,Yes,One year,No,Mailed check,109.29,7097.25,0
3389-['E' 'T' 'P' 'V' 'V'],Male,0,Yes,Yes,59,Yes,No,No,No,No,No,No,No,No,Month-to-month,No,Credit card (automatic),35.1,2085.62,1
1815-['P' 'N' 'F' 'B' 'N'],Male,0,No,No,20,Yes,Yes,Fiber optic,No,Yes,No,No,Yes,Yes,Two year,Yes,Mailed check,111.28,2230.86,0
6039-['W' 'T' 'M' 'O' 'L'],Male,0,No,No,34,No,No,DSL,No,Yes,No,No,No,Yes,One year,Yes,Credit card (automatic),55.3,1897.4,1
7324-['N' 'T' 'Y' 'D' 'H'],Male,0,Yes,Yes,29,Yes,Yes,DSL,Yes,No,No,Yes,Yes,No,One year,Yes,Mailed check,90.64,2635.76,0
6287-['V' 'V' 'P' 'X' 'J'],Female,1,No,Yes,38,Yes,Yes,DSL,Yes,No,No,Yes,Yes,No,Month-to-month,Yes,Credit card (automatic),89.48,3405.47,1
7174-['U' 'Q' 'A' 'R' 'J'],Male,0,Yes,No,24,Yes,No,No,No,No,No,No,No,No,One year,No,Electronic check,36.92,884.36,0
8641-['U' 'D' 'A' 'D' 'D'],Male,0,Yes,No,43,Yes,No,DSL,No,No,Yes,No,Yes,No,Month-to-month,Yes,Bank transfer (automatic),77.81,3357.46,1
1857-['D' 'Q' 'I' 'S' 'M'],Male,0,No,No,58,Yes,Yes,Fiber optic,Yes,No,Yes,No,Yes,Yes,One year,Yes,Electronic check,111.96,6489.24,1
7147-['E' 'M' 'W' 'P' 'V'],Female,0,Yes,No,5,Yes,No,Fiber optic,Yes,No,Yes,No,Yes,No,Month-to-month,Yes,Mailed check,94.29,462.17,1
2607-['P' 'A' 'W' 'F' 'K'],Female,0,Yes,No,2,No,No,Fiber optic,Yes,No,No,No,No,No,Month-to-month,No,Mailed check,66.79,153.33,1
4791-['G' 'S' 'A' 'I' 'R'],Male,0,Yes,No,35,Yes,No,Fiber optic,No,No,Yes,Yes,Yes,No,Two year,Yes,Credit card (automatic),96.55,3371.89,0
5473-['O' 'C' 'X' 'J' 'I'],Male,0,No,No,0,Yes,Yes,Fiber optic,Yes,No,No,Yes,Yes,Yes,Month-to-month,Yes,Credit card (automatic),114.77,0.0,0
2186-['V' 'W' 'O' 'Q' 'N'],Female,1,Yes,No,33,Yes,Yes,DSL,Yes,No,Yes,No,No,No,Month-to-month,No,Credit card (automatic),78.16,2576.64,1
6415-['D' 'T' 'X' 'O' 'E'],Male,0,No,Yes,64,Yes,No,DSL,No,Yes,No,No,Yes,No,Month-to-month,No,Electronic check,75.79,4841.04,1
6420-['F' 'E' 'Q' 'G' 'F'],Male,0,No,Yes,25,Yes,Yes,No,No,No,No,No,No,No,Month-to-month,No,Mailed check,42.47,1050.4,0
3666-['G' 'V' 'U' 'H' 'E'],Male,1,No,No,17,Yes,Yes,Fiber optic,No,Yes,No,Yes,Yes,Yes,Month-to-month,No,Mailed check,114.67,1959.51,1
9785-['V' 'P' 'N' 'L' 'Q'],Male,0,Yes,No,35,Yes,No,DSL,No,Yes,No,No,No,Yes,Month-to-month,Yes,Electronic check,72.64,2540.07,1
3212-['N' 'F' 'O' 'G' 'N'],Female,0,No,No,5,Yes,Yes,Fiber optic,No,No,No,Yes,No,Yes,Month-to-month,No,Mailed check,95.29,483.32,1
8601-['A' 'F' 'C' 'E' 'L'],Female,0,No,Yes,43,Yes,No,DSL,No,No,No,No,Yes,No,Two year,No,Mailed check,70.54,3036.68,1
5862-['R' 'Q' 'Q' 'K' 'T'],Female,0,No,No,39,Yes,No,DSL,No,No,No,Yes,Yes,No,Month-to-month,Yes,Credit card (automatic),76.29,2983.01,1
9713-['P' 'B' 'Q' 'V' 'T'],Female,0,Yes,No,29,No,No,DSL,Yes,Yes,Yes,Yes,No,No,Month-to-month,No,Electronic check,65.0,1885.99,1
2513-['M' 'L' 'O' 'G' 'V'],Female,0,Yes,Yes,30,Yes,Yes,DSL,No,No,No,Yes,Yes,Yes,Month-to-month,Yes,Credit card (automatic),97.16,2911.68,0
4124-['Z' 'M' 'L' 'L' 'B'],Male,1,Yes,No,57,Yes,No,No,No,No,No,No,No,No,Month-to-month,Yes,Electronic check,36.78,2109.1,1
1824-['Y' 'B' 'W' 'Z' 'T'],Female,0,Yes,No,54,Yes,Yes,DSL,No,Yes,No,No,Yes,Yes,Two year,Yes,Electronic check,97.57,5258.86,1
1492-['C' 'K' 'P' 'A' 'S'],Male,0,Yes,Yes,35,Yes,Yes,No,No,No,No,No,No,No,One year,No,Mailed check,45.66,1578.69,0
5682-['I' 'N' 'I' 'G' 'P'],Female,0,No,No,29,Yes,No,Fiber optic,Yes,No,Yes,No,Yes,No,Month-to-month,No,Electronic check,92.44,2673.53,1
5674-['S' 'D' 'G' 'W' 'L'],Male,0,No,No,47,Yes,Yes,DSL,Yes,No,No,Yes,No,Yes,Month-to-month,No,Bank transfer (automatic),90.61,4265.44,1
4325-['R' 'E' 'W' 'W' 'V'],Female,0,Yes,No,16,Yes,No,DSL,No,No,Yes,Yes,No,Yes,Month-to-month,Yes,Credit card (automatic),82.39,1331.05,0
9722-['O' 'A' 'C' 'R' 'R'],Female,1,No,No,26,Yes,No,DSL,No,No,Yes,No,No,Yes,Month-to-month,Yes,Mailed check,76.57,2002.02,1
8965-['B' 'E' 'A' 'J' 'T'],Male,0,Yes,No,62,Yes,Yes,Fiber optic,No,No,No,Yes,No,No,Month-to-month,Yes,Electronic check,87.33,5413.57,1
6213-['J' 'E' 'R' 'U' 'Z'],Male,0,No,No,13,Yes,Yes,No,No,No,No,No,No,No,Month-to-month,Yes,Mailed check,43.26,553.79,0
1590-['T' 'H' 'Q' 'L' 'U'],Male,0,Yes,No,25,Yes,No,DSL,No,No,No,No,Yes,No,Month-to-month,No,Mailed check,68.36,1715.85,1
6981-['L' 'Z' 'A' 'Z' 'Z'],Female,0,Yes,Yes,42,Yes,Yes,Fiber optic,Yes,No,Yes,Yes,Yes,No,Month-to-month,Yes,Electronic check,111.8,4681.09,1
2379-['H' 'A' 'O' 'R' 'A'],Female,0,Yes,No,0,Yes,Yes,No,No,No,No,No,No,No,Month-to-month,Yes,Electronic check,45.41,0.0,1
2546-['W' 'B' 'A' 'L' 'P'],Male,0,No,No,23,No,No,No,No,No,No,No,No,No,One year,No,Mailed check,19.05,421.57,0
2385-['R' 'O' 'Q' 'J' 'C'],Female,0,Yes,No,19,Yes,No,Fiber optic,No,No,Yes,Yes,No,No,One year,Yes,Credit card (automatic),88.45,1668.12,1
3233-['U' 'P' 'F' 'C' 'I'],Male,0,No,No,71,Yes,Yes,Fiber optic,No,No,Yes,No,Yes,No,Two year,Yes,Credit card (automatic),97.42,6918.79,0
1170-['U' 'M' 'R' 'Z' 'V'],Female,0,No,No,7,No,No,Fiber optic,No,No,Yes,No,No,Yes,Month-to-month,Yes,Credit card (automatic),77.63,556.42,1
5122-['V' 'D' 'V' 'X' 'H'],Male,0,No,No,29,Yes,Yes,Fiber optic,No,No,No,No,Yes,No,One year,No,Electronic check,92.54,2670.83,1
6228-['J' 'B' 'H' 'F' 'P'],Male,0,Yes,No,17,Yes,Yes,No,No,No,No,No,No,No,One year,Yes,Credit card (automatic),45.43,785.2,0
1236-['W' 'N' 'Z' 'U' 'J'],Female,0,No,Yes,12,Yes,Yes,Fiber optic,Yes,Yes,Yes,Yes,No,Yes,One year,Yes,Mailed check,115.08,1386.02,1
3423-['K' 'M' 'L' 'I' 'D'],Male,0,Yes,No,47,Yes,Yes,No,No,No,No,No,No,No,Month-to-month,Yes,Credit card (automatic),42.53,2000.21,0
3940-['V' 'B' 'G' 'I' 'E'],Female,0,Yes,No,59,Yes,No,Fiber optic,Yes,No,Yes,No,No,Yes,Two year,No,Electronic check,96.56,5695.26,0
5942-['R' 'D' 'S' 'T' 'Z'],Female,0,No,Yes,25,Yes,No,Fiber optic,No,Yes,Yes,No,No,Yes,Month-to-month,No,Mailed check,95.48,2403.42,1
7822-['Z' 'H' 'Q' 'M' 'X'],Female,0,No,Yes,8,No,No,Fiber optic,No,Yes,Yes,Yes,No,Yes,Month-to-month,Yes,Electronic check,81.31,652.16,1
4446-['K' 'A' 'B' 'Q' 'E'],Male,0,Yes,Yes,52,Yes,No,DSL,Yes,No,No,Yes,Yes,No,One year,Yes,Electronic check,78.16,4093.56,0
9253-['F' 'Z' 'Y' 'X' 'G'],Male,0,No,Yes,70,Yes,No,Fiber optic,No,Yes,No,No,No,Yes,Month-to-month,Yes,Mailed check,89.28,6242.02,1
3653-['O' 'S' 'P' 'Y' 'M'],Male,0,Yes,No,8,Yes,Yes,No,No,No,No,No,No,No,One year,No,Electronic check,46.61,361.63,0
7116-['C' 'C' 'S' 'N' 'P'],Female,0,No,No,25,No,No,Fiber optic,Yes,Yes,Yes,No,No,Yes,Month-to-month,No,Bank transfer (automatic),78.9,1979.34,1
4029-['Q' 'D' 'M' 'H' 'S'],Female,0,Yes,Yes,32,Yes,No,Fiber optic,Yes,No,Yes,No,No,No,One year,Yes,Mailed check,87.93,2804.95,1
1063-['E' 'B' 'O' 'B' 'K'],Male,0,Yes,No,32,Yes,Yes,Fiber optic,No,Yes,No,No,Yes,Yes,Month-to-month,Yes,Bank transfer (automatic),108.06,3463.04,1
9649-['C' 'E' 'C' 'F' 'M'],Female,1,Yes,Yes,51,Yes,No,No,No,No,No,No,No,No,Month-to-month,Yes,Bank transfer (automatic),36.56,1870.47,0
7055-['R' 'C' 'X' 'X' 'Q'],Female,0,No,No,39,Yes,Yes,Fiber optic,No,No,No,No,No,No,Month-to-month,Yes,Bank transfer (automatic),82.9,3226.9,1
7439-['J' 'B' 'L' 'W' 'F'],Female,0,No,No,3,Yes,Yes,No,No,No,No,No,No,No,Month-to-month,No,Credit card (automatic),43.27,117.72,1
2217-['U' 'W' 'X' 'C' 'Q'],Male,0,No,Yes,27,Yes,No,No,No,No,No,No,No,No,Month-to-month,Yes,Electronic check,36.97,996.67,0
3076-['G' 'U' 'E' 'W' 'A'],Male,0,No,No,53,Yes,Yes,DSL,No,No,No,No,No,Yes,Month-to-month,No,Credit card (automatic),79.07,4179.26,0
5589-['P' 'J' 'O' 'U' 'X'],Male,0,No,Yes,67,Yes,Yes,Fiber optic,No,Yes,No,No,No,No,Month-to-month,Yes,Bank transfer (automatic),91.01,6094.41,1
8897-['O' 'J' 'U' 'G' 'Z'],Female,0,Yes,No,48,No,No,Fiber optic,Yes,No,Yes,No,No,No,Month-to-month,No,Mailed check,70.52,3374.02,1
2059-['C' 'I' 'X' 'V' 'Q'],Female,1,Yes,Yes,5,Yes,Yes,Fiber optic,No,Yes,Yes,No,No,No,One year,Yes,Electronic check,97.38,493.91,1
7349-['J' 'M' 'L' 'A' 'V'],Male,0,No,Yes,32,Yes,No,DSL,No,No,No,No,Yes,No,Two year,Yes,Electronic check,70.19,2246.33,0
7748-['S' 'S' 'F' 'M' 'S'],Male,0,No,No,4,Yes,Yes,DSL,Yes,Yes,No,No,Yes,Yes,Month-to-month,Yes,Electronic check,100.77,404.33,1
6452-['Z' 'V' 'U' 'D' 'X'],Male,0,No,No,17,Yes,No,Fiber optic,Yes,No,No,No,No,Yes,Month-to-month,Yes,Mailed check,93.42,1584.87,1
4201-['O' 'L' 'G' 'T' 'R'],Female,0,Yes,No,2,Yes,Yes,DSL,No,Yes,No,Yes,Yes,No,Month-to-month,No,Bank transfer (automatic),86.18,184.68,1
4678-['W' 'M' 'Q' 'D' 'Y'],Male,0,No,No,1,Yes,Yes,Fiber optic,Yes,Yes,No,No,No,No,Two year,No,Credit card (automatic),93.42,93.93,1
1909-['T' 'M' 'C' 'Z' 'Z'],Male,0,No,Yes,64,Yes,Yes,DSL,Yes,Yes,Yes,Yes,No,Yes,Two year,Yes,Bank transfer (automatic),97.89,6250.17,1
1973-['O' 'C' 'A' 'Z' 'X'],Male,0,Yes,Yes,34,Yes,No,DSL,No,No,No,Yes,No,Yes,Two year,Yes,Bank transfer (automatic),77.19,2630.15,0
3288-['C' 'N' 'C' 'M' 'O'],Female,0,No,No,50,Yes,Yes,No,No,No,No,No,No,No,Month-to-month,No,Credit card (automatic),44.11,2205.46,1
4377-['N' 'U' 'Z' 'C' 'S'],Male,1,Yes,No,67,Yes,No,DSL,Yes,No,No,No,Yes,No,Month-to-month,Yes,Credit card (automatic),77.3,5164.01,1
8619-['D' 'S' 'K' 'A' 'H'],Female,0,No,No,34,Yes,Yes,DSL,Yes,No,Yes,No,Yes,No,Month-to-month,No,Credit card (automatic),90.13,3086.49,1
1494-['A' 'G' 'U' 'T' 'T'],Male,0,Yes,No,71,Yes,No,Fiber optic,No,Yes,Yes,Yes,Yes,Yes,Month-to-month,No,Mailed check,108.55,7715.69,0
8543-['K' 'N' 'V' 'P' 'N'],Female,0,Yes,Yes,43,Yes,Yes,Fiber optic,No,Yes,Yes,No,No,No,Two year,Yes,Electronic check,94.46,4063.89,1
3057-['X' 'N' 'R' 'V' 'I'],Male,0,Yes,No,28,Yes,No,DSL,Yes,Yes,No,No,Yes,Yes,One year,Yes,Credit card (automatic),88.16,2468.63,0
9831-['H' 'Z' 'M' 'R' 'E'],Male,0,No,No,35,Yes,Yes,Fiber optic,No,No,No,No,No,No,Two year,Yes,Electronic check,82.5,2893.24,0
6125-['U' 'S' 'D' 'G' 'D'],Female,0,Yes,Yes,41,No,No,Fiber optic,No,No,No,No,Yes,No,Month-to-month,Yes,Electronic check,71.86,2950.07,0
6912-['K' 'L' 'N' 'M' 'J'],Male,1,No,No,6,Yes,Yes,Fiber optic,No,Yes,No,No,No,No,Month-to-month,Yes,Mailed check,86.67,507.17,1
1772-['H' 'N' 'E' 'Z' 'X'],Male,0,No,Yes,12,Yes,No,No,No,No,No,No,No,No,Month-to-month,Yes,Electronic check,38.63,464.05,0
1999-['Y' 'Z' 'F' 'P' 'D'],Male,0,No,Yes,21,No,No,DSL,No,No,No,Yes,No,No,Month-to-month,No,Mailed check,50.12,1056.51,1
2803-['K' 'C' 'L' 'E' 'F'],Male,1,Yes,No,56,Yes,No,No,No,No,No,No,No,No,Month-to-month,Yes,Electronic check,36.68,2044.6,1
2615-['W' 'K' 'E' 'I' 'C'],Female,0,Yes,No,44,No,No,No,No,No,No,No,No,No,Two year,No,Credit card (automatic),19.56,854.62,0
5221-['H' 'F' 'D' 'L' 'L'],Female,0,Yes,No,53,Yes,No,No,No,No,No,No,No,No,Month-to-month,Yes,Credit card (automatic),36.62,1937.15,0
6854-['Y' 'U' 'P' 'J' 'V'],Female,0,No,No,1,Yes,No,No,No,No,No,No,No,No,Month-to-month,Yes,Electronic check,32.67,40.52,0
5429-['M' 'I' 'G' 'L' 'E'],Female,0,No,No,71,Yes,Yes,DSL,No,Yes,Yes,No,Yes,Yes,One year,No,Electronic check,103.78,7357.93,0
6361-['D' 'B' 'C' 'Z' 'L'],Female,1,No,Yes,56,Yes,No,No,No,No,No,No,No,No,One year,Yes,Mailed check,35.22,1975.44,0
7594-['D' 'F' 'L' 'S' 'J'],Female,0,No,No,33,Yes,Yes,Fiber optic,No,No,Yes,No,Yes,Yes,Two year,No,Mailed check,106.79,3515.82,0
5925-['A' 'Q' 'P' 'I' 'Y'],Female,0,Yes,Yes,43,Yes,No,DSL,No,Yes,No,Yes,No,Yes,Two year,Yes,Electronic check,81.93,3526.69,0
8092-['I' 'W' 'I' 'L' 'W'],Female,0,Yes,No,68,Yes,Yes,Fiber optic,Yes,Yes,Yes,No,Yes,No,Month-to-month,Yes,Credit card (automatic),110.23,7506.87,1
8720-['O' 'B' 'K' 'K' 'H'],Male,0,Yes,No,52,Yes,No,Fiber optic,No,No,No,Yes,No,Yes,Month-to-month,No,Mailed check,91.09,4729.65,0
3181-['U' 'T' 'G' 'C' 'H'],Male,0,No,No,61,Yes,No,Fiber optic,No,No,Yes,No,Yes,Yes,One year,No,Credit card (automatic),99.55,6071.11,0
2521-['Q' 'K' 'B' 'Y' 'U'],Female,0,No,No,32,Yes,Yes,No,No,No,No,No,No,No,Month-to-month,Yes,Bank transfer (automatic),44.2,1420.8,1
8162-['X' 'S' 'G' 'R' 'H'],Female,0,No,Yes,68,Yes,Yes,Fiber optic,No,Yes,Yes,No,Yes,Yes,Month-to-month,Yes,Mailed check,116.87,7943.5,0
2126-['U' 'D' 'Q' 'E' 'L'],Female,1,No,No,0,Yes,Yes,DSL,No,Yes,No,Yes,No,No,Month-to-month,No,Mailed check,80.44,0.0,1
9584-['Z' 'T' 'M' 'Y' 'R'],Male,0,Yes,No,34,Yes,Yes,DSL,Yes,Yes,No,No,No,No,Month-to-month,Yes,Mailed check,81.16,2750.63,1
8059-['I' 'D' 'U' 'H' 'A'],Female,0,No,No,24,Yes,No,Fiber optic,No,No,No,No,No,Yes,One year,Yes,Electronic check,82.4,1958.77,1
7792-['T' 'M' 'B' 'M' 'I'],Female,1,Yes,Yes,3,Yes,No,Fiber optic,No,No,Yes,No,Yes,Yes,Two year,No,Mailed check,97.88,274.73,1
2565-['T' 'F' 'A' 'Y' 'E'],Female,0,No,No,72,Yes,No,Fiber optic,No,No,Yes,No,Yes,Yes,Two year,No,Electronic check,100.4,7224.53,0
9254-['C' 'D' 'A' 'N' 'I'],Female,0,No,No,66,Yes,Yes,DSL,No,No,No,No,Yes,No,Two year,No,Bank transfer (automatic),79.14,5216.87,0
3269-['X' 'D' 'R' 'N' 'Y'],Male,0,Yes,Yes,9,Yes,No,Fiber optic,No,Yes,No,No,No,No,Two year,Yes,Electronic check,77.95,701.63,1
1195-['Y' 'J' 'C' 'W' 'G'],Female,0,No,No,19,Yes,No,DSL,Yes,No,Yes,No,No,Yes,Month-to-month,Yes,Credit card (automatic),77.45,1474.05,1
8401-['M' 'D' 'R' 'K' 'Y'],Male,0,No,Yes,39,Yes,Yes,DSL,Yes,No,No,No,Yes,Yes,Month-to-month,No,Mailed check,94.69,3702.13,1
6623-['N' 'R' 'H' 'J' 'E'],Male,1,No,No,66,Yes,No,Fiber optic,No,Yes,No,No,No,No,Month-to-month,Yes,Bank transfer (automatic),79.04,5209.56,1
6190-['L' 'Y' 'C' 'Z' 'D'],Male,0,Yes,Yes,14,Yes,Yes,DSL,No,Yes,No,No,No,Yes,Month-to-month,Yes,Bank transfer (automatic),84.85,1185.0,1
2251-['O' 'J' 'U' 'V' 'P'],Female,0,No,No,27,Yes,No,No,No,No,No,No,No,No,Month-to-month,No,Electronic check,38.3,1019.53,0
3030-['S' 'T' 'S' 'R' 'Z'],Male,0,No,No,34,Yes,No,Fiber optic,Yes,Yes,No,Yes,No,Yes,One year,Yes,Bank transfer (automatic),101.07,3433.1,0
8041-['X' 'O' 'G' 'A' 'E'],Female,0,No,No,6,Yes,Yes,Fiber optic,Yes,Yes,Yes,Yes,Yes,Yes,Month-to-month,Yes,Bank transfer (automatic),118.75,708.81,0
9052-['D' 'N' 'M' 'A' 'P'],Female,0,Yes,No,53,Yes,Yes,Fiber optic,Yes,No,No,Yes,No,Yes,Two year,No,Credit card (automatic),108.03,5719.02,0
2526-['I' 'V' 'P' 'S' 'O'],Female,0,Yes,No,41,Yes,No,Fiber optic,No,No,Yes,Yes,No,Yes,Month-to-month,No,Bank transfer (automatic),96.21,3935.25,1
8865-['N' 'T' 'J' 'U' 'L'],Female,0,No,No,37,Yes,No,Fiber optic,No,No,No,No,No,Yes,Month-to-month,No,Bank transfer (automatic),84.75,3138.28,1
3363-['A' 'U' 'Q' 'I' 'W'],Female,0,Yes,No,63,Yes,Yes,No,No,No,No,No,No,No,Month-to-month,Yes,Credit card (automatic),48.75,3051.94,0
2778-['Y' 'R' 'G' 'I' 'V'],Female,0,No,No,56,Yes,Yes,DSL,No,No,No,No,No,Yes,Month-to-month,Yes,Bank transfer (automatic),77.22,4319.28,1
5747-['G' 'N' 'O' 'O' 'F'],Female,0,No,No,28,Yes,No,No,No,No,No,No,No,No,Month-to-month,Yes,Bank transfer (automatic),37.8,1047.77,1
8053-['B' 'H' 'M' 'W' 'F'],Female,0,No,Yes,65,Yes,No,No,No,No,No,No,No,No,Two year,Yes,Electronic check,31.92,2062.63,0
5964-['Y' 'A' 'I' 'F' 'T'],Male,0,Yes,No,72,Yes,No,No,No,No,No,No,No,No,Two year,Yes,Electronic check,34.89,2519.96,0
3521-['G' 'I' 'E' 'N' 'E'],Female,0,Yes,No,5,Yes,No,DSL,Yes,No,No,Yes,Yes,No,One year,No,Bank transfer (automatic),82.43,404.31,0
4404-['M' 'H' 'K' 'Z' 'R'],Male,1,Yes,No,1,Yes,No,DSL,No,No,No,Yes,Yes,Yes,Month-to-month,Yes,Credit card (automatic),86.24,88.88,1
4154-['F' 'V' 'B' 'M' 'W'],Female,0,Yes,No,38,Yes,Yes,Fiber optic,No,Yes,No,No,Yes,Yes,Month-to-month,Yes,Credit card (automatic),110.62,4199.18,0
6400-['Z' 'K' 'A' 'X' 'B'],Male,0,No,No,5,Yes,Yes,No,No,No,No,No,No,No,Month-to-month,No,Credit card (automatic),47.87,235.93,1
5253-['Q' 'H' 'B' 'F' 'V'],Male,0,No,Yes,13,Yes,No,DSL,No,No,Yes,Yes,Yes,No,Month-to-month,No,Electronic check,84.17,1091.12,1
3372-['P' 'H' 'S' 'P' 'M'],Female,0,Yes,No,17,Yes,No,Fiber optic,No,No,No,Yes,No,No,Month-to-month,Yes,Credit card (automatic),82.29,1408.7,0
7617-['T' 'G' 'P' 'W' 'P'],Male,0,Yes,No,69,Yes,Yes,DSL,No,No,Yes,No,Yes,Yes,Two year,Yes,Mailed check,99.6,6865.12,0
1333-['X' 'R' 'R' 'P' 'T'],Female,0,Yes,No,21,Yes,No,No,No,No,No,No,No,No,Month-to-month,Yes,Bank transfer (automatic),34.63,741.74,1
6196-['Z' 'I' 'Z' 'I' 'M'],Male,1,Yes,No,12,Yes,No,No,No,No,No,No,No,No,One year,Yes,Electronic check,34.52,406.71,1
7652-['D' 'I' 'O' 'N' 'S'],Female,0,No,Yes,72,Yes,No,DSL,Yes,Yes,No,No,No,No,One year,Yes,Electronic check,70.61,5083.13,1
6707-['U' 'Z' 'Y' 'F' 'C'],Male,0,Yes,No,9,Yes,No,DSL,Yes,Yes,No,No,No,No,Two year,No,Electronic check,72.3,667.22,1
5664-['V' 'T' 'P' 'T' 'X'],Male,0,No,Yes,26,Yes,No,Fiber optic,Yes,Yes,Yes,No,Yes,Yes,Month-to-month,Yes,Electronic check,108.67,2824.66,1
5886-['Q' 'P' 'F' 'H' 'S'],Female,0,No,Yes,13,Yes,Yes,Fiber optic,Yes,Yes,No,No,No,Yes,Month-to-month,Yes,Electronic check,105.72,1378.98,1
7813-['Y' 'Z' 'B' 'N' 'V'],Male,0,No,Yes,8,Yes,No,Fiber optic,No,No,No,No,Yes,No,One year,No,Bank transfer (automatic),84.7,671.07,1
5090-['O' 'R' 'P' 'M' 'U'],Female,1,Yes,No,8,No,No,No,No,No,No,No,No,No,Month-to-month,No,Credit card (automatic),19.57,166.83,1
8008-['Y' 'Z' 'C' 'P' 'B'],Female,0,No,No,56,Yes,No,No,No,No,No,No,No,No,One year,No,Electronic check,33.03,1842.07,0
5718-['A' 'I' 'P' 'D' 'L'],Male,0,No,No,34,Yes,No,Fiber optic,Yes,Yes,No,No,No,Yes,Month-to-month,Yes,Credit card (automatic),93.47,3170.61,0
6280-['A' 'G' 'R' 'W' 'W'],Male,0,Yes,No,25,Yes,No,DSL,No,No,No,Yes,Yes,No,One year,Yes,Electronic check,74.3,1850.25,0
8897-['Y' 'M' 'P' 'G' 'P'],Male,0,Yes,No,40,Yes,Yes,Fiber optic,No,No,Yes,No,Yes,No,Two year,No,Mailed check,100.73,4032.32,1
1589-['Q' 'L' 'X' 'X' 'T'],Female,0,No,No,66,Yes,No,Fiber optic,Yes,No,Yes,No,Yes,Yes,Month-to-month,Yes,Electronic check,105.15,6933.34,1
9503-['U' 'D' 'V' 'B' 'R'],Female,0,Yes,No,29,No,No,Fiber optic,No,Yes,No,Yes,No,Yes,Month-to-month,No,Mailed check,78.93,2296.87,0
5481-['Y' 'O' 'Z' 'S' 'O'],Female,1,Yes,No,28,Yes,Yes,DSL,No,Yes,No,No,Yes,Yes,Month-to-month,Yes,Bank transfer (automatic),96.67,2691.82,1
8017-['X' 'T' 'K' 'Z' 'J'],Female,0,Yes,No,67,Yes,No,DSL,No,Yes,Yes,Yes,Yes,No,Month-to-month,Yes,Credit card (automatic),89.28,5987.58,0
2942-['E' 'I' 'T' 'S' 'M'],Male,1,Yes,No,13,No,No,Fiber optic,No,No,No,Yes,Yes,No,Two year,Yes,Mailed check,75.86,984.63,0
1337-['Q' 'F' 'J' 'B' 'X'],Female,0,Yes,No,51,Yes,Yes,Fiber optic,No,Yes,Yes,No,Yes,Yes,One year,Yes,Electronic check,116.68,5948.97,1
4611-['U' 'M' 'R' 'G' 'B'],Female,1,No,No,38,Yes,Yes,Fiber optic,No,No,Yes,No,No,Yes,Month-to-month,No,Electronic check,100.68,3827.47,1
3673-['K' 'J' 'K' 'B' 'O'],Male,1,No,Yes,20,Yes,No,DSL,No,No,Yes,No,No,Yes,Month-to-month,No,Bank transfer (automatic),76.73,1529.15,0
2254-['I' 'E' 'G' 'T' 'B'],Male,0,No,No,70,Yes,No,DSL,No,Yes,No,Yes,No,Yes,Month-to-month,Yes,Electronic check,78.13,5463.06,0
5130-['B' 'U' 'V' 'W' 'S'],Male,0,Yes,Yes,5,Yes,Yes,DSL,Yes,Yes,No,Yes,No,No,Month-to-month,Yes,Bank transfer (automatic),83.09,413.48,1
5035-['X' 'T' 'G' 'V' 'G'],Female,1,Yes,No,54,Yes,No,No,No,No,No,No,No,No,Month-to-month,No,Bank transfer (automatic),34.95,1892.54,1
1912-['S' 'V' 'P' 'C' 'O'],Male,0,Yes,No,39,Yes,No,Fiber optic,No,No,Yes,No,No,No,Month-to-month,No,Electronic check,77.43,3016.12,1
6613-['O' 'N' 'G' 'Y' 'C'],Male,0,No,No,69,No,No,Fiber optic,No,Yes,Yes,No,No,Yes,Month-to-month,No,Credit card (automatic),81.39,5613.03,0
8824-['J' 'O' 'F' 'Q' 'Q'],Female,0,Yes,No,24,Yes,No,DSL,No,No,Yes,Yes,No,No,Month-to-month,Yes,Electronic check,66.37,1594.7,1
7157-['X' 'Y' 'R' 'Y' 'E'],Female,0,No,No,3,Yes,No,Fiber optic,No,Yes,No,Yes,Yes,No,Two year,No,Bank transfer (automatic),94.66,269.31,0
1871-['G' 'W' 'D' 'R' 'E'],Female,0,Yes,No,33,Yes,No,Fiber optic,No,No,Yes,Yes,Yes,No,Month-to-month,Yes,Mailed check,93.99,3105.04,0
4055-['N' 'S' 'N' 'I' 'F'],Female,0,No,No,21,Yes,No,No,No,No,No,No,No,No,One year,No,Bank transfer (automatic),30.47,641.02,0
2872-['S' 'L' 'D' 'P' 'Y'],Male,0,No,No,55,Yes,No,No,No,No,No,No,No,No,Two year,Yes,Mailed check,35.28,1971.4,0
8189-['D' 'Q' 'H' 'N' 'B'],Female,0,Yes,Yes,45,Yes,No,No,No,No,No,No,No,No,Two year,Yes,Mailed check,36.28,1621.37,0
6386-['K' 'X' 'V' 'X' 'F'],Male,0,No,No,55,Yes,Yes,Fiber optic,No,No,Yes,No,Yes,Yes,One year,Yes,Bank transfer (automatic),109.52,6018.89,0
1244-['U' 'N' 'J' 'Z' 'H'],Male,1,Yes,No,26,No,No,Fiber optic,No,Yes,No,Yes,Yes,Yes,Month-to-month,No,Mailed check,91.28,2369.46,1
4515-['H' 'W' 'B' 'P' 'I'],Female,0,No,No,34,Yes,No,No,No,No,No,No,No,No,Month-to-month,No,Bank transfer (automatic),37.31,1271.41,1
9076-['W' 'L' 'V' 'Y' 'Q'],Female,0,No,Yes,15,Yes,No,DSL,Yes,No,No,Yes,No,No,Month-to-month,Yes,Electronic check,70.62,1059.42,0
9772-['A' 'T' 'M' 'H' 'F'],Female,0,Yes,No,19,No,No,Fiber optic,Yes,No,Yes,Yes,Yes,Yes,Month-to-month,No,Bank transfer (automatic),95.35,1826.05,1
3236-['Q' 'L' 'A' 'C' 'N'],Female,0,No,Yes,14,Yes,No,Fiber optic,No,No,Yes,No,Yes,Yes,Month-to-month,No,Mailed check,102.47,1429.54,1
9537-['H' 'K' 'N' 'H' 'C'],Male,1,Yes,No,71,Yes,No,Fiber optic,No,Yes,No,No,Yes,No,Month-to-month,No,Bank transfer (automatic),90.33,6438.11,0
8899-['S' 'D' 'Y' 'P' 'M'],Female,0,Yes,No,23,Yes,Yes,Fiber optic,Yes,No,Yes,Yes,Yes,No,Month-to-month,No,Mailed check,110.66,2535.3,1
7611-['S' 'E' 'W' 'E' 'T'],Female,0,Yes,No,61,Yes,No,Fiber optic,No,No,No,Yes,Yes,No,One year,No,Bank transfer (automatic),88.89,5446.42,0
6271-['D' 'B' 'Z' 'M' 'P'],Male,0,Yes,No,43,Yes,Yes,Fiber optic,No,No,Yes,Yes,No,No,One year,Yes,Credit card (automatic),93.57,4013.9,1
6025-['S' 'Q' 'E' 'Y' 'R'],Male,1,Yes,No,13,Yes,No,DSL,Yes,Yes,Yes,No,No,Yes,Two year,No,Electronic check,83.53,1072.13,0
4835-['W' 'U' 'R' 'H' 'O'],Male,0,No,Yes,72,Yes,Yes,Fiber optic,No,No,Yes,Yes,No,Yes,Month-to-month,No,Mailed check,102.52,7378.0,1
8340-['M' 'P' 'V' 'T' 'M'],Female,0,No,Yes,50,Yes,Yes,Fiber optic,No,Yes,Yes,Yes,No,Yes,Two year,Yes,Electronic check,113.28,5666.5,0
2043-['B' 'C' 'O' 'W' 'S'],Male,0,No,No,21,Yes,Yes,DSL,Yes,Yes,Yes,No,No,No,Two year,No,Electronic check,86.15,1801.31,0
8332-['Z' 'V' 'F' 'N' 'D'],Male,0,No,No,31,Yes,No,Fiber optic,No,Yes,Yes,No,No,No,Month-to-month,No,Bank transfer (automatic),83.54,2593.11,1
2877-['S' 'W' 'G' 'D' 'B'],Male,0,No,No,24,No,No,DSL,No,Yes,No,No,No,Yes,Month-to-month,Yes,Credit card (automatic),60.02,1450.34,1
1794-['G' 'C' 'O' 'A' 'B'],Female,0,Yes,Yes,48,Yes,Yes,DSL,Yes,No,No,No,Yes,Yes,Two year,No,Electronic check,94.27,4518.88,0
6353-['P' 'Y' 'O' 'X' 'O'],Male,0,Yes,No,22,Yes,Yes,No,No,No,No,No,No,No,Two year,Yes,Electronic check,42.93,937.26,0
5237-['V' 'N' 'F' 'N' 'Q'],Female,0,No,No,36,Yes,Yes,Fiber optic,No,Yes,Yes,No,Yes,No,Month-to-month,Yes,Credit card (automatic),102.24,3703.58,1
5369-['T' 'S' 'Q' 'P' 'H'],Male,0,Yes,No,2,Yes,Yes,Fiber optic,No,No,No,No,Yes,Yes,One year,Yes,Electronic check,105.99,198.24,1
9115-['L' 'I' 'N' 'T' 'A'],Male,0,Yes,No,59,Yes,No,No,No,No,No,No,No,No,Month-to-month,Yes,Electronic check,35.61,2103.61,1
6310-['J' 'Q' 'Q' 'Q' 'D'],Male,0,Yes,Yes,58,Yes,No,Fiber optic,Yes,Yes,No,No,No,Yes,Month-to-month,Yes,Credit card (automatic),96.25,5581.83,1
3896-['R' 'T' 'W' 'B' 'H'],Male,0,Yes,No,22,Yes,No,DSL,No,Yes,No,Yes,Yes,Yes,Month-to-month,No,Bank transfer (automatic),89.36,1953.24,1
4980-['W' 'Y' 'V' 'T' 'V'],Male,0,No,No,32,Yes,Yes,Fiber optic,Yes,No,Yes,No,Yes,Yes,Month-to-month,Yes,Electronic check,109.51,3500.9,1
1494-['T' 'W' 'I' 'C' 'C'],Male,1,No,Yes,53,Yes,Yes,No,No,No,No,No,No,No,Month-to-month,Yes,Electronic check,46.61,2460.43,0
1557-['Q' 'M' 'S' 'W' 'O'],Female,0,Yes,No,38,Yes,Yes,Fiber optic,No,No,Yes,No,No,No,Two year,Yes,Mailed check,90.36,3425.72,0
8034-['Y' 'N' 'B' 'G' 'Q'],Female,1,No,Yes,24,Yes,Yes,Fiber optic,No,Yes,No,Yes,Yes,Yes,Month-to-month,Yes,Electronic check,112.37,2701.06,0
9645-['U' 'H' 'B' 'A' 'P'],Female,0,No,No,62,Yes,No,DSL,No,Yes,No,Yes,Yes,No,Two year,No,Bank transfer (automatic),81.08,5022.04,0
1362-['O' 'M' 'X' 'B' 'N'],Male,1,No,Yes,58,Yes,Yes,DSL,No,Yes,No,No,No,No,Month-to-month,Yes,Electronic check,74.6,4344.07,1
6349-['I' 'G' 'R' 'X' 'I'],Female,0,Yes,No,30,Yes,No,Fiber optic,No,No,No,No,Yes,No,Two year,No,Credit card (automatic),87.65,2625.22,1
9035-['I' 'D' 'L' 'D' 'Y'],Male,0,Yes,No,48,Yes,Yes,DSL,Yes,Yes,Yes,Yes,Yes,Yes,Month-to-month,No,Electronic check,110.92,5332.4,1
1925-['X' 'T' 'N' 'X' 'X'],Female,0,Yes,No,59,Yes,Yes,DSL,No,Yes,No,Yes,No,No,Month-to-month,Yes,Credit card (automatic),79.25,4666.66,0
1985-['M' 'V' 'H' 'W' 'E'],Male,0,No,No,63,No,No,No,No,No,No,No,No,No,Two year,No,Mailed check,20.5,1287.47,0
6291-['M' 'T' 'N' 'R' 'X'],Female,0,Yes,No,37,Yes,Yes,DSL,Yes,No,No,No,No,Yes,Month-to-month,Yes,Bank transfer (automatic),83.25,3077.8,0
2331-['D' 'U' 'R' 'G' 'O'],Male,0,No,No,70,Yes,No,DSL,No,Yes,Yes,No,No,No,Month-to-month,No,Credit card (automatic),69.85,4905.58,0
1805-['P' 'T' 'X' 'H' 'U'],Male,0,Yes,Yes,7,Yes,No,DSL,No,No,No,Yes,Yes,Yes,Month-to-month,Yes,Bank transfer (automatic),83.64,586.65,0
4983-['V' 'P' 'C' 'Q' 'I'],Female,0,Yes,No,12,Yes,No,Fiber optic,No,No,No,No,Yes,No,Month-to-month,No,Bank transfer (automatic),82.28,984.34,1
4832-['C' 'T' 'G' 'R' 'L'],Male,0,No,No,25,Yes,No,Fiber optic,No,Yes,Yes,No,No,No,Month-to-month,No,Electronic check,89.46,2246.9,1
1559-['V' 'X' 'Q' 'T' 'O'],Female,0,Yes,No,9,Yes,Yes,Fiber optic,Yes,No,No,No,No,Yes,Two year,No,Mailed check,97.45,876.46,1
5929-['H' 'V' 'Y' 'B' 'S'],Female,0,Yes,No,55,Yes,No,No,No,No,No,No,No,No,Month-to-month,No,Mailed check,35.47,1958.41,1
7088-['I' 'M' 'F' 'O' 'S'],Female,1,No,Yes,3,Yes,Yes,DSL,Yes,No,Yes,Yes,Yes,Yes,Two year,No,Bank transfer (automatic),106.89,308.53,0
2550-['R' 'G' 'Z' 'K' 'H'],Female,0,Yes,No,30,Yes,No,Fiber optic,No,No,Yes,Yes,Yes,No,Two year,No,Credit card (automatic),95.93,2892.2,1
2829-['H' 'B' 'S' 'P' 'G'],Male,0,Yes,Yes,16,Yes,Yes,Fiber optic,No,No,Yes,Yes,Yes,Yes,One year,Yes,Credit card (automatic),116.64,1860.94,1
7601-['L' 'Q' 'G' 'V' 'H'],Female,0,Yes,No,7,Yes,No,Fiber optic,No,No,No,No,Yes,No,Month-to-month,No,Bank transfer (automatic),85.22,593.31,1
7182-['D' 'C' 'S' 'O' 'D'],Male,0,No,No,51,Yes,Yes,No,No,No,No,No,No,No,One year,Yes,Mailed check,45.05,2307.65,0
7238-['Y' 'I' 'M' 'R' 'U'],Male,0,Yes,Yes,36,Yes,No,Fiber optic,Yes,Yes,No,Yes,Yes,Yes,Month-to-month,Yes,Credit card (automatic),111.47,4024.53,0
9559-['A' 'D' 'R' 'H' 'T'],Male,0,No,No,19,Yes,Yes,Fiber optic,Yes,No,Yes,No,Yes,Yes,Two year,No,Bank transfer (automatic),115.85,2186.32,0
6674-['T' 'U' 'U' 'U' 'S'],Female,1,Yes,No,46,Yes,No,DSL,Yes,Yes,Yes,No,No,No,One year,Yes,Electronic check,75.27,3463.6,1
4606-['S' 'R' 'S' 'K' 'C'],Male,0,Yes,No,50,Yes,No,DSL,Yes,No,No,No,Yes,No,Month-to-month,No,Electronic check,76.18,3794.56,0
2395-['S' 'J' 'P' 'E' 'T'],Male,0,Yes,No,57,Yes,No,DSL,No,Yes,No,No,Yes,No,One year,Yes,Electronic check,78.18,4451.01,0
8336-['H' 'K' 'P' 'G' 'O'],Female,0,Yes,No,43,No,No,Fiber optic,No,No,Yes,Yes,No,No,Month-to-month,Yes,Bank transfer (automatic),70.71,3050.84,1
5348-['U' 'T' 'W' 'Q' 'F'],Male,0,Yes,No,10,Yes,No,DSL,No,No,Yes,No,No,No,One year,No,Credit card (automatic),68.25,681.66,0
6422-['H' 'G' 'B' 'M' 'W'],Male,0,No,Yes,11,Yes,Yes,Fiber optic,Yes,No,No,No,No,Yes,Month-to-month,Yes,Bank transfer (automatic),99.71,1094.61,1
2180-['F' 'E' 'T' 'A' 'R'],Male,0,Yes,Yes,9,Yes,Yes,Fiber optic,Yes,Yes,No,Yes,Yes,Yes,Two year,No,Electronic check,118.75,1053.83,0
6710-['W' 'J' 'C' 'E' 'X'],Male,0,Yes,No,53,Yes,No,No,No,No,No,No,No,No,One year,No,Bank transfer (automatic),35.48,1897.47,0
4925-['U' 'B' 'I' 'Q' 'R'],Male,1,No,No,33,Yes,Yes,Fiber optic,No,Yes,Yes,No,No,Yes,Month-to-month,No,Electronic check,104.06,3433.1,1
9172-['A' 'L' 'T' 'T' 'U'],Female,0,Yes,No,29,Yes,Yes,No,No,No,No,No,No,No,One year,No,Mailed check,43.17,1236.89,1
1292-['H' 'O' 'C' 'F' 'M'],Female,0,Yes,No,14,Yes,No,Fiber optic,No,No,No,Yes,Yes,Yes,Month-to-month,No,Electronic check,99.82,1388.53,1
5860-['R' 'X' 'A' 'Y' 'G'],Female,1,Yes,No,7,Yes,No,Fiber optic,No,No,Yes,No,No,Yes,Two year,Yes,Bank transfer (automatic),93.02,660.09,1
9619-['J' 'L' 'K' 'D' 'S'],Female,0,Yes,Yes,39,Yes,No,Fiber optic,No,No,Yes,No,Yes,Yes,Two year,Yes,Bank transfer (automatic),97.9,3817.17,0
6278-['I' 'T' 'J' 'E' 'M'],Female,0,Yes,Yes,21,Yes,Yes,DSL,No,No,Yes,Yes,No,Yes,Two year,No,Credit card (automatic),87.64,1842.4,0
1895-['B' 'R' 'U' 'A' 'X'],Male,0,Yes,No,4,Yes,No,No,No,No,No,No,No,No,Month-to-month,No,Electronic check,33.73,130.9,1
6419-['J' 'B' 'I' 'B' 'W'],Female,0,Yes,No,19,Yes,Yes,Fiber optic,No,Yes,No,Yes,No,No,Month-to-month,No,Credit card (automatic),92.42,1735.03,1
2301-['N' 'K' 'W' 'K' 'Q'],Male,0,Yes,No,48,Yes,No,Fiber optic,Yes,No,No,No,Yes,No,One year,No,Bank transfer (automatic),88.33,4242.61,0
6644-['G' 'P' 'A' 'M' 'A'],Male,0,Yes,No,51,Yes,No,Fiber optic,No,No,No,No,No,Yes,One year,No,Electronic check,87.19,4439.13,0
8493-['T' 'C' 'L' 'E' 'I'],Female,1,No,No,65,Yes,No,Fiber optic,No,No,No,No,Yes,No,Month-to-month,No,Mailed check,85.51,5567.49,1
4833-['L' 'J' 'S' 'E' 'Z'],Female,0,No,Yes,18,Yes,Yes,Fiber optic,No,No,Yes,Yes,Yes,No,Two year,No,Credit card (automatic),104.38,1889.28,0
5968-['Z' 'T' 'Q' 'J' 'U'],Male,0,No,No,13,Yes,Yes,Fiber optic,No,Yes,No,No,No,No,Month-to-month,No,Electronic check,90.6,1171.13,1
4584-['V' 'P' 'Z' 'Z' 'O'],Male,0,Yes,Yes,6,Yes,No,No,No,No,No,No,No,No,Month-to-month,Yes,Electronic check,34.02,207.19,0
2351-['E' 'F' 'W' 'T' 'N'],Female,0,Yes,No,56,Yes,No,Fiber optic,Yes,No,No,Yes,Yes,Yes,One year,No,Bank transfer (automatic),102.08,5729.23,0
3646-['K' 'F' 'K' 'M' 'L'],Female,0,No,Yes,9,Yes,No,No,No,No,No,No,No,No,Two year,Yes,Mailed check,33.62,301.44,0
3037-['B' 'U' 'C' 'W' 'D'],Male,0,No,Yes,21,Yes,Yes,Fiber optic,No,No,No,No,Yes,No,One year,Yes,Bank transfer (automatic),94.01,1971.31,1
2424-['V' 'F' 'G' 'O' 'K'],Male,0,No,No,4,Yes,Yes,Fiber optic,No,Yes,No,No,No,No,One year,Yes,Bank transfer (automatic),89.45,350.63,1
9983-['C' 'F' 'Z' 'B' 'N'],Female,0,Yes,No,23,Yes,No,DSL,No,No,No,No,No,No,Two year,Yes,Electronic check,59.19,1356.06,0
9702-['M' 'Z' 'L' 'L' 'R'],Female,0,Yes,No,14,Yes,Yes,DSL,Yes,No,No,No,No,No,Month-to-month,Yes,Credit card (automatic),73.47,1008.05,0
2520-['U' 'P' 'Q' 'U' 'X'],Female,0,No,No,25,Yes,No,DSL,No,No,No,No,No,No,One year,No,Credit card (automatic),58.33,1449.85,0
2575-['K' 'X' 'B' 'H' 'L'],Male,0,No,No,54,Yes,No,No,No,No,No,No,No,No,Month-to-month,Yes,Electronic check,35.11,1905.24,0
7176-['W' 'M' 'V' 'U' 'Q'],Male,0,Yes,Yes,17,Yes,Yes,Fiber optic,No,No,No,Yes,No,Yes,One year,Yes,Bank transfer (automatic),100.38,1688.53,1
9653-['N' 'P' 'Q' 'F' 'Z'],Male,0,No,No,42,Yes,Yes,DSL,Yes,Yes,No,Yes,No,No,Two year,Yes,Electronic check,84.16,3537.71,0
4515-['G' 'Z' 'Z' 'A' 'Y'],Male,0,Yes,Yes,5,Yes,Yes,Fiber optic,No,Yes,Yes,Yes,No,Yes,Month-to-month,No,Electronic check,113.58,579.16,1
4534-['T' 'U' 'R' 'Z' 'M'],Female,0,No,Yes,44,No,No,No,No,No,No,No,No,No,One year,Yes,Electronic check,20.87,902.45,0
3333-['B' 'S' 'O' 'L' 'O'],Female,0,Yes,No,24,Yes,Yes,Fiber optic,No,No,Yes,Yes,No,No,Month-to-month,Yes,Mailed check,98.73,2373.18,1
9984-['R' 'N' 'F' 'L' 'T'],Male,0,No,No,15,Yes,Yes,No,No,No,No,No,No,No,One year,Yes,Bank transfer (automatic),47.84,740.06,0
4414-['F' 'Z' 'I' 'Y' 'Z'],Male,0,No,No,54,Yes,No,No,No,No,No,No,No,No,Month-to-month,Yes,Electronic check,30.06,1623.64,0
6283-['Q' 'B' 'P' 'X' 'N'],Female,0,Yes,No,55,Yes,No,Fiber optic,Yes,Yes,Yes,No,Yes,No,Month-to-month,No,Mailed check,101.83,5609.79,0
6465-['H' 'N' 'B' 'P' 'D'],Male,0,Yes,No,28,Yes,No,DSL,No,Yes,Yes,Yes,Yes,No,Two year,Yes,Bank transfer (automatic),84.07,2343.96,0
8222-['T' 'N' 'H' 'Y' 'Y'],Female,0,Yes,No,63,Yes,No,Fiber optic,No,No,No,No,No,No,Month-to-month,Yes,Bank transfer (automatic),72.3,4547.48,1
2125-['V' 'Z' 'H' 'F' 'F'],Female,0,Yes,No,0,Yes,Yes,Fiber optic,Yes,No,Yes,No,No,No,Month-to-month,Yes,Credit card (automatic),98.37,0.0,1
7083-['G' 'X' 'S' 'G' 'C'],Male,0,No,No,44,Yes,Yes,No,No,No,No,No,No,No,Two year,No,Mailed check,44.67,1959.26,0
4232-['A' 'N' 'F' 'J' 'Y'],Male,0,Yes,Yes,25,Yes,No,DSL,No,Yes,No,Yes,No,No,Month-to-month,No,Credit card (automatic),68.99,1725.86,0
1461-['D' 'F' 'P' 'U' 'A'],Female,0,Yes,No,49,Yes,No,DSL,No,Yes,No,Yes,No,Yes,Two year,Yes,Credit card (automatic),80.53,3957.42,0
1005-['I' 'O' 'L' 'C' 'K'],Female,0,No,Yes,26,Yes,No,Fiber optic,No,Yes,No,Yes,No,No,Month-to-month,Yes,Credit card (automatic),85.98,2237.57,1
3606-['C' 'N' 'B' 'D' 'Z'],Male,0,Yes,No,34,Yes,No,DSL,No,No,No,No,Yes,No,One year,No,Credit card (automatic),69.17,2350.68,0
5491-['B' 'Q' 'C' 'J' 'P'],Male,0,Yes,Yes,28,Yes,No,DSL,No,No,No,Yes,Yes,Yes,Month-to-month,Yes,Bank transfer (automatic),84.0,2356.05,1
8381-['I' 'K' 'U' 'O' 'C'],Male,0,No,No,6,Yes,Yes,No,No,No,No,No,No,No,Month-to-month,No,Mailed check,46.22,263.15,0
3415-['U' 'U' 'U' 'L' 'W'],Female,0,No,No,61,Yes,No,No,No,No,No,No,No,No,One year,Yes,Mailed check,37.76,2299.57,0
5100-['G' 'I' 'U' 'R' 'U'],Male,0,Yes,No,70,Yes,No,DSL,No,No,Yes,No,Yes,No,Month-to-month,Yes,Mailed check,74.44,5213.23,0
8155-['B' 'J' 'S' 'I' 'Y'],Female,0,Yes,No,33,Yes,Yes,Fiber optic,Yes,No,No,Yes,No,No,One year,No,Mailed check,99.98,3306.71,0
1791-['H' 'X' 'X' 'X' 'A'],Female,0,No,Yes,47,Yes,Yes,DSL,Yes,No,No,Yes,No,Yes,Month-to-month,Yes,Bank transfer (automatic),86.97,4115.34,1
3091-['Y' 'X' 'S' 'Q' 'B'],Male,1,Yes,No,4,Yes,Yes,Fiber optic,No,No,Yes,No,No,Yes,Month-to-month,No,Electronic check,96.86,396.13,1
1842-['R' 'W' 'V' 'K' 'R'],Female,0,No,No,7,No,No,Fiber optic,No,No,No,No,Yes,No,Month-to-month,Yes,Mailed check,67.04,462.87,1
7446-['I' 'O' 'G' 'T' 'M'],Male,0,No,Yes,71,No,No,Fiber optic,No,Yes,No,No,No,No,One year,Yes,Electronic check,66.5,4726.7,0
7764-['A' 'T' 'D' 'X' 'D'],Male,0,Yes,No,42,Yes,No,Fiber optic,Yes,Yes,No,No,No,No,Month-to-month,No,Mailed check,86.9,3661.86,1
5993-['Z' 'W' 'O' 'D' 'F'],Male,0,No,No,51,Yes,Yes,No,No,No,No,No,No,No,Two year,Yes,Mailed check,44.02,2251.26,0
8526-['F' 'C' 'D' 'J' 'U'],Male,0,Yes,Yes,0,Yes,Yes,DSL,Yes,No,No,No,Yes,Yes,One year,No,Mailed check,98.33,0.0,1
8933-['F' 'T' 'K' 'G' 'R'],Male,1,No,No,37,Yes,Yes,Fiber optic,No,No,No,No,Yes,Yes,Two year,Yes,Bank transfer (automatic),105.35,3902.72,0
7211-['D' 'M' 'P' 'Y' 'N'],Female,0,Yes,No,6,Yes,Yes,DSL,Yes,Yes,No,Yes,No,Yes,Two year,Yes,Mailed check,98.29,607.11,0
9970-['B' 'V' 'N' 'X' 'X'],Male,1,Yes,No,55,Yes,No,Fiber optic,No,No,No,Yes,No,Yes,Two year,Yes,Bank transfer (automatic),91.73,5047.37,0
5899-['G' 'P' 'Z' 'F' 'F'],Female,0,No,No,45,Yes,No,DSL,Yes,No,Yes,Yes,No,No,Month-to-month,Yes,Bank transfer (automatic),76.99,3454.21,0
9545-['X' 'H' 'G' 'Y' 'X'],Male,0,No,No,23,Yes,No,DSL,No,No,No,No,Yes,Yes,Month-to-month,Yes,Electronic check,78.67,1801.02,0
4022-['Y' 'V' 'R' 'L' 'W'],Male,0,Yes,No,34,Yes,Yes,Fiber optic,No,No,Yes,Yes,No,No,Two year,Yes,Mailed check,95.48,3267.78,0
5204-['G' 'Y' 'J' 'J' 'B'],Male,0,Yes,No,72,Yes,No,DSL,No,Yes,No,Yes,No,Yes,One year,No,Mailed check,80.55,5806.48,0
5917-['F' 'I' 'M' 'I' 'M'],Male,0,No,No,41,Yes,Yes,DSL,No,Yes,No,Yes,No,No,Month-to-month,Yes,Electronic check,77.95,3193.27,1
1932-['N' 'E' 'I' 'H' 'G'],Female,1,Yes,No,66,Yes,No,No,No,No,No,No,No,No,Two year,No,Electronic check,34.99,2300.79,0
1565-['C' 'W' 'X' 'O' 'H'],Male,1,Yes,No,43,Yes,No,No,No,No,No,No,No,No,Month-to-month,Yes,Mailed check,33.83,1481.29,0
9864-['G' 'S' 'B' 'N' 'R'],Male,0,Yes,Yes,3,Yes,No,No,No,No,No,No,No,No,Two year,No,Electronic check,38.02,91.61,0
6629-['O' 'N' 'X' 'Y' 'S'],Male,0,No,No,23,Yes,Yes,No,No,No,No,No,No,No,Two year,Yes,Electronic check,43.66,1002.85,0
9701-['S' 'V' 'Z' 'Q' 'V'],Female,0,Yes,Yes,70,Yes,Yes,DSL,Yes,Yes,Yes,No,Yes,No,Month-to-month,No,Credit card (automatic),93.85,6567.42,0
3203-['S' 'P' 'T' 'Y' 'S'],Male,1,Yes,No,18,Yes,No,DSL,No,No,Yes,Yes,Yes,No,Month-to-month,Yes,Electronic check,78.86,1416.82,1
1434-['G' 'W' 'K' 'E' 'Q'],Female,0,No,No,49,Yes,Yes,Fiber optic,No,Yes,Yes,Yes,Yes,No,Two year,No,Mailed check,111.65,5471.45,0
8018-['X' 'Z' 'H' 'J' 'L'],Male,0,No,No,17,Yes,No,No,No,No,No,No,No,No,Month-to-month,No,Electronic check,33.77,576.54,1
7156-['Z' 'R' 'J' 'S' 'T'],Male,0,Yes,No,27,Yes,No,DSL,No,Yes,No,No,Yes,No,One year,Yes,Electronic check,74.86,2006.14,1
7512-['T' 'P' 'E' 'C' 'O'],Male,1,No,No,28,Yes,Yes,Fiber optic,Yes,Yes,Yes,Yes,Yes,No,One year,Yes,Credit card (automatic),117.79,3295.91,0
3303-['B' 'M' 'V' 'H' 'W'],Male,0,Yes,Yes,72,Yes,No,No,No,No,No,No,No,No,Month-to-month,No,Electronic check,32.32,2317.3,0
2082-['Q' 'D' 'S' 'V' 'Y'],Male,1,No,Yes,44,Yes,No,DSL,No,Yes,Yes,Yes,No,Yes,Two year,No,Electronic check,79.61,3521.0,0
6608-['W' 'O' 'I' 'X' 'U'],Male,0,No,No,6,Yes,No,Fiber optic,No,Yes,No,No,No,No,One year,No,Mailed check,81.15,492.77,1
2590-['U' 'P' 'X' 'W' 'Y'],Male,0,No,No,44,Yes,Yes,Fiber optic,Yes,Yes,No,Yes,No,Yes,Month-to-month,Yes,Electronic check,110.63,4868.25,1
2561-['Q' 'M' 'I' 'O' 'G'],Female,0,No,No,25,Yes,No,Fiber optic,Yes,No,No,Yes,No,No,Month-to-month,Yes,Bank transfer (automatic),84.0,2107.01,1
2600-['E' 'X' 'I' 'L' 'F'],Male,0,Yes,No,69,Yes,No,Fiber optic,Yes,Yes,Yes,Yes,No,Yes,Month-to-month,No,Electronic check,105.31,7260.58,1
3971-['M' 'Z' 'H' 'O' 'F'],Male,0,No,No,48,Yes,Yes,DSL,No,No,Yes,No,No,Yes,One year,Yes,Credit card (automatic),86.23,4127.34,1
1026-['F' 'D' 'K' 'U' 'R'],Female,0,No,Yes,17,Yes,Yes,DSL,No,No,No,No,Yes,Yes,Month-to-month,No,Electronic check,90.57,1536.83,1
6309-['L' 'U' 'U' 'F' 'U'],Male,0,Yes,Yes,39,Yes,No,Fiber optic,Yes,Yes,Yes,No,No,Yes,Month-to-month,Yes,Bank transfer (automatic),97.86,3808.74,1
6413-['H' 'O' 'R' 'T' 'P'],Male,0,Yes,No,17,Yes,No,No,No,No,No,No,No,No,Two year,Yes,Mailed check,37.45,628.56,0
8188-['Q' 'I' 'S' 'R' 'Y'],Female,0,No,Yes,46,Yes,Yes,Fiber optic,No,Yes,Yes,No,Yes,Yes,Month-to-month,No,Mailed check,113.73,5233.02,1
6285-['L' 'K' 'P' 'T' 'Q'],Male,0,No,Yes,0,Yes,Yes,No,No,No,No,No,No,No,One year,Yes,Mailed check,41.67,0.0,0
7611-['I' 'A' 'Z' 'C' 'U'],Male,0,Yes,Yes,32,Yes,Yes,No,No,No,No,No,No,No,Month-to-month,Yes,Credit card (automatic),46.37,1472.02,0
3070-['I' 'V' 'S' 'M' 'W'],Female,0,No,Yes,38,Yes,Yes,Fiber optic,Yes,No,No,Yes,No,No,Month-to-month,No,Mailed check,92.0,3494.12,1
6491-['S' 'W' 'G' 'D' 'L'],Female,0,Yes,No,22,Yes,Yes,Fiber optic,No,Yes,No,No,Yes,No,One year,No,Mailed check,99.29,2185.09,1
8670-['N' 'B' 'A' 'R' 'T'],Male,0,No,No,13,Yes,No,DSL,No,Yes,No,No,No,No,Two year,Yes,Mailed check,64.94,840.69,1
4495-['C' 'Z' 'F' 'V' 'M'],Female,0,No,Yes,43,Yes,Yes,Fiber optic,No,No,Yes,No,No,No,Month-to-month,Yes,Mailed check,89.24,3831.36,1
3088-['I' 'T' 'I' 'O' 'M'],Female,0,No,Yes,36,Yes,No,DSL,No,No,No,No,Yes,No,Month-to-month,No,Electronic check,70.79,2569.57,1
9063-['V' 'P' 'B' 'Z' 'N'],Female,0,Yes,No,70,Yes,Yes,Fiber optic,No,No,Yes,No,Yes,Yes,One year,Yes,Mailed check,106.54,7474.62,0
4322-['F' 'B' 'H' 'D' 'U'],Male,0,No,No,36,No,No,No,No,No,No,No,No,No,Month-to-month,No,Electronic check,20.71,766.8,1
3861-['K' 'X' 'N' 'L' 'P'],Male,1,Yes,No,27,Yes,No,DSL,No,No,No,Yes,No,No,Month-to-month,Yes,Electronic check,65.21,1749.93,1
7227-['A' 'L' 'G' 'H' 'I'],Female,1,Yes,Yes,6,Yes,No,No,No,No,No,No,No,No,One year,No,Bank transfer (automatic),33.67,194.49,1
4123-['M' 'E' 'J' 'L' 'Q'],Female,0,No,Yes,51,Yes,No,Fiber optic,Yes,No,No,Yes,Yes,Yes,One year,No,Electronic check,103.84,5301.66,1
5962-['O' 'G' 'F' 'D' 'S'],Female,0,No,No,16,No,No,Fiber optic,Yes,No,No,No,Yes,No,One year,Yes,Electronic check,74.06,1188.74,0
2976-['I' 'F' 'M' 'V' 'T'],Female,0,No,Yes,61,Yes,No,Fiber optic,No,No,No,No,No,Yes,Two year,No,Bank transfer (automatic),84.64,5152.52,0
6987-['B' 'Z' 'D' 'H' 'M'],Male,0,No,No,36,Yes,Yes,Fiber optic,No,No,No,No,No,Yes,One year,No,Credit card (automatic),97.28,3500.49,0
9689-['I' 'A' 'M' 'R' 'O'],Male,1,No,No,13,Yes,Yes,Fiber optic,Yes,No,Yes,No,Yes,No,One year,Yes,Electronic check,100.73,1317.66,1
4681-['K' 'N' 'V' 'O' 'N'],Male,1,No,Yes,50,Yes,No,Fiber optic,No,Yes,Yes,No,Yes,No,Month-to-month,No,Bank transfer (automatic),92.72,4653.01,1
9111-['W' 'O' 'S' 'I' 'E'],Male,0,Yes,Yes,54,No,No,Fiber optic,Yes,Yes,Yes,No,No,No,One year,No,Credit card (automatic),77.93,4204.38,0
7180-['K' 'T' 'Y' 'X' 'D'],Female,0,No,Yes,56,Yes,Yes,No,No,No,No,No,No,No,One year,No,Bank transfer (automatic),42.38,2367.34,0
1831-['R' 'Y' 'C' 'D' 'N'],Male,0,No,Yes,3,Yes,Yes,DSL,No,No,Yes,No,Yes,No,Month-to-month,Yes,Credit card (automatic),86.57,244.42,1
9455-['X' 'P' 'T' 'O' 'G'],Female,0,No,Yes,48,Yes,Yes,Fiber optic,Yes,Yes,No,No,Yes,Yes,One year,No,Bank transfer (automatic),116.19,5592.68,0
2529-['Q' 'V' 'V' 'V' 'L'],Female,0,No,No,34,Yes,Yes,Fiber optic,No,Yes,No,No,Yes,Yes,Two year,Yes,Electronic check,109.81,3748.12,0
6431-['N' 'O' 'O' 'E' 'P'],Female,1,No,No,52,Yes,Yes,Fiber optic,Yes,No,No,No,Yes,No,Month-to-month,Yes,Mailed check,99.13,5149.6,0
6828-['B' 'T' 'Y' 'I' 'V'],Female,1,No,Yes,31,Yes,Yes,DSL,No,No,Yes,No,Yes,Yes,Month-to-month,Yes,Electronic check,91.67,2836.78,1
6786-['I' 'D' 'O' 'K' 'A'],Male,0,No,Yes,9,Yes,Yes,Fiber optic,No,No,No,No,No,No,One year,Yes,Bank transfer (automatic),86.32,781.43,0
3268-['A' 'H' 'Y' 'P' 'Z'],Female,1,Yes,No,61,Yes,Yes,No,No,No,No,No,No,No,Month-to-month,No,Bank transfer (automatic),42.67,2598.44,0
6973-['R' 'V' 'I' 'L' 'S'],Female,0,Yes,No,1,No,No,Fiber optic,No,Yes,No,No,Yes,No,Month-to-month,Yes,Credit card (automatic),74.23,72.33,1
9024-['R' 'E' 'B' 'G' 'J'],Female,1,No,No,62,Yes,No,Fiber optic,No,Yes,Yes,No,Yes,No,Month-to-month,No,Bank transfer (automatic),93.98,5819.07,1
5846-['Y' 'G' 'E' 'O' 'T'],Female,1,Yes,No,15,Yes,Yes,DSL,No,Yes,Yes,No,No,Yes,Month-to-month,No,Mailed check,89.03,1337.99,0
8867-['T' 'O' 'J' 'X' 'Z'],Male,0,No,No,15,Yes,Yes,Fiber optic,Yes,No,No,No,Yes,No,Month-to-month,Yes,Credit card (automatic),101.03,1528.31,1
2404-['Z' 'N' 'Z' 'Z' 'J'],Female,0,Yes,No,2,Yes,No,No,No,No,No,No,No,No,One year,No,Electronic check,33.65,77.69,0
3064-['U' 'N' 'B' 'P' 'M'],Male,0,No,No,17,Yes,Yes,DSL,No,No,No,No,Yes,Yes,Month-to-month,No,Electronic check,89.37,1511.18,1
5040-['G' 'P' 'J' 'X' 'V'],Female,0,No,Yes,41,Yes,No,Fiber optic,Yes,Yes,No,Yes,No,No,Month-to-month,Yes,Electronic check,87.41,3593.61,1
1008-['V' 'W' 'G' 'P' 'I'],Male,0,No,No,31,Yes,Yes,Fiber optic,Yes,No,No,Yes,No,No,Month-to-month,Yes,Electronic check,95.24,2962.03,1
4667-['G' 'K' 'H' 'G' 'S'],Female,0,No,Yes,49,No,No,Fiber optic,Yes,Yes,Yes,No,No,No,One year,No,Mailed check,76.59,3748.29,0
2107-['L' 'G' 'H' 'G' 'F'],Female,0,No,No,48,Yes,No,DSL,No,No,No,No,Yes,No,Month-to-month,Yes,Bank transfer (automatic),67.59,3249.95,1
6400-['I' 'M' 'G' 'H' 'V'],Male,0,No,No,2,No,No,DSL,No,No,No,Yes,Yes,No,Month-to-month,No,Credit card (automatic),59.71,135.64,1
3800-['Q' 'P' 'V' 'B' 'H'],Male,1,No,No,71,Yes,Yes,DSL,No,Yes,No,Yes,No,No,Month-to-month,Yes,Electronic check,80.48,5710.48,0
7768-['M' 'R' 'X' 'V' 'J'],Male,0,No,No,4,Yes,No,DSL,No,Yes,No,Yes,Yes,Yes,Month-to-month,Yes,Electronic check,90.72,364.83,1
6825-['N' 'P' 'G' 'U' 'U'],Female,0,No,No,56,Yes,No,DSL,Yes,No,Yes,Yes,No,No,Two year,Yes,Credit card (automatic),79.61,4455.23,0
4807-['W' 'N' 'Y' 'D' 'Z'],Male,0,No,No,43,Yes,Yes,Fiber optic,Yes,No,No,Yes,Yes,No,Month-to-month,No,Bank transfer (automatic),104.22,4490.36,1
5131-['R' 'C' 'A' 'Q' 'G'],Male,0,Yes,No,24,Yes,Yes,DSL,No,No,Yes,No,No,No,Two year,Yes,Electronic check,75.63,1816.2,0
8215-['E' 'S' 'G' 'N' 'B'],Female,0,No,Yes,69,Yes,No,No,No,No,No,No,No,No,Month-to-month,Yes,Bank transfer (automatic),32.41,2236.14,1
6858-['Q' 'P' 'H' 'R' 'O'],Male,0,No,No,22,Yes,No,Fiber optic,No,No,Yes,Yes,Yes,No,One year,No,Mailed check,95.34,2101.82,1
7118-['I' 'F' 'R' 'R' 'Y'],Female,0,No,Yes,9,Yes,No,Fiber optic,No,No,No,Yes,No,Yes,One year,Yes,Bank transfer (automatic),89.8,831.48,0
3615-['N' 'N' 'N' 'Y' 'D'],Female,0,Yes,Yes,9,Yes,No,DSL,No,No,No,No,Yes,No,One year,No,Credit card (automatic),68.77,626.38,1
2774-['O' 'R' 'N' 'Z' 'A'],Male,0,Yes,No,32,Yes,Yes,DSL,No,No,Yes,Yes,Yes,No,Two year,Yes,Electronic check,87.97,2834.32,0
4260-['T' 'J' 'J' 'X' 'B'],Female,1,Yes,No,72,No,No,No,No,No,No,No,No,No,One year,No,Mailed check,23.35,1679.89,0
9636-['H' 'A' 'A' 'D' 'G'],Female,1,No,No,17,Yes,Yes,Fiber optic,No,Yes,No,Yes,Yes,Yes,Two year,No,Electronic check,115.05,1968.16,1
8816-['P' 'E' 'B' 'W' 'K'],Female,0,Yes,No,66,Yes,No,DSL,Yes,Yes,No,Yes,No,Yes,Month-to-month,Yes,Bank transfer (automatic),85.96,5664.26,0
8000-['Y' 'S' 'M' 'X' 'K'],Female,0,No,No,26,Yes,No,Fiber optic,No,No,Yes,No,No,No,One year,No,Electronic check,80.51,2080.26,1
6648-['E' 'M' 'T' 'A' 'J'],Male,0,No,No,34,Yes,Yes,DSL,No,Yes,No,No,No,No,Two year,No,Bank transfer (automatic),76.0,2599.09,0
9031-['H' 'X' 'H' 'S' 'F'],Male,0,Yes,No,61,Yes,Yes,Fiber optic,Yes,No,Yes,Yes,Yes,Yes,One year,No,Mailed check,118.75,7238.75,0
8611-['G' 'P' 'I' 'U' 'Y'],Female,0,No,No,17,Yes,No,No,No,No,No,No,No,No,Month-to-month,No,Electronic check,35.05,597.33,1
5297-['J' 'T' 'P' 'A' 'Q'],Male,0,No,No,6,Yes,Yes,Fiber optic,No,Yes,Yes,Yes,Yes,Yes,Two year,Yes,Electronic check,118.09,712.29,1
5893-['Z' 'U' 'N' 'S' 'U'],Female,0,Yes,No,70,Yes,No,No,No,No,No,No,No,No,Month-to-month,No,Electronic check,33.98,2364.18,1
2620-['Q' 'N' 'H' 'U' 'U'],Male,0,No,No,9,Yes,No,Fiber optic,No,Yes,No,No,No,Yes,One year,No,Mailed check,89.56,821.78,0
4944-['H' 'M' 'Q' 'S' 'G'],Male,0,Yes,Yes,26,Yes,No,DSL,Yes,No,No,No,No,No,Month-to-month,No,Electronic check,64.73,1673.76,1
2104-['A' 'E' 'Y' 'F' 'Z'],Female,1,No,No,67,Yes,Yes,No,No,No,No,No,No,No,Month-to-month,Yes,Electronic check,42.19,2836.16,1
6761-['Y' 'P' 'V' 'E' 'E'],Female,0,No,No,66,Yes,No,Fiber optic,Yes,No,No,No,No,Yes,One year,Yes,Bank transfer (automatic),91.69,6055.25,0
9990-['L' 'C' 'P' 'F' 'O'],Female,0,No,Yes,54,Yes,No,No,No,No,No,No,No,No,One year,No,Bank transfer (automatic),34.0,1849.07,0
5238-['P' 'T' 'M' 'L' 'J'],Female,0,No,No,47,Yes,Yes,Fiber optic,Yes,Yes,No,No,Yes,Yes,Month-to-month,Yes,Mailed check,115.83,5446.17,1
3093-['B' 'C' 'I' 'K' 'K'],Male,1,No,No,66,Yes,Yes,DSL,Yes,No,Yes,Yes,No,Yes,Month-to-month,Yes,Electronic check,95.61,6311.35,0
3517-['J' 'Z' 'N' 'I' 'T'],Female,0,No,No,25,Yes,No,DSL,No,Yes,No,No,No,Yes,Two year,Yes,Mailed check,73.66,1826.19,0
8061-['I' 'E' 'H' 'K' 'A'],Male,0,No,Yes,39,Yes,No,Fiber optic,Yes,Yes,No,No,Yes,No,One year,No,Credit card (automatic),93.23,3620.45,0
9509-['V' 'G' 'N' 'E' 'Q'],Male,0,No,No,70,No,No,Fiber optic,No,Yes,No,No,No,Yes,Month-to-month,Yes,Mailed check,76.61,5346.95,0
8129-['U' 'F' 'P' 'K' 'J'],Female,0,No,No,45,Yes,Yes,No,No,No,No,No,No,No,Two year,Yes,Electronic check,44.46,1999.62,0
3542-['G' 'W' 'B' 'L' 'S'],Male,0,Yes,No,66,Yes,Yes,DSL,No,No,No,Yes,Yes,No,One year,Yes,Bank transfer (automatic),85.53,5650.44,0
6541-['C' 'B' 'T' 'E' 'K'],Female,0,No,No,10,Yes,No,No,No,No,No,No,No,No,Two year,Yes,Bank transfer (automatic),35.92,344.43,1
9472-['C' 'C' 'V' 'E' 'V'],Female,0,No,Yes,50,Yes,No,Fiber optic,No,No,No,Yes,No,Yes,Two year,Yes,Mailed check,88.31,4414.3,0
5703-['C' 'M' 'U' 'H' 'T'],Male,0,No,Yes,31,Yes,No,Fiber optic,No,No,Yes,No,No,No,One year,Yes,Mailed check,80.78,2527.27,1
3665-['B' 'D' 'R' 'S' 'D'],Female,0,No,Yes,71,Yes,No,Fiber optic,No,No,Yes,No,No,No,Month-to-month,No,Credit card (automatic),79.28,5613.44,0
9723-['Z' 'I' 'P' 'Z' 'F'],Female,0,No,No,19,Yes,No,Fiber optic,No,No,No,No,No,No,One year,Yes,Bank transfer (automatic),77.28,1450.73,0
8704-['D' 'I' 'M' 'I' 'F'],Female,0,No,Yes,4,Yes,No,DSL,Yes,No,Yes,No,No,No,Month-to-month,No,Bank transfer (automatic),69.44,274.75,1
2140-['S' 'N' 'U' 'O' 'C'],Male,0,Yes,No,40,Yes,No,DSL,No,No,No,Yes,Yes,No,Month-to-month,Yes,Mailed check,74.65,2967.41,1
3852-['U' 'R' 'N' 'P' 'N'],Male,0,Yes,No,12,No,No,DSL,Yes,Yes,Yes,Yes,No,Yes,One year,No,Mailed check,73.07,871.94,0
8430-['N' 'F' 'U' 'O' 'T'],Female,1,No,Yes,2,Yes,Yes,Fiber optic,Yes,Yes,Yes,Yes,Yes,Yes,Two year,Yes,Mailed check,118.75,234.77,1
1839-['B' 'H' 'A' 'Z' 'Q'],Female,0,No,No,14,Yes,No,Fiber optic,No,Yes,Yes,No,Yes,No,Month-to-month,No,Credit card (automatic),93.45,1327.16,1
2650-['E' 'V' 'T' 'P' 'G'],Male,0,Yes,No,55,Yes,No,Fiber optic,No,No,Yes,No,No,Yes,One year,Yes,Credit card (automatic),89.86,4937.31,0
7278-['R' 'R' 'B' 'O' 'N'],Male,0,No,Yes,42,Yes,No,No,No,No,No,No,No,No,Month-to-month,Yes,Electronic check,35.45,1485.87,0
4358-['R' 'I' 'N' 'E' 'K'],Female,1,No,No,66,Yes,Yes,Fiber optic,No,No,No,No,No,No,One year,Yes,Mailed check,87.72,5781.25,1
3791-['E' 'K' 'E' 'Q' 'V'],Male,1,Yes,Yes,45,Yes,No,Fiber optic,Yes,Yes,No,No,No,Yes,Month-to-month,Yes,Credit card (automatic),94.06,4227.9,1
5959-['D' 'O' 'S' 'V' 'B'],Female,0,No,No,47,Yes,No,Fiber optic,Yes,Yes,Yes,No,Yes,No,Two year,Yes,Bank transfer (automatic),97.39,4578.2,1
8696-['L' 'Y' 'X' 'Q' 'J'],Female,0,Yes,No,35,Yes,Yes,No,No,No,No,No,No,No,Month-to-month,No,Electronic check,45.89,1578.04,1
9401-['S' 'R' 'M' 'N' 'X'],Female,0,Yes,No,22,No,No,Fiber optic,No,No,No,No,No,No,Month-to-month,Yes,Bank transfer (automatic),61.74,1371.62,1
3105-['R' 'P' 'Q' 'G' 'L'],Male,0,No,Yes,54,Yes,Yes,DSL,No,Yes,No,Yes,No,Yes,Two year,No,Electronic check,93.3,5023.67,1
8137-['J' 'E' 'U' 'C' 'S'],Male,0,Yes,Yes,54,No,No,Fiber optic,Yes,No,No,Yes,No,Yes,Month-to-month,Yes,Bank transfer (automatic),80.9,4373.55,0
7764-['L' 'C' 'F' 'N' 'D'],Male,0,Yes,No,53,Yes,Yes,Fiber optic,No,No,Yes,No,No,Yes,Month-to-month,Yes,Mailed check,96.43,5105.8,1
7642-['R' 'C' 'T' 'F' 'P'],Female,0,No,No,64,Yes,Yes,DSL,No,No,Yes,No,No,No,Month-to-month,No,Electronic check,73.64,4706.75,1
2171-['X' 'C' 'L' 'S' 'S'],Male,0,No,No,50,Yes,Yes,DSL,No,No,Yes,Yes,No,No,Month-to-month,Yes,Bank transfer (automatic),81.52,4090.44,0
6856-['B' 'M' 'Z' 'M' 'B'],Male,0,No,No,31,Yes,No,No,No,No,No,No,No,No,One year,Yes,Mailed check,38.23,1185.69,0
3717-['S' 'V' 'X' 'P' 'L'],Female,0,Yes,No,19,No,No,Fiber optic,Yes,No,No,Yes,No,No,Two year,Yes,Electronic check,71.24,1333.19,0
8200-['I' 'Q' 'J' 'R' 'S'],Male,0,No,No,35,Yes,Yes,Fiber optic,No,No,No,No,No,No,Month-to-month,Yes,Mailed check,84.1,2936.93,1
6190-['Y' 'S' 'X' 'O' 'I'],Female,0,Yes,No,31,Yes,No,DSL,Yes,Yes,Yes,No,No,No,Month-to-month,Yes,Electronic check,73.2,2279.21,1
7953-['W' 'T' 'T' 'D' 'F'],Female,0,Yes,Yes,56,Yes,Yes,DSL,Yes,Yes,No,Yes,No,Yes,Month-to-month,No,Electronic check,93.47,5219.15,0
6891-['E' 'I' 'L' 'W' 'H'],Male,0,Yes,No,28,Yes,No,No,No,No,No,No,No,No,Two year,Yes,Bank transfer (automatic),33.25,918.45,0
7260-['E' 'K' 'W' 'K' 'M'],Male,0,No,No,45,No,No,Fiber optic,No,Yes,Yes,No,No,Yes,Month-to-month,No,Electronic check,78.87,3561.17,0
5039-['Y' 'R' 'S' 'L' 'L'],Female,0,No,No,34,Yes,No,Fiber optic,No,No,No,No,No,No,One year,Yes,Mailed check,78.62,2670.24,1
2361-['J' 'G' 'R' 'L' 'N'],Male,0,No,No,51,Yes,No,DSL,No,No,No,No,No,Yes,One year,Yes,Bank transfer (automatic),65.64,3347.72,1
6902-['P' 'B' 'R' 'L' 'P'],Male,0,Yes,Yes,14,Yes,No,DSL,No,Yes,No,No,No,Yes,Month-to-month,Yes,Electronic check,74.71,1044.22,1
7476-['T' 'Q' 'R' 'C' 'W'],Male,0,No,No,50,No,No,DSL,No,No,Yes,No,Yes,No,Month-to-month,Yes,Electronic check,60.32,3016.37,1
7373-['C' 'S' 'D' 'T' 'W'],Female,0,Yes,No,30,Yes,No,DSL,Yes,No,Yes,No,No,No,Month-to-month,Yes,Credit card (automatic),71.44,2138.32,1
3471-['G' 'B' 'U' 'F' 'P'],Female,0,No,Yes,15,No,No,DSL,Yes,No,No,No,No,No,Month-to-month,Yes,Mailed check,51.6,759.95,1
4177-['D' 'M' 'J' 'U' 'N'],Male,0,No,No,35,Yes,No,DSL,No,No,No,Yes,No,Yes,Two year,Yes,Credit card (automatic),76.67,2680.2,1
2544-['K' 'W' 'R' 'K' 'Q'],Female,0,Yes,No,38,Yes,No,Fiber optic,No,Yes,No,No,No,No,Two year,No,Credit card (automatic),81.45,3084.16,1
6761-['C' 'K' 'R' 'C' 'Z'],Male,0,Yes,No,10,Yes,No,Fiber optic,No,No,Yes,No,Yes,Yes,Two year,Yes,Bank transfer (automatic),101.1,1017.69,0
6450-['Y' 'T' 'Y' 'K' 'S'],Male,0,No,No,19,Yes,No,No,No,No,No,No,No,No,Month-to-month,Yes,Credit card (automatic),31.4,606.25,1
9027-['A' 'E' 'J' 'J' 'N'],Male,0,Yes,No,55,Yes,No,Fiber optic,No,No,Yes,No,No,Yes,Month-to-month,Yes,Credit card (automatic),89.79,4943.77,0
3977-['D' 'B' 'R' 'M' 'S'],Male,0,Yes,Yes,41,Yes,No,DSL,No,Yes,Yes,No,No,Yes,Month-to-month,Yes,Bank transfer (automatic),77.71,3170.83,0
8443-['B' 'K' 'Z' 'R' 'F'],Female,0,Yes,No,46,Yes,Yes,Fiber optic,Yes,No,No,No,No,Yes,Month-to-month,No,Mailed check,98.24,4522.18,1
3742-['J' 'V' 'W' 'Q' 'V'],Male,0,No,Yes,5,Yes,No,DSL,Yes,No,No,Yes,No,No,Month-to-month,Yes,Credit card (automatic),68.81,355.89,0
5562-['Q' 'X' 'D' 'Z' 'X'],Female,0,Yes,No,34,Yes,No,DSL,Yes,No,Yes,Yes,Yes,No,Month-to-month,Yes,Credit card (automatic),84.47,2868.53,1
9953-['N' 'T' 'D' 'N' 'Z'],Female,0,No,Yes,7,Yes,Yes,Fiber optic,No,No,Yes,Yes,Yes,Yes,Month-to-month,No,Credit card (automatic),117.96,833.73,1
6539-['F' 'I' 'U' 'L' 'Z'],Male,0,No,Yes,70,Yes,No,No,No,No,No,No,No,No,Two year,Yes,Electronic check,33.67,2355.19,0
5061-['H' 'X' 'D' 'Z' 'Y'],Male,0,Yes,No,36,Yes,No,DSL,No,No,Yes,Yes,Yes,Yes,One year,Yes,Bank transfer (automatic),88.32,3173.91,1
5722-['H' 'I' 'O' 'D' 'Y'],Female,0,Yes,No,49,Yes,Yes,No,No,No,No,No,No,No,One year,Yes,Credit card (automatic),45.95,2266.59,0
6855-['H' 'O' 'S' 'O' 'E'],Male,0,No,No,15,Yes,Yes,Fiber optic,Yes,Yes,No,No,No,Yes,One year,No,Mailed check,105.15,1586.06,0
8250-['G' 'F' 'S' 'Y' 'Q'],Male,1,No,Yes,8,Yes,No,Fiber optic,Yes,No,Yes,Yes,Yes,Yes,One year,Yes,Credit card (automatic),108.4,863.64,1
3686-['K' 'O' 'J' 'K' 'W'],Female,0,Yes,No,59,Yes,Yes,No,No,No,No,No,No,No,Month-to-month,No,Mailed check,44.88,2667.65,0
1578-['C' 'R' 'Y' 'K' 'T'],Female,0,Yes,No,50,Yes,No,Fiber optic,Yes,No,No,Yes,Yes,Yes,Month-to-month,Yes,Bank transfer (automatic),106.83,5341.87,0
7321-['Y' 'O' 'G' 'J' 'U'],Female,0,Yes,No,45,Yes,Yes,No,No,No,No,No,No,No,Two year,No,Mailed check,42.41,1904.54,0
8414-['T' 'J' 'M' 'O' 'W'],Male,0,No,Yes,70,Yes,No,Fiber optic,Yes,No,No,No,No,Yes,One year,No,Electronic check,91.88,6425.32,0
6169-['W' 'D' 'T' 'Q' 'C'],Male,1,No,Yes,11,Yes,Yes,Fiber optic,No,No,Yes,No,No,Yes,Month-to-month,Yes,Bank transfer (automatic),100.95,1088.96,1
7196-['B' 'D' 'A' 'O' 'Y'],Female,0,No,No,63,Yes,Yes,Fiber optic,No,No,Yes,No,Yes,Yes,Month-to-month,No,Mailed check,110.04,6926.39,0
7240-['F' 'G' 'S' 'L' 'A'],Female,0,No,Yes,20,Yes,No,Fiber optic,Yes,No,No,No,No,Yes,Two year,Yes,Credit card (automatic),92.15,1837.62,0
8462-['S' 'M' 'Z' 'L' 'L'],Male,1,Yes,No,4,Yes,No,Fiber optic,No,No,No,Yes,Yes,Yes,Month-to-month,Yes,Credit card (automatic),103.8,409.11,1
4989-['M' 'N' 'V' 'L' 'T'],Female,0,Yes,No,5,Yes,No,DSL,No,Yes,Yes,No,Yes,No,Two year,No,Mailed check,80.97,396.97,0
7106-['F' 'J' 'T' 'X' 'I'],Female,0,No,Yes,42,No,No,DSL,No,No,No,Yes,Yes,No,Month-to-month,No,Electronic check,59.15,2465.21,1
3721-['G' 'I' 'Y' 'L' 'E'],Male,0,No,Yes,25,Yes,Yes,Fiber optic,No,Yes,No,No,No,Yes,Two year,Yes,Mailed check,102.02,2543.49,1
9512-['V' 'O' 'H' 'A' 'R'],Female,1,No,No,53,Yes,No,Fiber optic,No,Yes,Yes,No,No,Yes,Month-to-month,No,Electronic check,96.8,5139.21,1
2500-['A' 'E' 'R' 'P' 'Z'],Male,1,No,No,2,Yes,Yes,DSL,No,Yes,No,Yes,No,Yes,Month-to-month,Yes,Bank transfer (automatic),94.56,199.11,1
2865-['D' 'A' 'W' 'H' 'E'],Female,0,Yes,No,10,No,No,DSL,No,Yes,No,No,No,No,Month-to-month,No,Mailed check,51.86,520.36,1
8959-['Q' 'G' 'Q' 'F' 'V'],Male,0,Yes,No,24,Yes,Yes,DSL,No,Yes,Yes,Yes,No,Yes,Month-to-month,Yes,Bank transfer (automatic),96.61,2320.76,1
4342-['E' 'O' 'R' 'R' 'Y'],Male,0,Yes,No,11,Yes,No,DSL,No,No,No,No,No,Yes,Month-to-month,No,Mailed check,70.07,775.13,1
9244-['U' 'W' 'F' 'B' 'Q'],Female,0,No,Yes,64,Yes,No,Fiber optic,Yes,Yes,No,Yes,No,No,One year,Yes,Electronic check,87.68,5623.38,0
4871-['U' 'D' 'L' 'S' 'B'],Female,0,No,No,3,Yes,No,DSL,Yes,Yes,Yes,Yes,No,No,Month-to-month,No,Electronic check,76.68,228.6,1
5833-['N' 'O' 'T' 'B' 'D'],Female,0,No,No,51,No,No,DSL,No,Yes,Yes,Yes,No,No,Month-to-month,Yes,Credit card (automatic),59.3,3024.19,1
9530-['I' 'G' 'M' 'L' 'C'],Male,0,Yes,No,64,Yes,Yes,DSL,No,Yes,No,Yes,Yes,No,Two year,No,Mailed check,89.2,5698.37,0
9076-['O' 'N' 'X' 'I' 'M'],Female,0,No,No,69,Yes,Yes,No,No,No,No,No,No,No,Month-to-month,No,Mailed check,52.06,3590.7,0
3006-['V' 'D' 'U' 'H' 'C'],Male,0,Yes,No,33,Yes,No,DSL,No,No,No,No,Yes,No,Month-to-month,Yes,Electronic check,71.67,2370.11,1
9722-['W' 'H' 'Q' 'M' 'G'],Female,0,Yes,No,15,Yes,No,Fiber optic,No,No,No,Yes,Yes,No,Month-to-month,No,Mailed check,89.16,1332.03,1
2896-['L' 'N' 'N' 'O' 'C'],Male,1,Yes,Yes,13,Yes,Yes,Fiber optic,No,No,No,No,Yes,No,Two year,Yes,Mailed check,94.2,1228.08,0
1782-['S' 'X' 'T' 'N' 'H'],Female,0,No,Yes,60,Yes,Yes,DSL,No,Yes,No,Yes,Yes,No,Month-to-month,Yes,Electronic check,90.48,5424.59,0
4139-['N' 'P' 'T' 'X' 'F'],Male,0,No,No,52,Yes,Yes,No,No,No,No,No,No,No,Two year,No,Credit card (automatic),47.51,2475.51,0
4190-['Y' 'F' 'C' 'O' 'C'],Male,0,Yes,Yes,57,Yes,No,DSL,No,Yes,Yes,No,Yes,Yes,Month-to-month,Yes,Credit card (automatic),89.51,5106.28,0
9138-['C' 'J' 'R' 'A' 'P'],Male,0,No,No,62,Yes,Yes,No,No,No,No,No,No,No,One year,No,Bank transfer (automatic),45.44,2807.63,0
6408-['D' 'C' 'E' 'L' 'Y'],Male,0,Yes,No,12,No,No,Fiber optic,Yes,No,No,No,No,Yes,One year,Yes,Credit card (automatic),76.05,901.07,0
7443-['M' 'X' 'L' 'Y' 'P'],Male,0,Yes,Yes,44,Yes,Yes,Fiber optic,No,No,No,No,Yes,Yes,One year,No,Bank transfer (automatic),104.73,4601.72,0
1991-['M' 'E' 'X' 'D' 'U'],Male,0,No,Yes,54,Yes,No,Fiber optic,Yes,No,Yes,No,Yes,No,One year,Yes,Electronic check,92.63,4997.5,1
9046-['L' 'S' 'U' 'S' 'U'],Female,0,Yes,No,32,Yes,Yes,No,No,No,No,No,No,No,Two year,Yes,Electronic check,43.36,1383.48,0
2099-['Z' 'N' 'F' 'A' 'V'],Male,0,Yes,Yes,61,Yes,No,Fiber optic,Yes,No,Yes,Yes,Yes,Yes,Month-to-month,Yes,Mailed check,109.02,6657.6,1
8457-['X' 'K' 'C' 'J' 'F'],Female,0,Yes,No,38,Yes,No,No,No,No,No,No,No,No,One year,No,Mailed check,32.01,1219.67,0
1005-['T' 'U' 'B' 'Z' 'Z'],Female,0,Yes,No,12,Yes,Yes,DSL,Yes,No,Yes,No,No,Yes,Two year,No,Bank transfer (automatic),89.5,1068.57,0
9031-['J' 'W' 'Z' 'F' 'W'],Female,0,No,Yes,72,Yes,No,No,No,No,No,No,No,No,Month-to-month,Yes,Electronic check,37.38,2704.03,1
6083-['Q' 'N' 'E' 'W' 'Q'],Female,0,No,Yes,12,Yes,No,DSL,No,No,No,No,Yes,Yes,Month-to-month,Yes,Mailed check,83.45,1002.83,0
9737-['I' 'L' 'S' 'V' 'G'],Female,1,No,No,15,Yes,Yes,DSL,No,Yes,No,No,No,No,One year,Yes,Mailed check,70.97,1068.42,1
9808-['U' 'P' 'T' 'K' 'L'],Female,0,Yes,No,53,Yes,No,DSL,Yes,No,No,Yes,Yes,No,Month-to-month,No,Mailed check,78.88,4180.68,0
5142-['R' 'S' 'P' 'O' 'E'],Female,0,No,No,29,Yes,Yes,No,No,No,No,No,No,No,One year,No,Credit card (automatic),48.3,1402.68,0
9142-['R' 'M' 'D' 'Q' 'D'],Male,0,No,Yes,38,Yes,Yes,Fiber optic,No,No,Yes,No,Yes,Yes,Month-to-month,Yes,Electronic check,111.99,4246.92,1
8343-['W' 'O' 'N' 'L' 'C'],Female,0,No,No,63,Yes,No,DSL,No,Yes,No,Yes,Yes,Yes,One year,No,Bank transfer (automatic),90.39,5684.6,0
9359-['F' 'V' 'N' 'Q' 'U'],Female,0,No,No,69,Yes,No,Fiber optic,Yes,No,No,No,No,No,One year,No,Credit card (automatic),77.84,5365.29,1
9191-['Z' 'O' 'A' 'X' 'W'],Male,0,No,No,11,Yes,No,Fiber optic,Yes,Yes,No,No,No,Yes,Two year,Yes,Credit card (automatic),93.21,1027.49,0
4081-['N' 'J' 'J' 'T' 'K'],Male,0,Yes,Yes,1,No,No,DSL,No,No,Yes,Yes,No,No,Month-to-month,Yes,Mailed check,52.13,46.14,1
2653-['P' 'I' 'O' 'N' 'S'],Female,0,No,No,32,Yes,No,Fiber optic,No,No,Yes,No,No,No,Month-to-month,No,Electronic check,75.92,2412.61,1
2438-['I' 'D' 'U' 'G' 'V'],Male,0,Yes,Yes,14,Yes,No,DSL,No,No,Yes,Yes,No,No,Two year,No,Mailed check,67.38,943.61,0
6977-['H' 'X' 'H' 'S' 'O'],Female,0,Yes,No,51,Yes,No,No,No,No,No,No,No,No,Month-to-month,Yes,Mailed check,34.79,1786.71,0
3991-['Z' 'V' 'W' 'I' 'Z'],Male,0,Yes,No,34,Yes,No,No,No,No,No,No,No,No,Month-to-month,No,Electronic check,37.03,1267.3,1
3493-['L' 'P' 'D' 'E' 'H'],Female,0,No,No,37,Yes,Yes,DSL,No,Yes,Yes,No,Yes,Yes,Month-to-month,No,Electronic check,102.13,3762.67,1
6083-['F' 'O' 'D' 'U' 'K'],Male,0,Yes,No,41,No,No,No,No,No,No,No,No,No,One year,Yes,Mailed check,19.24,791.09,0
2284-['R' 'X' 'O' 'R' 'T'],Female,0,No,No,6,Yes,No,Fiber optic,No,No,Yes,No,Yes,Yes,Month-to-month,Yes,Mailed check,100.02,600.47,1
5507-['M' 'E' 'A' 'V' 'R'],Male,0,Yes,No,55,Yes,Yes,Fiber optic,No,No,Yes,No,Yes,Yes,One year,No,Mailed check,106.51,5848.39,0
1429-['E' 'F' 'X' 'Y' 'P'],Female,0,No,Yes,4,Yes,Yes,Fiber optic,No,Yes,Yes,Yes,Yes,No,Month-to-month,Yes,Electronic check,107.04,446.15,1
3996-['L' 'T' 'R' 'B' 'W'],Male,0,Yes,No,39,Yes,Yes,No,No,No,No,No,No,No,Two year,Yes,Electronic check,44.72,1738.43,0
1703-['W' 'M' 'Q' 'Q' 'P'],Male,1,No,No,60,Yes,No,DSL,No,Yes,No,Yes,No,No,Two year,No,Electronic check,70.94,4264.46,0
6297-['H' 'C' 'Q' 'R' 'Z'],Male,0,No,No,64,Yes,No,Fiber optic,No,No,No,No,Yes,Yes,Month-to-month,Yes,Bank transfer (automatic),97.27,6230.23,1
5697-['W' 'F' 'H' 'W' 'Z'],Male,1,Yes,Yes,65,Yes,No,Fiber optic,Yes,Yes,Yes,No,No,No,Two year,Yes,Electronic check,93.6,6076.13,0
8852-['H' 'S' 'F' 'W' 'O'],Male,0,No,No,67,Yes,No,Fiber optic,No,No,No,No,No,No,Month-to-month,No,Electronic check,72.37,4846.69,1
9095-['J' 'Q' 'A' 'G' 'M'],Female,1,Yes,Yes,64,Yes,No,DSL,Yes,No,Yes,No,Yes,No,One year,Yes,Mailed check,80.22,5123.3,0
7850-['S' 'O' 'E' 'K' 'V'],Female,0,No,No,41,Yes,Yes,No,No,No,No,No,No,No,Two year,No,Credit card (automatic),45.42,1862.51,0
2617-['C' 'F' 'C' 'E' 'I'],Female,0,No,No,34,Yes,Yes,DSL,Yes,Yes,Yes,Yes,Yes,No,Month-to-month,Yes,Credit card (automatic),98.53,3361.01,1
8707-['S' 'M' 'F' 'K' 'U'],Male,0,Yes,No,65,Yes,Yes,Fiber optic,No,No,Yes,Yes,Yes,No,One year,Yes,Credit card (automatic),105.59,6870.71,1
4476-['N' 'F' 'F' 'Q' 'K'],Male,0,No,Yes,24,Yes,No,DSL,No,No,No,No,No,No,One year,No,Electronic check,56.35,1350.53,1
5340-['Q' 'X' 'G' 'G' 'U'],Male,1,Yes,No,5,Yes,No,Fiber optic,Yes,Yes,Yes,No,No,No,Month-to-month,Yes,Mailed check,90.83,458.71,1
2024-['Y' 'Y' 'H' 'E' 'S'],Female,0,No,Yes,7,Yes,No,No,No,No,No,No,No,No,Month-to-month,Yes,Bank transfer (automatic),33.17,221.8,1
3567-['Q' 'S' 'L' 'W' 'O'],Female,0,No,Yes,34,Yes,Yes,Fiber optic,Yes,No,Yes,No,No,No,One year,No,Electronic check,97.77,3325.59,1
8203-['W' 'L' 'M' 'N' 'E'],Female,0,No,Yes,52,Yes,No,Fiber optic,Yes,No,No,No,No,No,Month-to-month,Yes,Bank transfer (automatic),78.76,4095.59,0
4613-['G' 'O' 'M' 'Z' 'P'],Male,0,No,No,18,Yes,No,No,No,No,No,No,No,No,Two year,Yes,Electronic check,36.29,650.37,1
7598-['P' 'W' 'W' 'M' 'W'],Male,1,No,No,8,No,No,DSL,No,No,No,No,Yes,Yes,Two year,Yes,Electronic check,67.95,559.15,1
5029-['R' 'N' 'R' 'S' 'N'],Male,0,No,Yes,32,Yes,Yes,DSL,Yes,Yes,No,No,No,Yes,Two year,No,Electronic check,89.46,2855.28,0
8443-['F' 'H' 'Z' 'Z' 'G'],Female,0,No,No,7,No,No,No,No,No,No,No,No,No,Month-to-month,Yes,Bank transfer (automatic),20.85,146.84,1
5145-['O' 'T' 'V' 'S' 'V'],Male,0,No,Yes,37,Yes,No,Fiber optic,No,No,No,No,No,Yes,Month-to-month,No,Mailed check,86.3,3184.51,1
3612-['U' 'B' 'H' 'U' 'K'],Male,0,No,No,31,Yes,Yes,DSL,Yes,No,Yes,No,Yes,No,One year,Yes,Mailed check,92.92,2893.79,0
2790-['I' 'I' 'Q' 'G' 'I'],Male,0,No,No,22,Yes,No,Fiber optic,No,Yes,Yes,Yes,No,Yes,Month-to-month,No,Bank transfer (automatic),97.46,2140.52,1
8681-['D' 'N' 'D' 'B' 'H'],Female,0,No,No,33,Yes,No,DSL,No,No,No,No,No,No,Two year,Yes,Credit card (automatic),60.34,1990.87,0
6311-['N' 'T' 'Y' 'J' 'Q'],Female,0,Yes,No,45,Yes,Yes,Fiber optic,No,No,No,No,No,Yes,Month-to-month,Yes,Electronic check,95.15,4280.14,1
8815-['N' 'U' 'W' 'H' 'E'],Female,0,Yes,Yes,31,Yes,No,Fiber optic,No,Yes,No,Yes,No,Yes,Month-to-month,Yes,Credit card (automatic),91.04,2813.66,1
3063-['H' 'J' 'H' 'I' 'R'],Male,0,Yes,No,0,Yes,No,DSL,No,Yes,No,Yes,No,Yes,Month-to-month,Yes,Credit card (automatic),79.11,0.0,1
6154-['Q' 'T' 'O' 'U' 'Q'],Male,0,No,No,6,Yes,No,No,No,No,No,No,No,No,One year,Yes,Mailed check,33.12,201.57,0
2639-['B' 'Q' 'R' 'E' 'I'],Female,0,Yes,Yes,23,Yes,No,No,No,No,No,No,No,No,One year,No,Electronic check,35.79,831.61,0
9424-['B' 'B' 'S' 'W' 'C'],Male,1,No,Yes,1,Yes,No,Fiber optic,Yes,No,No,No,No,Yes,One year,No,Credit card (automatic),89.69,97.14,1
4600-['N' 'N' 'N' 'F' 'C'],Male,0,No,Yes,17,Yes,Yes,DSL,No,No,No,No,No,No,Month-to-month,Yes,Bank transfer (automatic),70.53,1189.91,0
3944-['P' 'D' 'A' 'Q' 'R'],Male,0,No,No,55,Yes,No,DSL,No,Yes,No,No,Yes,No,One year,No,Electronic check,73.92,4063.05,0
8518-['P' 'Z' 'J' 'H' 'L'],Female,1,No,No,31,No,No,Fiber optic,Yes,No,No,No,No,No,Month-to-month,No,Mailed check,62.72,1925.4,1
7037-['P' 'L' 'K' 'T' 'S'],Female,0,Yes,Yes,69,No,No,DSL,Yes,Yes,No,No,No,No,Two year,Yes,Bank transfer (automatic),54.65,3761.76,0
3688-['C' 'L' 'I' 'U' 'V'],Female,0,Yes,Yes,9,Yes,No,Fiber optic,Yes,No,Yes,No,No,Yes,One year,No,Bank transfer (automatic),99.06,887.37,1
7820-['A' 'J' 'Q' 'D' 'O'],Male,0,No,Yes,39,Yes,Yes,Fiber optic,No,No,No,Yes,No,No,One year,Yes,Credit card (automatic),89.55,3481.49,0
5091-['W' 'O' 'G' 'O' 'H'],Female,1,No,No,33,Yes,Yes,No,No,No,No,No,No,No,Month-to-month,Yes,Credit card (automatic),45.1,1479.54,0
4037-['Z' 'W' 'J' 'R' 'D'],Female,0,No,Yes,32,Yes,No,No,No,No,No,No,No,No,Month-to-month,Yes,Credit card (automatic),37.06,1180.3,0
8402-['V' 'C' 'O' 'C' 'O'],Female,0,No,Yes,56,Yes,No,Fiber optic,Yes,No,Yes,No,No,Yes,Month-to-month,Yes,Mailed check,94.09,5273.22,1
5133-['A' 'N' 'P' 'A' 'U'],Female,1,Yes,Yes,21,Yes,No,Fiber optic,Yes,Yes,No,No,Yes,No,Month-to-month,No,Bank transfer (automatic),99.35,2097.33,0
9432-['Z' 'H' 'R' 'P' 'F'],Female,0,No,No,47,Yes,No,Fiber optic,Yes,Yes,No,Yes,No,Yes,Two year,Yes,Mailed check,100.23,4735.47,0
3779-['L' 'T' 'Q' 'N' 'N'],Male,0,Yes,No,31,Yes,No,No,No,No,No,No,No,No,One year,No,Electronic check,32.95,1039.32,0
5177-['L' 'B' 'B' 'Q' 'J'],Male,0,No,No,44,Yes,No,No,No,No,No,No,No,No,Two year,Yes,Electronic check,34.85,1521.3,0
5885-['S' 'Z' 'U' 'A' 'X'],Male,0,Yes,Yes,1,No,No,Fiber optic,Yes,No,No,No,No,Yes,Month-to-month,Yes,Credit card (automatic),77.24,79.51,1
2496-['D' 'B' 'S' 'U' 'L'],Male,0,Yes,No,54,Yes,Yes,No,No,No,No,No,No,No,One year,No,Bank transfer (automatic),42.72,2313.01,0
8625-['M' 'V' 'W' 'T' 'W'],Male,0,No,Yes,58,No,No,No,No,No,No,No,No,No,Two year,Yes,Electronic check,24.14,1404.49,0
9590-['Z' 'C' 'W' 'T' 'M'],Male,0,No,Yes,32,Yes,No,DSL,Yes,No,Yes,No,No,Yes,Month-to-month,No,Mailed check,80.2,2562.47,1
1551-['Y' 'G' 'X' 'H' 'R'],Female,0,No,No,13,Yes,No,No,No,No,No,No,No,No,Month-to-month,Yes,Electronic check,35.68,479.86,1
9360-['F' 'D' 'O' 'E' 'Z'],Male,0,No,No,67,Yes,No,DSL,No,No,No,No,Yes,No,One year,No,Mailed check,73.43,4898.37,0
6380-['G' 'I' 'G' 'I' 'T'],Male,0,Yes,No,65,Yes,No,No,No,No,No,No,No,No,One year,Yes,Electronic check,34.85,2260.23,0
7153-['Z' 'D' 'F' 'X' 'N'],Male,0,No,No,58,No,No,No,No,No,No,No,No,No,Two year,No,Credit card (automatic),20.89,1204.81,0
1400-['M' 'X' 'G' 'I' 'K'],Male,1,No,No,14,Yes,Yes,No,No,No,No,No,No,No,Two year,No,Mailed check,45.81,649.19,0
4851-['U' 'C' 'O' 'U' 'J'],Male,0,No,No,30,Yes,Yes,Fiber optic,Yes,Yes,No,Yes,Yes,No,Month-to-month,No,Mailed check,108.43,3252.33,0
2824-['N' 'T' 'F' 'B' 'W'],Male,0,No,Yes,28,Yes,No,DSL,No,No,No,No,Yes,Yes,Month-to-month,Yes,Credit card (automatic),81.78,2288.45,1
5775-['A' 'D' 'D' 'E' 'T'],Male,0,Yes,No,72,Yes,No,DSL,No,No,No,Yes,No,No,Month-to-month,No,Bank transfer (automatic),66.26,4764.29,0
8464-['W' 'M' 'R' 'Q' 'Y'],Male,0,Yes,No,46,Yes,Yes,DSL,No,No,No,Yes,Yes,No,Two year,No,Mailed check,86.0,3953.86,0
9000-['V' 'O' 'B' 'P' 'T'],Female,0,No,Yes,56,Yes,No,DSL,Yes,No,No,Yes,Yes,Yes,Month-to-month,Yes,Bank transfer (automatic),88.7,4983.63,0
6153-['G' 'C' 'Q' 'X' 'X'],Male,1,Yes,No,57,No,No,No,No,No,No,No,No,No,One year,Yes,Electronic check,21.12,1207.58,0
8532-['G' 'Y' 'X' 'C' 'O'],Male,0,No,No,30,Yes,Yes,DSL,Yes,Yes,No,No,No,Yes,One year,Yes,Bank transfer (automatic),88.17,2648.21,0
3481-['J' 'W' 'G' 'I' 'E'],Male,1,Yes,Yes,52,Yes,No,Fiber optic,No,No,No,No,Yes,No,One year,No,Electronic check,85.57,4448.0,1
8411-['H' 'N' 'D' 'T' 'N'],Male,0,No,Yes,63,Yes,Yes,Fiber optic,No,No,No,No,Yes,No,Two year,Yes,Bank transfer (automatic),94.13,5944.05,0
9107-['B' 'M' 'A' 'T' 'G'],Male,1,Yes,No,1,Yes,No,DSL,No,No,No,No,No,Yes,Month-to-month,No,Mailed check,69.13,68.24,1
4775-['Y' 'I' 'Z' 'Q' 'U'],Female,0,No,No,59,Yes,Yes,DSL,No,Yes,Yes,Yes,No,No,One year,Yes,Electronic check,84.67,4999.34,0
7476-['W' 'J' 'P' 'F' 'P'],Female,0,No,Yes,47,No,No,No,No,No,No,No,No,No,One year,Yes,Bank transfer (automatic),21.52,1007.76,0
5089-['T' 'C' 'I' 'O' 'M'],Female,0,Yes,Yes,47,Yes,Yes,No,No,No,No,No,No,No,Month-to-month,Yes,Electronic check,42.75,2025.75,1
7953-['T' 'X' 'M' 'Q' 'G'],Female,0,Yes,No,60,Yes,No,Fiber optic,No,No,No,No,Yes,Yes,Month-to-month,Yes,Credit card (automatic),92.66,5545.47,1
9347-['F' 'M' 'Q' 'O' 'D'],Female,0,Yes,Yes,3,Yes,No,DSL,Yes,No,No,No,Yes,Yes,One year,No,Bank transfer (automatic),87.78,251.89,0
5315-['O' 'N' 'U' 'K' 'X'],Male,0,Yes,No,25,Yes,Yes,DSL,No,Yes,No,No,Yes,No,Month-to-month,Yes,Mailed check,87.75,2192.31,0
2374-['D' 'C' 'B' 'T' 'J'],Female,0,Yes,No,21,Yes,No,Fiber optic,No,Yes,No,No,Yes,No,Month-to-month,Yes,Electronic check,90.52,1895.88,1
4411-['Z' 'U' 'W' 'Y' 'R'],Female,1,No,Yes,42,No,No,Fiber optic,Yes,No,No,No,Yes,No,Month-to-month,Yes,Credit card (automatic),72.39,3026.6,1
1111-['K' 'J' 'I' 'L' 'S'],Female,0,Yes,No,19,Yes,No,No,No,No,No,No,No,No,One year,Yes,Mailed check,35.86,681.4,0
9352-['R' 'N' 'V' 'U' 'A'],Female,0,Yes,No,47,Yes,Yes,DSL,Yes,Yes,No,No,Yes,Yes,Two year,No,Mailed check,96.28,4528.13,0
5592-['K' 'T' 'O' 'D' 'O'],Male,0,No,No,60,Yes,No,Fiber optic,No,No,Yes,Yes,Yes,No,Month-to-month,Yes,Mailed check,95.24,5705.01,1
5533-['V' 'Z' 'N' 'V' 'A'],Male,0,No,No,22,Yes,Yes,Fiber optic,Yes,No,Yes,Yes,Yes,Yes,Month-to-month,No,Mailed check,113.98,2512.61,1
2000-['G' 'W' 'K' 'W' 'B'],Female,0,Yes,Yes,60,Yes,No,DSL,No,Yes,No,No,Yes,No,Month-to-month,Yes,Mailed check,72.0,4318.88,1
8361-['F' 'W' 'S' 'T' 'N'],Male,0,No,No,62,Yes,No,DSL,Yes,Yes,No,No,Yes,No,One year,Yes,Bank transfer (automatic),79.48,4905.58,0
3882-['G' 'G' 'D' 'W' 'E'],Male,0,No,Yes,18,Yes,Yes,Fiber optic,Yes,Yes,Yes,Yes,Yes,No,Month-to-month,No,Mailed check,117.62,2121.0,0
3160-['Z' 'D' 'W' 'M' 'P'],Male,0,Yes,Yes,12,Yes,Yes,Fiber optic,No,No,Yes,No,No,Yes,Month-to-month,No,Mailed check,98.21,1174.9,0
3543-['B' 'R' 'A' 'R' 'Z'],Male,0,No,Yes,1,Yes,No,DSL,Yes,Yes,No,No,Yes,Yes,Month-to-month,Yes,Mailed check,91.47,84.24,1
1445-['H' 'K' 'X' 'X' 'O'],Female,0,No,No,50,Yes,Yes,Fiber optic,Yes,Yes,No,No,No,Yes,Month-to-month,No,Mailed check,103.52,5194.42,0
4888-['Q' 'L' 'J' 'T' 'F'],Male,0,No,No,0,Yes,Yes,Fiber optic,No,No,Yes,No,No,Yes,Two year,Yes,Electronic check,95.95,0.0,0
8687-['M' 'B' 'S' 'V' 'J'],Male,1,Yes,No,40,Yes,Yes,Fiber optic,No,No,No,Yes,No,No,One year,No,Mailed check,92.95,3723.79,0
2795-['L' 'R' 'G' 'T' 'X'],Female,0,No,No,9,Yes,No,Fiber optic,No,No,No,No,Yes,Yes,One year,No,Mailed check,93.73,854.3,1
5150-['Z' 'Y' 'D' 'G' 'J'],Female,0,Yes,No,2,Yes,Yes,Fiber optic,No,No,Yes,No,Yes,No,Two year,Yes,Credit card (automatic),99.83,190.8,0
8179-['A' 'T' 'R' 'Y' 'P'],Male,1,Yes,No,7,No,No,DSL,No,Yes,No,No,No,No,Two year,Yes,Bank transfer (automatic),46.84,325.2,0
6458-['D' 'F' 'Z' 'Q' 'G'],Female,0,No,No,35,Yes,Yes,No,No,No,No,No,No,No,Month-to-month,Yes,Mailed check,46.23,1627.69,1
7387-['N' 'P' 'W' 'I' 'O'],Female,0,Yes,No,39,Yes,No,No,No,No,No,No,No,No,One year,No,Credit card (automatic),35.09,1360.11,0
5132-['R' 'U' 'T' 'H' 'O'],Female,0,Yes,Yes,38,Yes,Yes,DSL,No,No,Yes,No,No,No,Two year,No,Credit card (automatic),72.81,2758.79,0
9296-['S' 'Z' 'V' 'F' 'D'],Female,0,No,Yes,46,Yes,Yes,Fiber optic,Yes,No,No,No,Yes,Yes,Month-to-month,No,Mailed check,108.24,4996.32,0
9490-['J' 'C' 'A' 'L' 'W'],Male,1,No,Yes,59,Yes,No,DSL,Yes,Yes,Yes,No,No,No,One year,Yes,Credit card (automatic),73.13,4319.3,0
4854-['O' 'U' 'N' 'Z' 'G'],Female,0,Yes,Yes,7,Yes,No,Fiber optic,Yes,No,No,Yes,Yes,No,Two year,Yes,Mailed check,96.61,688.71,0
5304-['X' 'S' 'G' 'C' 'C'],Male,0,No,Yes,36,Yes,No,DSL,No,No,No,No,Yes,Yes,Month-to-month,No,Credit card (automatic),81.6,2950.13,1
5857-['Y' 'R' 'T' 'V' 'N'],Female,1,No,No,62,Yes,Yes,DSL,No,Yes,No,Yes,Yes,Yes,One year,Yes,Mailed check,99.15,6152.87,0
5251-['Z' 'Z' 'G' 'G' 'E'],Male,0,No,No,26,Yes,Yes,Fiber optic,No,No,No,No,No,Yes,Month-to-month,Yes,Credit card (automatic),91.31,2385.37,1
4234-['R' 'O' 'T' 'N' 'D'],Female,0,Yes,No,2,Yes,Yes,Fiber optic,Yes,No,No,No,Yes,Yes,One year,No,Electronic check,111.57,231.19,1
6543-['U' 'M' 'V' 'H' 'O'],Female,1,No,No,38,No,No,Fiber optic,No,No,Yes,No,No,Yes,Month-to-month,Yes,Mailed check,76.97,2911.52,1
6235-['D' 'K' 'R' 'J' 'Q'],Female,0,Yes,Yes,5,Yes,Yes,No,No,No,No,No,No,No,Month-to-month,Yes,Mailed check,48.13,244.62,1
9221-['O' 'F' 'W' 'U' 'P'],Male,0,No,Yes,9,Yes,No,No,No,No,No,No,No,No,Two year,No,Credit card (automatic),34.72,323.72,0
9302-['H' 'I' 'K' 'B' 'M'],Male,0,No,No,28,Yes,No,DSL,Yes,No,Yes,No,No,Yes,One year,Yes,Electronic check,81.24,2271.2,0
3531-['I' 'E' 'S' 'V' 'C'],Female,1,Yes,Yes,28,Yes,No,Fiber optic,No,No,Yes,Yes,Yes,Yes,Two year,Yes,Mailed check,105.91,2964.29,0
6268-['C' 'F' 'J' 'E' 'Y'],Female,0,No,No,19,Yes,Yes,Fiber optic,No,No,No,Yes,Yes,Yes,One year,No,Mailed check,112.31,2144.67,1
7229-['X' 'G' 'V' 'R' 'W'],Female,0,No,Yes,65,Yes,Yes,Fiber optic,No,Yes,No,No,Yes,No,Two year,No,Electronic check,96.79,6293.92,1
2184-['Y' 'D' 'X' 'Z' 'G'],Male,0,No,Yes,11,Yes,No,Fiber optic,No,No,Yes,No,Yes,Yes,Two year,Yes,Electronic check,100.32,1100.82,1
8116-['J' 'W' 'R' 'A' 'D'],Male,0,No,Yes,12,Yes,Yes,No,No,No,No,No,No,No,Month-to-month,Yes,Credit card (automatic),45.25,547.39,1
5507-['P' 'P' 'R' 'H' 'J'],Male,0,No,No,38,Yes,Yes,Fiber optic,No,No,No,No,Yes,Yes,Two year,Yes,Bank transfer (automatic),104.6,3979.87,0
4535-['W' 'X' 'K' 'F' 'A'],Male,1,No,No,38,Yes,Yes,Fiber optic,Yes,No,Yes,Yes,Yes,Yes,Month-to-month,Yes,Electronic check,118.75,4512.9,0
4773-['L' 'Y' 'F' 'M' 'Z'],Female,0,No,No,44,Yes,No,DSL,No,No,Yes,No,No,Yes,Two year,Yes,Electronic check,75.76,3319.59,1
1848-['A' 'H' 'V' 'H' 'X'],Male,1,No,No,40,Yes,Yes,Fiber optic,No,No,Yes,No,No,No,One year,No,Electronic check,91.82,3682.34,1
6866-['N' 'X' 'J' 'O' 'G'],Male,0,No,Yes,42,No,No,No,No,No,No,No,No,No,Month-to-month,Yes,Electronic check,21.05,889.34,1
5681-['D' 'Y' 'R' 'Y' 'J'],Female,0,Yes,Yes,61,Yes,No,No,No,No,No,No,No,No,Two year,Yes,Mailed check,34.45,2109.37,0
9530-['N' 'M' 'O' 'P' 'B'],Female,0,No,No,2,No,No,Fiber optic,No,No,No,Yes,Yes,No,Month-to-month,Yes,Mailed check,72.47,143.41,1
3652-['D' 'U' 'R' 'Q' 'J'],Male,1,Yes,Yes,8,Yes,Yes,No,No,No,No,No,No,No,One year,No,Credit card (automatic),46.11,365.72,0
8054-['L' 'U' 'Z' 'I' 'N'],Male,1,Yes,Yes,43,Yes,No,Fiber optic,Yes,Yes,No,No,Yes,No,Month-to-month,No,Mailed check,95.16,4089.16,0
3427-['Z' 'F' 'S' 'D' 'T'],Female,1,No,No,33,Yes,Yes,DSL,No,Yes,No,No,Yes,Yes,Month-to-month,No,Mailed check,97.68,3230.38,0
6840-['S' 'C' 'N' 'Q' 'M'],Male,0,No,No,18,Yes,No,No,No,No,No,No,No,No,One year,Yes,Credit card (automatic),36.03,666.36,0
8144-['A' 'Y' 'Q' 'P' 'R'],Female,0,No,Yes,17,Yes,No,Fiber optic,No,No,Yes,No,Yes,Yes,Month-to-month,Yes,Electronic check,99.17,1692.77,1
5065-['N' 'V' 'W' 'Q' 'C'],Male,0,Yes,No,45,No,No,DSL,No,No,Yes,Yes,No,Yes,Month-to-month,Yes,Electronic check,64.92,2923.28,1
3087-['Y' 'B' 'B' 'Z' 'I'],Male,0,Yes,No,40,Yes,No,Fiber optic,Yes,Yes,No,Yes,No,Yes,Month-to-month,Yes,Credit card (automatic),101.21,4051.52,1
9724-['Y' 'F' 'Z' 'L' 'Y'],Male,0,No,No,48,Yes,No,Fiber optic,No,No,No,No,No,Yes,Two year,Yes,Electronic check,87.04,4173.34,0
5488-['G' 'L' 'Z' 'Y' 'E'],Female,0,No,No,51,Yes,No,DSL,Yes,No,Yes,No,Yes,Yes,Month-to-month,No,Mailed check,91.06,4628.04,0
1783-['E' 'L' 'X' 'Z' 'T'],Male,0,No,Yes,42,Yes,Yes,Fiber optic,No,Yes,Yes,Yes,Yes,Yes,Two year,Yes,Mailed check,118.75,4990.0,1
6267-['W' 'K' 'U' 'L' 'C'],Female,0,Yes,Yes,9,Yes,No,No,No,No,No,No,No,No,Month-to-month,No,Credit card (automatic),36.16,307.29,1
4526-['V' 'J' 'W' 'O' 'B'],Female,0,No,No,37,Yes,No,DSL,Yes,Yes,No,No,Yes,No,Month-to-month,No,Credit card (automatic),80.25,2974.98,1
2932-['D' 'R' 'X' 'W' 'A'],Male,0,No,Yes,37,Yes,Yes,Fiber optic,No,No,Yes,Yes,No,No,Month-to-month,No,Mailed check,96.83,3601.6,0
1289-['D' 'C' 'Q' 'N' 'B'],Male,0,Yes,Yes,46,No,No,DSL,Yes,Yes,No,Yes,No,No,Month-to-month,Yes,Bank transfer (automatic),58.73,2691.54,1
6962-['Y' 'M' 'A' 'Y' 'W'],Male,0,Yes,No,6,Yes,No,Fiber optic,Yes,Yes,No,No,Yes,Yes,Month-to-month,Yes,Mailed check,105.49,629.69,0
2473-['B' 'U' 'E' 'D' 'L'],Female,0,No,No,11,Yes,Yes,No,No,No,No,No,No,No,Month-to-month,Yes,Electronic check,47.74,530.98,1
8673-['C' 'T' 'J' 'T' 'R'],Male,0,Yes,No,51,Yes,No,No,No,No,No,No,No,No,Month-to-month,Yes,Credit card (automatic),32.76,1687.85,0
6300-['U' 'U' 'J' 'A' 'F'],Female,0,Yes,No,32,Yes,Yes,DSL,No,Yes,No,No,No,No,One year,Yes,Electronic check,75.11,2379.97,1
5257-['G' 'T' 'U' 'U' 'U'],Female,0,Yes,No,23,Yes,Yes,DSL,No,No,No,No,No,No,Month-to-month,No,Mailed check,70.07,1620.74,1
6905-['U' 'S' 'D' 'M' 'R'],Male,0,Yes,No,47,Yes,No,Fiber optic,Yes,Yes,Yes,Yes,No,Yes,Month-to-month,Yes,Mailed check,103.58,4866.39,1
2139-['Y' 'X' 'M' 'S' 'Q'],Male,0,Yes,No,30,Yes,No,DSL,Yes,No,Yes,Yes,Yes,Yes,Month-to-month,No,Electronic check,92.4,2766.54,1
6952-['F' 'S' 'T' 'A' 'H'],Male,0,Yes,No,22,Yes,Yes,DSL,No,Yes,Yes,Yes,No,Yes,Two year,Yes,Bank transfer (automatic),93.75,2052.15,0
4920-['U' 'V' 'O' 'R' 'G'],Male,0,Yes,No,70,Yes,Yes,Fiber optic,Yes,No,Yes,Yes,Yes,No,Month-to-month,No,Bank transfer (automatic),111.86,7833.1,0
1304-['D' 'L' 'M' 'D' 'U'],Female,0,No,No,71,Yes,Yes,Fiber optic,No,No,Yes,No,No,Yes,Two year,Yes,Electronic check,97.13,6883.32,0
4936-['G' 'I' 'A' 'P' 'R'],Male,0,Yes,Yes,14,Yes,No,DSL,No,Yes,No,No,No,Yes,One year,No,Mailed check,75.03,1046.89,1
9366-['F' 'B' 'I' 'D' 'M'],Female,0,Yes,No,37,Yes,No,Fiber optic,Yes,Yes,No,No,Yes,Yes,One year,Yes,Credit card (automatic),104.26,3847.54,0
7506-['M' 'K' 'S' 'H' 'G'],Male,0,Yes,No,27,Yes,Yes,Fiber optic,Yes,No,Yes,No,No,Yes,Month-to-month,Yes,Bank transfer (automatic),107.27,2905.83,1
9783-['C' 'Q' 'R' 'O' 'Q'],Female,0,No,No,20,No,No,DSL,Yes,Yes,Yes,Yes,Yes,Yes,Month-to-month,No,Electronic check,84.4,1686.1,0
3410-['E' 'P' 'O' 'J' 'N'],Female,0,Yes,No,26,Yes,No,DSL,No,No,No,No,No,Yes,One year,Yes,Electronic check,66.05,1711.78,0
9737-['P' 'S' 'H' 'O' 'J'],Female,0,Yes,Yes,46,Yes,No,Fiber optic,No,Yes,No,No,Yes,Yes,One year,No,Mailed check,97.98,4514.46,1
4956-['Z' 'V' 'L' 'W' 'M'],Female,0,Yes,No,55,No,No,Fiber optic,No,Yes,Yes,Yes,Yes,Yes,One year,Yes,Credit card (automatic),98.41,5407.27,0
6000-['Q' 'T' 'L' 'Y' 'E'],Male,0,No,No,13,No,No,Fiber optic,Yes,No,No,No,No,No,One year,No,Electronic check,62.56,819.45,1
4179-['A' 'T' 'P' 'L' 'I'],Male,0,No,No,20,Yes,No,No,No,No,No,No,No,No,Month-to-month,Yes,Electronic check,29.24,566.63,1
6996-['Q' 'Q' 'D' 'N' 'S'],Male,0,Yes,No,13,Yes,Yes,Fiber optic,No,Yes,No,No,Yes,Yes,Month-to-month,No,Mailed check,106.48,1374.38,1
9262-['C' 'A' 'L' 'O' 'K'],Male,0,No,No,69,Yes,No,No,No,No,No,No,No,No,Month-to-month,Yes,Electronic check,36.23,2498.48,1
1105-['B' 'Z' 'D' 'Q' 'Q'],Female,1,Yes,No,27,Yes,No,Fiber optic,Yes,Yes,Yes,No,No,No,Two year,No,Credit card (automatic),91.65,2478.43,0
8899-['H' 'W' 'N' 'X' 'D'],Male,1,Yes,Yes,36,Yes,Yes,DSL,Yes,No,No,No,No,Yes,One year,Yes,Mailed check,85.42,3088.2,1
1933-['S' 'X' 'D' 'C' 'T'],Female,0,No,No,66,No,No,DSL,No,No,No,Yes,Yes,Yes,Month-to-month,No,Credit card (automatic),68.36,4510.28,0
9261-['W' 'G' 'N' 'L' 'P'],Female,0,No,No,32,Yes,No,Fiber optic,No,No,No,Yes,Yes,No,Two year,No,Bank transfer (automatic),88.82,2838.08,0
5787-['H' 'W' 'B' 'M' 'H'],Female,0,No,No,11,Yes,Yes,DSL,Yes,Yes,No,No,Yes,No,One year,Yes,Bank transfer (automatic),89.95,983.94,0
7356-['T' 'P' 'D' 'P' 'T'],Female,1,Yes,No,11,Yes,Yes,Fiber optic,Yes,Yes,Yes,No,Yes,Yes,Two year,Yes,Electronic check,118.75,1306.66,1
7618-['D' 'P' 'W' 'W' 'U'],Female,1,No,No,50,Yes,No,Fiber optic,No,No,No,No,Yes,Yes,Two year,No,Electronic check,95.1,4762.5,0
1164-['O' 'Z' 'H' 'G' 'N'],Female,1,Yes,No,34,Yes,No,DSL,No,Yes,No,No,No,Yes,One year,Yes,Mailed check,77.13,2616.29,1
8846-['W' 'Z' 'R' 'J' 'R'],Female,0,Yes,No,11,Yes,No,No,No,No,No,No,No,No,Month-to-month,Yes,Bank transfer (automatic),34.81,383.4,1
8149-['J' 'G' 'Z' 'G' 'G'],Female,0,No,No,18,Yes,Yes,Fiber optic,Yes,No,Yes,No,Yes,Yes,Month-to-month,Yes,Electronic check,116.31,2100.12,1
5292-['A' 'N' 'R' 'M' 'Y'],Female,0,No,No,58,Yes,No,DSL,No,Yes,No,No,Yes,No,Month-to-month,No,Electronic check,77.53,4501.48,1
6095-['H' 'J' 'Q' 'F' 'O'],Female,0,Yes,Yes,12,Yes,Yes,No,No,No,No,No,No,No,One year,Yes,Bank transfer (automatic),46.47,566.41,0
6966-['Y' 'P' 'H' 'S' 'T'],Female,0,No,Yes,18,Yes,No,Fiber optic,No,Yes,Yes,No,Yes,Yes,Month-to-month,Yes,Electronic check,104.37,1874.25,1
6134-['C' 'F' 'Y' 'H' 'P'],Male,0,No,No,35,Yes,No,Fiber optic,Yes,No,No,No,Yes,Yes,Month-to-month,Yes,Mailed check,97.44,3416.36,1
1366-['M' 'Z' 'T' 'O' 'R'],Female,0,No,No,3,No,No,No,No,No,No,No,No,No,Month-to-month,No,Electronic check,19.93,60.19,1
1012-['X' 'H' 'N' 'K' 'F'],Male,0,Yes,Yes,12,Yes,Yes,No,No,No,No,No,No,No,Two year,No,Electronic check,40.53,500.07,0
8485-['X' 'Y' 'A' 'Y' 'B'],Female,0,No,No,5,Yes,No,DSL,No,Yes,No,No,Yes,Yes,Month-to-month,No,Credit card (automatic),84.28,421.93,0
4212-['A' 'X' 'X' 'D' 'X'],Female,0,No,No,43,Yes,Yes,No,No,No,No,No,No,No,Month-to-month,No,Bank transfer (automatic),43.8,1857.33,1
8446-['B' 'U' 'Z' 'T' 'P'],Female,0,Yes,No,7,Yes,Yes,Fiber optic,No,No,No,No,Yes,No,One year,Yes,Electronic check,92.06,657.15,0
5016-['E' 'Z' 'H' 'L' 'Y'],Female,0,Yes,Yes,32,Yes,Yes,Fiber optic,No,No,No,No,No,No,Month-to-month,Yes,Electronic check,85.28,2725.35,1
1442-['A' 'A' 'O' 'Q' 'B'],Female,1,Yes,No,51,Yes,Yes,DSL,Yes,No,Yes,No,Yes,Yes,Month-to-month,No,Mailed check,95.79,4890.24,1
3995-['Z' 'I' 'L' 'D' 'M'],Male,0,No,No,12,Yes,No,Fiber optic,No,Yes,Yes,No,Yes,No,Month-to-month,No,Electronic check,96.59,1161.48,1
6766-['N' 'I' 'W' 'A' 'A'],Male,1,No,No,9,Yes,No,DSL,Yes,Yes,Yes,No,Yes,Yes,Month-to-month,No,Mailed check,93.61,845.07,0
9067-['A' 'V' 'J' 'B' 'U'],Female,0,Yes,No,33,Yes,No,DSL,No,No,Yes,No,No,Yes,Month-to-month,No,Bank transfer (automatic),74.82,2481.73,1
6582-['C' 'Y' 'W' 'I' 'Q'],Female,0,Yes,Yes,26,Yes,No,DSL,No,Yes,No,No,No,Yes,Two year,No,Electronic check,77.78,2037.94,0
4220-['M' 'C' 'D' 'D' 'K'],Female,0,No,No,57,Yes,Yes,DSL,Yes,No,Yes,No,No,No,One year,No,Credit card (automatic),81.98,4677.56,0
2499-['G' 'Z' 'K' 'X' 'K'],Male,0,No,No,66,Yes,No,No,No,No,No,No,No,No,Two year,Yes,Credit card (automatic),33.48,2209.24,0
3788-['M' 'L' 'J' 'G' 'S'],Male,1,Yes,Yes,43,Yes,No,DSL,No,No,No,Yes,No,No,One year,Yes,Electronic check,64.85,2790.12,0
7731-['T' 'V' 'O' 'E' 'X'],Female,0,Yes,No,68,No,No,DSL,No,Yes,No,No,No,No,One year,Yes,Mailed check,53.22,3635.04,0
7347-['U' 'K' 'E' 'P' 'Z'],Female,0,No,No,4,Yes,No,Fiber optic,Yes,No,No,Yes,Yes,Yes,Month-to-month,Yes,Mailed check,102.74,407.27,1
2210-['E' 'P' 'L' 'W' 'B'],Female,0,Yes,No,36,Yes,No,DSL,No,No,Yes,Yes,Yes,Yes,Month-to-month,Yes,Electronic check,88.34,3184.55,1
5349-['F' 'W' 'U' 'Y' 'D'],Male,0,Yes,No,70,Yes,Yes,No,No,No,No,No,No,No,One year,No,Electronic check,46.89,3291.24,0
1989-['M' 'J' 'Q' 'N' 'X'],Female,0,No,No,55,Yes,No,Fiber optic,Yes,Yes,Yes,No,No,No,Month-to-month,Yes,Mailed check,91.51,5015.42,0
8342-['H' 'W' 'X' 'R' 'C'],Female,0,No,No,50,Yes,Yes,Fiber optic,No,No,No,Yes,Yes,Yes,Month-to-month,Yes,Mailed check,108.87,5440.87,1
7360-['Q' 'X' 'X' 'G' 'M'],Female,0,No,No,55,Yes,No,Fiber optic,No,No,No,Yes,Yes,Yes,One year,No,Electronic check,103.75,5696.16,1
6444-['D' 'Z' 'J' 'M' 'J'],Male,0,Yes,No,41,Yes,No,DSL,No,No,No,Yes,No,No,One year,Yes,Bank transfer (automatic),64.76,2649.66,0
4865-['V' 'L' 'A' 'U' 'T'],Female,0,No,No,12,Yes,No,DSL,No,Yes,No,No,No,Yes,One year,Yes,Credit card (automatic),71.66,848.02,0
9083-['G' 'I' 'H' 'M' 'N'],Female,0,Yes,No,33,Yes,Yes,DSL,Yes,Yes,Yes,Yes,No,No,Two year,Yes,Bank transfer (automatic),87.65,2893.18,0
6735-['U' 'V' 'R' 'P' 'K'],Female,0,No,No,33,Yes,Yes,No,No,No,No,No,No,No,Month-to-month,No,Electronic check,45.65,1508.84,1
4746-['U' 'B' 'C' 'D' 'V'],Male,0,No,No,52,Yes,Yes,DSL,Yes,Yes,No,No,Yes,Yes,One year,No,Electronic check,101.74,5280.77,0
3436-['J' 'T' 'B' 'L' 'E'],Male,1,Yes,No,2,Yes,No,No,No,No,No,No,No,No,Month-to-month,Yes,Bank transfer (automatic),32.95,56.59,1
5004-['W' 'A' 'D' 'U' 'X'],Female,0,No,No,36,Yes,No,Fiber optic,No,Yes,No,No,No,Yes,Month-to-month,No,Bank transfer (automatic),88.43,3190.48,1
2374-['L' 'P' 'X' 'Q' 'U'],Male,0,Yes,Yes,51,Yes,No,Fiber optic,No,Yes,No,No,No,No,Month-to-month,Yes,Bank transfer (automatic),79.21,4036.45,1
7704-['Q' 'R' 'B' 'Y' 'D'],Female,0,Yes,No,5,Yes,No,No,No,No,No,No,No,No,Month-to-month,No,Electronic check,33.93,159.41,1
5274-['K' 'Q' 'L' 'B' 'F'],Male,0,Yes,No,20,Yes,Yes,Fiber optic,No,No,No,No,Yes,Yes,Month-to-month,Yes,Mailed check,102.76,2049.46,1
1968-['E' 'T' 'U' 'I' 'W'],Female,0,No,No,44,Yes,No,DSL,Yes,No,Yes,No,Yes,No,Month-to-month,No,Electronic check,79.1,3484.39,0
8962-['H' 'V' 'U' 'W' 'F'],Female,1,No,No,4,Yes,No,Fiber optic,Yes,No,No,Yes,Yes,Yes,Month-to-month,No,Mailed check,104.48,426.04,1
3954-['O' 'B' 'M' 'V' 'P'],Female,1,Yes,No,2,Yes,Yes,DSL,Yes,Yes,No,Yes,Yes,Yes,Month-to-month,Yes,Mailed check,104.99,210.62,1
1774-['H' 'F' 'X' 'G' 'R'],Male,0,No,No,19,Yes,No,No,No,No,No,No,No,No,Month-to-month,No,Electronic check,39.07,752.21,1
8197-['V' 'Y' 'V' 'T' 'G'],Male,0,No,No,60,No,No,Fiber optic,No,No,No,No,No,Yes,Two year,Yes,Bank transfer (automatic),69.48,4148.39,0
2986-['E' 'A' 'O' 'Z' 'C'],Male,0,Yes,No,34,Yes,No,Fiber optic,No,Yes,Yes,Yes,Yes,Yes,Month-to-month,Yes,Electronic check,110.7,3764.15,1
7311-['Y' 'I' 'O' 'J' 'B'],Female,0,No,Yes,31,Yes,No,DSL,No,Yes,Yes,No,Yes,No,Month-to-month,Yes,Credit card (automatic),79.19,2469.44,0
6363-['E' 'S' 'M' 'K' 'A'],Male,0,No,No,18,Yes,No,No,No,No,No,No,No,No,Month-to-month,Yes,Bank transfer (automatic),37.98,684.23,0
4477-['O' 'Z' 'R' 'P' 'I'],Female,0,No,Yes,14,No,No,DSL,Yes,No,Yes,No,Yes,No,Month-to-month,Yes,Credit card (automatic),67.4,950.8,1
4839-['W' 'K' 'M' 'Z' 'B'],Male,0,No,No,56,Yes,No,DSL,No,Yes,No,No,Yes,Yes,Two year,Yes,Credit card (automatic),86.53,4844.61,0
5389-['H' 'R' 'P' 'U' 'L'],Female,1,No,No,25,Yes,Yes,No,No,No,No,No,No,No,One year,No,Mailed check,43.21,1097.95,1
6322-['F' 'C' 'N' 'B' 'K'],Female,0,Yes,No,69,Yes,Yes,DSL,No,No,Yes,No,No,No,Month-to-month,Yes,Bank transfer (automatic),74.76,5168.96,0
5721-['A' 'X' 'A' 'L' 'O'],Female,0,No,No,1,Yes,Yes,Fiber optic,Yes,No,Yes,No,Yes,Yes,Month-to-month,No,Mailed check,113.87,105.71,1
6668-['F' 'P' 'L' 'L' 'C'],Female,0,Yes,Yes,48,Yes,No,DSL,No,No,No,No,Yes,No,Month-to-month,No,Mailed check,70.4,3393.26,1
3589-['W' 'B' 'G' 'B' 'U'],Male,0,Yes,No,47,Yes,Yes,Fiber optic,No,No,No,No,Yes,No,Two year,Yes,Electronic check,95.02,4479.28,0
1938-['K' 'N' 'C' 'N' 'K'],Female,0,Yes,Yes,31,Yes,No,No,No,No,No,No,No,No,One year,No,Electronic check,35.77,1094.42,1
7627-['Q' 'P' 'C' 'Y' 'J'],Male,0,Yes,Yes,2,Yes,Yes,Fiber optic,No,No,No,Yes,No,Yes,Month-to-month,No,Electronic check,96.85,205.48,1
9564-['O' 'H' 'R' 'C' 'G'],Female,1,No,No,19,Yes,Yes,DSL,Yes,Yes,Yes,Yes,No,No,Month-to-month,No,Bank transfer (automatic),90.85,1730.74,0
9893-['J' 'T' 'I' 'N' 'W'],Female,1,No,No,36,Yes,No,No,No,No,No,No,No,No,Month-to-month,Yes,Bank transfer (automatic),35.71,1274.33,1
7587-['A' 'D' 'Z' 'F' 'V'],Female,0,No,No,19,Yes,No,DSL,No,Yes,No,No,Yes,No,One year,No,Electronic check,75.75,1421.85,1
2561-['V' 'E' 'C' 'B' 'C'],Male,0,Yes,No,59,Yes,Yes,Fiber optic,No,Yes,Yes,No,Yes,No,Month-to-month,Yes,Electronic check,106.74,6304.25,1
4656-['S' 'S' 'Q' 'R' 'K'],Female,0,No,Yes,58,Yes,Yes,Fiber optic,Yes,No,No,Yes,No,Yes,Month-to-month,No,Mailed check,107.32,6226.11,0
1209-['X' 'F' 'G' 'A' 'F'],Female,0,No,No,41,Yes,No,Fiber optic,Yes,Yes,No,Yes,No,No,Month-to-month,Yes,Electronic check,89.65,3696.9,0
5945-['M' 'V' 'S' 'G' 'S'],Female,0,Yes,Yes,22,Yes,Yes,Fiber optic,No,No,No,No,No,No,Month-to-month,Yes,Bank transfer (automatic),86.03,1898.31,0
3824-['C' 'W' 'L' 'T' 'X'],Female,0,Yes,Yes,40,Yes,Yes,No,No,No,No,No,No,No,Month-to-month,No,Bank transfer (automatic),42.22,1689.82,1
2853-['R' 'H' 'I' 'M' 'H'],Male,0,Yes,No,72,Yes,No,No,No,No,No,No,No,No,Month-to-month,Yes,Electronic check,31.62,2294.19,0
1181-['J' 'Q' 'G' 'Q' 'W'],Female,0,No,No,26,Yes,No,No,No,No,No,No,No,No,Month-to-month,No,Bank transfer (automatic),34.86,896.71,0
8089-['X' 'B' 'C' 'S' 'A'],Female,0,No,No,45,Yes,Yes,DSL,No,No,No,No,Yes,No,Month-to-month,No,Electronic check,80.13,3610.11,1
5244-['U' 'J' 'U' 'N' 'M'],Female,0,No,No,16,Yes,Yes,Fiber optic,No,No,No,No,Yes,Yes,One year,No,Electronic check,105.72,1699.79,0
3021-['F' 'S' 'U' 'J' 'W'],Male,0,Yes,Yes,1,Yes,Yes,No,No,No,No,No,No,No,Two year,Yes,Bank transfer (automatic),42.03,32.16,0
6969-['U' 'S' 'E' 'Y' 'K'],Male,0,Yes,Yes,14,Yes,No,DSL,No,No,No,Yes,Yes,Yes,One year,Yes,Electronic check,84.17,1173.72,1
1713-['Q' 'D' 'Z' 'U' 'R'],Female,1,No,No,56,Yes,No,DSL,No,No,No,No,Yes,No,One year,Yes,Electronic check,69.47,3907.63,0
6307-['R' 'A' 'N' 'H' 'B'],Male,0,Yes,Yes,40,Yes,Yes,No,No,No,No,No,No,No,Two year,Yes,Credit card (automatic),43.4,1741.96,0
7734-['B' 'D' 'A' 'S' 'U'],Female,1,No,No,72,Yes,Yes,Fiber optic,Yes,No,No,No,Yes,Yes,Month-to-month,No,Electronic check,113.61,8182.52,1
3857-['A' 'T' 'V' 'O' 'D'],Male,0,Yes,No,13,Yes,No,Fiber optic,Yes,No,No,Yes,Yes,No,Month-to-month,No,Mailed check,94.47,1217.34,1
3737-['M' 'J' 'X' 'H' 'J'],Female,1,No,Yes,7,Yes,Yes,Fiber optic,No,No,No,Yes,Yes,No,Month-to-month,No,Credit card (automatic),98.25,684.82,1
6933-['T' 'V' 'K' 'F' 'U'],Female,0,Yes,No,6,No,No,Fiber optic,No,No,No,Yes,No,Yes,Month-to-month,Yes,Electronic check,71.73,433.85,1
7333-['A' 'S' 'G' 'X' 'R'],Male,0,Yes,No,66,Yes,No,No,No,No,No,No,No,No,Month-to-month,Yes,Credit card (automatic),39.71,2626.35,0
5925-['K' 'E' 'S' 'U' 'X'],Female,0,No,No,25,Yes,Yes,DSL,No,No,No,Yes,No,Yes,Two year,Yes,Electronic check,83.17,2081.5,0
7723-['Y' 'J' 'B' 'H' 'A'],Female,0,Yes,Yes,2,Yes,Yes,DSL,No,Yes,No,No,No,No,Month-to-month,Yes,Bank transfer (automatic),75.5,153.46,1
2002-['J' 'M' 'A' 'B' 'C'],Male,1,No,No,45,Yes,Yes,Fiber optic,No,No,No,No,No,No,One year,Yes,Mailed check,87.1,3900.46,0
8017-['J' 'L' 'R' 'Z' 'U'],Female,0,Yes,Yes,3,Yes,No,DSL,No,Yes,No,No,Yes,Yes,One year,Yes,Credit card (automatic),85.18,266.4,1
6524-['A' 'C' 'E' 'Y' 'Z'],Female,0,No,No,56,No,No,No,No,No,No,No,No,No,One year,Yes,Credit card (automatic),20.27,1122.42,0
1319-['Q' 'H' 'Q' 'I' 'F'],Female,0,No,No,45,Yes,No,Fiber optic,No,Yes,Yes,No,No,Yes,One year,No,Credit card (automatic),93.84,4231.64,1
2767-['U' 'G' 'G' 'O' 'G'],Male,0,No,No,13,Yes,No,Fiber optic,No,No,Yes,Yes,Yes,No,Two year,Yes,Bank transfer (automatic),95.04,1232.74,0
9949-['H' 'I' 'O' 'B' 'G'],Male,0,No,No,2,Yes,Yes,Fiber optic,Yes,No,No,No,No,No,One year,No,Electronic check,87.32,147.74,1
6166-['R' 'V' 'R' 'J' 'V'],Female,0,No,No,12,Yes,No,DSL,No,No,No,No,No,No,Two year,Yes,Credit card (automatic),62.11,737.77,0
6489-['A' 'G' 'C' 'N' 'L'],Male,0,Yes,No,7,Yes,Yes,Fiber optic,No,No,No,No,No,Yes,One year,No,Electronic check,92.44,645.47,1
7957-['D' 'M' 'P' 'P' 'V'],Female,1,Yes,Yes,55,Yes,No,DSL,No,Yes,No,Yes,No,Yes,Two year,No,Electronic check,78.21,4318.3,0
7276-['T' 'Y' 'F' 'F' 'R'],Male,1,Yes,No,1,Yes,Yes,Fiber optic,Yes,No,No,No,Yes,Yes,One year,Yes,Electronic check,108.37,124.07,1
1037-['G' 'X' 'X' 'P' 'I'],Male,0,No,Yes,45,Yes,Yes,No,No,No,No,No,No,No,Month-to-month,No,Bank transfer (automatic),44.69,2020.41,0
1473-['M' 'L' 'S' 'Z' 'W'],Male,0,Yes,Yes,30,Yes,No,Fiber optic,No,Yes,No,No,Yes,Yes,Month-to-month,No,Mailed check,100.04,3008.7,1
8296-['H' 'D' 'U' 'V' 'S'],Female,0,Yes,Yes,34,Yes,No,DSL,Yes,No,No,Yes,Yes,Yes,Two year,No,Credit card (automatic),90.69,3091.85,0
7436-['Q' 'C' 'S' 'A' 'W'],Male,0,Yes,No,61,Yes,No,DSL,Yes,Yes,No,No,Yes,Yes,Month-to-month,Yes,Electronic check,91.47,5586.0,0
4190-['T' 'I' 'W' 'E' 'G'],Female,0,No,Yes,45,Yes,Yes,No,No,No,No,No,No,No,Two year,No,Bank transfer (automatic),42.91,1916.1,0
4577-['F' 'Q' 'V' 'Q' 'M'],Female,1,Yes,No,23,Yes,Yes,Fiber optic,Yes,Yes,Yes,No,No,No,One year,Yes,Electronic check,101.93,2361.95,1
4787-['D' 'H' 'E' 'E' 'M'],Male,0,No,No,64,Yes,No,Fiber optic,No,No,Yes,No,No,Yes,One year,No,Bank transfer (automatic),89.4,5706.11,0
8914-['H' 'H' 'A' 'M' 'E'],Female,0,Yes,No,43,Yes,Yes,Fiber optic,No,Yes,No,Yes,No,Yes,Month-to-month,Yes,Mailed check,105.94,4552.97,1
5852-['H' 'Q' 'W' 'W' 'M'],Male,1,No,No,50,Yes,Yes,DSL,No,No,No,Yes,Yes,No,Month-to-month,No,Credit card (automatic),84.42,4234.5,1
4646-['S' 'T' 'Q' 'G' 'Z'],Female,1,No,No,45,Yes,No,DSL,No,Yes,Yes,Yes,Yes,Yes,One year,Yes,Bank transfer (automatic),90.86,4080.68,0
7658-['S' 'S' 'X' 'I' 'J'],Female,0,Yes,No,32,Yes,No,DSL,No,No,No,No,No,Yes,Month-to-month,Yes,Bank transfer (automatic),69.76,2217.2,1
9313-['O' 'Z' 'A' 'Y' 'F'],Female,0,No,Yes,63,No,No,No,No,No,No,No,No,No,Month-to-month,Yes,Credit card (automatic),21.83,1381.13,0
3749-['O' 'Y' 'F' 'R' 'A'],Male,0,No,No,25,Yes,No,Fiber optic,Yes,No,No,No,Yes,Yes,One year,No,Electronic check,102.59,2571.69,0
4773-['X' 'C' 'Q' 'P' 'H'],Female,0,No,Yes,38,Yes,Yes,No,No,No,No,No,No,No,Month-to-month,No,Credit card (automatic),45.09,1693.39,0
6616-['H' 'Q' 'Y' 'I' 'L'],Male,1,No,No,57,Yes,No,DSL,Yes,Yes,Yes,Yes,No,Yes,One year,Yes,Electronic check,89.65,5097.74,0
9306-['D' 'U' 'V' 'Y' 'K'],Female,0,Yes,Yes,25,Yes,No,Fiber optic,No,No,Yes,Yes,No,Yes,Two year,Yes,Electronic check,96.67,2422.34,0
5923-['D' 'N' 'N' 'F' 'Q'],Female,1,No,No,66,Yes,Yes,DSL,Yes,No,No,No,Yes,Yes,Month-to-month,No,Credit card (automatic),95.72,6301.06,0
9001-['H' 'D' 'J' 'G' 'D'],Female,1,No,Yes,72,Yes,No,DSL,No,Yes,Yes,No,No,Yes,Month-to-month,Yes,Mailed check,80.42,5794.7,1
2549-['P' 'Y' 'I' 'D' 'X'],Female,0,Yes,Yes,56,No,No,Fiber optic,Yes,Yes,No,No,Yes,Yes,Month-to-month,Yes,Electronic check,90.14,5028.1,1
7661-['A' 'G' 'A' 'S' 'H'],Male,0,No,No,69,Yes,No,Fiber optic,No,No,No,No,No,Yes,Month-to-month,No,Electronic check,81.53,5637.43,1
1064-['A' 'G' 'U' 'M' 'A'],Female,0,No,No,72,No,No,No,No,No,No,No,No,No,Month-to-month,No,Electronic check,19.83,1443.26,1
7063-['V' 'V' 'N' 'D' 'W'],Female,0,Yes,No,7,Yes,No,DSL,No,No,No,No,No,Yes,Month-to-month,No,Mailed check,70.95,487.69,1
7582-['L' 'Y' 'L' 'Q' 'U'],Female,1,Yes,Yes,33,Yes,No,No,No,No,No,No,No,No,Two year,Yes,Electronic check,35.43,1157.13,0
2486-['J' 'C' 'W' 'T' 'T'],Female,1,No,Yes,68,Yes,Yes,Fiber optic,No,Yes,No,No,Yes,Yes,Two year,No,Electronic check,111.79,7614.05,0
9284-['L' 'A' 'A' 'J' 'R'],Male,0,No,No,9,Yes,No,Fiber optic,Yes,No,Yes,No,No,Yes,Two year,No,Credit card (automatic),96.11,857.85,0
6441-['Q' 'H' 'V' 'V' 'Z'],Female,0,Yes,No,21,Yes,No,Fiber optic,No,No,Yes,No,No,Yes,Two year,No,Mailed check,86.26,1804.93,0
6849-['I' 'U' 'T' 'K' 'F'],Male,0,No,No,11,Yes,No,DSL,Yes,Yes,Yes,No,No,Yes,One year,No,Electronic check,80.0,878.48,1
4597-['A' 'G' 'X' 'I' 'K'],Female,0,No,No,28,Yes,Yes,DSL,Yes,Yes,No,Yes,No,Yes,Two year,Yes,Electronic check,94.98,2655.77,1
3774-['P' 'S' 'B' 'O' 'C'],Male,0,Yes,Yes,30,Yes,No,Fiber optic,No,No,Yes,Yes,Yes,No,Month-to-month,No,Bank transfer (automatic),97.09,2908.58,0
2523-['V' 'G' 'L' 'D' 'J'],Male,0,No,No,5,Yes,Yes,DSL,Yes,No,No,Yes,No,No,Two year,Yes,Credit card (automatic),80.39,406.33,0
4845-['Y' 'V' 'N' 'C' 'Q'],Female,0,Yes,No,6,Yes,Yes,Fiber optic,Yes,No,No,No,Yes,No,Two year,No,Mailed check,101.39,607.77,1
5297-['Z' 'U' 'J' 'J' 'C'],Male,0,No,No,12,Yes,No,No,No,No,No,No,No,No,Month-to-month,Yes,Credit card (automatic),36.23,436.02,0
4959-['Z' 'O' 'Q' 'R' 'S'],Female,0,Yes,No,62,Yes,Yes,No,No,No,No,No,No,No,Two year,Yes,Credit card (automatic),47.54,2963.1,0
4927-['E' 'X' 'P' 'O' 'O'],Female,0,Yes,Yes,23,Yes,No,No,No,No,No,No,No,No,Month-to-month,No,Mailed check,34.68,811.22,0
8141-['L' 'B' 'T' 'I' 'D'],Male,0,No,No,18,Yes,No,Fiber optic,No,Yes,Yes,No,Yes,Yes,One year,No,Credit card (automatic),105.92,1899.86,1
6892-['U' 'Z' 'H' 'V' 'J'],Female,0,Yes,No,68,Yes,Yes,Fiber optic,No,No,No,No,Yes,No,Two year,No,Electronic check,95.06,6464.72,0
2941-['N' 'E' 'P' 'O' 'E'],Female,1,No,No,21,Yes,No,Fiber optic,Yes,No,Yes,No,No,No,Two year,Yes,Bank transfer (automatic),87.42,1826.16,0
2558-['J' 'E' 'W' 'O' 'R'],Male,1,No,Yes,59,No,No,DSL,No,Yes,Yes,No,Yes,No,One year,No,Mailed check,67.08,3955.88,0
6656-['H' 'U' 'B' 'V' 'H'],Female,0,Yes,Yes,21,Yes,No,DSL,No,Yes,No,No,No,Yes,Month-to-month,No,Electronic check,78.99,1652.7,1
2878-['H' 'D' 'S' 'W' 'R'],Female,0,Yes,No,16,Yes,No,DSL,Yes,Yes,Yes,No,No,Yes,Month-to-month,No,Credit card (automatic),82.62,1332.8,1
6852-['W' 'A' 'T' 'O' 'R'],Male,0,Yes,No,46,Yes,No,DSL,No,Yes,No,No,No,Yes,Two year,No,Bank transfer (automatic),75.11,3446.67,0
9107-['A' 'G' 'S' 'A' 'X'],Male,0,Yes,No,6,No,No,Fiber optic,No,No,No,No,No,No,One year,No,Mailed check,60.03,358.8,1
9417-['G' 'S' 'M' 'Y' 'X'],Female,0,No,Yes,16,Yes,No,No,No,No,No,No,No,No,Month-to-month,No,Bank transfer (automatic),32.74,521.5,0
2234-['A' 'A' 'R' 'X' 'A'],Female,0,No,No,61,Yes,Yes,No,No,No,No,No,No,No,Two year,Yes,Mailed check,42.93,2603.09,0
2695-['E' 'I' 'L' 'I' 'R'],Male,0,No,No,62,Yes,No,No,No,No,No,No,No,No,Month-to-month,Yes,Bank transfer (automatic),36.58,2264.64,0
5234-['A' 'S' 'V' 'Y' 'J'],Female,0,No,Yes,6,Yes,No,DSL,Yes,Yes,Yes,No,Yes,Yes,Two year,No,Electronic check,92.77,556.88,1
9734-['T' 'B' 'S' 'F' 'J'],Male,1,Yes,No,28,Yes,Yes,DSL,No,No,Yes,No,Yes,Yes,Month-to-month,No,Mailed check,94.43,2647.71,1
6736-['H' 'Z' 'K' 'I' 'T'],Female,1,Yes,No,71,Yes,No,Fiber optic,Yes,No,No,Yes,Yes,No,Two year,Yes,Electronic check,95.95,6821.31,1
3555-['T' 'I' 'H' 'O' 'B'],Male,1,Yes,No,3,Yes,Yes,DSL,Yes,Yes,Yes,No,Yes,Yes,Two year,No,Credit card (automatic),106.39,322.26,0
8127-['A' 'I' 'I' 'M' 'H'],Female,1,Yes,Yes,15,Yes,Yes,No,No,No,No,No,No,No,Month-to-month,Yes,Mailed check,44.02,655.71,0
2242-['U' 'E' 'C' 'U' 'D'],Female,0,Yes,No,58,No,No,Fiber optic,No,No,No,No,Yes,Yes,Month-to-month,Yes,Mailed check,81.31,4728.56,0
8160-['Z' 'T' 'C' 'F' 'A'],Male,0,Yes,No,40,Yes,No,No,No,No,No,No,No,No,One year,No,Credit card (automatic),39.18,1568.74,1
1788-['P' 'O' 'G' 'B' 'J'],Female,0,No,No,59,Yes,No,DSL,No,No,No,No,No,No,Two year,No,Credit card (automatic),61.78,3656.04,0
7264-['O' 'F' 'B' 'X' 'X'],Male,0,Yes,No,68,Yes,No,Fiber optic,No,No,No,No,Yes,No,Month-to-month,Yes,Bank transfer (automatic),84.72,5752.79,0
9752-['A' 'A' 'D' 'T' 'P'],Male,0,No,Yes,57,Yes,Yes,Fiber optic,No,No,No,No,No,Yes,Month-to-month,Yes,Bank transfer (automatic),96.1,5500.2,0
6959-['A' 'Z' 'S' 'K' 'Q'],Male,1,Yes,No,39,Yes,Yes,DSL,Yes,Yes,No,Yes,No,No,Month-to-month,No,Credit card (automatic),84.91,3319.52,0
3758-['L' 'O' 'H' 'Q' 'E'],Female,0,Yes,Yes,57,Yes,Yes,Fiber optic,No,No,No,Yes,Yes,Yes,Month-to-month,Yes,Credit card (automatic),113.09,6444.13,0
3829-['B' 'P' 'Q' 'C' 'W'],Female,0,Yes,No,60,Yes,No,Fiber optic,No,No,No,Yes,Yes,Yes,Month-to-month,Yes,Credit card (automatic),99.98,6009.56,0
7458-['R' 'R' 'D' 'O' 'S'],Male,0,Yes,No,44,No,No,Fiber optic,No,Yes,Yes,No,No,Yes,Month-to-month,Yes,Electronic check,76.52,3363.46,1
3802-['J' 'E' 'S' 'K' 'G'],Male,0,Yes,No,47,Yes,Yes,Fiber optic,No,Yes,Yes,No,No,No,Month-to-month,No,Bank transfer (automatic),94.94,4469.67,1
7724-['T' 'L' 'S' 'O' 'L'],Male,0,Yes,Yes,10,Yes,Yes,Fiber optic,Yes,Yes,Yes,Yes,Yes,No,Two year,No,Credit card (automatic),113.43,1149.1,0
2149-['L' 'R' 'Q' 'S' 'P'],Female,1,Yes,Yes,55,Yes,No,Fiber optic,No,Yes,Yes,No,Yes,Yes,Two year,No,Electronic check,106.54,5852.33,0
1751-['A' 'Q' 'R' 'Y' 'M'],Male,0,Yes,Yes,22,Yes,No,DSL,No,Yes,Yes,No,No,No,Month-to-month,No,Mailed check,70.47,1526.5,1
2540-['Y' 'X' 'F' 'A' 'J'],Male,0,No,No,32,Yes,Yes,No,No,No,No,No,No,No,Two year,No,Credit card (automatic),45.41,1445.58,0
6796-['A' 'W' 'Z' 'K' 'X'],Female,0,Yes,No,51,No,No,DSL,No,No,No,No,Yes,No,Month-to-month,Yes,Mailed check,55.41,2847.95,0
2649-['U' 'T' 'U' 'J' 'Y'],Male,1,No,No,27,Yes,Yes,DSL,No,No,No,No,No,Yes,One year,No,Electronic check,80.76,2200.54,1
3478-['D' 'P' 'O' 'O' 'L'],Female,0,No,No,3,Yes,No,DSL,Yes,No,No,No,No,Yes,Month-to-month,Yes,Bank transfer (automatic),74.96,225.99,1
9433-['F' 'E' 'B' 'L' 'Z'],Male,1,No,No,50,Yes,Yes,No,No,No,No,No,No,No,Month-to-month,Yes,Credit card (automatic),45.64,2278.16,0
3256-['P' 'I' 'Z' 'A' 'O'],Male,1,No,No,9,Yes,No,DSL,No,No,No,No,Yes,Yes,Month-to-month,Yes,Electronic check,77.16,702.56,1
3827-['E' 'W' 'X' 'R' 'T'],Male,0,No,No,51,Yes,No,DSL,No,No,No,No,No,Yes,Two year,No,Electronic check,68.95,3518.04,0
4521-['D' 'O' 'F' 'V' 'L'],Female,1,Yes,No,71,Yes,No,Fiber optic,No,No,No,Yes,No,No,Month-to-month,Yes,Bank transfer (automatic),83.86,5955.58,0
2212-['R' 'T' 'D' 'A' 'O'],Female,1,Yes,Yes,8,Yes,Yes,No,No,No,No,No,No,No,Month-to-month,Yes,Bank transfer (automatic),43.65,344.08,1
1061-['R' 'N' 'C' 'O' 'E'],Female,0,No,No,17,Yes,No,Fiber optic,No,No,No,Yes,Yes,Yes,Month-to-month,No,Bank transfer (automatic),98.5,1685.42,1
6242-['X' 'V' 'C' 'V' 'G'],Male,0,Yes,No,65,Yes,No,DSL,Yes,No,No,No,Yes,Yes,Month-to-month,Yes,Mailed check,83.57,5443.43,0
4269-['Z' 'V' 'A' 'S' 'G'],Male,1,No,No,39,Yes,Yes,Fiber optic,Yes,No,No,No,No,No,Month-to-month,No,Credit card (automatic),89.6,3481.06,1
4403-['T' 'W' 'Y' 'R' 'I'],Male,0,No,Yes,65,Yes,No,DSL,Yes,No,Yes,Yes,Yes,No,Two year,Yes,Bank transfer (automatic),83.48,5418.46,0
4194-['O' 'V' 'H' 'O' 'O'],Male,1,No,No,21,Yes,No,No,No,No,No,No,No,No,Month-to-month,Yes,Mailed check,35.98,770.9,0
6350-['V' 'R' 'P' 'B' 'D'],Female,0,Yes,No,33,Yes,Yes,No,No,No,No,No,No,No,Month-to-month,Yes,Mailed check,42.76,1400.7,0
3959-['C' 'X' 'W' 'B' 'C'],Male,0,Yes,No,47,No,No,DSL,Yes,No,Yes,Yes,No,No,One year,No,Credit card (automatic),57.21,2677.44,1
4097-['Y' 'E' 'B' 'S' 'X'],Male,0,Yes,No,15,Yes,Yes,Fiber optic,No,No,No,No,No,Yes,One year,Yes,Credit card (automatic),92.91,1398.01,1
1723-['B' 'B' 'V' 'X' 'W'],Female,0,No,No,48,Yes,Yes,Fiber optic,Yes,Yes,Yes,No,Yes,No,Month-to-month,No,Credit card (automatic),113.25,5440.16,0
2299-['R' 'Y' 'T' 'Y' 'U'],Male,1,No,No,62,No,No,No,No,No,No,No,No,No,Month-to-month,Yes,Bank transfer (automatic),21.19,1315.59,0
4051-['K' 'K' 'G' 'L' 'P'],Female,0,Yes,No,39,Yes,No,No,No,No,No,No,No,No,Month-to-month,No,Electronic check,36.57,1438.42,0
3372-['B' 'V' 'P' 'W' 'O'],Male,0,Yes,No,55,No,No,No,No,No,No,No,No,No,Month-to-month,Yes,Bank transfer (automatic),24.79,1362.05,1
8082-['F' 'M' 'S' 'J' 'X'],Female,0,Yes,No,47,Yes,No,Fiber optic,No,No,No,Yes,No,Yes,Month-to-month,Yes,Bank transfer (automatic),90.19,4233.52,1
1370-['E' 'Y' 'U' 'G' 'K'],Male,0,No,Yes,36,Yes,Yes,Fiber optic,No,Yes,No,No,No,Yes,Month-to-month,Yes,Electronic check,102.19,3678.76,1
8028-['P' 'R' 'U' 'W' 'W'],Female,0,Yes,No,11,Yes,Yes,DSL,No,Yes,No,No,Yes,No,Month-to-month,No,Electronic check,87.25,973.51,1
5021-['O' 'N' 'S' 'E' 'D'],Female,0,Yes,Yes,31,No,No,No,No,No,No,No,No,No,Month-to-month,No,Electronic check,20.24,606.73,1
2004-['R' 'L' 'W' 'U' 'O'],Male,0,Yes,Yes,22,Yes,Yes,No,No,No,No,No,No,No,Two year,Yes,Mailed check,45.05,998.52,0
5637-['W' 'I' 'D' 'E' 'I'],Male,0,Yes,Yes,71,Yes,No,Fiber optic,No,No,No,Yes,Yes,Yes,Month-to-month,Yes,Mailed check,102.81,7308.11,1
3732-['J' 'P' 'M' 'D' 'U'],Female,0,No,No,20,No,No,Fiber optic,No,Yes,No,No,No,No,Month-to-month,No,Electronic check,66.88,1353.95,1
1684-['U' 'H' 'M' 'O' 'T'],Female,0,Yes,No,11,Yes,No,No,No,No,No,No,No,No,Month-to-month,Yes,Bank transfer (automatic),35.77,397.97,1
5691-['M' 'W' 'E' 'V' 'V'],Male,0,No,Yes,48,Yes,No,No,No,No,No,No,No,No,Two year,No,Bank transfer (automatic),34.58,1664.82,0
6919-['F' 'Z' 'E' 'M' 'E'],Female,0,Yes,No,46,Yes,No,DSL,No,No,No,No,No,Yes,Month-to-month,Yes,Credit card (automatic),68.86,3163.6,1
8902-['T' 'W' 'H' 'I' 'U'],Male,0,No,No,61,Yes,Yes,Fiber optic,No,Yes,No,Yes,No,Yes,Month-to-month,No,Credit card (automatic),103.96,6336.82,0
2918-['T' 'O' 'Z' 'V' 'J'],Male,0,No,No,37,Yes,No,Fiber optic,No,No,No,No,Yes,No,One year,No,Bank transfer (automatic),79.67,2939.11,1
1394-['E' 'I' 'K' 'S' 'B'],Male,0,Yes,Yes,25,Yes,No,DSL,Yes,Yes,No,Yes,No,Yes,Month-to-month,No,Bank transfer (automatic),83.76,2108.16,1
9741-['W' 'U' 'A' 'C' 'C'],Male,0,Yes,Yes,39,Yes,Yes,DSL,Yes,No,No,No,No,No,One year,Yes,Electronic check,76.15,2985.98,1
7811-['N' 'T' 'Z' 'V' 'E'],Male,0,Yes,No,15,Yes,No,DSL,No,Yes,Yes,Yes,Yes,No,One year,Yes,Electronic check,83.79,1249.44,1
5464-['O' 'F' 'N' 'N' 'Y'],Male,0,Yes,No,18,No,No,DSL,No,Yes,No,Yes,No,No,Month-to-month,Yes,Credit card (automatic),54.01,978.51,0
2466-['Q' 'H' 'H' 'S' 'I'],Female,0,No,Yes,49,No,No,DSL,No,Yes,Yes,Yes,Yes,No,Month-to-month,No,Credit card (automatic),70.81,3476.93,0
5426-['M' 'M' 'X' 'S' 'Z'],Male,0,No,Yes,55,Yes,No,No,No,No,No,No,No,No,One year,No,Electronic check,33.5,1849.59,0
7322-['E' 'P' 'I' 'T' 'V'],Female,0,Yes,Yes,28,Yes,No,No,No,No,No,No,No,No,Month-to-month,No,Bank transfer (automatic),35.38,991.16,1
7386-['E' 'H' 'N' 'X' 'C'],Male,0,No,No,37,Yes,Yes,DSL,No,No,Yes,No,Yes,Yes,One year,Yes,Bank transfer (automatic),95.34,3538.33,1
2292-['K' 'H' 'S' 'J' 'Z'],Male,1,Yes,Yes,60,Yes,No,DSL,Yes,Yes,No,Yes,No,Yes,Two year,Yes,Electronic check,86.02,5151.21,0
2017-['R' 'Y' 'G' 'P' 'F'],Male,0,Yes,No,35,Yes,No,Fiber optic,No,Yes,Yes,No,No,No,One year,No,Bank transfer (automatic),82.15,2873.8,0
9239-['P' 'W' 'X' 'A' 'X'],Female,0,No,No,9,Yes,Yes,Fiber optic,Yes,Yes,Yes,No,No,Yes,Month-to-month,No,Bank transfer (automatic),109.54,994.68,1
5722-['C' 'F' 'D' 'D' 'D'],Male,1,No,No,46,Yes,No,DSL,Yes,No,No,No,Yes,Yes,Month-to-month,Yes,Electronic check,83.16,3823.5,0
3089-['I' 'H' 'S' 'Q' 'Q'],Male,0,Yes,No,43,Yes,No,No,No,No,No,No,No,No,Month-to-month,Yes,Credit card (automatic),31.47,1363.01,0
4680-['T' 'N' 'V' 'T' 'K'],Male,0,Yes,Yes,61,Yes,No,DSL,No,Yes,No,Yes,No,Yes,Month-to-month,No,Credit card (automatic),77.24,4704.4,0
8383-['H' 'V' 'Y' 'J' 'Q'],Male,0,No,No,6,Yes,Yes,DSL,No,No,Yes,No,Yes,No,Month-to-month,Yes,Credit card (automatic),83.74,492.07,0
2436-['H' 'V' 'A' 'T' 'U'],Female,0,No,No,68,Yes,No,Fiber optic,No,No,No,No,Yes,No,Month-to-month,Yes,Electronic check,84.35,5746.26,1
5552-['L' 'V' 'Z' 'I' 'T'],Female,0,No,Yes,18,Yes,Yes,DSL,No,No,Yes,Yes,Yes,Yes,One year,No,Electronic check,99.44,1776.63,0
7327-['C' 'D' 'J' 'D' 'V'],Male,0,Yes,Yes,32,Yes,No,DSL,Yes,No,Yes,No,No,No,Two year,No,Mailed check,69.65,2224.03,0
3046-['I' 'V' 'A' 'E' 'I'],Male,0,No,Yes,23,Yes,No,No,No,No,No,No,No,No,Two year,Yes,Bank transfer (automatic),31.72,750.41,0
1722-['H' 'J' 'K' 'M' 'T'],Female,1,Yes,No,22,Yes,Yes,Fiber optic,No,No,No,No,Yes,No,Month-to-month,No,Electronic check,95.23,2091.39,1
5835-['K' 'L' 'E' 'J' 'Y'],Male,0,No,Yes,52,Yes,Yes,No,No,No,No,No,No,No,Month-to-month,Yes,Mailed check,45.91,2394.26,0
3780-['X' 'G' 'U' 'I' 'I'],Female,0,Yes,No,20,Yes,No,DSL,Yes,Yes,No,Yes,No,Yes,Month-to-month,No,Electronic check,87.38,1736.14,0
1425-['J' 'B' 'D' 'H' 'N'],Female,0,Yes,No,36,Yes,No,No,No,No,No,No,No,No,Month-to-month,Yes,Mailed check,34.2,1223.37,0
3124-['U' 'X' 'R' 'R' 'M'],Female,1,No,No,48,No,No,No,No,No,No,No,No,No,Month-to-month,No,Credit card (automatic),21.45,1001.87,1
6567-['H' 'Z' 'L' 'Y' 'W'],Female,1,No,Yes,24,Yes,Yes,Fiber optic,No,No,No,No,Yes,No,One year,Yes,Mailed check,94.4,2272.86,1
3039-['U' 'A' 'T' 'R' 'C'],Female,0,Yes,No,38,Yes,Yes,Fiber optic,No,Yes,No,Yes,Yes,No,Month-to-month,No,Bank transfer (automatic),108.14,4117.6,1
9172-['J' 'O' 'T' 'B' 'S'],Female,0,No,Yes,29,Yes,No,Fiber optic,No,Yes,No,Yes,No,No,One year,Yes,Electronic check,83.33,2425.46,0
5077-['G' 'H' 'K' 'V' 'T'],Female,0,No,Yes,42,Yes,Yes,Fiber optic,No,No,No,No,No,No,Two year,Yes,Electronic check,88.3,3711.73,0
2989-['K' 'Q' 'J' 'X' 'Q'],Male,0,Yes,No,53,Yes,No,DSL,Yes,Yes,Yes,No,No,Yes,Month-to-month,Yes,Credit card (automatic),85.96,4564.82,0
6150-['U' 'B' 'F' 'Y' 'E'],Female,0,Yes,No,31,Yes,Yes,No,No,No,No,No,No,No,Two year,No,Credit card (automatic),44.99,1374.98,1
6885-['B' 'L' 'C' 'F' 'X'],Male,1,Yes,No,48,No,No,No,No,No,No,No,No,No,Two year,Yes,Electronic check,21.01,995.5,0
2785-['N' 'C' 'P' 'O' 'G'],Male,0,Yes,No,1,Yes,No,Fiber optic,No,No,No,Yes,No,Yes,Month-to-month,No,Mailed check,90.59,73.7,0
8660-['F' 'O' 'Q' 'D' 'V'],Male,0,No,No,46,Yes,No,No,No,No,No,No,No,No,One year,Yes,Electronic check,33.19,1520.94,0
9491-['S' 'V' 'J' 'F' 'Y'],Female,0,No,No,22,Yes,Yes,Fiber optic,No,No,Yes,Yes,Yes,No,One year,No,Mailed check,105.27,2315.23,1
5323-['I' 'O' 'M' 'T' 'H'],Female,0,No,No,5,Yes,Yes,DSL,Yes,No,No,Yes,No,Yes,Month-to-month,No,Bank transfer (automatic),92.21,453.36,0
1569-['S' 'S' 'Y' 'P' 'K'],Female,0,No,No,40,Yes,Yes,Fiber optic,No,Yes,Yes,No,No,No,Month-to-month,Yes,Mailed check,97.34,3897.76,1
5000-['J' 'R' 'C' 'K' 'R'],Male,0,No,Yes,41,Yes,No,DSL,Yes,No,No,No,No,Yes,Month-to-month,Yes,Electronic check,77.73,3188.51,1
1514-['H' 'N' 'F' 'O' 'N'],Male,0,Yes,No,52,Yes,Yes,DSL,No,Yes,No,Yes,Yes,Yes,Month-to-month,Yes,Bank transfer (automatic),98.45,5101.98,0
1414-['J' 'V' 'Q' 'S' 'Q'],Male,0,No,No,71,No,No,Fiber optic,Yes,No,No,Yes,No,No,Month-to-month,Yes,Electronic check,67.08,4749.16,0
6611-['O' 'Z' 'L' 'Y' 'I'],Male,0,No,No,38,Yes,Yes,No,No,No,No,No,No,No,One year,Yes,Credit card (automatic),46.35,1770.22,0
9260-['D' 'L' 'P' 'I' 'Y'],Female,0,Yes,No,9,No,No,No,No,No,No,No,No,No,Two year,Yes,Bank transfer (automatic),20.74,188.63,0
9898-['Z' 'R' 'Q' 'J' 'B'],Male,0,No,No,49,Yes,Yes,Fiber optic,No,No,Yes,Yes,Yes,Yes,Month-to-month,Yes,Bank transfer (automatic),117.54,5751.13,1
9535-['K' 'X' 'C' 'W' 'W'],Female,0,Yes,No,7,Yes,Yes,No,No,No,No,No,No,No,Two year,No,Mailed check,45.72,311.44,0
2345-['S' 'B' 'O' 'X' 'U'],Male,0,No,No,0,Yes,Yes,DSL,No,No,No,Yes,No,No,One year,No,Credit card (automatic),74.27,0.0,1
1930-['E' 'K' 'X' 'G' 'F'],Female,0,No,No,71,Yes,No,Fiber optic,No,No,Yes,No,No,No,Month-to-month,Yes,Bank transfer (automatic),81.21,5774.94,1
4360-['Z' 'Q' 'Q' 'N' 'J'],Male,0,No,No,68,Yes,No,No,No,No,No,No,No,No,Month-to-month,No,Bank transfer (automatic),36.85,2500.79,0
6469-['H' 'H' 'N' 'G' 'F'],Female,0,Yes,No,0,Yes,No,Fiber optic,No,No,No,Yes,No,No,One year,Yes,Bank transfer (automatic),78.57,0.0,0
5992-['O' 'Y' 'O' 'A' 'T'],Male,0,No,No,66,Yes,Yes,Fiber optic,Yes,Yes,No,Yes,Yes,No,One year,Yes,Electronic check,113.56,7508.18,0
7818-['W' 'E' 'E' 'D' 'Q'],Female,0,No,No,26,Yes,Yes,DSL,Yes,Yes,Yes,No,No,Yes,One year,Yes,Bank transfer (automatic),97.49,2527.3,0
7451-['N' 'Z' 'H' 'B' 'H'],Female,0,No,No,60,Yes,No,DSL,No,No,No,Yes,Yes,Yes,One year,Yes,Mailed check,85.86,5155.27,1
5864-['D' 'S' 'E' 'E' 'U'],Female,0,Yes,No,47,Yes,No,DSL,Yes,Yes,No,No,No,No,Month-to-month,Yes,Mailed check,70.42,3313.61,1
9315-['T' 'X' 'S' 'L' 'T'],Male,0,No,No,22,Yes,No,Fiber optic,No,No,Yes,Yes,No,No,Two year,No,Mailed check,85.22,1885.48,0
5224-['G' 'Q' 'B' 'K' 'G'],Female,0,Yes,No,43,Yes,No,Fiber optic,No,Yes,Yes,Yes,Yes,No,Month-to-month,Yes,Credit card (automatic),95.57,4106.34,1
2210-['C' 'V' 'F' 'V' 'K'],Female,0,No,No,39,Yes,No,Fiber optic,Yes,No,Yes,No,Yes,Yes,Month-to-month,Yes,Credit card (automatic),106.84,4177.01,1
9689-['R' 'V' 'J' 'E' 'W'],Female,0,No,No,10,Yes,No,Fiber optic,Yes,Yes,No,No,Yes,No,Month-to-month,Yes,Credit card (automatic),97.67,984.18,1
9182-['U' 'X' 'Z' 'V' 'O'],Female,0,No,No,10,Yes,No,DSL,No,Yes,Yes,No,Yes,Yes,Month-to-month,Yes,Credit card (automatic),91.45,919.5,1
4859-['W' 'D' 'U' 'U' 'A'],Female,1,No,No,30,Yes,Yes,Fiber optic,Yes,No,Yes,No,Yes,No,One year,No,Electronic check,105.17,3168.71,1
4600-['S' 'N' 'S' 'R' 'B'],Male,0,No,Yes,59,Yes,No,Fiber optic,No,No,Yes,Yes,Yes,Yes,Month-to-month,No,Electronic check,105.13,6198.65,0
6748-['V' 'E' 'G' 'A' 'M'],Female,0,No,No,54,Yes,Yes,No,No,No,No,No,No,No,Month-to-month,Yes,Electronic check,42.66,2285.68,0
7066-['V' 'A' 'M' 'K' 'G'],Male,0,No,No,23,Yes,Yes,DSL,No,No,No,No,No,Yes,Month-to-month,Yes,Credit card (automatic),77.86,1788.48,1
9066-['Z' 'Y' 'A' 'H' 'Q'],Female,0,Yes,Yes,61,Yes,No,DSL,Yes,No,Yes,No,No,Yes,Month-to-month,No,Mailed check,78.18,4769.93,1
5780-['N' 'E' 'Z' 'X' 'V'],Male,0,No,Yes,18,Yes,No,No,No,No,No,No,No,No,One year,Yes,Bank transfer (automatic),36.19,634.38,0
7359-['F' 'V' 'F' 'U' 'H'],Male,0,Yes,Yes,39,Yes,No,Fiber optic,No,No,No,Yes,Yes,No,Month-to-month,Yes,Bank transfer (automatic),88.32,3443.6,1
2566-['D' 'Q' 'E' 'C' 'D'],Male,0,No,No,16,Yes,Yes,DSL,No,No,No,No,Yes,Yes,One year,Yes,Credit card (automatic),88.15,1408.48,1
9109-['O' 'T' 'Q' 'F' 'J'],Male,0,Yes,Yes,49,Yes,No,DSL,Yes,No,Yes,Yes,No,No,Month-to-month,No,Electronic check,75.35,3694.26,0
7005-['W' 'P' 'Q' 'N' 'T'],Male,0,Yes,Yes,11,Yes,No,No,No,No,No,No,No,No,One year,Yes,Electronic check,35.94,403.24,1
4883-['I' 'O' 'L' 'N' 'Z'],Male,0,No,No,14,Yes,Yes,Fiber optic,No,Yes,Yes,No,No,No,Month-to-month,Yes,Bank transfer (automatic),98.0,1364.41,1
1305-['T' 'F' 'D' 'Z' 'W'],Female,0,No,No,38,Yes,No,DSL,No,Yes,Yes,Yes,Yes,No,Month-to-month,Yes,Electronic check,83.11,3158.83,1
8595-['M' 'S' 'V' 'M' 'L'],Female,0,Yes,No,12,Yes,No,DSL,Yes,No,Yes,No,No,No,Two year,No,Credit card (automatic),71.4,848.28,0
9258-['C' 'N' 'R' 'S' 'J'],Female,0,Yes,Yes,18,Yes,No,DSL,Yes,Yes,Yes,No,No,Yes,Month-to-month,Yes,Mailed check,84.59,1529.21,1
4120-['O' 'S' 'I' 'D' 'O'],Female,0,Yes,No,72,Yes,Yes,Fiber optic,No,No,Yes,No,Yes,Yes,Two year,Yes,Electronic check,108.17,7808.17,0
1178-['P' 'H' 'Q' 'U' 'A'],Male,0,No,Yes,56,Yes,Yes,Fiber optic,Yes,No,Yes,No,Yes,No,Month-to-month,No,Credit card (automatic),107.4,6008.33,0
9350-['R' 'L' 'P' 'A' 'O'],Male,1,Yes,Yes,59,Yes,Yes,DSL,No,No,No,No,No,No,Month-to-month,Yes,Bank transfer (automatic),71.59,4222.96,1
2542-['Q' 'C' 'K' 'F' 'F'],Male,0,No,No,55,Yes,No,DSL,No,No,Yes,No,No,No,Two year,No,Electronic check,65.67,3612.19,0
6902-['G' 'K' 'Q' 'W' 'R'],Female,0,Yes,No,24,Yes,No,Fiber optic,No,Yes,Yes,No,Yes,Yes,One year,No,Bank transfer (automatic),103.15,2471.51,1
8740-['X' 'U' 'Z' 'S' 'H'],Female,0,No,No,3,No,No,DSL,No,No,No,No,Yes,Yes,Month-to-month,No,Electronic check,66.12,209.6,1
3391-['T' 'H' 'U' 'K' 'U'],Male,0,No,No,51,Yes,No,DSL,Yes,No,No,No,No,No,One year,Yes,Mailed check,67.7,3439.2,1
9066-['W' 'N' 'I' 'Y' 'A'],Female,0,Yes,No,6,Yes,No,Fiber optic,No,No,Yes,Yes,No,Yes,Two year,Yes,Bank transfer (automatic),89.93,530.82,0
6419-['K' 'U' 'A' 'T' 'L'],Male,0,Yes,No,67,Yes,No,Fiber optic,Yes,No,No,Yes,No,Yes,Two year,Yes,Mailed check,95.09,6363.23,0
5496-['O' 'B' 'R' 'P' 'D'],Male,0,No,Yes,69,Yes,Yes,DSL,Yes,Yes,No,No,No,No,Two year,Yes,Credit card (automatic),78.95,5457.72,0
3413-['Y' 'O' 'I' 'B' 'Q'],Female,0,No,No,44,Yes,No,Fiber optic,No,No,No,Yes,No,No,Two year,No,Electronic check,79.13,3459.0,0
7969-['J' 'I' 'B' 'X' 'S'],Male,1,No,Yes,8,Yes,No,DSL,No,Yes,No,No,No,Yes,Month-to-month,Yes,Mailed check,76.33,612.9,1
4178-['Q' 'J' 'R' 'W' 'F'],Female,0,Yes,No,8,Yes,No,Fiber optic,No,No,Yes,No,No,No,One year,Yes,Electronic check,82.78,654.87,1
3671-['R' 'T' 'R' 'A' 'C'],Female,0,Yes,No,2,Yes,No,Fiber optic,Yes,Yes,No,No,Yes,Yes,Month-to-month,No,Credit card (automatic),103.79,209.81,1
1206-['T' 'J' 'U' 'E' 'O'],Female,0,Yes,No,62,No,No,Fiber optic,Yes,No,No,Yes,Yes,No,Two year,No,Electronic check,81.0,5017.45,0
7861-['O' 'J' 'X' 'I' 'L'],Female,0,Yes,No,1,Yes,Yes,Fiber optic,No,No,Yes,No,No,No,Month-to-month,Yes,Electronic check,87.07,83.74,1
6926-['E' 'Y' 'X' 'J' 'Y'],Male,0,Yes,No,30,No,No,DSL,Yes,Yes,No,No,No,No,One year,Yes,Mailed check,57.29,1709.85,0
9793-['H' 'V' 'T' 'Y' 'P'],Male,1,No,Yes,37,Yes,Yes,DSL,No,Yes,Yes,Yes,Yes,No,Month-to-month,Yes,Electronic check,93.9,3462.93,0
7639-['J' 'I' 'Z' 'C' 'S'],Male,0,No,Yes,6,Yes,No,Fiber optic,Yes,Yes,Yes,Yes,No,Yes,Two year,No,Credit card (automatic),106.37,648.34,0
3666-['F' 'F' 'O' 'O' 'M'],Male,0,No,No,9,Yes,No,DSL,No,Yes,No,Yes,No,Yes,Month-to-month,No,Electronic check,80.25,703.87,1
7196-['B' 'W' 'L' 'T' 'N'],Female,0,Yes,No,58,Yes,No,DSL,No,Yes,No,No,No,Yes,Month-to-month,No,Bank transfer (automatic),75.46,4376.27,1
1658-['X' 'T' 'O' 'T' 'X'],Female,0,Yes,No,0,Yes,No,DSL,Yes,Yes,No,No,Yes,Yes,Month-to-month,Yes,Bank transfer (automatic),89.21,0.0,1
6776-['Y' 'N' 'W' 'R' 'V'],Male,0,Yes,No,36,Yes,No,No,No,No,No,No,No,No,One year,Yes,Mailed check,38.57,1385.58,1
8735-['E' 'V' 'L' 'J' 'H'],Female,0,No,No,24,Yes,No,Fiber optic,No,No,No,No,Yes,Yes,Two year,No,Electronic check,97.43,2333.38,0
2404-['F' 'Y' 'O' 'L' 'Y'],Female,0,No,No,65,Yes,Yes,No,No,No,No,No,No,No,Two year,No,Electronic check,43.83,2844.81,0
3968-['F' 'L' 'O' 'L' 'I'],Male,0,Yes,No,4,Yes,Yes,Fiber optic,No,No,No,No,Yes,Yes,Month-to-month,No,Bank transfer (automatic),109.0,435.43,1
1050-['U' 'B' 'M' 'M' 'H'],Male,0,No,Yes,55,Yes,Yes,Fiber optic,No,Yes,Yes,No,Yes,No,One year,No,Mailed check,107.64,5932.23,0
5300-['D' 'F' 'F' 'U' 'L'],Female,0,Yes,No,41,Yes,No,Fiber optic,No,No,No,No,Yes,Yes,Month-to-month,No,Bank transfer (automatic),92.77,3808.99,1
8019-['Q' 'G' 'Z' 'O' 'X'],Male,0,No,No,63,Yes,No,Fiber optic,No,No,Yes,Yes,Yes,Yes,Month-to-month,No,Mailed check,102.34,6443.89,0
9598-['T' 'F' 'I' 'O' 'P'],Female,0,Yes,No,48,Yes,Yes,Fiber optic,No,No,No,No,No,No,One year,Yes,Mailed check,85.4,4108.54,1
6412-['R' 'T' 'N' 'B' 'W'],Female,0,Yes,No,45,Yes,Yes,Fiber optic,No,No,Yes,No,Yes,Yes,One year,No,Electronic check,108.57,4894.52,1
4262-['C' 'N' 'G' 'O' 'Q'],Male,0,Yes,No,70,Yes,Yes,No,No,No,No,No,No,No,Two year,No,Credit card (automatic),44.42,3112.08,0
6376-['I' 'V' 'N' 'P' 'U'],Male,0,No,No,1,Yes,Yes,DSL,No,No,Yes,Yes,Yes,No,One year,No,Mailed check,88.43,79.81,1
3783-['F' 'V' 'A' 'U' 'Y'],Male,0,Yes,No,66,Yes,Yes,DSL,No,Yes,No,No,Yes,No,Month-to-month,Yes,Electronic check,84.18,5552.88,0
4331-['C' 'Q' 'B' 'S' 'T'],Female,0,No,Yes,3,Yes,Yes,Fiber optic,No,No,No,No,Yes,Yes,Two year,No,Mailed check,106.48,327.38,0
3262-['V' 'H' 'Y' 'O' 'F'],Male,0,No,No,61,Yes,No,No,No,No,No,No,No,No,Month-to-month,Yes,Electronic check,36.8,2257.81,1
8574-['T' 'B' 'Y' 'Y' 'O'],Male,0,No,No,26,No,No,DSL,Yes,Yes,No,Yes,No,Yes,One year,Yes,Credit card (automatic),75.28,1953.99,1
8147-['C' 'J' 'N' 'V' 'N'],Male,0,Yes,No,66,Yes,Yes,No,No,No,No,No,No,No,One year,No,Bank transfer (automatic),44.95,2961.7,0
7242-['A' 'T' 'A' 'B' 'S'],Male,0,No,Yes,16,Yes,Yes,No,No,No,No,No,No,No,Month-to-month,Yes,Bank transfer (automatic),44.23,712.38,1
5073-['D' 'D' 'M' 'Z' 'I'],Female,0,No,No,51,Yes,No,Fiber optic,No,Yes,No,No,Yes,Yes,Month-to-month,No,Bank transfer (automatic),98.91,5047.21,0
9550-['P' 'R' 'C' 'T' 'T'],Male,0,Yes,Yes,70,Yes,Yes,DSL,Yes,No,No,No,Yes,No,Month-to-month,Yes,Credit card (automatic),85.34,5970.82,1
6495-['Z' 'Z' 'V' 'P' 'C'],Female,0,Yes,Yes,56,Yes,Yes,Fiber optic,No,Yes,No,Yes,No,No,One year,Yes,Bank transfer (automatic),92.85,5187.19,0
4544-['J' 'P' 'H' 'I' 'O'],Male,0,Yes,No,29,Yes,No,DSL,No,Yes,Yes,Yes,Yes,Yes,One year,Yes,Bank transfer (automatic),97.98,2844.21,0
6151-['U' 'C' 'D' 'M' 'L'],Male,1,No,No,71,Yes,No,DSL,Yes,No,No,Yes,No,Yes,Month-to-month,Yes,Bank transfer (automatic),73.88,5261.28,0
7125-['S' 'G' 'P' 'V' 'T'],Male,0,Yes,No,70,Yes,No,No,No,No,No,No,No,No,Month-to-month,Yes,Electronic check,37.09,2589.48,0
2054-['J' 'R' 'K' 'G' 'N'],Female,0,No,Yes,64,Yes,Yes,Fiber optic,No,Yes,No,No,Yes,No,One year,Yes,Electronic check,96.88,6179.23,0
1275-['R' 'K' 'V' 'L' 'R'],Male,0,Yes,Yes,15,Yes,Yes,Fiber optic,No,No,Yes,Yes,No,Yes,Two year,Yes,Bank transfer (automatic),105.04,1570.8,0
9022-['A' 'W' 'J' 'U' 'A'],Male,0,Yes,Yes,26,Yes,No,DSL,No,No,Yes,No,No,Yes,One year,Yes,Bank transfer (automatic),74.04,1932.94,1
8077-['G' 'Q' 'I' 'G' 'Q'],Male,1,No,Yes,46,Yes,No,Fiber optic,Yes,Yes,No,No,Yes,Yes,Two year,No,Electronic check,105.14,4842.9,0
3402-['P' 'E' 'T' 'R' 'A'],Female,0,No,No,13,Yes,Yes,Fiber optic,No,No,Yes,No,No,Yes,Two year,Yes,Credit card (automatic),100.92,1281.15,1
5355-['W' 'K' 'T' 'I' 'H'],Male,1,Yes,No,1,Yes,Yes,Fiber optic,No,No,Yes,No,Yes,No,Two year,No,Electronic check,102.28,91.44,1
3279-['E' 'L' 'A' 'O' 'Y'],Male,0,Yes,No,38,Yes,Yes,DSL,No,No,No,No,No,No,Month-to-month,No,Mailed check,71.59,2733.49,1
9657-['F' 'J' 'N' 'U' 'Z'],Female,0,No,Yes,54,Yes,Yes,No,No,No,No,No,No,No,One year,Yes,Credit card (automatic),46.88,2549.25,0
7716-['H' 'C' 'V' 'V' 'Z'],Female,0,Yes,No,25,Yes,Yes,Fiber optic,Yes,Yes,No,No,Yes,Yes,Month-to-month,Yes,Credit card (automatic),113.68,2856.26,1
5075-['L' 'O' 'G' 'D' 'U'],Female,1,Yes,No,43,Yes,No,Fiber optic,No,No,Yes,No,No,Yes,One year,No,Electronic check,93.93,4049.3,1
9053-['P' 'Z' 'M' 'D' 'X'],Female,0,No,No,68,Yes,Yes,Fiber optic,No,No,Yes,Yes,Yes,Yes,Two year,Yes,Electronic check,113.75,7726.52,0
7015-['I' 'Z' 'U' 'R' 'O'],Male,0,No,No,37,Yes,Yes,DSL,Yes,No,No,No,Yes,No,Month-to-month,Yes,Electronic check,83.71,3095.05,1
1027-['H' 'U' 'Q' 'X' 'Y'],Male,0,Yes,Yes,11,Yes,No,DSL,No,No,No,No,No,Yes,Month-to-month,No,Electronic check,71.5,784.84,1
2264-['X' 'Z' 'R' 'D' 'O'],Female,0,Yes,Yes,16,Yes,No,Fiber optic,No,No,No,Yes,No,No,Two year,Yes,Mailed check,81.75,1317.16,0
7177-['B' 'J' 'C' 'H' 'T'],Female,0,Yes,Yes,24,Yes,Yes,Fiber optic,Yes,No,No,Yes,No,No,Month-to-month,Yes,Credit card (automatic),97.45,2321.95,1
2670-['L' 'Z' 'S' 'Z' 'O'],Female,0,No,No,63,Yes,Yes,Fiber optic,No,Yes,No,No,No,Yes,Month-to-month,Yes,Electronic check,98.52,6192.04,1
3172-['N' 'C' 'R' 'V' 'F'],Female,0,No,Yes,10,Yes,Yes,DSL,Yes,Yes,No,Yes,Yes,No,One year,No,Mailed check,97.61,970.4,1
1944-['W' 'N' 'N' 'T' 'M'],Male,0,Yes,No,17,Yes,Yes,No,No,No,No,No,No,No,One year,Yes,Electronic check,40.12,687.18,0
8770-['C' 'M' 'X' 'B' 'I'],Female,0,No,No,35,Yes,No,Fiber optic,Yes,Yes,Yes,No,Yes,Yes,Month-to-month,Yes,Bank transfer (automatic),107.26,3742.18,0
8084-['H' 'P' 'X' 'C' 'M'],Female,1,No,No,2,Yes,Yes,No,No,No,No,No,No,No,Month-to-month,Yes,Bank transfer (automatic),42.32,77.2,1
8537-['B' 'T' 'V' 'U' 'O'],Male,0,No,No,69,Yes,No,Fiber optic,No,No,Yes,Yes,Yes,No,One year,Yes,Electronic check,96.01,6633.4,1
1543-['J' 'A' 'F' 'C' 'S'],Male,0,No,Yes,70,Yes,Yes,DSL,No,No,No,No,No,No,Month-to-month,No,Mailed check,70.17,4931.65,1
3246-['M' 'M' 'Q' 'A' 'N'],Female,0,No,No,8,Yes,No,Fiber optic,No,Yes,No,Yes,No,Yes,Month-to-month,No,Mailed check,94.44,741.2,0
1348-['Z' 'C' 'N' 'X' 'A'],Female,0,Yes,No,65,Yes,Yes,Fiber optic,No,Yes,Yes,Yes,Yes,Yes,Month-to-month,No,Electronic check,118.75,7725.86,1
2455-['J' 'M' 'D' 'I' 'N'],Female,0,Yes,No,46,Yes,No,Fiber optic,No,No,No,Yes,No,No,Two year,No,Bank transfer (automatic),82.76,3808.38,0
9086-['C' 'W' 'G' 'J' 'C'],Male,0,No,No,49,Yes,No,No,No,No,No,No,No,No,One year,Yes,Bank transfer (automatic),37.76,1847.85,0
3894-['I' 'O' 'Q' 'G' 'T'],Male,1,Yes,No,63,Yes,Yes,DSL,Yes,No,No,No,Yes,No,Month-to-month,Yes,Mailed check,81.45,5135.73,1
2681-['O' 'R' 'X' 'W' 'L'],Male,0,Yes,No,46,Yes,Yes,DSL,Yes,Yes,No,No,Yes,No,Month-to-month,No,Electronic check,93.08,4290.03,1
9854-['U' 'Z' 'H' 'B' 'B'],Female,0,Yes,No,66,Yes,No,DSL,Yes,No,No,No,No,No,Month-to-month,No,Mailed check,67.22,4445.81,0
2781-['D' 'F' 'W' 'M' 'S'],Female,0,No,No,41,Yes,No,DSL,No,No,No,Yes,Yes,No,One year,Yes,Mailed check,76.51,3141.21,0
8551-['K' 'M' 'H' 'G' 'M'],Male,0,Yes,No,48,Yes,Yes,Fiber optic,No,No,Yes,No,Yes,No,Two year,Yes,Mailed check,97.4,4658.35,1
2157-['G' 'P' 'O' 'T' 'B'],Male,0,Yes,No,29,Yes,Yes,DSL,No,No,No,No,Yes,Yes,Month-to-month,No,Electronic check,90.59,2614.21,1
1511-['Z' 'Y' 'W' 'P' 'Q'],Male,1,No,No,7,Yes,No,DSL,No,Yes,No,No,Yes,Yes,One year,No,Credit card (automatic),83.88,593.28,1
9791-['O' 'C' 'D' 'L' 'E'],Female,1,No,No,36,Yes,No,No,No,No,No,No,No,No,Month-to-month,Yes,Electronic check,35.56,1269.41,0
3064-['F' 'J' 'V' 'R' 'J'],Male,0,No,Yes,7,Yes,No,DSL,No,No,Yes,No,Yes,No,Two year,Yes,Credit card (automatic),77.52,548.89,0
2925-['T' 'O' 'D' 'Y' 'P'],Male,0,No,No,62,Yes,No,Fiber optic,Yes,No,No,Yes,Yes,Yes,Month-to-month,Yes,Mailed check,100.74,6258.52,0
9181-['X' 'H' 'G' 'S' 'Z'],Male,1,Yes,Yes,10,Yes,Yes,DSL,No,No,No,Yes,No,Yes,Month-to-month,Yes,Mailed check,84.69,835.36,1
4824-['U' 'M' 'O' 'Z' 'Z'],Female,0,Yes,No,57,Yes,Yes,Fiber optic,No,No,Yes,No,No,Yes,Month-to-month,Yes,Credit card (automatic),101.99,5819.18,1
2310-['B' 'J' 'M' 'R' 'W'],Male,0,Yes,Yes,33,Yes,Yes,Fiber optic,No,Yes,No,Yes,No,Yes,Two year,Yes,Electronic check,102.87,3402.37,1
9906-['M' 'S' 'X' 'Y' 'X'],Female,0,No,No,38,Yes,No,No,No,No,No,No,No,No,Two year,No,Electronic check,35.93,1371.54,0
2845-['E' 'C' 'S' 'W' 'M'],Female,0,No,Yes,15,No,No,DSL,Yes,No,No,Yes,Yes,Yes,Month-to-month,Yes,Electronic check,75.06,1110.98,1
9909-['F' 'V' 'I' 'Q' 'H'],Female,0,No,No,70,Yes,No,DSL,Yes,No,Yes,No,No,Yes,Two year,Yes,Credit card (automatic),80.38,5631.19,0
3284-['E' 'V' 'V' 'Q' 'C'],Male,0,Yes,No,3,Yes,Yes,DSL,No,Yes,No,No,No,No,One year,Yes,Electronic check,74.46,227.86,1
7181-['N' 'O' 'N' 'K' 'K'],Female,0,No,No,45,Yes,No,No,No,No,No,No,No,No,One year,Yes,Electronic check,34.17,1541.88,1
8973-['O' 'L' 'F' 'A' 'Y'],Male,0,Yes,No,21,Yes,No,Fiber optic,Yes,No,No,Yes,No,No,One year,No,Credit card (automatic),86.35,1824.95,0
7927-['T' 'O' 'B' 'Q' 'C'],Female,0,Yes,No,70,Yes,No,DSL,Yes,Yes,Yes,No,No,No,Month-to-month,No,Credit card (automatic),76.19,5340.52,0
8874-['E' 'Q' 'W' 'Q' 'T'],Female,0,No,Yes,12,Yes,Yes,No,No,No,No,No,No,No,Month-to-month,No,Credit card (automatic),46.81,561.01,1
6171-['V' 'K' 'W' 'N' 'M'],Female,0,No,No,41,No,No,DSL,No,Yes,No,Yes,Yes,No,Month-to-month,Yes,Bank transfer (automatic),62.58,2545.79,1
6459-['Z' 'Y' 'I' 'I' 'P'],Male,0,No,No,33,Yes,Yes,Fiber optic,Yes,Yes,No,No,Yes,Yes,Month-to-month,No,Electronic check,116.41,3847.5,1
2161-['F' 'R' 'B' 'T' 'I'],Male,0,No,Yes,12,Yes,No,Fiber optic,Yes,Yes,No,Yes,Yes,Yes,Month-to-month,Yes,Bank transfer (automatic),110.95,1311.11,0
1978-['F' 'B' 'O' 'Q' 'P'],Male,0,No,No,28,Yes,No,Fiber optic,No,No,No,Yes,Yes,Yes,Month-to-month,Yes,Mailed check,101.12,2829.88,1
6129-['J' 'R' 'J' 'I' 'X'],Male,1,Yes,Yes,46,Yes,No,DSL,No,Yes,No,No,Yes,No,Two year,No,Bank transfer (automatic),72.48,3349.25,1
8392-['D' 'X' 'C' 'J' 'L'],Female,0,Yes,No,68,No,No,No,No,No,No,No,No,No,Month-to-month,Yes,Credit card (automatic),18.25,1249.76,0
6253-['U' 'B' 'J' 'B' 'I'],Female,0,No,Yes,10,Yes,No,DSL,No,No,Yes,No,Yes,No,Month-to-month,Yes,Electronic check,76.48,769.05,1
4034-['J' 'B' 'H' 'X' 'Q'],Female,0,Yes,Yes,62,Yes,No,DSL,No,No,Yes,Yes,No,Yes,One year,Yes,Mailed check,81.23,5036.22,0
4484-['D' 'R' 'L' 'Q' 'I'],Female,0,Yes,Yes,50,Yes,Yes,DSL,Yes,Yes,Yes,No,Yes,No,Month-to-month,No,Mailed check,94.46,4736.6,1
7844-['S' 'N' 'N' 'Q' 'B'],Female,0,No,No,59,No,No,DSL,No,No,No,Yes,No,Yes,Month-to-month,No,Mailed check,60.27,3558.43,0
6479-['E' 'G' 'V' 'P' 'P'],Male,0,No,No,46,Yes,Yes,Fiber optic,Yes,No,No,No,No,No,One year,Yes,Mailed check,88.55,4070.7,1
1592-['V' 'G' 'T' 'H' 'H'],Female,0,Yes,No,3,Yes,Yes,No,No,No,No,No,No,No,Month-to-month,Yes,Bank transfer (automatic),45.75,131.93,1
2238-['K' 'O' 'R' 'F' 'V'],Male,0,Yes,No,6,Yes,Yes,Fiber optic,Yes,Yes,No,No,No,Yes,Month-to-month,Yes,Mailed check,102.45,622.83,1
4598-['W' 'F' 'R' 'X' 'T'],Male,1,No,No,30,Yes,No,Fiber optic,Yes,No,Yes,No,No,No,Month-to-month,No,Electronic check,85.79,2563.1,1
7407-['N' 'S' 'S' 'H' 'B'],Male,0,No,No,29,Yes,No,Fiber optic,No,No,Yes,No,No,No,Two year,Yes,Electronic check,79.34,2291.53,0
4011-['F' 'C' 'C' 'S' 'K'],Female,0,No,No,28,Yes,Yes,No,No,No,No,No,No,No,Month-to-month,No,Electronic check,48.79,1360.3,0
6916-['J' 'L' 'N' 'R' 'X'],Male,0,No,No,42,No,No,Fiber optic,No,No,No,No,No,No,Month-to-month,Yes,Electronic check,62.79,2620.51,1
4528-['O' 'X' 'Z' 'C' 'W'],Male,0,Yes,No,21,Yes,Yes,Fiber optic,Yes,No,No,No,No,No,One year,Yes,Bank transfer (automatic),90.04,1884.88,0
6578-['J' 'R' 'D' 'M' 'F'],Male,0,No,No,47,Yes,No,No,No,No,No,No,No,No,Two year,No,Credit card (automatic),35.82,1681.54,0
4066-['U' 'M' 'Y' 'Z' 'T'],Male,0,Yes,No,47,Yes,No,Fiber optic,No,No,Yes,No,Yes,Yes,Month-to-month,Yes,Electronic check,95.92,4511.66,1
3948-['T' 'N' 'M' 'N' 'H'],Female,0,Yes,Yes,56,Yes,Yes,No,No,No,No,No,No,No,Month-to-month,No,Mailed check,44.2,2472.89,1
9983-['O' 'S' 'A' 'V' 'B'],Female,1,Yes,Yes,21,Yes,Yes,Fiber optic,No,Yes,No,Yes,No,No,One year,No,Bank transfer (automatic),92.53,1946.7,1
6170-['H' 'C' 'W' 'Z' 'N'],Female,0,Yes,No,26,Yes,No,DSL,No,Yes,Yes,No,No,Yes,Month-to-month,No,Mailed check,75.57,1958.65,1
4897-['I' 'H' 'Q' 'W' 'W'],Male,0,Yes,No,62,Yes,Yes,No,No,No,No,No,No,No,Two year,Yes,Bank transfer (automatic),41.43,2560.83,0
7775-['P' 'J' 'U' 'J' 'Y'],Male,0,Yes,Yes,3,Yes,No,Fiber optic,No,No,No,No,Yes,No,Month-to-month,Yes,Mailed check,86.91,257.92,1
2335-['F' 'V' 'Q' 'P' 'O'],Female,0,No,Yes,2,Yes,No,DSL,No,No,No,Yes,No,Yes,Month-to-month,Yes,Electronic check,77.14,158.32,1
2987-['D' 'B' 'K' 'D' 'U'],Female,0,Yes,No,39,Yes,No,Fiber optic,No,No,No,Yes,Yes,No,Two year,Yes,Mailed check,87.94,3430.22,0
1252-['U' 'P' 'U' 'D' 'A'],Male,0,Yes,No,27,No,No,Fiber optic,No,No,No,No,Yes,No,Two year,Yes,Electronic check,70.6,1878.01,1
4389-['Z' 'X' 'S' 'B' 'I'],Male,0,No,No,14,Yes,No,No,No,No,No,No,No,No,Month-to-month,Yes,Mailed check,36.92,523.88,1
9632-['M' 'R' 'P' 'P' 'Y'],Female,1,Yes,No,50,Yes,Yes,DSL,Yes,No,Yes,No,No,No,Month-to-month,No,Mailed check,80.64,4023.91,0
1553-['I' 'K' 'Y' 'Z' 'Z'],Female,1,No,No,25,Yes,Yes,No,No,No,No,No,No,No,Month-to-month,No,Bank transfer (automatic),51.06,1276.05,1
2314-['F' 'C' 'I' 'C' 'R'],Male,1,No,No,34,Yes,Yes,DSL,No,No,No,Yes,Yes,Yes,Month-to-month,Yes,Mailed check,92.78,3144.33,1
8015-['V' 'H' 'O' 'M' 'G'],Female,0,No,No,14,Yes,Yes,No,No,No,No,No,No,No,Month-to-month,Yes,Electronic check,46.83,656.49,1
5583-['J' 'Q' 'A' 'M' 'Z'],Female,0,Yes,No,4,Yes,Yes,Fiber optic,No,Yes,No,Yes,Yes,No,One year,Yes,Mailed check,103.71,417.46,1
6431-['P' 'I' 'J' 'F' 'E'],Male,0,No,Yes,45,Yes,No,No,No,No,No,No,No,No,Month-to-month,Yes,Credit card (automatic),38.12,1696.61,0
3506-['I' 'F' 'H' 'I' 'I'],Female,0,No,Yes,23,Yes,Yes,Fiber optic,No,No,No,No,Yes,Yes,Month-to-month,Yes,Electronic check,106.58,2464.34,1
6479-['C' 'M' 'S' 'B' 'Q'],Female,1,No,Yes,1,Yes,No,Fiber optic,No,Yes,No,No,No,No,Month-to-month,Yes,Bank transfer (automatic),81.03,90.08,1
7993-['N' 'B' 'M' 'U' 'T'],Male,0,No,No,58,Yes,No,DSL,Yes,No,Yes,No,No,Yes,Month-to-month,No,Electronic check,81.47,4743.43,1
4742-['O' 'Y' 'T' 'E' 'G'],Female,0,No,No,35,Yes,No,DSL,No,No,Yes,No,No,No,One year,No,Mailed check,63.63,2218.21,0
8735-['K' 'R' 'Z' 'E' 'M'],Male,0,Yes,No,44,Yes,No,DSL,Yes,No,No,No,No,Yes,One year,Yes,Credit card (automatic),76.23,3332.16,1
1539-['R' 'B' 'T' 'D' 'M'],Female,0,No,No,36,Yes,No,Fiber optic,Yes,Yes,Yes,Yes,No,No,Two year,No,Mailed check,98.52,3544.08,0
4439-['F' 'Z' 'H' 'P' 'M'],Female,0,No,No,56,Yes,Yes,Fiber optic,Yes,Yes,Yes,No,No,No,Month-to-month,No,Bank transfer (automatic),98.98,5532.41,0
2910-['Z' 'D' 'B' 'I' 'R'],Male,0,No,No,11,Yes,Yes,DSL,No,No,No,No,No,No,Two year,No,Mailed check,67.91,737.84,0
4335-['Z' 'O' 'I' 'Q' 'W'],Female,0,No,No,34,No,No,DSL,No,Yes,No,No,Yes,Yes,One year,Yes,Credit card (automatic),67.2,2289.68,1
3753-['F' 'E' 'Q' 'B' 'R'],Female,0,Yes,No,21,Yes,Yes,Fiber optic,No,Yes,No,No,No,No,One year,Yes,Electronic check,90.95,1897.49,1
1063-['J' 'J' 'F' 'L' 'Q'],Male,0,Yes,No,71,Yes,No,DSL,Yes,No,No,Yes,Yes,No,Month-to-month,Yes,Mailed check,79.68,5661.37,0
1140-['T' 'P' 'J' 'U' 'B'],Male,0,Yes,Yes,26,Yes,Yes,No,No,No,No,No,No,No,Month-to-month,Yes,Bank transfer (automatic),44.36,1139.85,0
5446-['W' 'G' 'F' 'A' 'L'],Female,1,Yes,Yes,6,Yes,No,DSL,No,Yes,No,No,Yes,Yes,One year,Yes,Bank transfer (automatic),85.5,518.41,1
4659-['S' 'I' 'J' 'Q' 'R'],Female,0,Yes,Yes,2,Yes,No,Fiber optic,No,No,Yes,Yes,No,Yes,Month-to-month,Yes,Bank transfer (automatic),92.89,189.41,1
8592-['J' 'L' 'O' 'O' 'D'],Female,0,No,No,3,Yes,No,Fiber optic,Yes,No,No,No,No,Yes,Month-to-month,No,Credit card (automatic),91.44,247.4,1
1832-['Z' 'L' 'Y' 'B' 'O'],Male,0,No,Yes,7,Yes,Yes,DSL,Yes,No,No,No,Yes,Yes,Month-to-month,Yes,Bank transfer (automatic),96.07,678.35,1
1891-['U' 'Z' 'N' 'D' 'E'],Female,0,No,No,44,Yes,No,Fiber optic,No,No,No,No,No,No,One year,Yes,Bank transfer (automatic),70.15,3074.93,0
5192-['A' 'U' 'F' 'E' 'B'],Female,0,Yes,No,72,Yes,Yes,DSL,No,No,Yes,No,Yes,Yes,One year,Yes,Electronic check,92.3,6641.34,0
7394-['E' 'Z' 'I' 'S' 'U'],Male,0,Yes,No,19,Yes,No,DSL,No,No,Yes,No,Yes,No,Month-to-month,No,Electronic check,72.9,1383.16,1
5782-['M' 'L' 'E' 'B' 'D'],Male,1,No,No,4,Yes,Yes,Fiber optic,No,No,No,Yes,No,No,Two year,No,Credit card (automatic),91.25,370.74,1
5154-['R' 'U' 'J' 'M' 'L'],Male,1,No,Yes,45,No,No,No,No,No,No,No,No,No,Month-to-month,Yes,Credit card (automatic),20.15,901.74,0
5313-['O' 'N' 'Y' 'J' 'V'],Male,0,No,No,68,Yes,No,Fiber optic,No,Yes,Yes,Yes,No,Yes,One year,Yes,Bank transfer (automatic),98.91,6711.43,0
8911-['Y' 'O' 'M' 'H' 'U'],Female,0,Yes,Yes,34,Yes,Yes,DSL,Yes,Yes,Yes,No,No,Yes,Two year,Yes,Electronic check,94.01,3202.51,0
6588-['V' 'N' 'A' 'M' 'H'],Female,0,Yes,No,64,Yes,No,Fiber optic,No,No,Yes,No,No,No,One year,Yes,Electronic check,80.63,5165.05,1
2905-['V' 'I' 'M' 'C' 'R'],Female,0,Yes,No,14,Yes,No,Fiber optic,No,No,No,Yes,No,No,One year,No,Mailed check,77.49,1074.02,0
2321-['E' 'Y' 'F' 'H' 'X'],Male,0,Yes,No,16,Yes,Yes,DSL,No,Yes,No,No,No,No,Month-to-month,Yes,Electronic check,74.71,1194.66,1
8014-['U' 'R' 'N' 'O' 'J'],Female,1,No,No,45,Yes,No,DSL,Yes,No,Yes,Yes,Yes,Yes,One year,Yes,Mailed check,96.76,4362.58,1
4481-['U' 'L' 'G' 'G' 'K'],Female,0,Yes,No,60,Yes,No,No,No,No,No,No,No,No,One year,No,Electronic check,37.2,2248.92,0
1159-['M' 'O' 'R' 'G' 'F'],Female,0,No,No,42,Yes,Yes,Fiber optic,Yes,Yes,No,Yes,No,No,Month-to-month,Yes,Electronic check,102.96,4331.89,1
8798-['K' 'H' 'T' 'A' 'H'],Male,0,No,No,21,Yes,No,Fiber optic,Yes,No,No,No,No,No,Month-to-month,Yes,Electronic check,79.25,1658.87,1
5999-['S' 'C' 'E' 'C' 'O'],Female,0,No,Yes,8,Yes,Yes,DSL,No,No,No,No,Yes,Yes,Month-to-month,Yes,Bank transfer (automatic),87.27,698.46,1
4405-['U' 'O' 'X' 'Q' 'R'],Female,0,Yes,No,46,Yes,Yes,DSL,No,No,No,Yes,No,Yes,One year,No,Bank transfer (automatic),86.09,3963.54,0
6848-['B' 'N' 'K' 'M' 'Y'],Male,0,Yes,No,2,Yes,Yes,Fiber optic,No,No,No,Yes,No,No,One year,No,Electronic check,86.88,161.9,1
8881-['X' 'A' 'U' 'Y' 'D'],Female,0,No,No,51,Yes,No,DSL,No,No,Yes,Yes,Yes,Yes,Month-to-month,Yes,Bank transfer (automatic),89.04,4529.01,0
2607-['P' 'S' 'R' 'F' 'N'],Male,0,No,No,30,Yes,No,No,No,No,No,No,No,No,Month-to-month,No,Electronic check,32.9,985.48,1
1066-['P' 'A' 'L' 'N' 'S'],Male,0,Yes,Yes,12,Yes,No,Fiber optic,Yes,No,No,No,No,Yes,One year,Yes,Credit card (automatic),88.88,1053.96,1
8925-['S' 'I' 'G' 'N' 'E'],Female,0,No,Yes,1,Yes,Yes,DSL,No,Yes,Yes,No,Yes,No,Month-to-month,Yes,Credit card (automatic),88.08,84.54,1
3993-['I' 'U' 'G' 'I' 'D'],Male,1,Yes,No,6,Yes,No,Fiber optic,Yes,No,No,No,Yes,No,One year,No,Electronic check,93.97,562.34,1
8371-['F' 'R' 'H' 'U' 'O'],Male,0,No,Yes,28,Yes,No,Fiber optic,No,Yes,No,Yes,Yes,Yes,One year,Yes,Bank transfer (automatic),104.0,2900.36,0
2151-['C' 'B' 'X' 'W' 'I'],Male,0,No,No,3,No,No,DSL,No,No,No,No,Yes,Yes,One year,Yes,Electronic check,64.68,192.22,1
9039-['D' 'B' 'N' 'B' 'B'],Female,0,Yes,No,3,Yes,No,No,No,No,No,No,No,No,Month-to-month,Yes,Electronic check,36.03,113.56,1
5378-['V' 'G' 'L' 'F' 'R'],Male,0,No,No,20,Yes,No,DSL,Yes,Yes,No,No,Yes,Yes,Month-to-month,Yes,Bank transfer (automatic),88.56,1778.88,1
9722-['M' 'T' 'U' 'W' 'Y'],Female,0,No,No,44,Yes,No,Fiber optic,Yes,No,No,No,No,No,Month-to-month,Yes,Electronic check,80.67,3547.05,1
1097-['H' 'S' 'I' 'Z' 'D'],Female,0,No,Yes,27,Yes,No,Fiber optic,Yes,No,No,No,No,Yes,Month-to-month,Yes,Mailed check,89.33,2421.27,1
1079-['S' 'J' 'F' 'P' 'J'],Male,0,Yes,No,7,Yes,Yes,Fiber optic,Yes,Yes,No,Yes,No,No,Month-to-month,Yes,Electronic check,103.33,729.26,1
5518-['D' 'S' 'Z' 'D' 'S'],Male,0,Yes,No,41,Yes,No,Fiber optic,Yes,No,No,No,No,Yes,One year,No,Mailed check,91.61,3757.39,1
3623-['S' 'L' 'M' 'Y' 'D'],Female,1,No,No,16,No,No,DSL,No,Yes,No,Yes,No,No,Two year,Yes,Credit card (automatic),54.42,869.09,0
9233-['U' 'G' 'E' 'Q' 'R'],Male,0,No,No,8,Yes,No,No,No,No,No,No,No,No,Month-to-month,Yes,Bank transfer (automatic),34.57,256.57,1
3154-['O' 'U' 'V' 'G' 'R'],Female,0,Yes,No,60,Yes,Yes,Fiber optic,No,Yes,No,Yes,Yes,No,Month-to-month,Yes,Mailed check,104.57,6272.37,0
9697-['Y' 'F' 'R' 'P' 'B'],Female,0,Yes,No,68,Yes,No,No,No,No,No,No,No,No,Month-to-month,Yes,Electronic check,35.88,2431.31,1
1256-['Y' 'Z' 'K' 'T' 'E'],Male,1,No,No,40,Yes,No,DSL,No,No,Yes,No,No,Yes,Month-to-month,No,Credit card (automatic),77.02,3097.22,1
2071-['W' 'A' 'S' 'N' 'C'],Male,0,No,No,28,Yes,No,Fiber optic,No,No,No,No,No,No,One year,Yes,Electronic check,73.71,2076.5,1
1897-['X' 'E' 'Q' 'R' 'A'],Male,0,Yes,Yes,53,Yes,Yes,DSL,No,No,No,No,Yes,Yes,Two year,Yes,Credit card (automatic),87.62,4646.88,0
5174-['V' 'I' 'W' 'E' 'M'],Male,0,Yes,No,31,Yes,No,Fiber optic,No,No,Yes,No,Yes,No,One year,No,Mailed check,90.54,2806.03,0
3935-['J' 'T' 'Y' 'U' 'N'],Male,0,No,No,64,No,No,No,No,No,No,No,No,No,Month-to-month,Yes,Mailed check,18.25,1172.35,0
1116-['Z' 'L' 'K' 'W' 'G'],Male,0,No,Yes,42,Yes,Yes,Fiber optic,No,No,No,Yes,Yes,No,Month-to-month,Yes,Mailed check,99.72,4195.89,1
5561-['G' 'X' 'T' 'F' 'K'],Male,0,Yes,Yes,68,Yes,Yes,Fiber optic,No,No,No,No,No,Yes,Two year,Yes,Mailed check,92.82,6293.61,0
2586-['K' 'P' 'W' 'L' 'H'],Male,0,No,Yes,15,No,No,Fiber optic,No,No,Yes,No,No,No,One year,Yes,Mailed check,60.75,907.24,0
3882-['B' 'F' 'P' 'T' 'X'],Male,0,Yes,No,20,Yes,No,DSL,Yes,Yes,Yes,Yes,No,No,Two year,No,Bank transfer (automatic),79.31,1583.1,0
2884-['O' 'N' 'B' 'T' 'R'],Male,0,No,No,32,Yes,Yes,DSL,Yes,No,Yes,No,No,No,Month-to-month,Yes,Bank transfer (automatic),76.85,2461.04,1
6073-['B' 'A' 'T' 'B' 'I'],Female,0,Yes,No,25,No,No,DSL,No,No,Yes,No,No,No,One year,No,Mailed check,48.01,1195.17,0
6800-['P' 'K' 'W' 'F' 'L'],Male,1,Yes,No,2,Yes,No,Fiber optic,No,Yes,No,No,Yes,Yes,Month-to-month,Yes,Electronic check,99.42,200.83,1
5930-['L' 'W' 'A' 'I' 'T'],Male,0,Yes,No,22,Yes,No,Fiber optic,No,No,Yes,No,No,No,Month-to-month,No,Bank transfer (automatic),79.49,1757.66,1
8173-['K' 'C' 'D' 'J' 'S'],Male,0,Yes,No,53,Yes,Yes,No,No,No,No,No,No,No,Month-to-month,Yes,Mailed check,46.12,2440.15,0
1293-['A' 'H' 'H' 'Y' 'F'],Female,0,Yes,No,46,Yes,No,Fiber optic,Yes,No,No,No,No,Yes,Month-to-month,Yes,Credit card (automatic),89.64,4123.98,1
9016-['S' 'A' 'O' 'M' 'U'],Male,1,Yes,Yes,35,Yes,No,DSL,No,Yes,No,No,Yes,Yes,One year,No,Bank transfer (automatic),85.58,2998.31,1
9641-['C' 'I' 'P' 'X' 'M'],Male,0,Yes,No,34,No,No,No,No,No,No,No,No,No,One year,Yes,Credit card (automatic),19.65,663.84,0
6874-['R' 'U' 'L' 'L' 'A'],Male,0,No,No,42,Yes,Yes,Fiber optic,Yes,No,No,Yes,No,Yes,Month-to-month,No,Electronic check,103.68,4343.94,1
2235-['H' 'Q' 'U' 'T' 'V'],Male,0,No,No,32,Yes,Yes,No,No,No,No,No,No,No,Two year,No,Electronic check,42.48,1367.9,0
6352-['Q' 'J' 'D' 'V' 'Z'],Male,0,Yes,No,4,Yes,Yes,DSL,Yes,Yes,Yes,No,No,No,Month-to-month,Yes,Mailed check,89.01,354.46,1
2853-['Z' 'X' 'X' 'H' 'P'],Female,0,No,No,3,Yes,Yes,Fiber optic,No,Yes,Yes,No,No,No,One year,Yes,Electronic check,95.79,293.53,1
3990-['H' 'V' 'I' 'C' 'V'],Male,0,No,No,57,Yes,No,Fiber optic,Yes,No,No,Yes,Yes,Yes,One year,Yes,Bank transfer (automatic),107.48,6114.04,0
1862-['P' 'O' 'X' 'D' 'T'],Male,0,Yes,Yes,51,Yes,Yes,Fiber optic,No,Yes,No,No,Yes,No,Month-to-month,No,Credit card (automatic),97.71,4989.08,0
1527-['J' 'K' 'Z' 'E' 'K'],Female,1,Yes,Yes,71,Yes,No,Fiber optic,Yes,Yes,Yes,Yes,Yes,No,Month-to-month,No,Electronic check,108.17,7683.57,1
1846-['F' 'P' 'O' 'K' 'T'],Female,0,No,No,49,Yes,No,No,No,No,No,No,No,No,Month-to-month,No,Credit card (automatic),35.86,1746.56,0
4323-['B' 'L' 'P' 'S' 'B'],Female,0,Yes,Yes,26,Yes,No,Fiber optic,Yes,No,Yes,No,Yes,No,Month-to-month,No,Bank transfer (automatic),92.61,2416.85,1
9752-['N' 'X' 'P' 'E' 'J'],Male,0,No,No,9,Yes,Yes,DSL,No,Yes,No,No,Yes,No,Month-to-month,No,Bank transfer (automatic),84.05,747.78,0
4948-['P' 'I' 'X' 'D' 'X'],Male,0,No,No,61,No,No,No,No,No,No,No,No,No,Month-to-month,Yes,Electronic check,21.91,1329.84,1
7172-['Z' 'P' 'W' 'K' 'G'],Female,0,Yes,No,19,Yes,Yes,No,No,No,No,No,No,No,One year,Yes,Mailed check,46.37,872.38,0
7448-['V' 'M' 'D' 'N' 'J'],Male,0,No,No,31,Yes,No,Fiber optic,Yes,Yes,Yes,No,Yes,Yes,Two year,Yes,Credit card (automatic),109.4,3380.54,0
8354-['L' 'B' 'Z' 'W' 'I'],Male,0,Yes,No,47,Yes,No,Fiber optic,No,No,No,No,No,Yes,Month-to-month,Yes,Credit card (automatic),82.26,3853.38,1
2532-['E' 'H' 'U' 'N' 'G'],Male,0,Yes,Yes,48,Yes,Yes,Fiber optic,No,No,No,Yes,Yes,No,One year,No,Bank transfer (automatic),96.99,4654.33,0
9582-['I' 'C' 'N' 'Q' 'R'],Male,1,No,No,25,Yes,No,Fiber optic,No,Yes,No,Yes,Yes,No,Two year,No,Bank transfer (automatic),91.07,2280.43,0
2195-['V' 'N' 'Z' 'Z' 'M'],Male,0,No,Yes,34,Yes,Yes,Fiber optic,No,No,Yes,No,Yes,Yes,Month-to-month,Yes,Mailed check,106.66,3609.43,1
9077-['I' 'S' 'Z' 'B' 'K'],Female,0,Yes,No,27,Yes,No,No,No,No,No,No,No,No,One year,Yes,Mailed check,35.91,982.25,1
6200-['B' 'S' 'G' 'R' 'M'],Female,0,Yes,No,64,Yes,Yes,Fiber optic,No,Yes,No,No,Yes,Yes,Two year,Yes,Electronic check,112.07,7167.11,0
9836-['R' 'W' 'Z' 'X' 'X'],Female,0,No,No,25,Yes,Yes,DSL,No,No,No,No,No,No,One year,No,Credit card (automatic),68.46,1705.92,1
6020-['P' 'O' 'H' 'Z' 'O'],Male,0,No,Yes,57,Yes,No,Fiber optic,Yes,No,No,No,Yes,Yes,One year,No,Bank transfer (automatic),100.61,5728.01,0
5864-['Q' 'O' 'N' 'N' 'J'],Female,0,No,No,5,Yes,Yes,Fiber optic,Yes,No,Yes,Yes,Yes,No,Month-to-month,Yes,Mailed check,108.68,527.4,0
6818-['F' 'Q' 'E' 'E' 'O'],Male,0,Yes,No,49,Yes,No,DSL,Yes,Yes,Yes,No,No,Yes,Month-to-month,Yes,Electronic check,84.85,4165.95,0
5074-['E' 'A' 'K' 'K' 'F'],Female,1,Yes,Yes,48,Yes,Yes,Fiber optic,Yes,Yes,No,No,No,No,One year,Yes,Electronic check,96.53,4624.24,1
1662-['H' 'B' 'O' 'W' 'V'],Female,0,No,No,57,Yes,No,No,No,No,No,No,No,No,Month-to-month,Yes,Bank transfer (automatic),34.31,1949.66,0
1942-['H' 'P' 'N' 'O' 'T'],Female,0,Yes,No,45,Yes,No,DSL,No,No,Yes,Yes,No,Yes,Month-to-month,Yes,Bank transfer (automatic),80.52,3609.5,1
3106-['F' 'H' 'T' 'R' 'R'],Female,0,Yes,No,20,Yes,No,No,No,No,No,No,No,No,Two year,Yes,Credit card (automatic),35.22,711.56,0
2375-['Z' 'Q' 'U' 'P' 'M'],Male,1,No,No,24,Yes,No,Fiber optic,No,Yes,No,Yes,No,No,Two year,No,Bank transfer (automatic),83.81,1997.04,0
1479-['E' 'P' 'N' 'N' 'N'],Female,1,Yes,No,62,No,No,Fiber optic,No,No,No,No,Yes,No,Month-to-month,No,Bank transfer (automatic),70.11,4362.36,1
1087-['Y' 'N' 'S' 'C' 'Q'],Female,0,Yes,No,65,Yes,No,No,No,No,No,No,No,No,Month-to-month,Yes,Credit card (automatic),36.33,2351.59,1
3348-['V' 'D' 'K' 'O' 'O'],Female,0,Yes,No,34,Yes,No,No,No,No,No,No,No,No,Two year,Yes,Mailed check,35.25,1199.79,0
5503-['B' 'K' 'B' 'W' 'E'],Male,0,No,No,32,Yes,Yes,DSL,Yes,No,No,No,Yes,Yes,Month-to-month,Yes,Credit card (automatic),95.49,3063.6,0
6830-['G' 'J' 'F' 'T' 'L'],Female,0,No,Yes,49,Yes,No,No,No,No,No,No,No,No,Month-to-month,No,Bank transfer (automatic),33.74,1652.95,1
8871-['M' 'X' 'K' 'R' 'B'],Female,1,No,No,23,Yes,Yes,DSL,No,No,No,No,Yes,No,Two year,Yes,Mailed check,80.0,1815.03,1
2903-['B' 'S' 'F' 'A' 'K'],Female,0,No,No,22,Yes,Yes,DSL,No,No,Yes,No,No,No,Two year,No,Bank transfer (automatic),75.13,1659.61,0
7385-['J' 'R' 'A' 'S' 'P'],Female,0,No,No,36,Yes,Yes,Fiber optic,No,Yes,No,No,No,No,Month-to-month,No,Electronic check,93.44,3376.13,1
4577-['G' 'O' 'A' 'W' 'U'],Female,0,No,No,62,Yes,No,No,No,No,No,No,No,No,Month-to-month,No,Electronic check,34.64,2154.95,0
5321-['Q' 'Y' 'X' 'J' 'F'],Male,0,Yes,Yes,55,Yes,Yes,DSL,No,Yes,Yes,No,No,No,One year,Yes,Electronic check,80.31,4425.09,1
6828-['H' 'H' 'E' 'L' 'G'],Female,0,No,Yes,62,Yes,No,Fiber optic,Yes,Yes,No,Yes,Yes,No,One year,No,Electronic check,99.74,6177.85,0
7668-['Q' 'D' 'R' 'J' 'C'],Male,0,Yes,No,18,Yes,Yes,Fiber optic,No,Yes,No,Yes,No,No,Month-to-month,Yes,Mailed check,95.74,1722.22,1
9843-['A' 'K' 'R' 'M' 'Q'],Male,0,No,No,20,Yes,Yes,Fiber optic,No,No,Yes,Yes,Yes,No,Month-to-month,Yes,Electronic check,105.53,2111.08,1
4271-['T' 'S' 'Q' 'B' 'C'],Female,0,No,No,38,Yes,Yes,Fiber optic,No,No,Yes,Yes,Yes,Yes,Month-to-month,No,Electronic check,117.15,4439.39,1
9425-['X' 'V' 'R' 'R' 'N'],Female,0,Yes,No,71,Yes,No,Fiber optic,No,Yes,Yes,Yes,No,Yes,Two year,Yes,Electronic check,95.6,6797.16,0
9623-['G' 'A' 'Q' 'W' 'Y'],Male,0,No,No,25,Yes,No,Fiber optic,No,Yes,Yes,Yes,No,No,Month-to-month,No,Credit card (automatic),89.87,2255.68,1
4044-['A' 'U' 'Q' 'J' 'L'],Female,0,No,No,50,Yes,No,Fiber optic,Yes,Yes,Yes,Yes,No,Yes,Two year,Yes,Mailed check,102.18,5103.17,0
2688-['T' 'Y' 'B' 'W' 'P'],Female,0,Yes,No,59,Yes,Yes,Fiber optic,Yes,No,Yes,Yes,Yes,Yes,Month-to-month,Yes,Electronic check,118.75,7020.61,0
5507-['M' 'R' 'T' 'V' 'N'],Male,0,Yes,No,5,Yes,No,DSL,Yes,Yes,Yes,Yes,No,No,Month-to-month,No,Credit card (automatic),81.38,401.36,1
2486-['L' 'I' 'Z' 'N' 'U'],Female,0,Yes,Yes,6,Yes,No,DSL,No,Yes,Yes,No,Yes,No,Month-to-month,Yes,Electronic check,80.25,484.51,1
4749-['J' 'H' 'P' 'C' 'B'],Male,0,No,No,59,Yes,Yes,Fiber optic,No,No,Yes,No,Yes,Yes,Month-to-month,Yes,Electronic check,112.74,6647.98,1
8055-['S' 'I' 'P' 'V' 'Z'],Male,0,Yes,Yes,60,Yes,No,No,No,No,No,No,No,No,Month-to-month,No,Credit card (automatic),34.1,2046.51,0
2539-['J' 'S' 'M' 'R' 'O'],Female,0,No,No,4,Yes,Yes,DSL,No,Yes,Yes,Yes,Yes,No,Two year,Yes,Mailed check,97.44,397.01,1
5509-['D' 'I' 'D' 'P' 'U'],Female,0,Yes,No,7,Yes,Yes,DSL,Yes,No,No,Yes,No,Yes,Month-to-month,Yes,Mailed check,87.97,605.22,1
4950-['X' 'B' 'N' 'C' 'V'],Male,0,Yes,Yes,32,Yes,Yes,Fiber optic,No,No,No,No,Yes,Yes,Month-to-month,Yes,Electronic check,107.43,3426.19,1
3301-['A' 'W' 'I' 'Q' 'N'],Male,0,No,No,56,Yes,No,DSL,No,No,No,No,No,No,Month-to-month,No,Mailed check,61.46,3432.13,0
8216-['A' 'J' 'W' 'P' 'Y'],Female,1,Yes,Yes,11,Yes,No,No,No,No,No,No,No,No,Month-to-month,No,Credit card (automatic),35.07,375.6,1
9607-['S' 'X' 'Y' 'C' 'L'],Male,0,No,No,36,Yes,No,Fiber optic,No,Yes,No,No,Yes,No,Month-to-month,No,Credit card (automatic),91.54,3307.17,1
8921-['G' 'S' 'G' 'E' 'Z'],Male,1,Yes,No,14,Yes,Yes,No,No,No,No,No,No,No,Month-to-month,No,Bank transfer (automatic),47.83,677.12,1
7191-['S' 'Y' 'O' 'G' 'E'],Female,0,Yes,No,16,Yes,No,Fiber optic,Yes,No,No,No,Yes,No,Two year,No,Electronic check,90.16,1432.09,0
2354-['J' 'Y' 'U' 'W' 'I'],Female,0,No,Yes,36,Yes,Yes,No,No,No,No,No,No,No,One year,Yes,Electronic check,44.52,1615.41,1
9032-['T' 'A' 'H' 'C' 'B'],Male,0,Yes,No,50,Yes,Yes,DSL,Yes,Yes,Yes,No,No,Yes,Month-to-month,Yes,Credit card (automatic),94.52,4724.4,0
7973-['D' 'S' 'K' 'E' 'X'],Female,0,Yes,Yes,28,Yes,No,Fiber optic,No,No,No,No,No,Yes,Month-to-month,No,Mailed check,85.02,2377.61,1
4081-['X' 'W' 'H' 'M' 'E'],Male,0,Yes,No,2,Yes,No,DSL,No,No,No,No,No,No,One year,Yes,Credit card (automatic),58.33,110.75,1
2529-['Z' 'L' 'M' 'V' 'H'],Male,0,No,No,25,Yes,No,Fiber optic,Yes,Yes,Yes,No,Yes,Yes,Month-to-month,Yes,Bank transfer (automatic),107.72,2689.7,1
1204-['A' 'V' 'F' 'K' 'M'],Female,0,Yes,Yes,44,No,No,DSL,No,No,No,No,Yes,No,Month-to-month,No,Electronic check,53.5,2355.57,1
8219-['A' 'K' 'Z' 'K' 'H'],Male,1,Yes,Yes,5,Yes,Yes,Fiber optic,Yes,Yes,No,Yes,No,Yes,Month-to-month,Yes,Credit card (automatic),109.31,544.44,0
3018-['S' 'L' 'F' 'W' 'H'],Male,0,Yes,Yes,53,Yes,No,No,No,No,No,No,No,No,One year,Yes,Bank transfer (automatic),34.39,1829.21,1
3052-['J' 'V' 'P' 'L' 'Q'],Male,0,Yes,No,18,Yes,Yes,DSL,Yes,Yes,Yes,Yes,Yes,No,Two year,Yes,Electronic check,98.93,1784.42,0
5517-['I' 'J' 'T' 'N' 'N'],Female,0,No,No,12,Yes,No,DSL,No,Yes,Yes,Yes,No,No,Two year,Yes,Mailed check,74.83,913.4,0
2244-['Q' 'Y' 'P' 'D' 'B'],Female,0,No,No,56,No,No,DSL,Yes,Yes,No,Yes,No,No,One year,Yes,Credit card (automatic),59.83,3367.33,0
6839-['A' 'C' 'W' 'K' 'P'],Male,0,No,No,72,Yes,Yes,No,No,No,No,No,No,No,Two year,Yes,Bank transfer (automatic),44.69,3216.32,0
8097-['R' 'O' 'I' 'L' 'R'],Male,0,Yes,No,56,Yes,Yes,No,No,No,No,No,No,No,One year,No,Electronic check,44.62,2483.64,0
8876-['X' 'Z' 'H' 'C' 'B'],Male,0,Yes,No,45,Yes,No,DSL,No,No,Yes,No,No,Yes,Month-to-month,No,Bank transfer (automatic),68.36,3056.2,1
8832-['S' 'H' 'B' 'S' 'A'],Female,1,Yes,No,11,Yes,Yes,DSL,No,Yes,Yes,Yes,Yes,No,Month-to-month,No,Mailed check,93.12,1026.84,1
3237-['V' 'M' 'W' 'T' 'Q'],Male,0,Yes,No,28,Yes,No,DSL,No,No,Yes,Yes,Yes,Yes,Month-to-month,Yes,Electronic check,92.3,2588.74,1
5005-['D' 'Q' 'U' 'U' 'U'],Female,1,No,Yes,64,Yes,Yes,Fiber optic,No,No,Yes,No,No,Yes,Month-to-month,No,Mailed check,99.98,6384.53,1
2694-['P' 'V' 'K' 'B' 'Q'],Male,1,No,No,48,Yes,Yes,Fiber optic,No,Yes,No,No,Yes,Yes,Month-to-month,Yes,Electronic check,110.37,5287.12,1
1142-['R' 'J' 'F' 'U' 'P'],Male,0,Yes,No,3,Yes,No,Fiber optic,No,No,Yes,Yes,Yes,No,Month-to-month,Yes,Mailed check,96.03,283.03,1
9484-['L' 'F' 'N' 'Z' 'W'],Female,0,Yes,No,27,No,No,DSL,No,No,No,No,No,No,Month-to-month,Yes,Mailed check,41.94,1126.09,1
9463-['Y' 'G' 'B' 'F' 'I'],Female,0,Yes,Yes,49,Yes,Yes,DSL,No,Yes,Yes,No,Yes,No,Month-to-month,Yes,Mailed check,90.67,4429.07,1
4174-['B' 'S' 'H' 'K' 'Y'],Female,0,No,No,11,Yes,No,DSL,No,No,No,No,Yes,Yes,Two year,Yes,Bank transfer (automatic),81.68,899.02,0
4171-['P' 'Y' 'R' 'M' 'E'],Male,0,No,Yes,17,Yes,No,Fiber optic,Yes,No,Yes,Yes,No,Yes,Two year,Yes,Mailed check,105.06,1779.1,0
6985-['K' 'A' 'M' 'E' 'R'],Male,0,No,Yes,5,Yes,Yes,DSL,No,Yes,No,No,No,Yes,Month-to-month,No,Electronic check,87.34,436.12,1
1589-['M' 'G' 'H' 'R' 'G'],Female,0,No,Yes,67,Yes,No,DSL,No,No,Yes,Yes,No,No,Month-to-month,Yes,Bank transfer (automatic),69.64,4655.75,0
7515-['Q' 'P' 'K' 'S' 'A'],Female,0,No,No,22,Yes,No,Fiber optic,Yes,No,No,No,No,No,One year,Yes,Mailed check,78.35,1732.43,1
5222-['H' 'A' 'I' 'S' 'U'],Male,1,Yes,No,27,Yes,Yes,DSL,No,No,No,Yes,No,Yes,One year,Yes,Bank transfer (automatic),85.92,2333.76,1
5392-['U' 'Y' 'J' 'X' 'W'],Male,0,No,Yes,39,Yes,No,Fiber optic,Yes,Yes,No,No,No,No,Month-to-month,No,Electronic check,87.72,3416.57,1
8257-['H' 'T' 'L' 'A' 'J'],Female,0,No,Yes,47,Yes,No,DSL,Yes,No,Yes,No,Yes,Yes,Two year,No,Electronic check,88.93,4165.26,0
6938-['F' 'E' 'E' 'R' 'C'],Male,0,No,No,33,No,No,No,No,No,No,No,No,No,Month-to-month,No,Electronic check,19.66,646.8,1
5474-['V' 'B' 'D' 'R' 'I'],Female,0,Yes,Yes,61,Yes,Yes,DSL,Yes,No,No,Yes,Yes,No,One year,Yes,Credit card (automatic),86.74,5291.72,0
2394-['Z' 'J' 'V' 'O' 'A'],Male,0,Yes,Yes,57,Yes,Yes,Fiber optic,Yes,Yes,No,Yes,Yes,No,Two year,No,Electronic check,109.59,6235.39,0
4434-['N' 'J' 'S' 'X' 'U'],Female,1,Yes,No,33,No,No,Fiber optic,No,Yes,Yes,No,Yes,Yes,Month-to-month,No,Bank transfer (automatic),86.5,2860.17,1
1711-['B' 'W' 'Y' 'G' 'S'],Male,0,Yes,No,56,Yes,No,No,No,No,No,No,No,No,One year,Yes,Electronic check,33.9,1890.54,0
1390-['O' 'H' 'N' 'A' 'M'],Male,1,No,No,28,Yes,No,No,No,No,No,No,No,No,Month-to-month,Yes,Mailed check,34.1,935.12,1
9116-['F' 'S' 'O' 'D' 'U'],Male,0,No,No,51,Yes,No,Fiber optic,No,No,No,No,No,Yes,Two year,Yes,Electronic check,87.47,4441.41,0
8769-['Y' 'J' 'H' 'L' 'V'],Female,0,No,Yes,7,Yes,No,Fiber optic,No,Yes,Yes,No,No,Yes,One year,Yes,Bank transfer (automatic),94.97,678.44,1
7905-['C' 'R' 'W' 'H' 'Z'],Female,0,No,No,15,Yes,Yes,DSL,Yes,No,Yes,No,No,No,Month-to-month,No,Electronic check,81.54,1227.3,0
7240-['N' 'V' 'W' 'M' 'Y'],Female,0,No,No,29,Yes,No,DSL,No,No,Yes,No,No,No,Month-to-month,No,Mailed check,63.04,1833.57,1
6602-['R' 'U' 'M' 'O' 'J'],Male,0,Yes,Yes,25,Yes,Yes,Fiber optic,No,No,No,No,No,No,Month-to-month,Yes,Credit card (automatic),85.39,2147.96,1
9956-['F' 'I' 'J' 'O' 'I'],Male,1,Yes,No,56,Yes,Yes,Fiber optic,No,No,No,Yes,Yes,Yes,One year,Yes,Electronic check,111.2,6239.61,0
6642-['G' 'X' 'Z' 'B' 'N'],Female,0,No,No,38,Yes,No,No,No,No,No,No,No,No,One year,No,Bank transfer (automatic),36.07,1364.6,1
2637-['E' 'E' 'S' 'S' 'F'],Male,0,Yes,No,32,Yes,No,Fiber optic,No,No,Yes,No,No,Yes,Month-to-month,Yes,Credit card (automatic),92.08,2954.93,1
9089-['J' 'W' 'N' 'Q' 'C'],Female,0,No,No,30,Yes,Yes,DSL,No,No,No,No,No,Yes,Month-to-month,No,Electronic check,77.11,2321.82,1
7107-['A' 'J' 'C' 'E' 'Y'],Male,0,No,No,20,Yes,Yes,Fiber optic,Yes,No,No,No,No,No,Month-to-month,Yes,Mailed check,90.06,1800.74,0
9361-['Z' 'Y' 'P' 'A' 'F'],Male,0,No,Yes,49,Yes,Yes,Fiber optic,Yes,No,No,Yes,Yes,No,Month-to-month,No,Electronic check,107.57,5283.18,1
3248-['E' 'N' 'J' 'B' 'E'],Male,1,No,Yes,5,Yes,Yes,No,No,No,No,No,No,No,Two year,Yes,Bank transfer (automatic),47.25,235.06,0
2688-['J' 'Z' 'Y' 'V' 'I'],Female,0,Yes,No,59,Yes,No,Fiber optic,No,No,No,No,Yes,No,Month-to-month,No,Mailed check,85.28,5040.48,0
7030-['D' 'M' 'F' 'T' 'Q'],Female,0,No,No,72,Yes,Yes,DSL,Yes,No,No,Yes,Yes,Yes,Month-to-month,No,Mailed check,101.26,7297.06,0
5516-['O' 'H' 'Y' 'E' 'X'],Female,0,No,No,12,Yes,No,Fiber optic,No,No,Yes,No,Yes,Yes,Two year,Yes,Mailed check,98.07,1192.76,0
6728-['A' 'G' 'V' 'E' 'N'],Male,0,No,Yes,57,Yes,No,No,No,No,No,No,No,No,Month-to-month,Yes,Credit card (automatic),32.37,1840.09,0
4598-['U' 'Y' 'Q' 'X' 'R'],Male,0,No,No,43,Yes,No,No,No,No,No,No,No,No,Month-to-month,Yes,Mailed check,34.79,1492.43,1
7790-['V' 'Z' 'R' 'S' 'T'],Male,0,Yes,Yes,31,Yes,No,No,No,No,No,No,No,No,Two year,Yes,Credit card (automatic),32.96,1038.85,0
3438-['H' 'M' 'R' 'X' 'K'],Male,0,Yes,No,58,Yes,No,No,No,No,No,No,No,No,Month-to-month,No,Credit card (automatic),37.23,2163.7,0
6480-['W' 'A' 'V' 'H' 'U'],Female,0,No,No,44,Yes,No,DSL,Yes,No,No,Yes,Yes,Yes,Month-to-month,Yes,Bank transfer (automatic),85.63,3779.17,1
2835-['B' 'O' 'U' 'X' 'R'],Female,0,Yes,No,54,Yes,No,Fiber optic,No,No,No,No,No,Yes,Two year,Yes,Bank transfer (automatic),84.8,4575.07,1
2744-['O' 'T' 'T' 'I' 'C'],Male,0,Yes,No,48,Yes,No,No,No,No,No,No,No,No,One year,Yes,Mailed check,36.92,1775.11,0
8378-['R' 'T' 'H' 'A' 'X'],Female,0,No,No,60,Yes,Yes,No,No,No,No,No,No,No,Month-to-month,Yes,Mailed check,43.23,2579.72,0
5779-['F' 'M' 'D' 'M' 'Q'],Male,0,No,No,39,Yes,Yes,Fiber optic,Yes,No,No,No,Yes,No,Month-to-month,Yes,Credit card (automatic),102.67,3999.26,1
3045-['A' 'E' 'X' 'Q' 'R'],Male,0,No,No,33,Yes,Yes,Fiber optic,No,Yes,No,No,No,No,Two year,Yes,Credit card (automatic),88.85,2934.96,0
4563-['N' 'S' 'K' 'L' 'M'],Female,0,No,Yes,11,Yes,Yes,DSL,No,No,No,Yes,No,No,Month-to-month,Yes,Mailed check,76.21,835.33,1
4591-['A' 'I' 'B' 'N' 'M'],Female,0,No,Yes,14,Yes,No,Fiber optic,Yes,Yes,Yes,Yes,Yes,No,Month-to-month,No,Electronic check,106.56,1497.13,1
4311-['B' 'D' 'L' 'P' 'J'],Female,0,No,No,8,Yes,Yes,Fiber optic,Yes,No,No,No,Yes,No,Month-to-month,Yes,Electronic check,102.19,822.11,1
6462-['E' 'R' 'C' 'J' 'K'],Male,0,No,No,19,Yes,Yes,Fiber optic,Yes,Yes,Yes,Yes,Yes,No,One year,No,Bank transfer (automatic),116.69,2225.08,0
4730-['N' 'U' 'K' 'U' 'D'],Male,0,Yes,No,48,Yes,No,Fiber optic,No,Yes,No,No,No,No,Month-to-month,No,Mailed check,84.99,4072.62,1
7423-['V' 'F' 'Q' 'V' 'S'],Male,0,Yes,Yes,13,Yes,Yes,No,No,No,No,No,No,No,Month-to-month,Yes,Bank transfer (automatic),43.39,567.67,1
1841-['K' 'F' 'B' 'A' 'K'],Female,0,Yes,Yes,4,Yes,Yes,No,No,No,No,No,No,No,Month-to-month,Yes,Mailed check,44.43,183.62,1
7558-['P' 'C' 'E' 'O' 'O'],Female,0,No,Yes,47,No,No,DSL,Yes,Yes,Yes,No,Yes,Yes,One year,Yes,Mailed check,79.66,3726.46,0
4801-['Y' 'Q' 'O' 'E' 'M'],Female,0,Yes,No,56,Yes,Yes,Fiber optic,No,Yes,No,No,Yes,No,Two year,Yes,Bank transfer (automatic),101.91,5721.9,0
1899-['V' 'Q' 'V' 'Q' 'N'],Female,0,No,No,59,No,No,DSL,No,No,Yes,Yes,No,Yes,Month-to-month,No,Mailed check,63.16,3726.78,1
2633-['Z' 'M' 'V' 'P' 'P'],Female,0,Yes,No,71,Yes,Yes,DSL,Yes,No,No,No,No,Yes,Two year,No,Electronic check,87.33,6198.09,0
2013-['X' 'D' 'C' 'F' 'D'],Female,1,No,No,42,Yes,No,Fiber optic,Yes,Yes,No,No,No,No,Month-to-month,Yes,Mailed check,85.12,3572.36,1
1977-['F' 'Z' 'E' 'I' 'K'],Female,0,No,No,63,Yes,No,Fiber optic,No,Yes,No,No,Yes,No,Month-to-month,No,Electronic check,91.28,5749.94,1
5901-['P' 'S' 'K' 'U' 'O'],Male,0,No,No,1,Yes,No,DSL,No,No,Yes,Yes,Yes,No,Month-to-month,Yes,Credit card (automatic),81.48,81.23,0
1473-['X' 'I' 'X' 'S' 'Y'],Female,0,Yes,Yes,0,Yes,No,Fiber optic,No,No,No,Yes,Yes,Yes,Month-to-month,No,Bank transfer (automatic),100.07,0.0,1
5310-['D' 'J' 'I' 'S' 'O'],Female,0,Yes,No,63,Yes,No,DSL,Yes,Yes,Yes,No,No,Yes,Month-to-month,Yes,Bank transfer (automatic),88.63,5583.76,0
4570-['B' 'J' 'S' 'Q' 'T'],Male,0,Yes,Yes,71,Yes,Yes,Fiber optic,No,No,No,Yes,No,Yes,Month-to-month,Yes,Mailed check,99.61,7073.19,0
5279-['U' 'B' 'S' 'Q' 'R'],Male,0,Yes,No,23,Yes,Yes,No,No,No,No,No,No,No,Month-to-month,No,Mailed check,46.63,1077.12,1
3369-['S' 'A' 'K' 'Y' 'J'],Female,0,Yes,Yes,1,Yes,Yes,DSL,No,Yes,Yes,Yes,Yes,Yes,One year,Yes,Electronic check,103.69,121.14,1
1687-['X' 'E' 'X' 'W' 'L'],Male,1,Yes,No,58,Yes,No,Fiber optic,No,No,Yes,Yes,Yes,Yes,Month-to-month,Yes,Bank transfer (automatic),102.24,5913.04,1
1419-['W' 'F' 'S' 'I' 'L'],Female,0,Yes,No,33,No,No,DSL,No,No,No,No,Yes,No,Month-to-month,Yes,Bank transfer (automatic),54.95,1812.67,1
6593-['O' 'P' 'M' 'Y' 'U'],Female,0,No,No,55,Yes,Yes,Fiber optic,No,Yes,No,No,No,No,One year,Yes,Mailed check,89.3,4907.72,0
1439-['G' 'Y' 'W' 'T' 'D'],Female,0,No,No,4,Yes,Yes,No,No,No,No,No,No,No,Month-to-month,Yes,Bank transfer (automatic),44.01,168.59,1
8466-['H' 'F' 'Y' 'J' 'G'],Male,0,No,No,54,Yes,No,DSL,No,No,No,No,No,No,Month-to-month,Yes,Credit card (automatic),60.87,3284.0,0
4078-['D' 'C' 'X' 'G' 'D'],Male,1,No,No,35,Yes,Yes,Fiber optic,No,No,Yes,No,No,Yes,Two year,No,Credit card (automatic),101.48,3557.99,0
2900-['T' 'Q' 'G' 'Q' 'Z'],Female,0,Yes,No,71,Yes,Yes,DSL,No,Yes,Yes,Yes,No,Yes,Month-to-month,No,Credit card (automatic),99.53,7062.04,0
3329-['D' 'K' 'C' 'K' 'C'],Male,0,Yes,Yes,54,No,No,Fiber optic,No,Yes,Yes,No,Yes,No,Month-to-month,No,Electronic check,78.98,4260.73,0
1749-['M' 'M' 'X' 'O' 'Q'],Female,0,Yes,No,9,Yes,No,Fiber optic,No,No,No,No,No,No,Two year,Yes,Credit card (automatic),75.03,665.29,0
4837-['V' 'W' 'Z' 'N' 'L'],Female,0,No,Yes,45,Yes,No,Fiber optic,No,No,No,No,No,Yes,One year,Yes,Credit card (automatic),86.49,3879.4,1
3161-['D' 'N' 'S' 'M' 'Y'],Male,0,Yes,No,51,No,No,Fiber optic,No,No,Yes,No,No,No,Month-to-month,No,Credit card (automatic),65.21,3323.43,0
7141-['W' 'R' 'K' 'F' 'I'],Male,0,No,Yes,61,Yes,No,Fiber optic,No,Yes,No,No,Yes,Yes,Month-to-month,No,Electronic check,95.83,5854.18,0
6037-['O' 'K' 'F' 'N' 'C'],Male,0,Yes,No,3,Yes,No,Fiber optic,No,No,No,Yes,Yes,Yes,Month-to-month,Yes,Mailed check,100.12,294.86,1
3451-['Y' 'K' 'X' 'Q' 'Q'],Female,0,No,No,55,Yes,Yes,Fiber optic,No,No,No,No,Yes,No,One year,Yes,Electronic check,94.0,5177.87,1
2186-['N' 'G' 'Y' 'S' 'C'],Male,0,Yes,No,10,No,No,DSL,No,No,No,Yes,Yes,No,Month-to-month,No,Bank transfer (automatic),57.47,568.39,1
5089-['Q' 'I' 'V' 'F' 'X'],Male,0,No,Yes,49,No,No,DSL,No,No,No,No,Yes,No,Month-to-month,No,Electronic check,52.42,2568.26,1
8450-['U' 'I' 'E' 'B' 'V'],Male,0,No,No,60,Yes,No,DSL,No,No,No,Yes,Yes,No,One year,Yes,Bank transfer (automatic),78.68,4710.96,0
7792-['S' 'J' 'D' 'J' 'H'],Female,0,No,Yes,22,Yes,Yes,Fiber optic,No,No,No,No,No,Yes,Two year,No,Electronic check,95.97,2111.69,0
2845-['M' 'G' 'G' 'D' 'O'],Female,0,No,No,29,Yes,Yes,DSL,Yes,Yes,No,Yes,Yes,No,Month-to-month,No,Bank transfer (automatic),96.3,2784.91,0
6835-['P' 'F' 'I' 'C' 'H'],Female,0,Yes,No,24,Yes,Yes,Fiber optic,No,No,Yes,Yes,Yes,Yes,Month-to-month,No,Electronic check,117.64,2810.53,0
7732-['S' 'G' 'J' 'Y' 'L'],Female,0,No,Yes,29,Yes,Yes,Fiber optic,No,No,No,No,Yes,Yes,One year,No,Credit card (automatic),104.72,3061.16,1
6177-['Y' 'X' 'L' 'S' 'O'],Female,1,No,No,38,Yes,No,DSL,No,No,No,Yes,Yes,Yes,Month-to-month,Yes,Mailed check,87.01,3302.73,1
4915-['T' 'F' 'J' 'B' 'X'],Male,0,Yes,Yes,10,No,No,Fiber optic,No,Yes,Yes,Yes,Yes,Yes,Month-to-month,Yes,Credit card (automatic),93.3,936.37,1
2432-['G' 'H' 'W' 'P' 'K'],Male,0,No,No,72,Yes,Yes,Fiber optic,Yes,No,No,No,Yes,No,Month-to-month,Yes,Electronic check,99.95,7179.83,0
9611-['Q' 'P' 'S' 'W' 'K'],Female,0,Yes,No,35,Yes,No,DSL,No,No,Yes,No,Yes,Yes,One year,Yes,Mailed check,83.56,2945.82,1
5102-['M' 'S' 'Q' 'Z' 'Y'],Male,1,Yes,No,51,Yes,Yes,DSL,No,No,Yes,No,Yes,Yes,Month-to-month,Yes,Bank transfer (automatic),96.01,4868.6,0
6243-['V' 'M' 'L' 'G' 'A'],Female,0,No,Yes,4,Yes,Yes,Fiber optic,No,Yes,No,Yes,Yes,No,Month-to-month,No,Mailed check,104.59,430.39,1
8466-['X' 'Z' 'I' 'Q' 'D'],Female,1,Yes,No,13,Yes,No,No,No,No,No,No,No,No,Month-to-month,Yes,Bank transfer (automatic),39.66,508.57,1
2523-['S' 'G' 'A' 'I' 'M'],Female,1,Yes,No,19,Yes,No,Fiber optic,Yes,No,Yes,Yes,No,No,Month-to-month,No,Bank transfer (automatic),86.41,1636.37,0
4671-['B' 'B' 'X' 'O' 'Q'],Female,0,Yes,No,19,No,No,Fiber optic,No,No,Yes,No,No,No,Month-to-month,Yes,Bank transfer (automatic),60.95,1158.46,1
2982-['C' 'W' 'V' 'O' 'G'],Female,0,No,No,43,Yes,No,Fiber optic,Yes,No,Yes,Yes,Yes,Yes,Month-to-month,No,Electronic check,112.42,4842.01,1
6529-['A' 'N' 'S' 'P' 'J'],Female,0,No,Yes,24,Yes,Yes,Fiber optic,No,No,No,No,Yes,Yes,Two year,Yes,Credit card (automatic),104.47,2513.03,0
7208-['E' 'C' 'Q' 'R' 'Z'],Male,0,Yes,No,40,No,No,Fiber optic,No,No,No,Yes,No,No,Two year,Yes,Electronic check,61.21,2455.86,0
8476-['S' 'V' 'Y' 'V' 'R'],Male,0,No,No,68,Yes,Yes,No,No,No,No,No,No,No,Two year,Yes,Electronic check,44.97,3071.38,0
8951-['B' 'O' 'M' 'M' 'P'],Male,1,Yes,Yes,1,Yes,Yes,No,No,No,No,No,No,No,Month-to-month,Yes,Credit card (automatic),43.05,50.8,0
4015-['V' 'J' 'W' 'A' 'L'],Male,0,No,No,11,Yes,Yes,Fiber optic,Yes,No,No,Yes,Yes,No,One year,No,Bank transfer (automatic),108.03,1198.68,1
2608-['P' 'R' 'H' 'W' 'K'],Male,1,Yes,No,27,Yes,No,Fiber optic,No,Yes,Yes,Yes,Yes,Yes,Two year,No,Credit card (automatic),109.33,2956.37,1
6565-['T' 'S' 'D' 'T' 'Z'],Male,0,Yes,Yes,43,Yes,Yes,Fiber optic,No,Yes,No,Yes,No,No,Two year,Yes,Electronic check,94.16,4048.77,1
5169-['X' 'M' 'T' 'N' 'U'],Female,0,No,No,12,Yes,Yes,Fiber optic,No,No,Yes,Yes,Yes,No,Month-to-month,Yes,Electronic check,105.2,1275.09,1
2692-['D' 'G' 'S' 'Q' 'P'],Female,0,No,No,42,No,No,Fiber optic,No,Yes,No,Yes,Yes,Yes,Two year,Yes,Credit card (automatic),89.63,3743.92,0
7092-['X' 'X' 'V' 'W' 'Z'],Female,0,No,No,54,Yes,Yes,Fiber optic,No,No,No,No,No,Yes,Month-to-month,No,Bank transfer (automatic),97.35,5248.74,1
7228-['L' 'W' 'Y' 'A' 'O'],Female,1,No,No,7,Yes,Yes,DSL,No,No,Yes,No,No,Yes,Two year,No,Electronic check,84.66,578.32,1
3498-['F' 'N' 'W' 'F' 'A'],Male,0,Yes,Yes,63,Yes,No,No,No,No,No,No,No,No,One year,Yes,Bank transfer (automatic),35.13,2222.84,0
9307-['F' 'H' 'Z' 'O' 'N'],Female,0,No,No,11,Yes,No,No,No,No,No,No,No,No,Month-to-month,No,Mailed check,36.32,379.26,0
6999-['T' 'W' 'P' 'S' 'X'],Male,0,Yes,No,40,Yes,No,DSL,No,No,No,No,Yes,Yes,Month-to-month,Yes,Bank transfer (automatic),79.32,3190.41,1
9160-['D' 'X' 'J' 'T' 'R'],Male,0,No,No,43,Yes,Yes,DSL,No,Yes,Yes,No,Yes,No,Month-to-month,No,Credit card (automatic),91.46,3940.33,0
5897-['D' 'O' 'D' 'P' 'O'],Male,0,No,No,10,Yes,No,DSL,Yes,Yes,No,No,Yes,No,Month-to-month,No,Credit card (automatic),78.62,779.73,1
7161-['G' 'O' 'V' 'K' 'S'],Male,0,Yes,No,18,Yes,Yes,DSL,No,Yes,No,No,Yes,Yes,Month-to-month,No,Electronic check,99.29,1788.85,1
9103-['X' 'A' 'C' 'E' 'R'],Male,0,No,Yes,59,Yes,No,No,No,No,No,No,No,No,Month-to-month,Yes,Electronic check,33.56,1995.2,0
3251-['U' 'Z' 'S' 'I' 'K'],Male,0,No,No,71,Yes,No,DSL,No,No,No,Yes,Yes,No,Month-to-month,No,Electronic check,77.78,5522.98,1
1432-['P' 'D' 'J' 'V' 'O'],Female,0,Yes,No,26,Yes,Yes,Fiber optic,No,No,No,No,Yes,No,Month-to-month,Yes,Electronic check,94.61,2473.97,1
5600-['S' 'C' 'U' 'W' 'E'],Female,1,No,No,70,No,No,DSL,Yes,No,No,No,Yes,Yes,One year,Yes,Mailed check,66.8,4672.28,0
9287-['K' 'X' 'E' 'G' 'F'],Female,0,No,No,26,Yes,No,Fiber optic,No,No,Yes,No,Yes,Yes,One year,No,Credit card (automatic),101.99,2666.34,1
7045-['Z' 'M' 'B' 'S' 'K'],Female,0,Yes,Yes,13,No,No,DSL,Yes,Yes,No,No,No,No,Month-to-month,Yes,Electronic check,55.79,738.94,1
6562-['T' 'E' 'I' 'F' 'Q'],Female,0,No,No,23,Yes,No,DSL,Yes,Yes,No,No,No,Yes,Month-to-month,Yes,Mailed check,79.58,1843.55,0
7406-['E' 'O' 'J' 'X' 'P'],Female,0,Yes,No,63,Yes,Yes,No,No,No,No,No,No,No,Month-to-month,No,Bank transfer (automatic),44.72,2813.67,0
7154-['I' 'Q' 'I' 'C' 'V'],Female,0,No,Yes,23,No,No,DSL,No,Yes,Yes,Yes,Yes,No,Month-to-month,Yes,Credit card (automatic),70.89,1642.28,1
3003-['P' 'G' 'G' 'T' 'Y'],Male,1,No,No,1,Yes,No,DSL,Yes,Yes,No,No,No,No,Two year,No,Credit card (automatic),69.41,62.77,1
8458-['L' 'X' 'H' 'M' 'T'],Male,1,No,No,51,Yes,Yes,Fiber optic,Yes,No,Yes,No,Yes,No,Month-to-month,Yes,Electronic check,106.78,5450.89,0
3159-['G' 'D' 'L' 'Q' 'A'],Female,0,Yes,No,11,Yes,No,DSL,No,Yes,No,No,No,Yes,Month-to-month,Yes,Mailed check,73.64,812.94,1
6765-['L' 'Z' 'K' 'U' 'K'],Female,0,Yes,No,64,Yes,No,Fiber optic,No,Yes,No,No,Yes,Yes,One year,No,Bank transfer (automatic),101.54,6497.71,0
1209-['H' 'Y' 'G' 'N' 'P'],Male,0,Yes,No,59,Yes,Yes,No,No,No,No,No,No,No,One year,Yes,Credit card (automatic),46.41,2732.4,0
9075-['I' 'T' 'W' 'U' 'P'],Female,1,No,No,57,Yes,No,DSL,No,Yes,Yes,No,No,Yes,One year,Yes,Credit card (automatic),81.49,4642.47,0
8257-['E' 'V' 'S' 'J' 'G'],Male,0,No,No,41,Yes,Yes,Fiber optic,No,No,No,Yes,Yes,No,One year,No,Bank transfer (automatic),98.53,4028.31,0
2624-['N' 'O' 'M' 'J' 'N'],Female,0,No,No,0,Yes,No,DSL,Yes,No,No,No,No,No,Month-to-month,Yes,Mailed check,64.8,0.0,1
8769-['U' 'W' 'L' 'S' 'F'],Male,1,No,No,21,Yes,Yes,Fiber optic,Yes,No,No,Yes,No,Yes,One year,Yes,Credit card (automatic),106.53,2239.03,0
7667-['X' 'M' 'H' 'P' 'B'],Male,1,No,No,71,Yes,Yes,No,No,No,No,No,No,No,Two year,Yes,Electronic check,45.59,3242.86,0
1422-['L' 'G' 'S' 'N' 'I'],Female,0,No,Yes,12,Yes,No,Fiber optic,No,No,Yes,Yes,No,Yes,One year,Yes,Electronic check,94.88,1160.66,1
9945-['K' 'P' 'S' 'K' 'R'],Female,0,No,No,64,Yes,No,Fiber optic,Yes,No,No,No,Yes,Yes,Two year,Yes,Electronic check,101.05,6465.95,0
3712-['D' 'R' 'S' 'M' 'D'],Male,0,No,Yes,37,Yes,Yes,DSL,No,No,No,Yes,Yes,Yes,Month-to-month,Yes,Electronic check,96.09,3558.89,1
2533-['J' 'V' 'E' 'C' 'P'],Female,0,No,Yes,63,Yes,No,DSL,Yes,Yes,No,No,Yes,Yes,Month-to-month,Yes,Mailed check,90.21,5700.12,0
9887-['G' 'S' 'N' 'O' 'Q'],Female,0,Yes,No,51,Yes,Yes,Fiber optic,No,Yes,No,Yes,Yes,No,Month-to-month,Yes,Bank transfer (automatic),107.06,5453.89,0
8877-['W' 'O' 'L' 'U' 'T'],Male,0,No,No,31,Yes,No,Fiber optic,No,No,Yes,Yes,Yes,Yes,One year,No,Credit card (automatic),106.08,3298.58,0
1065-['E' 'I' 'T' 'N' 'R'],Male,0,No,Yes,26,Yes,No,Fiber optic,No,No,No,Yes,Yes,Yes,One year,Yes,Electronic check,100.98,2629.25,1
6447-['B' 'I' 'G' 'R' 'P'],Female,0,Yes,No,60,Yes,No,DSL,Yes,Yes,No,No,No,Yes,One year,No,Electronic check,78.55,4707.55,1
2748-['E' 'W' 'O' 'E' 'K'],Female,0,Yes,No,61,Yes,Yes,Fiber optic,No,No,No,No,Yes,No,Month-to-month,Yes,Credit card (automatic),99.22,6052.77,0
4093-['N' 'Y' 'S' 'C' 'X'],Male,0,No,No,2,Yes,No,DSL,Yes,Yes,Yes,No,No,No,One year,Yes,Mailed check,74.38,150.33,0
5329-['F' 'Z' 'C' 'B' 'M'],Male,0,No,No,30,Yes,Yes,Fiber optic,No,No,No,Yes,Yes,Yes,Month-to-month,Yes,Mailed check,104.1,3112.34,1
9497-['B' 'O' 'E' 'O' 'U'],Male,0,No,No,63,Yes,Yes,No,No,No,No,No,No,No,Month-to-month,No,Electronic check,44.76,2813.32,1
8903-['R' 'O' 'T' 'W' 'C'],Female,0,Yes,No,41,Yes,No,No,No,No,No,No,No,No,Month-to-month,Yes,Electronic check,33.87,1380.77,0
6156-['K' 'I' 'E' 'Y' 'A'],Male,0,No,Yes,57,No,No,Fiber optic,Yes,No,No,Yes,No,Yes,Month-to-month,Yes,Mailed check,76.76,4347.32,1
3599-['U' 'N' 'P' 'F' 'H'],Female,0,No,No,42,Yes,Yes,DSL,Yes,Yes,Yes,No,Yes,No,Month-to-month,Yes,Mailed check,97.84,4108.79,0
6473-['S' 'I' 'E' 'E' 'Y'],Male,0,Yes,Yes,31,Yes,No,No,No,No,No,No,No,No,Month-to-month,No,Mailed check,36.48,1138.32,1
5505-['S' 'D' 'P' 'P' 'P'],Female,0,No,Yes,29,Yes,No,Fiber optic,No,No,Yes,No,Yes,No,Month-to-month,No,Electronic check,94.07,2736.72,0
5863-['G' 'R' 'X' 'U' 'A'],Female,1,No,No,60,Yes,Yes,Fiber optic,Yes,No,No,No,Yes,Yes,One year,Yes,Electronic check,110.46,6620.29,1
7622-['Y' 'U' 'H' 'A' 'G'],Male,0,No,No,27,Yes,Yes,DSL,Yes,No,Yes,No,Yes,Yes,Month-to-month,Yes,Mailed check,101.08,2716.61,1
2159-['S' 'Q' 'K' 'O' 'I'],Female,0,Yes,No,44,Yes,Yes,Fiber optic,Yes,No,Yes,No,No,No,One year,Yes,Electronic check,95.03,4187.2,1
7117-['I' 'R' 'T' 'B' 'D'],Male,0,No,No,9,No,No,Fiber optic,No,No,No,No,No,Yes,Month-to-month,No,Electronic check,70.25,627.42,1
9177-['A' 'K' 'C' 'H' 'E'],Female,0,No,No,15,Yes,No,Fiber optic,Yes,No,Yes,No,No,Yes,One year,Yes,Electronic check,95.02,1419.22,0
8679-['T' 'U' 'V' 'V' 'E'],Female,0,Yes,No,30,No,No,No,No,No,No,No,No,No,Two year,Yes,Mailed check,19.7,582.36,0
6898-['L' 'V' 'I' 'U' 'M'],Female,1,Yes,Yes,9,Yes,Yes,DSL,No,No,Yes,No,No,No,Month-to-month,No,Bank transfer (automatic),76.19,687.99,1
5723-['C' 'M' 'V' 'K' 'K'],Male,0,Yes,Yes,11,Yes,Yes,DSL,Yes,No,No,No,No,No,Month-to-month,No,Mailed check,75.63,826.61,1
2876-['T' 'U' 'G' 'Q' 'P'],Male,0,Yes,Yes,27,Yes,No,DSL,No,Yes,No,No,No,Yes,Two year,Yes,Credit card (automatic),76.75,2074.2,0
3750-['A' 'K' 'M' 'A' 'B'],Female,0,Yes,No,17,Yes,No,Fiber optic,No,No,No,No,Yes,No,Month-to-month,Yes,Bank transfer (automatic),83.02,1424.57,1
5172-['E' 'I' 'M' 'E' 'O'],Male,0,No,No,51,Yes,Yes,DSL,No,Yes,No,No,Yes,Yes,Two year,No,Mailed check,94.94,4855.56,1
3182-['N' 'P' 'F' 'B' 'P'],Female,0,Yes,No,27,No,No,Fiber optic,Yes,No,No,Yes,Yes,Yes,Month-to-month,Yes,Mailed check,91.96,2475.05,1
2522-['E' 'D' 'N' 'F' 'H'],Male,0,No,No,27,Yes,No,No,No,No,No,No,No,No,Month-to-month,Yes,Electronic check,38.02,1018.56,1
5887-['C' 'D' 'A' 'B' 'M'],Male,1,No,Yes,63,Yes,Yes,No,No,No,No,No,No,No,One year,No,Electronic check,47.01,2953.96,0
8944-['L' 'J' 'J' 'R' 'L'],Female,0,Yes,No,13,Yes,Yes,DSL,No,Yes,No,Yes,No,No,Month-to-month,Yes,Mailed check,77.12,993.51,1
6629-['P' 'W' 'F' 'X' 'Y'],Female,0,Yes,No,7,Yes,No,No,No,No,No,No,No,No,Month-to-month,No,Electronic check,33.42,231.49,1
3199-['U' 'X' 'J' 'O' 'Z'],Female,1,No,No,2,Yes,Yes,Fiber optic,No,No,Yes,No,Yes,No,Month-to-month,Yes,Electronic check,100.16,193.36,1
1360-['X' 'B' 'R' 'L' 'C'],Male,0,No,Yes,8,Yes,No,No,No,No,No,No,No,No,Month-to-month,No,Mailed check,37.73,295.33,0
4943-['Y' 'F' 'A' 'N' 'P'],Female,0,Yes,No,46,Yes,No,Fiber optic,No,No,No,No,No,Yes,Month-to-month,Yes,Mailed check,85.1,3927.0,1
5795-['P' 'D' 'F' 'O' 'V'],Female,1,No,Yes,62,Yes,Yes,Fiber optic,Yes,Yes,No,No,Yes,Yes,Two year,No,Bank transfer (automatic),115.55,7156.14,0
7270-['H' 'A' 'M' 'R' 'R'],Male,0,No,No,39,Yes,Yes,Fiber optic,Yes,No,No,No,Yes,No,One year,Yes,Credit card (automatic),99.85,3893.92,1
9149-['N' 'K' 'G' 'R' 'U'],Male,0,No,No,23,Yes,Yes,Fiber optic,No,No,No,No,No,No,Month-to-month,Yes,Bank transfer (automatic),83.28,1921.63,1
6333-['D' 'Q' 'S' 'N' 'J'],Female,0,Yes,No,70,Yes,No,Fiber optic,No,Yes,No,Yes,No,Yes,One year,No,Bank transfer (automatic),95.57,6712.7,1
2848-['F' 'R' 'Y' 'D' 'K'],Female,0,No,No,12,Yes,No,Fiber optic,No,No,Yes,No,Yes,Yes,Month-to-month,No,Mailed check,96.48,1147.02,1
6351-['J' 'W' 'K' 'C' 'O'],Male,0,No,No,5,Yes,Yes,Fiber optic,Yes,Yes,No,Yes,Yes,No,Month-to-month,Yes,Mailed check,110.8,561.15,1
2543-['T' 'R' 'U' 'A' 'X'],Male,0,Yes,No,50,Yes,No,Fiber optic,Yes,No,No,Yes,No,Yes,Month-to-month,No,Electronic check,94.55,4728.14,0
2181-['H' 'C' 'A' 'T' 'Y'],Male,1,No,Yes,59,No,No,DSL,No,Yes,No,Yes,No,No,Two year,Yes,Mailed check,59.74,3524.92,1
1719-['I' 'Q' 'P' 'W' 'F'],Male,0,Yes,No,28,Yes,No,DSL,No,No,No,No,No,No,One year,No,Mailed check,60.26,1681.26,1
9861-['W' 'G' 'X' 'P' 'H'],Female,0,No,No,15,Yes,No,Fiber optic,No,Yes,No,Yes,No,No,Two year,No,Electronic check,83.12,1246.7,0
7090-['B' 'L' 'T' 'T' 'M'],Female,0,Yes,Yes,63,Yes,No,Fiber optic,No,Yes,No,No,Yes,No,Month-to-month,Yes,Mailed check,86.23,5432.6,0
3458-['Z' 'L' 'M' 'H' 'P'],Male,0,Yes,Yes,54,Yes,Yes,DSL,Yes,No,Yes,No,Yes,Yes,Month-to-month,Yes,Mailed check,99.68,5356.27,0
3749-['C' 'M' 'L' 'S' 'B'],Female,0,Yes,Yes,28,Yes,No,Fiber optic,No,No,Yes,No,Yes,Yes,Month-to-month,No,Mailed check,98.14,2751.34,1
1189-['I' 'Y' 'H' 'U' 'Q'],Female,0,No,Yes,54,Yes,No,Fiber optic,Yes,Yes,No,Yes,Yes,No,One year,No,Credit card (automatic),102.78,5542.01,1
9168-['F' 'O' 'W' 'X' 'M'],Female,1,Yes,No,59,Yes,Yes,No,No,No,No,No,No,No,One year,Yes,Electronic check,49.96,2947.57,0
9788-['V' 'L' 'M' 'G' 'W'],Male,0,Yes,No,40,Yes,No,Fiber optic,No,Yes,Yes,No,Yes,No,One year,No,Mailed check,97.86,3890.76,0
6873-['N' 'K' 'N' 'Q' 'X'],Female,1,Yes,No,8,No,No,Fiber optic,Yes,Yes,No,No,No,No,Month-to-month,No,Credit card (automatic),69.72,557.42,1
4513-['B' 'S' 'P' 'V' 'J'],Male,0,Yes,Yes,5,No,No,DSL,Yes,No,No,No,Yes,No,Two year,Yes,Mailed check,62.13,312.91,1
3247-['U' 'E' 'G' 'Z' 'M'],Female,1,No,No,28,No,No,DSL,No,No,Yes,Yes,Yes,Yes,Two year,No,Bank transfer (automatic),78.37,2195.96,0
7532-['P' 'O' 'I' 'V' 'W'],Male,0,No,No,17,Yes,Yes,DSL,No,Yes,Yes,Yes,Yes,No,One year,Yes,Mailed check,96.14,1614.78,1
8975-['M' 'E' 'N' 'P' 'K'],Male,0,No,No,23,Yes,No,Fiber optic,No,No,No,Yes,No,No,Two year,No,Mailed check,81.55,1877.36,0
4539-['L' 'O' 'X' 'L' 'Z'],Male,0,No,Yes,50,Yes,Yes,DSL,Yes,No,No,Yes,No,Yes,Two year,Yes,Bank transfer (automatic),89.56,4484.8,0
7882-['L' 'T' 'M' 'W' 'F'],Female,0,Yes,No,16,No,No,DSL,Yes,No,No,Yes,No,Yes,Two year,Yes,Mailed check,64.38,1019.4,0
5841-['J' 'P' 'A' 'P' 'D'],Female,0,Yes,Yes,20,Yes,No,No,No,No,No,No,No,No,One year,Yes,Mailed check,39.68,807.38,0
9965-['S' 'B' 'R' 'J' 'D'],Female,0,No,Yes,61,Yes,No,Fiber optic,No,Yes,No,Yes,No,No,Month-to-month,Yes,Electronic check,84.17,5127.52,1
6884-['A' 'O' 'J' 'R' 'P'],Female,0,No,No,53,Yes,Yes,No,No,No,No,No,No,No,Month-to-month,Yes,Credit card (automatic),44.54,2381.1,1
9108-['Z' 'O' 'B' 'T' 'D'],Female,1,No,No,10,No,No,DSL,No,No,Yes,No,Yes,No,Two year,Yes,Electronic check,59.02,570.87,0
9576-['G' 'W' 'Z' 'K' 'Z'],Male,0,No,Yes,42,No,No,No,No,No,No,No,No,No,Month-to-month,No,Mailed check,19.42,811.35,0
9041-['A' 'K' 'X' 'J' 'N'],Female,0,Yes,Yes,7,Yes,No,No,No,No,No,No,No,No,One year,No,Bank transfer (automatic),34.01,243.07,1
3765-['G' 'W' 'K' 'V' 'D'],Female,0,No,No,22,Yes,Yes,No,No,No,No,No,No,No,Month-to-month,No,Electronic check,42.78,950.08,1
1410-['X' 'B' 'G' 'S' 'N'],Female,1,Yes,No,52,Yes,No,DSL,No,Yes,Yes,No,Yes,No,One year,Yes,Electronic check,77.44,4025.18,0
1786-['G' 'L' 'C' 'O' 'E'],Female,0,Yes,Yes,39,Yes,Yes,DSL,Yes,Yes,No,No,No,No,Month-to-month,Yes,Credit card (automatic),79.28,3083.36,1
6709-['D' 'G' 'G' 'R' 'N'],Male,0,Yes,No,8,Yes,No,No,No,No,No,No,No,No,Month-to-month,Yes,Bank transfer (automatic),34.48,263.85,1
4295-['H' 'Z' 'L' 'J' 'N'],Male,0,No,No,23,Yes,Yes,DSL,Yes,No,No,No,No,Yes,Month-to-month,No,Mailed check,84.06,1910.31,1
5197-['E' 'A' 'A' 'Y' 'T'],Male,0,Yes,No,1,Yes,Yes,Fiber optic,No,Yes,No,No,Yes,Yes,Month-to-month,No,Bank transfer (automatic),111.67,120.1,1
9645-['K' 'M' 'K' 'H' 'J'],Male,0,Yes,No,69,Yes,Yes,Fiber optic,No,Yes,No,No,Yes,No,Two year,Yes,Mailed check,97.98,6748.32,0
3349-['P' 'Q' 'K' 'B' 'X'],Female,0,Yes,Yes,3,Yes,No,No,No,No,No,No,No,No,One year,No,Mailed check,32.31,63.52,0
8358-['P' 'P' 'Z' 'B' 'P'],Male,0,Yes,Yes,60,Yes,Yes,Fiber optic,No,No,No,Yes,No,No,Two year,No,Mailed check,90.49,5442.15,0
7808-['E' 'H' 'T' 'N' 'Y'],Female,0,No,No,63,Yes,No,Fiber optic,Yes,No,Yes,No,No,No,Month-to-month,Yes,Electronic check,85.98,5432.99,1
4094-['B' 'C' 'R' 'U' 'B'],Male,0,No,Yes,35,Yes,Yes,Fiber optic,Yes,No,No,Yes,No,Yes,Month-to-month,Yes,Electronic check,104.23,3662.58,1
6279-['U' 'I' 'B' 'Y' 'G'],Male,0,No,No,40,Yes,Yes,Fiber optic,No,Yes,Yes,No,Yes,No,One year,No,Mailed check,100.86,4051.34,1
7279-['W' 'V' 'R' 'F' 'N'],Female,0,No,Yes,37,Yes,No,Fiber optic,No,Yes,No,Yes,No,No,Two year,No,Mailed check,84.64,3126.71,0
4944-['M' 'P' 'U' 'J' 'J'],Female,0,No,Yes,14,Yes,Yes,Fiber optic,No,No,No,No,Yes,No,Month-to-month,No,Electronic check,95.4,1345.43,0
1131-['L' 'H' 'O' 'U' 'W'],Male,0,No,Yes,47,No,No,DSL,No,No,Yes,No,No,Yes,One year,Yes,Bank transfer (automatic),62.07,2901.27,0
6906-['O' 'H' 'H' 'S' 'I'],Female,0,Yes,No,29,Yes,Yes,No,No,No,No,No,No,No,Month-to-month,Yes,Mailed check,43.5,1251.99,1
6277-['X' 'Q' 'H' 'L' 'O'],Female,0,No,No,62,Yes,No,DSL,Yes,Yes,No,Yes,Yes,Yes,Month-to-month,Yes,Credit card (automatic),92.84,5762.24,1
9131-['F' 'P' 'Z' 'Y' 'E'],Female,0,No,No,24,Yes,Yes,Fiber optic,No,No,No,No,No,No,Month-to-month,Yes,Mailed check,86.78,2087.75,1
3966-['M' 'O' 'Q' 'Y' 'V'],Male,0,No,No,3,Yes,No,DSL,Yes,No,No,No,Yes,Yes,One year,No,Credit card (automatic),84.92,254.32,0
9410-['T' 'V' 'E' 'S' 'G'],Male,0,No,No,17,Yes,No,DSL,No,Yes,Yes,No,Yes,No,Two year,Yes,Electronic check,78.77,1337.02,0
1140-['N' 'P' 'M' 'B' 'N'],Male,0,No,No,44,Yes,No,Fiber optic,No,No,Yes,Yes,No,Yes,Month-to-month,Yes,Credit card (automatic),98.41,4333.99,1
6171-['G' 'E' 'N' 'I' 'J'],Male,0,No,No,64,Yes,Yes,Fiber optic,No,Yes,No,No,No,No,Month-to-month,No,Electronic check,91.94,5875.75,1
6318-['N' 'Y' 'N' 'Y' 'B'],Female,0,Yes,No,72,Yes,Yes,Fiber optic,No,No,No,No,No,Yes,One year,No,Electronic check,95.12,6825.46,1
9062-['Q' 'T' 'D' 'M' 'R'],Female,0,No,No,64,Yes,Yes,DSL,No,Yes,No,No,No,No,Two year,Yes,Electronic check,76.99,4924.24,0
3946-['S' 'E' 'A' 'I' 'X'],Female,0,Yes,No,26,Yes,No,No,No,No,No,No,No,No,Month-to-month,Yes,Electronic check,35.02,896.2,0
5807-['C' 'B' 'A' 'L' 'V'],Female,1,No,Yes,59,Yes,No,Fiber optic,Yes,No,No,No,No,No,Month-to-month,No,Electronic check,80.17,4747.7,0
2161-['Q' 'K' 'E' 'Y' 'I'],Male,0,No,No,58,Yes,Yes,Fiber optic,No,No,Yes,No,Yes,Yes,Two year,Yes,Electronic check,110.14,6405.13,0
7331-['T' 'W' 'K' 'W' 'D'],Female,0,Yes,Yes,24,Yes,No,DSL,Yes,Yes,Yes,Yes,Yes,Yes,One year,Yes,Electronic check,98.57,2377.23,1
5394-['I' 'G' 'P' 'W' 'Z'],Male,0,Yes,Yes,33,Yes,No,DSL,Yes,Yes,Yes,No,Yes,No,Two year,No,Electronic check,79.96,2631.19,0
2144-['E' 'F' 'S' 'A' 'P'],Male,0,Yes,Yes,49,Yes,Yes,Fiber optic,Yes,No,Yes,Yes,Yes,No,Month-to-month,Yes,Bank transfer (automatic),107.75,5291.78,1
5723-['V' 'N' 'K' 'S' 'W'],Male,0,No,No,54,Yes,Yes,Fiber optic,No,No,No,No,No,Yes,One year,Yes,Bank transfer (automatic),96.01,5183.02,0
3747-['H' 'M' 'G' 'L' 'H'],Female,1,Yes,No,9,Yes,Yes,Fiber optic,Yes,No,No,Yes,No,Yes,Month-to-month,No,Electronic check,104.41,941.1,1
4855-['R' 'S' 'D' 'Y' 'L'],Female,0,Yes,Yes,57,Yes,No,DSL,Yes,No,Yes,No,Yes,Yes,Two year,Yes,Electronic check,88.59,5035.14,0
1560-['D' 'T' 'Z' 'X' 'X'],Male,0,Yes,No,2,Yes,No,Fiber optic,No,No,Yes,Yes,No,No,Month-to-month,Yes,Bank transfer (automatic),86.64,175.24,1
2369-['V' 'X' 'I' 'E' 'Q'],Male,0,Yes,No,55,Yes,No,Fiber optic,No,No,No,No,No,Yes,One year,No,Credit card (automatic),84.35,4650.8,0
5272-['B' 'B' 'U' 'W' 'G'],Female,1,Yes,No,26,No,No,DSL,No,No,No,Yes,No,No,One year,Yes,Credit card (automatic),53.97,1406.34,1
5862-['D' 'M' 'T' 'K' 'Z'],Male,0,No,No,15,Yes,Yes,DSL,No,No,No,Yes,No,No,Month-to-month,Yes,Mailed check,74.89,1118.08,1
8354-['B' 'P' 'C' 'X' 'O'],Female,0,No,No,37,Yes,No,No,No,No,No,No,No,No,Two year,Yes,Credit card (automatic),35.82,1326.73,0
9464-['P' 'T' 'G' 'P' 'E'],Male,0,No,No,52,Yes,No,DSL,Yes,No,No,Yes,No,Yes,One year,Yes,Bank transfer (automatic),79.13,4118.87,0
5290-['O' 'P' 'K' 'Y' 'S'],Male,0,No,No,67,Yes,Yes,Fiber optic,Yes,No,Yes,No,No,No,Month-to-month,Yes,Electronic check,93.53,6271.26,0
1561-['U' 'I' 'H' 'V' 'S'],Female,0,No,No,22,Yes,No,DSL,No,No,Yes,No,Yes,Yes,Month-to-month,No,Bank transfer (automatic),88.81,1948.31,1
2205-['E' 'Q' 'E' 'N' 'G'],Female,0,Yes,No,55,Yes,No,Fiber optic,No,Yes,Yes,No,Yes,Yes,Two year,Yes,Credit card (automatic),108.31,5944.78,0
5904-['Q' 'C' 'H' 'V' 'M'],Male,0,Yes,No,52,Yes,Yes,Fiber optic,No,No,No,No,No,No,Two year,Yes,Bank transfer (automatic),84.95,4424.48,0
4759-['U' 'J' 'R' 'C' 'L'],Male,0,Yes,No,71,Yes,No,DSL,Yes,Yes,No,Yes,Yes,No,Two year,No,Credit card (automatic),83.9,5961.57,0
9655-['R' 'Q' 'G' 'S' 'W'],Female,0,Yes,Yes,66,Yes,No,DSL,No,No,No,No,No,Yes,Month-to-month,Yes,Mailed check,70.22,4637.74,0
5027-['W' 'H' 'Q' 'U' 'Z'],Male,0,Yes,Yes,18,Yes,Yes,No,No,No,No,No,No,No,Month-to-month,Yes,Mailed check,42.38,744.17,0
3808-['G' 'A' 'H' 'S' 'T'],Male,1,No,No,3,Yes,No,Fiber optic,Yes,No,Yes,No,No,No,Month-to-month,No,Mailed check,81.05,253.77,1
4913-['L' 'X' 'A' 'X' 'Y'],Male,0,No,No,28,Yes,No,DSL,No,No,Yes,Yes,Yes,Yes,Month-to-month,Yes,Electronic check,90.1,2515.14,1
6891-['D' 'I' 'O' 'X' 'Z'],Male,0,No,No,44,Yes,No,Fiber optic,No,No,No,No,No,Yes,Month-to-month,Yes,Mailed check,84.99,3732.94,1
2870-['Z' 'G' 'L' 'C' 'T'],Male,0,Yes,Yes,20,Yes,No,No,No,No,No,No,No,No,Month-to-month,Yes,Bank transfer (automatic),36.82,724.46,0
2055-['I' 'N' 'M' 'X' 'L'],Male,0,No,Yes,53,Yes,No,Fiber optic,Yes,No,Yes,No,Yes,Yes,Month-to-month,Yes,Bank transfer (automatic),102.34,5434.97,1
2362-['P' 'L' 'J' 'B' 'R'],Female,0,No,No,72,Yes,Yes,Fiber optic,No,No,No,No,No,No,Month-to-month,Yes,Mailed check,87.3,6285.33,1
4980-['X' 'F' 'L' 'V' 'D'],Male,0,Yes,Yes,51,Yes,Yes,DSL,No,No,No,Yes,Yes,No,Month-to-month,Yes,Credit card (automatic),84.42,4309.86,0
2578-['W' 'H' 'B' 'B' 'P'],Female,0,Yes,Yes,17,No,No,Fiber optic,No,Yes,No,No,No,No,Month-to-month,No,Credit card (automatic),70.26,1199.49,0
1707-['F' 'U' 'T' 'N' 'T'],Male,0,No,No,16,Yes,No,No,No,No,No,No,No,No,Month-to-month,No,Credit card (automatic),33.67,532.64,1
8750-['G' 'R' 'W' 'B' 'T'],Male,0,Yes,Yes,43,Yes,Yes,Fiber optic,Yes,Yes,No,No,Yes,No,One year,No,Mailed check,103.52,4455.83,1
9800-['U' 'Q' 'T' 'Y' 'M'],Female,0,No,No,23,Yes,Yes,No,No,No,No,No,No,No,One year,Yes,Electronic check,46.51,1068.48,0
6483-['X' 'V' 'O' 'X' 'E'],Female,0,Yes,No,5,Yes,Yes,No,No,No,No,No,No,No,Month-to-month,Yes,Electronic check,45.05,228.55,1
1519-['W' 'N' 'D' 'U' 'N'],Female,0,No,No,26,Yes,Yes,Fiber optic,No,Yes,Yes,No,No,No,Two year,Yes,Mailed check,97.62,2531.79,0
9797-['P' 'K' 'V' 'Y' 'Z'],Female,0,Yes,No,46,Yes,No,Fiber optic,No,No,Yes,No,Yes,Yes,Month-to-month,Yes,Electronic check,96.24,4446.88,1
1141-['N' 'B' 'V' 'M' 'C'],Female,0,Yes,Yes,45,Yes,No,No,No,No,No,No,No,No,One year,No,Mailed check,34.36,1548.73,0
8313-['V' 'D' 'U' 'U' 'S'],Male,0,Yes,Yes,34,No,No,Fiber optic,Yes,No,Yes,Yes,Yes,Yes,One year,Yes,Electronic check,94.22,3209.62,0
1399-['D' 'S' 'W' 'O' 'A'],Female,0,No,No,56,Yes,Yes,Fiber optic,No,Yes,No,No,No,No,One year,Yes,Credit card (automatic),89.84,5012.43,1
7255-['O' 'P' 'V' 'T' 'A'],Female,0,Yes,Yes,11,Yes,Yes,Fiber optic,No,Yes,Yes,No,Yes,No,Month-to-month,No,Electronic check,104.73,1161.63,1
7340-['E' 'Z' 'G' 'M' 'L'],Female,0,No,No,28,Yes,No,Fiber optic,Yes,Yes,Yes,No,No,Yes,Month-to-month,No,Electronic check,100.01,2799.84,1
7307-['Y' 'D' 'W' 'U' 'U'],Male,0,No,No,56,Yes,No,Fiber optic,Yes,No,No,No,No,No,Two year,No,Bank transfer (automatic),83.44,4677.07,0
9727-['O' 'U' 'S' 'F' 'L'],Male,1,Yes,No,69,Yes,No,Fiber optic,Yes,No,No,No,No,Yes,Two year,Yes,Mailed check,88.44,6110.25,0
9625-['L' 'X' 'X' 'O' 'S'],Male,0,No,No,54,Yes,No,No,No,No,No,No,No,No,Two year,Yes,Electronic check,36.96,1991.01,0
8591-['I' 'E' 'E' 'F' 'W'],Female,0,Yes,Yes,36,Yes,No,No,No,No,No,No,No,No,One year,Yes,Electronic check,32.83,1160.29,1
2602-['E' 'A' 'K' 'Z' 'U'],Male,0,Yes,No,70,Yes,Yes,Fiber optic,Yes,Yes,No,No,Yes,No,One year,Yes,Mailed check,107.22,7505.63,0
1110-['Q' 'H' 'Z' 'B' 'Z'],Male,1,No,Yes,69,Yes,Yes,Fiber optic,Yes,No,Yes,Yes,No,Yes,Two year,Yes,Mailed check,108.36,7477.55,0
6004-['L' 'E' 'M' 'F' 'Y'],Male,0,Yes,No,52,Yes,No,No,No,No,No,No,No,No,Month-to-month,No,Mailed check,36.35,1884.06,0
4261-['W' 'V' 'U' 'V' 'K'],Male,0,No,No,13,Yes,No,DSL,No,Yes,Yes,Yes,No,Yes,Month-to-month,No,Bank transfer (automatic),84.73,1107.62,0
2902-['L' 'I' 'K' 'E' 'X'],Female,0,Yes,No,20,Yes,No,DSL,No,No,Yes,No,Yes,Yes,One year,Yes,Credit card (automatic),86.06,1720.16,0
4846-['H' 'A' 'Y' 'A' 'C'],Female,0,No,No,13,Yes,No,Fiber optic,No,Yes,No,Yes,Yes,Yes,Month-to-month,No,Bank transfer (automatic),104.45,1359.12,1
3407-['K' 'A' 'N' 'A' 'F'],Female,0,No,No,52,Yes,No,DSL,No,Yes,No,No,Yes,Yes,One year,Yes,Bank transfer (automatic),87.1,4546.0,0
4290-['F' 'C' 'J' 'L' 'J'],Female,1,Yes,No,66,Yes,Yes,No,No,No,No,No,No,No,One year,Yes,Mailed check,44.53,2931.78,0
5661-['B' 'X' 'V' 'M' 'P'],Female,0,No,No,47,Yes,No,No,No,No,No,No,No,No,Month-to-month,Yes,Bank transfer (automatic),33.9,1584.24,0
5451-['K' 'W' 'N' 'C' 'S'],Female,1,Yes,No,55,Yes,Yes,Fiber optic,Yes,No,No,Yes,Yes,Yes,Month-to-month,Yes,Credit card (automatic),115.24,6321.35,0
5309-['Y' 'A' 'E' 'Q' 'A'],Female,0,No,No,38,Yes,Yes,DSL,No,No,Yes,Yes,No,No,One year,No,Electronic check,82.33,3112.95,1
4491-['S' 'F' 'O' 'D' 'X'],Female,1,No,No,40,Yes,No,DSL,No,Yes,No,Yes,No,Yes,One year,No,Credit card (automatic),78.18,3129.79,1
6984-['X' 'Q' 'K' 'Q' 'W'],Male,0,Yes,Yes,47,Yes,No,DSL,No,No,No,No,Yes,Yes,Month-to-month,Yes,Credit card (automatic),79.79,3760.05,1
5768-['I' 'N' 'O' 'X' 'A'],Male,0,No,No,27,Yes,No,DSL,No,No,Yes,No,Yes,Yes,One year,Yes,Mailed check,85.92,2325.64,1
7097-['F' 'T' 'H' 'A' 'O'],Female,1,Yes,No,1,Yes,No,No,No,No,No,No,No,No,One year,No,Electronic check,35.17,42.09,0
5829-['D' 'J' 'K' 'E' 'I'],Female,0,No,Yes,21,Yes,Yes,Fiber optic,No,Yes,No,No,No,Yes,Month-to-month,No,Bank transfer (automatic),101.22,2116.71,1
8612-['K' 'C' 'D' 'J' 'G'],Male,0,No,No,70,Yes,No,DSL,No,No,Yes,No,Yes,Yes,Month-to-month,No,Electronic check,82.63,5789.91,1
9455-['Q' 'X' 'G' 'A' 'I'],Male,0,No,No,60,No,No,Fiber optic,No,Yes,No,No,Yes,Yes,One year,No,Electronic check,84.33,5061.1,1
6906-['B' 'W' 'K' 'C' 'Q'],Male,0,Yes,No,35,No,No,No,No,No,No,No,No,No,One year,Yes,Mailed check,19.64,682.68,0
8081-['C' 'V' 'C' 'U' 'Y'],Female,1,Yes,No,65,Yes,Yes,DSL,No,No,No,Yes,No,No,Month-to-month,No,Credit card (automatic),74.96,4872.57,1
2601-['A' 'G' 'T' 'K' 'W'],Male,0,No,No,48,Yes,No,Fiber optic,Yes,No,No,No,Yes,Yes,Month-to-month,No,Electronic check,101.07,4850.14,1
2925-['W' 'D' 'S' 'U' 'S'],Female,0,Yes,No,2,Yes,No,DSL,Yes,No,No,No,No,Yes,One year,Yes,Credit card (automatic),73.19,145.76,1
4501-['C' 'D' 'H' 'R' 'D'],Male,0,No,Yes,22,Yes,Yes,Fiber optic,No,No,No,No,No,Yes,Month-to-month,Yes,Electronic check,94.62,2078.96,1
8274-['P' 'C' 'G' 'B' 'A'],Male,0,Yes,Yes,58,Yes,Yes,DSL,Yes,Yes,No,No,No,Yes,Month-to-month,Yes,Electronic check,91.19,5278.47,1
9633-['A' 'F' 'S' 'G' 'X'],Female,0,Yes,No,27,Yes,No,No,No,No,No,No,No,No,Month-to-month,No,Electronic check,36.48,986.99,0
9148-['R' 'X' 'Z' 'M' 'A'],Male,0,No,No,71,Yes,No,No,No,No,No,No,No,No,Month-to-month,Yes,Mailed check,37.02,2631.65,0
5680-['Q' 'A' 'A' 'G' 'D'],Female,1,Yes,No,32,Yes,Yes,Fiber optic,No,No,No,No,Yes,No,One year,Yes,Bank transfer (automatic),91.76,2926.88,0
5694-['U' 'L' 'P' 'N' 'W'],Male,0,Yes,No,67,Yes,No,DSL,No,No,No,No,Yes,Yes,Month-to-month,No,Credit card (automatic),82.08,5498.04,1
3697-['N' 'G' 'D' 'B' 'X'],Female,0,Yes,No,70,Yes,No,No,No,No,No,No,No,No,Month-to-month,Yes,Bank transfer (automatic),31.91,2235.09,0
3792-['E' 'I' 'Y' 'H' 'X'],Female,0,No,Yes,10,Yes,Yes,Fiber optic,No,Yes,No,No,No,Yes,Two year,Yes,Credit card (automatic),99.45,1010.68,0
2491-['P' 'T' 'R' 'D' 'P'],Female,0,Yes,Yes,7,Yes,No,Fiber optic,No,No,No,Yes,Yes,No,Two year,Yes,Credit card (automatic),86.34,608.69,1
6061-['C' 'R' 'O' 'H' 'R'],Male,0,Yes,No,19,No,No,Fiber optic,No,No,No,No,No,Yes,Month-to-month,No,Electronic check,70.55,1326.86,1
3966-['C' 'F' 'V' 'Z' 'U'],Female,0,No,No,61,Yes,No,Fiber optic,No,No,Yes,No,No,Yes,One year,Yes,Mailed check,89.92,5481.62,0
5442-['L' 'E' 'G' 'V' 'O'],Male,0,No,No,42,Yes,Yes,DSL,No,No,Yes,No,Yes,Yes,Two year,Yes,Credit card (automatic),95.93,4014.97,0
6350-['M' 'Y' 'C' 'Z' 'W'],Male,0,No,No,69,Yes,No,DSL,No,No,No,No,Yes,Yes,Two year,No,Credit card (automatic),87.69,6040.41,0
4724-['Z' 'C' 'B' 'W' 'D'],Female,0,No,No,6,Yes,Yes,DSL,No,Yes,No,No,Yes,No,Two year,Yes,Electronic check,84.74,505.67,0
8280-['F' 'K' 'F' 'V' 'B'],Female,0,No,Yes,9,Yes,No,DSL,No,No,No,No,No,Yes,Two year,Yes,Electronic check,75.6,696.23,1
7978-['L' 'N' 'B' 'V' 'V'],Male,0,Yes,No,39,Yes,No,No,No,No,No,No,No,No,Month-to-month,No,Credit card (automatic),38.82,1497.56,0
9796-['E' 'J' 'J' 'U' 'I'],Male,0,Yes,No,3,Yes,No,DSL,Yes,No,No,Yes,No,Yes,Two year,Yes,Electronic check,80.8,249.54,0
9573-['U' 'M' 'J' 'F' 'K'],Female,0,No,No,72,Yes,No,No,No,No,No,No,No,No,One year,No,Electronic check,36.51,2611.19,0
2517-['Q' 'T' 'B' 'J' 'C'],Male,0,No,No,18,Yes,Yes,DSL,No,No,No,No,Yes,No,Month-to-month,Yes,Credit card (automatic),80.52,1448.42,1
3150-['A' 'H' 'W' 'A' 'H'],Female,1,Yes,Yes,37,Yes,Yes,No,No,No,No,No,No,No,Two year,Yes,Mailed check,45.26,1689.79,0
7061-['N' 'B' 'H' 'S' 'J'],Female,0,No,No,21,Yes,Yes,DSL,No,No,Yes,No,No,Yes,Month-to-month,No,Mailed check,85.08,1784.15,1
8750-['M' 'V' 'U' 'O' 'K'],Female,0,No,Yes,0,Yes,Yes,Fiber optic,Yes,No,No,No,Yes,No,Two year,Yes,Mailed check,98.94,0.0,1
7649-['N' 'K' 'B' 'B' 'L'],Male,0,No,Yes,52,Yes,Yes,Fiber optic,No,No,Yes,No,No,No,Month-to-month,Yes,Bank transfer (automatic),86.37,4492.27,1
1845-['Y' 'P' 'H' 'X' 'Q'],Male,0,No,No,20,Yes,Yes,DSL,No,No,No,Yes,Yes,No,Two year,Yes,Mailed check,86.16,1726.67,0
8108-['L' 'F' 'R' 'Z' 'E'],Male,1,Yes,Yes,6,No,No,Fiber optic,No,Yes,No,Yes,No,Yes,Month-to-month,Yes,Credit card (automatic),77.23,471.37,1
7312-['O' 'J' 'Q' 'Z' 'S'],Male,0,No,No,6,Yes,No,No,No,No,No,No,No,No,Two year,Yes,Mailed check,37.1,226.86,1
7062-['N' 'A' 'Q' 'A' 'W'],Female,0,No,No,22,Yes,No,DSL,Yes,Yes,No,No,Yes,No,Month-to-month,No,Electronic check,83.1,1850.38,1
8838-['H' 'M' 'P' 'B' 'M'],Male,0,Yes,No,59,Yes,No,No,No,No,No,No,No,No,Month-to-month,Yes,Electronic check,37.79,2242.96,0
5113-['C' 'M' 'S' 'M' 'S'],Female,0,No,No,17,Yes,Yes,Fiber optic,No,No,No,Yes,No,Yes,One year,No,Bank transfer (automatic),98.59,1670.5,0
1561-['Y' 'F' 'S' 'Y' 'D'],Female,0,Yes,Yes,70,Yes,No,Fiber optic,No,Yes,No,Yes,Yes,Yes,Month-to-month,No,Bank transfer (automatic),101.85,7121.17,0
3371-['X' 'G' 'G' 'Z' 'W'],Male,0,No,Yes,65,No,No,Fiber optic,No,Yes,No,No,Yes,No,Month-to-month,No,Mailed check,77.27,5043.98,1
3255-['P' 'E' 'O' 'W' 'D'],Male,0,Yes,No,52,Yes,Yes,No,No,No,No,No,No,No,Month-to-month,No,Credit card (automatic),46.37,2400.67,1
4159-['Y' 'M' 'S' 'G' 'L'],Male,0,No,No,18,Yes,Yes,DSL,Yes,No,No,No,No,Yes,Month-to-month,Yes,Electronic check,84.28,1522.35,1
8097-['I' 'Q' 'B' 'P' 'G'],Female,0,No,No,63,Yes,Yes,DSL,No,No,No,No,No,No,One year,Yes,Mailed check,71.3,4499.92,0
2169-['G' 'A' 'C' 'U' 'K'],Male,0,Yes,Yes,13,Yes,Yes,No,No,No,No,No,No,No,Month-to-month,No,Bank transfer (automatic),47.23,618.72,0
6909-['O' 'Y' 'Y' 'C' 'X'],Female,0,Yes,No,24,Yes,Yes,No,No,No,No,No,No,No,One year,No,Mailed check,43.71,1056.98,0
8039-['M' 'D' 'W' 'V' 'H'],Female,0,Yes,Yes,32,Yes,No,DSL,Yes,No,No,Yes,Yes,No,Month-to-month,No,Bank transfer (automatic),80.51,2588.03,1
5031-['V' 'D' 'R' 'G' 'K'],Male,0,No,No,47,No,No,DSL,Yes,Yes,No,No,Yes,No,Two year,No,Credit card (automatic),64.23,3015.94,0
4742-['D' 'M' 'I' 'I' 'W'],Male,1,Yes,No,38,Yes,Yes,No,No,No,No,No,No,No,Month-to-month,Yes,Bank transfer (automatic),44.88,1709.43,1
5948-['S' 'C' 'Y' 'Y' 'L'],Male,0,No,Yes,4,Yes,No,Fiber optic,No,Yes,Yes,No,Yes,Yes,Two year,Yes,Mailed check,107.06,439.09,0
2756-['K' 'T' 'K' 'Q' 'Z'],Female,0,No,Yes,20,Yes,Yes,Fiber optic,No,No,No,No,No,Yes,Month-to-month,Yes,Credit card (automatic),92.38,1835.67,0
7975-['P' 'X' 'J' 'D' 'J'],Female,0,No,No,58,Yes,No,No,No,No,No,No,No,No,One year,Yes,Credit card (automatic),33.94,1978.34,0
1787-['L' 'I' 'O' 'I' 'G'],Male,0,Yes,No,13,Yes,No,DSL,Yes,No,No,Yes,Yes,No,One year,Yes,Bank transfer (automatic),77.37,1000.81,0
8483-['T' 'X' 'N' 'V' 'P'],Male,0,No,Yes,62,Yes,Yes,DSL,Yes,No,Yes,Yes,Yes,No,Two year,No,Electronic check,98.33,6089.5,0
1540-['S' 'W' 'C' 'K' 'W'],Female,0,No,Yes,53,Yes,Yes,Fiber optic,Yes,Yes,Yes,No,No,Yes,Month-to-month,Yes,Electronic check,108.85,5764.61,0
4859-['S' 'H' 'T' 'H' 'Z'],Male,0,Yes,No,44,Yes,No,Fiber optic,No,Yes,Yes,No,No,Yes,Month-to-month,No,Bank transfer (automatic),95.21,4202.03,1
7185-['M' 'I' 'F' 'O' 'P'],Male,0,Yes,No,49,Yes,No,DSL,No,Yes,No,No,Yes,No,One year,Yes,Mailed check,74.24,3636.62,1
3116-['U' 'M' 'S' 'B' 'F'],Female,0,No,Yes,40,Yes,No,No,No,No,No,No,No,No,Month-to-month,Yes,Bank transfer (automatic),35.4,1408.74,1
8546-['A' 'O' 'O' 'N' 'G'],Female,1,Yes,No,0,Yes,Yes,No,No,No,No,No,No,No,Two year,Yes,Electronic check,46.61,0.0,1
9254-['E' 'T' 'Y' 'Z' 'P'],Male,0,No,No,1,Yes,No,DSL,Yes,No,No,No,No,No,One year,No,Credit card (automatic),63.73,49.33,1
5275-['P' 'C' 'F' 'U' 'W'],Female,0,No,No,71,Yes,Yes,DSL,Yes,No,No,No,Yes,No,Month-to-month,Yes,Mailed check,84.24,5976.26,1
1588-['A' 'U' 'N' 'B' 'B'],Male,0,Yes,Yes,12,Yes,No,Fiber optic,Yes,No,No,Yes,No,Yes,Month-to-month,No,Bank transfer (automatic),98.24,1173.48,1
6434-['R' 'I' 'Z' 'C' 'D'],Female,0,No,No,18,Yes,No,DSL,No,Yes,No,No,Yes,Yes,One year,Yes,Bank transfer (automatic),82.76,1494.37,0
9787-['E' 'J' 'P' 'Y' 'L'],Female,0,Yes,Yes,50,Yes,No,Fiber optic,Yes,No,No,No,No,Yes,One year,No,Mailed check,89.61,4478.11,0
4754-['S' 'F' 'J' 'T' 'C'],Female,0,Yes,No,1,Yes,No,DSL,No,Yes,Yes,No,Yes,No,Month-to-month,No,Credit card (automatic),78.66,62.68,1
9405-['O' 'K' 'V' 'B' 'Y'],Female,0,Yes,No,9,Yes,No,Fiber optic,No,Yes,No,Yes,No,No,Month-to-month,Yes,Electronic check,83.38,753.32,1
1663-['F' 'Q' 'R' 'D' 'W'],Male,0,Yes,No,68,Yes,No,Fiber optic,Yes,Yes,No,Yes,Yes,Yes,Month-to-month,No,Electronic check,110.11,7487.81,1
8624-['J' 'U' 'Z' 'B' 'K'],Female,0,Yes,No,29,Yes,No,No,No,No,No,No,No,No,Two year,Yes,Mailed check,35.99,1065.45,0
6546-['K' 'A' 'Z' 'N' 'A'],Male,1,Yes,No,64,Yes,Yes,Fiber optic,No,Yes,No,Yes,Yes,Yes,Month-to-month,No,Bank transfer (automatic),116.63,7465.5,0
1829-['W' 'Y' 'I' 'X' 'A'],Female,0,Yes,No,43,Yes,No,Fiber optic,No,No,No,No,No,Yes,Two year,Yes,Electronic check,85.46,3684.81,0
6909-['V' 'D' 'A' 'S' 'J'],Male,0,Yes,No,41,No,No,No,No,No,No,No,No,No,Month-to-month,Yes,Bank transfer (automatic),20.96,851.19,1
6774-['T' 'D' 'T' 'N' 'E'],Female,0,No,No,2,Yes,Yes,Fiber optic,No,No,No,No,No,Yes,One year,Yes,Credit card (automatic),92.47,199.29,1
4996-['O' 'O' 'Y' 'P' 'P'],Female,0,No,Yes,29,No,No,No,No,No,No,No,No,No,Two year,No,Electronic check,19.58,562.03,0
1867-['Y' 'I' 'A' 'E' 'I'],Male,0,No,Yes,36,Yes,No,DSL,Yes,Yes,No,Yes,Yes,Yes,Month-to-month,Yes,Electronic check,94.61,3410.73,1
7084-['D' 'P' 'B' 'Z' 'P'],Female,0,Yes,Yes,27,Yes,Yes,Fiber optic,Yes,No,Yes,No,Yes,Yes,Two year,Yes,Electronic check,111.85,3028.55,1
5049-['B' 'P' 'A' 'P' 'C'],Male,0,Yes,No,50,Yes,No,Fiber optic,No,Yes,Yes,Yes,No,No,Month-to-month,Yes,Electronic check,89.78,4467.38,1
2897-['Q' 'D' 'Q' 'D' 'S'],Male,0,Yes,Yes,12,Yes,Yes,No,No,No,No,No,No,No,One year,Yes,Credit card (automatic),44.59,541.51,0
3720-['N' 'X' 'K' 'Y' 'G'],Female,0,Yes,No,39,No,No,DSL,No,No,No,No,Yes,Yes,One year,Yes,Electronic check,66.93,2608.53,0
4696-['D' 'J' 'Q' 'D' 'S'],Female,0,No,No,25,Yes,No,No,No,No,No,No,No,No,Month-to-month,No,Electronic check,37.88,945.23,1
1529-['Q' 'F' 'G' 'F' 'Y'],Male,0,No,No,29,Yes,No,DSL,No,No,No,No,No,Yes,Month-to-month,No,Credit card (automatic),72.18,2100.14,1
4723-['I' 'R' 'B' 'Y' 'Q'],Female,0,Yes,No,23,Yes,No,Fiber optic,No,No,Yes,No,Yes,No,Month-to-month,Yes,Electronic check,90.52,2097.12,1
1948-['A' 'W' 'I' 'F' 'B'],Female,0,Yes,Yes,37,Yes,Yes,Fiber optic,Yes,Yes,No,No,Yes,Yes,Month-to-month,Yes,Bank transfer (automatic),113.52,4192.41,1
9933-['I' 'C' 'P' 'Y' 'X'],Male,0,Yes,Yes,68,Yes,Yes,DSL,Yes,No,No,Yes,No,No,One year,Yes,Electronic check,79.51,5392.86,1
9174-['L' 'W' 'H' 'Z' 'F'],Female,0,No,Yes,15,Yes,No,DSL,No,No,Yes,Yes,Yes,No,Two year,Yes,Credit card (automatic),79.58,1193.92,0
5566-['D' 'J' 'N' 'U' 'X'],Female,0,Yes,No,54,Yes,No,Fiber optic,No,No,No,No,Yes,Yes,Month-to-month,Yes,Electronic check,96.76,5220.75,1
9294-['G' 'H' 'J' 'S' 'S'],Female,0,No,No,48,Yes,No,DSL,Yes,No,Yes,No,Yes,No,Two year,Yes,Mailed check,81.15,3870.57,0
7209-['O' 'A' 'J' 'F' 'V'],Female,0,Yes,Yes,51,No,No,Fiber optic,Yes,No,No,No,No,Yes,Month-to-month,No,Credit card (automatic),72.69,3705.88,0
4689-['L' 'X' 'F' 'F' 'A'],Female,0,No,No,48,Yes,No,DSL,No,No,Yes,No,Yes,No,Month-to-month,No,Bank transfer (automatic),74.57,3576.24,1
1107-['W' 'W' 'J' 'Y' 'N'],Male,0,Yes,No,63,Yes,No,DSL,No,Yes,No,Yes,No,No,Month-to-month,No,Electronic check,71.69,4520.07,1
9526-['W' 'X' 'D' 'Y' 'A'],Female,0,Yes,No,47,Yes,Yes,DSL,No,No,No,No,Yes,Yes,One year,No,Bank transfer (automatic),88.31,4138.54,0
4527-['C' 'N' 'Q' 'B' 'O'],Female,1,No,Yes,37,Yes,No,DSL,No,Yes,No,Yes,Yes,Yes,Two year,Yes,Bank transfer (automatic),92.58,3417.73,0
3373-['E' 'N' 'S' 'I' 'H'],Male,0,No,No,16,Yes,No,Fiber optic,Yes,Yes,No,No,No,Yes,Month-to-month,No,Electronic check,95.89,1509.88,0
5834-['R' 'H' 'P' 'O' 'U'],Female,0,No,No,40,Yes,Yes,DSL,Yes,Yes,Yes,Yes,No,No,Month-to-month,No,Credit card (automatic),91.24,3652.38,1
4983-['Y' 'A' 'J' 'S' 'E'],Male,0,No,No,53,Yes,Yes,No,No,No,No,No,No,No,Month-to-month,Yes,Credit card (automatic),43.08,2283.36,0
3033-['C' 'D' 'D' 'K' 'I'],Male,0,No,No,39,Yes,Yes,DSL,No,No,No,No,No,Yes,Month-to-month,Yes,Bank transfer (automatic),74.63,2925.65,1
2307-['Y' 'P' 'I' 'K' 'F'],Female,0,No,No,30,Yes,No,Fiber optic,No,No,Yes,No,No,Yes,One year,Yes,Mailed check,88.87,2656.74,1
5939-['V' 'H' 'P' 'E' 'U'],Female,0,Yes,Yes,25,Yes,Yes,DSL,No,No,Yes,Yes,Yes,Yes,Two year,Yes,Electronic check,98.53,2444.05,0
3080-['Q' 'X' 'U' 'H' 'J'],Male,1,No,Yes,17,Yes,No,No,No,No,No,No,No,No,Month-to-month,No,Mailed check,34.4,597.34,1
9265-['I' 'M' 'C' 'V' 'W'],Female,0,Yes,No,34,Yes,Yes,DSL,No,Yes,No,Yes,Yes,Yes,Month-to-month,Yes,Mailed check,99.42,3391.77,0
8490-['A' 'B' 'K' 'N' 'J'],Male,0,No,No,55,No,No,DSL,No,No,No,No,No,Yes,Two year,Yes,Electronic check,53.73,2940.67,0
6350-['W' 'A' 'Z' 'G' 'O'],Female,1,No,No,29,Yes,No,DSL,No,No,No,No,Yes,Yes,Month-to-month,Yes,Bank transfer (automatic),80.07,2316.6,1
8050-['F' 'V' 'G' 'G' 'A'],Female,0,No,No,44,Yes,Yes,DSL,Yes,No,No,No,No,Yes,One year,Yes,Electronic check,87.96,3872.71,0
1201-['U' 'O' 'H' 'X' 'S'],Male,0,Yes,No,51,Yes,Yes,No,No,No,No,No,No,No,Month-to-month,Yes,Mailed check,43.24,2222.92,0
3102-['O' 'D' 'F' 'Y' 'J'],Male,0,Yes,No,67,No,No,DSL,Yes,No,No,Yes,Yes,Yes,One year,Yes,Bank transfer (automatic),74.32,4968.86,0
6169-['P' 'R' 'F' 'S' 'Q'],Male,0,No,No,54,Yes,No,DSL,Yes,Yes,No,No,No,No,One year,No,Mailed check,70.71,3823.23,1
2329-['M' 'G' 'T' 'L' 'B'],Male,0,Yes,No,9,Yes,Yes,DSL,No,Yes,No,No,No,Yes,Two year,Yes,Mailed check,84.99,745.12,1
9250-['L' 'L' 'X' 'D' 'D'],Male,0,Yes,No,53,Yes,Yes,No,No,No,No,No,No,No,One year,Yes,Electronic check,45.71,2421.06,0
1497-['P' 'N' 'Q' 'Q' 'C'],Male,0,Yes,No,33,Yes,No,Fiber optic,No,No,No,No,No,No,Month-to-month,Yes,Electronic check,75.85,2485.75,1
8126-['M' 'I' 'U' 'I' 'H'],Male,0,No,No,62,Yes,No,Fiber optic,No,No,No,No,No,No,Month-to-month,Yes,Electronic check,76.87,4768.23,0
9912-['P' 'P' 'S' 'X' 'P'],Male,0,Yes,No,30,Yes,Yes,Fiber optic,No,No,No,No,No,No,One year,Yes,Mailed check,85.37,2571.55,1
4437-['T' 'N' 'N' 'N' 'L'],Male,0,No,Yes,63,Yes,No,No,No,No,No,No,No,No,Two year,No,Electronic check,33.74,2123.46,0
8763-['M' 'P' 'I' 'B' 'V'],Male,0,Yes,No,49,Yes,No,Fiber optic,No,Yes,No,No,Yes,Yes,Month-to-month,Yes,Bank transfer (automatic),99.88,4886.17,0
7074-['C' 'J' 'T' 'B' 'X'],Female,0,Yes,No,27,Yes,No,Fiber optic,Yes,No,No,No,Yes,No,One year,Yes,Mailed check,90.05,2418.73,1
7409-['H' 'Q' 'Z' 'V' 'A'],Female,0,Yes,No,36,Yes,No,DSL,Yes,No,Yes,No,No,No,Month-to-month,Yes,Mailed check,69.5,2503.81,1
7917-['G' 'O' 'R' 'I' 'H'],Male,0,Yes,Yes,31,Yes,Yes,DSL,No,No,No,Yes,No,Yes,Two year,No,Electronic check,83.85,2594.97,0
9536-['J' 'D' 'T' 'H' 'A'],Female,0,No,No,34,Yes,No,DSL,Yes,Yes,Yes,No,No,No,One year,No,Bank transfer (automatic),76.73,2602.61,1
5907-['W' 'Y' 'O' 'M' 'P'],Male,1,Yes,Yes,56,Yes,Yes,DSL,Yes,No,No,No,No,Yes,Two year,Yes,Mailed check,85.46,4793.31,0
3777-['W' 'R' 'A' 'Q' 'P'],Female,0,Yes,No,60,Yes,No,Fiber optic,Yes,Yes,No,No,Yes,Yes,Month-to-month,Yes,Electronic check,104.57,6284.76,1
5470-['E' 'T' 'U' 'J' 'Z'],Female,0,No,No,31,Yes,No,DSL,No,No,No,No,Yes,Yes,Two year,Yes,Credit card (automatic),78.38,2410.81,0
8717-['L' 'J' 'V' 'Q' 'B'],Female,0,Yes,No,7,Yes,No,DSL,No,No,Yes,No,Yes,Yes,One year,Yes,Mailed check,84.09,595.83,0
6938-['T' 'F' 'M' 'I' 'L'],Female,1,Yes,Yes,34,Yes,No,DSL,No,Yes,Yes,No,Yes,No,Month-to-month,No,Electronic check,76.73,2596.95,0
1561-['H' 'Y' 'R' 'Y' 'W'],Female,1,Yes,No,22,No,No,No,No,No,No,No,No,No,Month-to-month,Yes,Mailed check,18.5,410.54,0
5664-['V' 'B' 'H' 'J' 'I'],Male,0,Yes,No,37,Yes,No,Fiber optic,Yes,Yes,Yes,Yes,Yes,Yes,Month-to-month,Yes,Electronic check,117.56,4356.45,1
6239-['R' 'H' 'S' 'C' 'I'],Female,0,No,No,18,Yes,Yes,No,No,No,No,No,No,No,One year,Yes,Credit card (automatic),49.9,894.93,0
9152-['T' 'L' 'W' 'M' 'H'],Female,0,No,No,53,Yes,No,Fiber optic,No,No,No,Yes,Yes,Yes,Month-to-month,Yes,Credit card (automatic),101.8,5400.4,0
6358-['M' 'U' 'M' 'Q' 'O'],Male,0,No,No,44,Yes,Yes,Fiber optic,Yes,Yes,Yes,No,No,Yes,Month-to-month,Yes,Credit card (automatic),109.32,4807.6,1
7200-['V' 'S' 'C' 'N' 'J'],Female,0,No,No,35,Yes,Yes,DSL,Yes,Yes,No,No,Yes,Yes,One year,Yes,Credit card (automatic),100.93,3540.13,0
3416-['H' 'R' 'L' 'Q' 'W'],Female,0,No,No,48,Yes,No,DSL,No,No,No,Yes,No,No,Month-to-month,Yes,Credit card (automatic),64.32,3083.55,1
7984-['V' 'X' 'X' 'Y' 'W'],Female,1,No,No,59,Yes,No,DSL,No,No,Yes,Yes,Yes,Yes,One year,Yes,Bank transfer (automatic),90.63,5326.34,1
2176-['O' 'I' 'L' 'K' 'Q'],Female,1,Yes,Yes,55,Yes,Yes,DSL,No,Yes,Yes,No,No,Yes,One year,Yes,Electronic check,88.88,4880.91,0
4288-['O' 'D' 'R' 'K' 'I'],Female,0,Yes,No,72,Yes,No,DSL,No,Yes,Yes,No,Yes,No,Month-to-month,Yes,Credit card (automatic),77.83,5616.41,0
9936-['H' 'C' 'U' 'R' 'N'],Female,0,No,Yes,63,Yes,No,Fiber optic,Yes,Yes,No,No,No,No,One year,No,Electronic check,84.86,5354.5,0
6090-['Q' 'D' 'U' 'R' 'O'],Female,0,Yes,Yes,61,Yes,No,Fiber optic,No,No,No,Yes,Yes,No,Month-to-month,Yes,Electronic check,92.3,5630.59,1
4346-['V' 'F' 'O' 'G' 'L'],Male,0,Yes,No,58,Yes,Yes,Fiber optic,Yes,No,No,No,Yes,Yes,Two year,Yes,Credit card (automatic),112.99,6572.53,0
8087-['I' 'T' 'E' 'K' 'B'],Male,0,No,No,0,Yes,No,Fiber optic,No,Yes,No,Yes,Yes,No,Month-to-month,Yes,Bank transfer (automatic),95.96,0.0,1
1803-['E' 'G' 'F' 'X' 'V'],Male,0,Yes,No,4,Yes,No,DSL,Yes,No,No,Yes,Yes,Yes,One year,No,Mailed check,90.29,365.99,1
5182-['C' 'A' 'I' 'I' 'V'],Female,0,No,No,18,Yes,Yes,DSL,No,No,No,Yes,No,No,One year,Yes,Credit card (automatic),76.6,1381.39,1
5798-['B' 'P' 'H' 'Z' 'F'],Female,0,Yes,No,57,Yes,Yes,DSL,Yes,Yes,Yes,No,Yes,Yes,One year,No,Mailed check,106.71,6078.68,0
2206-['M' 'A' 'S' 'O' 'A'],Male,0,No,No,56,Yes,No,No,No,No,No,No,No,No,Month-to-month,No,Mailed check,35.07,1958.03,0
6184-['L' 'K' 'Q' 'D' 'W'],Male,1,Yes,No,41,Yes,No,DSL,No,No,No,Yes,No,Yes,Two year,Yes,Electronic check,74.94,3089.88,0
9140-['E' 'F' 'B' 'U' 'G'],Male,0,Yes,No,72,Yes,No,Fiber optic,No,No,Yes,No,No,Yes,One year,No,Bank transfer (automatic),87.48,6297.64,0
6560-['V' 'N' 'J' 'D' 'C'],Female,0,No,Yes,5,Yes,No,Fiber optic,No,Yes,No,No,Yes,Yes,Month-to-month,Yes,Electronic check,101.72,509.41,1
3456-['W' 'N' 'F' 'W' 'O'],Male,1,No,No,21,Yes,Yes,No,No,No,No,No,No,No,One year,No,Electronic check,47.68,1002.9,0
4559-['E' 'C' 'C' 'M' 'B'],Female,0,No,No,52,Yes,Yes,Fiber optic,No,Yes,No,Yes,No,Yes,Month-to-month,No,Electronic check,104.75,5452.73,1
2472-['L' 'H' 'S' 'I' 'N'],Male,0,No,No,56,Yes,Yes,DSL,Yes,No,No,No,Yes,No,Month-to-month,No,Bank transfer (automatic),87.71,4913.83,0
5753-['J' 'I' 'F' 'A' 'E'],Male,1,No,No,50,Yes,Yes,No,No,No,No,No,No,No,One year,Yes,Electronic check,45.65,2270.32,0
8256-['M' 'V' 'W' 'D' 'A'],Female,0,Yes,No,4,Yes,No,DSL,No,Yes,No,Yes,No,No,Two year,Yes,Electronic check,69.28,265.96,0
3401-['X' 'D' 'Q' 'J' 'W'],Female,1,Yes,Yes,21,Yes,No,No,No,No,No,No,No,No,Two year,Yes,Electronic check,34.12,713.92,0
2409-['C' 'N' 'Y' 'O' 'M'],Female,0,Yes,Yes,6,Yes,No,Fiber optic,Yes,No,No,No,No,No,Month-to-month,No,Mailed check,81.11,482.73,1
4240-['B' 'S' 'P' 'K' 'L'],Female,0,Yes,No,63,Yes,No,Fiber optic,Yes,No,No,No,Yes,Yes,Two year,No,Credit card (automatic),101.69,6416.46,0
3560-['B' 'P' 'B' 'Z' 'S'],Female,0,No,Yes,56,No,No,Fiber optic,Yes,No,No,No,Yes,No,Month-to-month,Yes,Credit card (automatic),75.83,4249.34,1
6257-['S' 'J' 'P' 'M' 'P'],Female,0,No,Yes,25,Yes,Yes,DSL,No,Yes,No,Yes,Yes,No,Month-to-month,Yes,Electronic check,90.75,2264.84,1
1881-['X' 'H' 'X' 'R' 'M'],Male,0,No,No,24,Yes,No,Fiber optic,Yes,No,No,No,No,Yes,Month-to-month,Yes,Electronic check,92.03,2202.2,1
5568-['G' 'U' 'W' 'X' 'Y'],Female,0,No,No,68,Yes,No,No,No,No,No,No,No,No,One year,No,Mailed check,31.43,2139.27,0
9689-['F' 'I' 'F' 'R' 'Q'],Female,0,No,Yes,31,Yes,No,Fiber optic,Yes,Yes,No,Yes,Yes,No,Month-to-month,No,Electronic check,100.6,3102.88,1
5809-['J' 'S' 'Y' 'Z' 'D'],Female,1,Yes,Yes,7,Yes,Yes,No,No,No,No,No,No,No,Month-to-month,Yes,Credit card (automatic),47.24,323.88,0
2929-['R' 'C' 'U' 'C' 'E'],Male,0,No,No,8,Yes,No,DSL,Yes,Yes,No,Yes,Yes,Yes,Month-to-month,Yes,Mailed check,96.05,785.07,1
1111-['T' 'M' 'K' 'Z' 'M'],Male,0,Yes,No,53,No,No,DSL,Yes,No,Yes,No,Yes,No,Month-to-month,No,Bank transfer (automatic),66.52,3526.26,0
7034-['F' 'X' 'M' 'D' 'Y'],Female,0,No,No,19,Yes,Yes,No,No,No,No,No,No,No,Month-to-month,Yes,Electronic check,44.01,835.77,1
1036-['S' 'E' 'U' 'N' 'D'],Female,0,No,No,67,Yes,No,Fiber optic,No,Yes,Yes,No,Yes,Yes,Two year,Yes,Electronic check,105.38,7067.46,0
8890-['J' 'A' 'W' 'W' 'P'],Female,0,No,Yes,66,No,No,No,No,No,No,No,No,No,Month-to-month,No,Bank transfer (automatic),21.89,1438.39,1
1424-['R' 'Q' 'O' 'S' 'G'],Female,1,Yes,No,43,No,No,DSL,Yes,Yes,Yes,No,Yes,Yes,One year,Yes,Electronic check,81.12,3494.34,1
2233-['F' 'S' 'U' 'L' 'Y'],Female,0,Yes,No,40,Yes,No,Fiber optic,No,No,Yes,Yes,Yes,Yes,One year,Yes,Electronic check,101.14,4033.5,1
9034-['A' 'E' 'A' 'H' 'G'],Female,0,No,Yes,41,Yes,No,DSL,No,No,Yes,No,No,Yes,Month-to-month,Yes,Electronic check,75.19,3084.77,0
1849-['N' 'I' 'E' 'W' 'D'],Male,0,No,No,10,Yes,Yes,Fiber optic,No,No,No,No,No,Yes,Month-to-month,Yes,Mailed check,93.95,960.54,1
2899-['A' 'X' 'M' 'A' 'C'],Female,0,Yes,No,42,Yes,No,Fiber optic,Yes,No,No,Yes,No,Yes,One year,Yes,Electronic check,98.23,4117.36,1
2591-['R' 'Y' 'P' 'T' 'T'],Female,0,Yes,No,7,Yes,Yes,Fiber optic,No,Yes,No,Yes,No,Yes,Month-to-month,Yes,Mailed check,106.64,740.77,1
4742-['P' 'B' 'Q' 'J' 'G'],Female,0,Yes,No,45,No,No,Fiber optic,No,Yes,No,No,No,Yes,Month-to-month,Yes,Bank transfer (automatic),75.87,3417.27,1
6690-['J' 'S' 'T' 'I' 'V'],Female,0,Yes,No,33,Yes,Yes,DSL,Yes,No,Yes,Yes,No,No,Month-to-month,No,Electronic check,85.12,2795.67,1
6565-['Q' 'I' 'I' 'E' 'X'],Male,0,No,No,67,Yes,No,Fiber optic,No,No,No,No,Yes,No,One year,No,Mailed check,81.48,5461.24,0
7950-['K' 'H' 'Y' 'N' 'B'],Female,0,Yes,Yes,14,Yes,No,No,No,No,No,No,No,No,One year,No,Electronic check,37.7,525.28,0
9457-['U' 'X' 'P' 'P' 'S'],Male,1,No,No,17,Yes,Yes,Fiber optic,No,Yes,Yes,Yes,No,No,Two year,Yes,Bank transfer (automatic),100.74,1714.44,0
1954-['K' 'F' 'F' 'G' 'P'],Female,0,Yes,No,10,Yes,Yes,Fiber optic,No,No,Yes,No,Yes,No,Month-to-month,Yes,Mailed check,100.22,1023.41,1
7668-['C' 'X' 'X' 'I' 'X'],Female,0,Yes,No,18,Yes,Yes,No,No,No,No,No,No,No,Month-to-month,Yes,Mailed check,44.21,816.61,1
2058-['F' 'Y' 'Q' 'C' 'B'],Female,0,Yes,No,72,Yes,No,DSL,No,No,No,No,Yes,Yes,Month-to-month,No,Electronic check,82.51,5928.46,1
3519-['F' 'J' 'K' 'P' 'P'],Male,0,No,No,24,Yes,Yes,Fiber optic,No,No,Yes,Yes,No,Yes,Month-to-month,Yes,Mailed check,106.43,2545.48,0
8703-['R' 'V' 'W' 'X' 'I'],Male,0,No,Yes,21,Yes,No,Fiber optic,No,Yes,Yes,No,No,No,Month-to-month,No,Electronic check,82.53,1736.59,0
7420-['S' 'B' 'X' 'A' 'Z'],Female,0,No,No,61,Yes,Yes,Fiber optic,Yes,No,Yes,No,No,No,One year,Yes,Electronic check,94.39,5764.69,1
1175-['V' 'R' 'C' 'X' 'A'],Female,0,No,No,36,Yes,Yes,Fiber optic,No,Yes,No,No,Yes,No,Month-to-month,No,Bank transfer (automatic),96.5,3475.31,1
5357-['S' 'V' 'S' 'K' 'H'],Female,0,Yes,Yes,9,Yes,No,Fiber optic,No,No,Yes,No,No,No,Month-to-month,Yes,Electronic check,77.86,699.02,0
1947-['I' 'O' 'U' 'N' 'D'],Female,0,Yes,No,51,Yes,No,No,No,No,No,No,No,No,Month-to-month,No,Mailed check,41.84,2125.81,0
4191-['X' 'H' 'T' 'Q' 'B'],Female,0,Yes,No,67,Yes,No,Fiber optic,No,No,Yes,Yes,Yes,Yes,Month-to-month,Yes,Electronic check,105.33,7062.59,1
1531-['P' 'J' 'B' 'K' 'J'],Female,0,Yes,Yes,27,Yes,No,DSL,No,No,No,No,Yes,No,Month-to-month,No,Bank transfer (automatic),67.78,1823.24,1
2437-['S' 'Y' 'Y' 'N' 'K'],Female,0,No,No,29,Yes,No,DSL,Yes,Yes,No,No,No,Yes,Month-to-month,No,Electronic check,80.62,2338.13,0
9808-['G' 'O' 'T' 'Q' 'C'],Male,0,Yes,Yes,45,Yes,No,No,No,No,No,No,No,No,One year,Yes,Credit card (automatic),33.2,1500.23,0
4310-['N' 'H' 'D' 'Z' 'J'],Male,0,Yes,No,39,Yes,Yes,DSL,No,Yes,Yes,Yes,No,No,One year,No,Mailed check,84.35,3280.69,1
3465-['N' 'H' 'W' 'J' 'Y'],Female,0,Yes,No,20,Yes,Yes,Fiber optic,Yes,No,No,No,Yes,No,Month-to-month,Yes,Electronic check,99.09,1989.06,1
9817-['O' 'E' 'V' 'M' 'R'],Female,0,Yes,No,14,Yes,No,DSL,Yes,Yes,No,Yes,No,Yes,Month-to-month,No,Electronic check,84.52,1174.98,1
3781-['D' 'O' 'H' 'O' 'N'],Female,0,No,Yes,2,Yes,No,No,No,No,No,No,No,No,One year,Yes,Mailed check,31.85,55.11,0
3274-['Z' 'O' 'X' 'Q' 'Y'],Female,0,Yes,No,68,Yes,Yes,No,No,No,No,No,No,No,Month-to-month,Yes,Bank transfer (automatic),43.32,2932.98,0
7799-['D' 'K' 'Y' 'H' 'C'],Female,0,Yes,Yes,7,Yes,Yes,Fiber optic,No,Yes,No,No,Yes,No,Month-to-month,Yes,Electronic check,99.11,678.59,1
4522-['D' 'Y' 'D' 'K' 'S'],Female,0,No,No,8,Yes,No,Fiber optic,Yes,No,Yes,Yes,No,No,One year,Yes,Credit card (automatic),91.86,749.82,0
4381-['Q' 'J' 'X' 'Q' 'P'],Male,0,Yes,Yes,1,Yes,Yes,Fiber optic,No,No,Yes,No,No,No,One year,No,Mailed check,92.9,94.47,0
1339-['V' 'F' 'G' 'N' 'K'],Male,0,No,No,36,Yes,Yes,Fiber optic,No,No,No,No,No,Yes,Month-to-month,Yes,Bank transfer (automatic),96.84,3491.18,1
8691-['N' 'E' 'E' 'T' 'V'],Male,0,No,No,11,Yes,No,Fiber optic,Yes,No,No,No,Yes,Yes,One year,No,Mailed check,101.56,1125.03,1
6049-['O' 'Z' 'A' 'Y' 'X'],Female,0,No,Yes,18,Yes,No,DSL,No,No,No,No,No,No,One year,No,Mailed check,57.67,1045.98,0
2224-['C' 'Z' 'D' 'P' 'G'],Male,0,Yes,No,26,Yes,Yes,DSL,No,No,Yes,Yes,Yes,No,Month-to-month,Yes,Electronic check,90.53,2344.96,1
5245-['N' 'P' 'R' 'P' 'P'],Female,0,No,No,23,Yes,Yes,DSL,No,Yes,Yes,Yes,Yes,No,Month-to-month,No,Mailed check,93.2,2141.63,0
9073-['G' 'Y' 'O' 'I' 'G'],Male,0,No,No,65,Yes,No,DSL,No,No,Yes,Yes,Yes,No,One year,Yes,Electronic check,78.87,5128.76,0
5090-['X' 'P' 'Z' 'C' 'Q'],Female,0,No,No,15,Yes,No,Fiber optic,No,No,Yes,No,No,No,Month-to-month,No,Bank transfer (automatic),79.38,1213.26,1
3134-['H' 'B' 'Y' 'T' 'Z'],Male,0,Yes,Yes,1,Yes,Yes,No,No,No,No,No,No,No,Month-to-month,Yes,Electronic check,44.74,38.93,1
1122-['Y' 'C' 'H' 'B' 'S'],Female,0,Yes,Yes,20,Yes,No,Fiber optic,No,No,Yes,Yes,No,No,Month-to-month,No,Credit card (automatic),85.83,1710.8,1
3352-['E' 'T' 'Q' 'J' 'I'],Male,0,No,No,9,Yes,No,DSL,Yes,No,Yes,No,Yes,Yes,Month-to-month,No,Bank transfer (automatic),90.9,815.44,0
7405-['K' 'B' 'W' 'L' 'L'],Male,0,No,No,57,Yes,Yes,Fiber optic,No,Yes,No,Yes,Yes,No,Month-to-month,Yes,Bank transfer (automatic),104.76,5957.83,1
7037-['X' 'L' 'U' 'R' 'M'],Male,0,No,No,16,Yes,No,DSL,No,No,No,No,No,Yes,Month-to-month,No,Mailed check,68.67,1094.92,1
9271-['D' 'L' 'Q' 'A' 'V'],Female,0,No,No,6,No,No,DSL,No,No,No,No,Yes,No,One year,Yes,Bank transfer (automatic),53.64,301.68,1
6566-['R' 'V' 'P' 'A' 'J'],Female,0,Yes,No,72,Yes,No,Fiber optic,No,No,Yes,No,Yes,Yes,Month-to-month,Yes,Credit card (automatic),96.27,6921.48,1
3002-['P' 'N' 'Y' 'B' 'X'],Female,1,No,No,45,Yes,No,Fiber optic,Yes,No,No,Yes,No,Yes,Month-to-month,Yes,Credit card (automatic),95.95,4332.93,1
6867-['D' 'V' 'X' 'D' 'E'],Female,0,Yes,Yes,49,Yes,Yes,DSL,No,Yes,No,No,Yes,No,Two year,Yes,Electronic check,83.92,4093.79,0
2353-['T' 'A' 'U' 'H' 'G'],Female,0,No,No,9,Yes,Yes,DSL,No,No,No,No,Yes,No,One year,Yes,Mailed check,77.93,711.87,1
4620-['C' 'O' 'Q' 'W' 'M'],Male,1,Yes,Yes,15,Yes,No,DSL,No,No,No,No,No,No,One year,Yes,Mailed check,60.69,901.39,0
1690-['T' 'N' 'U' 'M' 'L'],Female,0,No,No,0,Yes,No,DSL,No,No,No,No,Yes,No,Two year,Yes,Credit card (automatic),70.97,0.0,0
4708-['W' 'I' 'C' 'K' 'J'],Female,0,Yes,No,8,Yes,No,No,No,No,No,No,No,No,Month-to-month,Yes,Credit card (automatic),35.71,286.61,1
4008-['Q' 'Z' 'M' 'N' 'A'],Female,0,No,No,12,Yes,No,Fiber optic,No,Yes,Yes,Yes,Yes,No,One year,Yes,Bank transfer (automatic),95.78,1152.01,1
2399-['D' 'B' 'S' 'Z' 'E'],Male,0,Yes,Yes,60,Yes,Yes,DSL,No,Yes,Yes,No,Yes,Yes,Month-to-month,Yes,Mailed check,98.78,5928.47,1
6320-['X' 'M' 'L' 'S' 'I'],Male,0,No,No,47,Yes,Yes,Fiber optic,Yes,Yes,No,No,Yes,Yes,Month-to-month,Yes,Electronic check,113.39,5340.37,1
9649-['S' 'J' 'L' 'N' 'H'],Male,0,Yes,No,15,Yes,No,No,No,No,No,No,No,No,Month-to-month,No,Credit card (automatic),35.32,526.18,0
8983-['Q' 'T' 'D' 'F' 'L'],Female,0,No,Yes,40,Yes,Yes,Fiber optic,No,No,No,No,Yes,No,Month-to-month,Yes,Electronic check,93.17,3715.81,0
4185-['G' 'E' 'J' 'F' 'N'],Female,0,No,No,29,Yes,No,DSL,Yes,No,Yes,No,Yes,No,Two year,No,Bank transfer (automatic),82.64,2394.72,0
7853-['N' 'L' 'V' 'Z' 'L'],Male,1,Yes,No,71,Yes,Yes,Fiber optic,No,No,No,Yes,No,Yes,Month-to-month,Yes,Mailed check,101.25,7170.56,1
1135-['J' 'P' 'T' 'Z' 'H'],Female,0,Yes,No,54,Yes,No,No,No,No,No,No,No,No,Two year,Yes,Mailed check,37.17,2004.01,0
8656-['M' 'T' 'Q' 'S' 'Q'],Female,0,No,No,10,Yes,No,Fiber optic,Yes,No,Yes,No,No,No,Month-to-month,No,Electronic check,85.49,851.37,1
1870-['A' 'T' 'N' 'Q' 'M'],Female,0,Yes,No,51,No,No,Fiber optic,Yes,No,Yes,Yes,Yes,No,Month-to-month,No,Electronic check,82.45,4226.32,1
9673-['N' 'A' 'E' 'G' 'S'],Female,0,Yes,No,47,Yes,No,DSL,No,No,Yes,Yes,Yes,Yes,Two year,No,Credit card (automatic),90.69,4263.2,0
6549-['X' 'N' 'O' 'E' 'E'],Female,1,No,No,6,Yes,No,Fiber optic,No,No,No,No,No,No,Month-to-month,Yes,Electronic check,74.56,442.24,1
6684-['X' 'B' 'R' 'X' 'I'],Male,0,No,No,53,Yes,No,Fiber optic,No,No,No,Yes,No,No,Month-to-month,Yes,Electronic check,83.62,4442.24,0
6019-['J' 'Z' 'R' 'D' 'H'],Male,0,Yes,No,0,Yes,Yes,No,No,No,No,No,No,No,Month-to-month,Yes,Electronic check,45.28,0.0,1
6587-['Z' 'Q' 'P' 'R' 'G'],Male,0,No,Yes,31,Yes,Yes,DSL,Yes,Yes,Yes,No,Yes,Yes,Two year,No,Electronic check,103.34,3190.32,0
4648-['A' 'R' 'D' 'W' 'T'],Female,0,No,No,61,Yes,Yes,Fiber optic,No,No,Yes,No,No,Yes,Month-to-month,Yes,Mailed check,98.26,5992.95,1
7018-['F' 'M' 'W' 'G' 'X'],Male,0,No,No,14,Yes,Yes,DSL,No,No,No,No,No,No,Two year,Yes,Mailed check,69.02,970.9,0
6180-['D' 'A' 'F' 'X' 'E'],Female,0,No,No,60,Yes,No,No,No,No,No,No,No,No,Month-to-month,Yes,Mailed check,34.97,2098.08,0
5652-['S' 'D' 'X' 'F' 'M'],Male,0,Yes,No,55,Yes,Yes,DSL,No,No,Yes,No,Yes,No,Two year,Yes,Credit card (automatic),81.72,4489.02,0
5124-['E' 'M' 'Y' 'J' 'C'],Female,0,No,Yes,33,Yes,No,DSL,Yes,No,Yes,No,Yes,Yes,Month-to-month,No,Bank transfer (automatic),91.25,3021.7,1
6272-['M' 'L' 'D' 'J' 'Z'],Female,0,Yes,No,19,Yes,No,No,No,No,No,No,No,No,Month-to-month,No,Bank transfer (automatic),34.52,666.72,1
2602-['Q' 'I' 'A' 'R' 'I'],Male,0,Yes,No,23,Yes,Yes,DSL,No,No,No,No,Yes,No,Month-to-month,No,Bank transfer (automatic),82.68,1910.76,1
6812-['T' 'Y' 'I' 'B' 'S'],Male,0,Yes,No,27,Yes,No,No,No,No,No,No,No,No,Two year,No,Credit card (automatic),40.14,1074.0,0
1027-['P' 'C' 'P' 'U' 'M'],Male,0,No,No,10,Yes,No,Fiber optic,Yes,Yes,No,Yes,Yes,Yes,Month-to-month,No,Mailed check,109.88,1097.93,1
8977-['V' 'R' 'F' 'F' 'R'],Female,0,No,No,29,Yes,No,No,No,No,No,No,No,No,Month-to-month,No,Electronic check,30.4,881.12,0
5261-['V' 'M' 'N' 'U' 'G'],Male,0,No,No,37,Yes,Yes,No,No,No,No,No,No,No,Two year,No,Bank transfer (automatic),45.27,1660.11,0
2356-['O' 'L' 'U' 'A' 'Y'],Male,1,No,Yes,0,Yes,No,Fiber optic,No,No,No,No,No,No,Two year,No,Mailed check,74.66,0.0,1
2745-['Z' 'V' 'H' 'B' 'D'],Male,1,Yes,Yes,68,Yes,No,Fiber optic,No,No,Yes,Yes,Yes,No,Month-to-month,No,Mailed check,96.78,6601.21,0
7257-['Y' 'Z' 'M' 'O' 'B'],Male,0,Yes,No,32,Yes,No,DSL,No,Yes,No,Yes,No,No,Two year,Yes,Mailed check,66.75,2157.9,0
8465-['B' 'U' 'L' 'E' 'L'],Female,0,Yes,Yes,64,Yes,Yes,DSL,No,No,Yes,Yes,Yes,Yes,Month-to-month,Yes,Mailed check,101.79,6529.73,1
5310-['A' 'B' 'P' 'V' 'B'],Female,1,No,No,43,Yes,Yes,Fiber optic,No,No,No,Yes,No,Yes,Month-to-month,Yes,Electronic check,101.48,4372.5,1
7671-['T' 'Z' 'P' 'F' 'M'],Female,0,No,No,63,Yes,No,Fiber optic,No,Yes,No,Yes,Yes,No,Month-to-month,No,Mailed check,96.44,6067.73,0
1553-['E' 'H' 'F' 'E' 'T'],Male,0,Yes,Yes,8,Yes,Yes,No,No,No,No,No,No,No,Two year,No,Credit card (automatic),45.59,379.34,0
1149-['F' 'V' 'Q' 'F' 'Q'],Male,0,No,Yes,31,Yes,No,DSL,Yes,No,No,Yes,No,Yes,Month-to-month,Yes,Mailed check,79.91,2483.97,1
3736-['Q' 'M' 'V' 'G' 'V'],Male,0,No,No,53,Yes,Yes,No,No,No,No,No,No,No,Month-to-month,Yes,Electronic check,47.33,2503.29,0
1084-['F' 'N' 'P' 'C' 'I'],Female,0,No,No,25,Yes,No,DSL,No,No,No,No,No,Yes,Month-to-month,Yes,Electronic check,70.41,1745.36,0
7749-['J' 'J' 'W' 'C' 'A'],Male,0,Yes,No,61,Yes,No,No,No,No,No,No,No,No,One year,No,Mailed check,33.97,2072.43,0
4906-['Y' 'E' 'G' 'C' 'D'],Female,0,No,No,41,Yes,No,DSL,Yes,Yes,Yes,No,Yes,No,Month-to-month,No,Bank transfer (automatic),83.53,3455.51,0
1542-['B' 'N' 'E' 'U' 'B'],Male,0,Yes,Yes,47,Yes,No,DSL,Yes,No,Yes,No,Yes,No,Month-to-month,No,Mailed check,81.98,3859.12,1
7890-['V' 'J' 'T' 'A' 'S'],Female,0,Yes,No,5,Yes,No,No,No,No,No,No,No,No,Month-to-month,No,Bank transfer (automatic),35.35,172.7,0
9566-['V' 'N' 'A' 'Y' 'I'],Female,1,Yes,No,29,Yes,No,Fiber optic,No,Yes,Yes,No,No,No,Month-to-month,Yes,Mailed check,88.37,2572.6,1
2360-['N' 'M' 'M' 'F' 'G'],Male,1,Yes,No,22,Yes,Yes,Fiber optic,No,Yes,No,No,No,Yes,Month-to-month,No,Electronic check,101.34,2232.81,1
3625-['Z' 'H' 'X' 'F' 'Y'],Male,0,No,No,24,Yes,Yes,No,No,No,No,No,No,No,Month-to-month,No,Mailed check,45.46,1102.88,1
3737-['V' 'W' 'F' 'K' 'C'],Female,0,No,No,12,Yes,No,DSL,No,No,Yes,Yes,Yes,Yes,Month-to-month,Yes,Mailed check,89.79,1091.86,0
6508-['X' 'V' 'B' 'O' 'P'],Female,0,No,No,24,Yes,No,DSL,No,No,Yes,No,No,Yes,One year,No,Bank transfer (automatic),74.2,1777.46,1
5207-['X' 'D' 'P' 'Q' 'B'],Male,0,No,No,16,Yes,No,Fiber optic,Yes,Yes,Yes,No,No,No,Month-to-month,No,Credit card (automatic),89.3,1427.18,1
7351-['D' 'G' 'R' 'F' 'R'],Female,0,Yes,No,26,Yes,No,Fiber optic,No,Yes,Yes,Yes,No,No,One year,Yes,Bank transfer (automatic),88.11,2280.76,1
9411-['G' 'B' 'S' 'I' 'D'],Male,1,No,No,10,Yes,No,No,No,No,No,No,No,No,One year,Yes,Bank transfer (automatic),37.19,375.07,1
7285-['E' 'Y' 'G' 'H' 'O'],Male,0,No,Yes,5,Yes,No,DSL,No,Yes,No,Yes,No,No,Month-to-month,No,Electronic check,71.92,362.75,1
3042-['S' 'K' 'T' 'W' 'D'],Female,0,No,Yes,36,Yes,Yes,Fiber optic,Yes,No,No,No,Yes,No,Month-to-month,Yes,Electronic check,99.35,3575.73,1
1909-['Z' 'F' 'Y' 'P' 'R'],Female,0,Yes,Yes,71,Yes,Yes,Fiber optic,Yes,Yes,Yes,Yes,Yes,No,Two year,No,Electronic check,113.76,8068.06,1
3560-['H' 'A' 'A' 'S' 'U'],Male,0,Yes,Yes,36,No,No,No,No,No,No,No,No,No,Month-to-month,Yes,Electronic check,20.05,729.23,1
5476-['Y' 'J' 'R' 'L' 'Q'],Female,0,No,Yes,58,Yes,No,Fiber optic,Yes,No,No,No,Yes,No,One year,No,Electronic check,87.74,5086.71,0
9736-['H' 'J' 'Z' 'J' 'R'],Female,0,Yes,No,9,Yes,Yes,No,No,No,No,No,No,No,Month-to-month,Yes,Credit card (automatic),44.75,415.5,1
2084-['I' 'Y' 'B' 'C' 'B'],Male,0,Yes,Yes,0,No,No,DSL,No,Yes,No,No,No,Yes,One year,Yes,Credit card (automatic),60.03,0.0,1
3245-['W' 'L' 'V' 'S' 'O'],Female,0,Yes,No,51,Yes,Yes,Fiber optic,Yes,No,Yes,Yes,No,No,Two year,Yes,Credit card (automatic),101.89,5198.03,0
6835-['R' 'P' 'B' 'K' 'L'],Female,1,Yes,No,17,Yes,Yes,No,No,No,No,No,No,No,Month-to-month,Yes,Electronic check,46.78,795.09,0
9804-['X' 'F' 'Y' 'K' 'U'],Female,0,No,No,4,Yes,No,No,No,No,No,No,No,No,Two year,Yes,Electronic check,36.74,143.72,0
2443-['I' 'L' 'J' 'N' 'E'],Female,0,No,No,47,Yes,Yes,DSL,No,No,Yes,No,Yes,Yes,Month-to-month,No,Electronic check,94.76,4454.31,1
7212-['P' 'E' 'E' 'R' 'F'],Male,0,Yes,No,32,No,No,No,No,No,No,No,No,No,Month-to-month,Yes,Credit card (automatic),22.61,744.19,0
8732-['R' 'J' 'O' 'X' 'V'],Female,0,Yes,No,56,Yes,No,No,No,No,No,No,No,No,Two year,Yes,Electronic check,33.96,1909.19,0
3570-['Z' 'S' 'Y' 'M' 'T'],Female,0,Yes,Yes,24,No,No,No,No,No,No,No,No,No,Month-to-month,Yes,Bank transfer (automatic),20.61,487.41,1
1898-['P' 'G' 'L' 'O' 'H'],Female,0,Yes,No,43,Yes,No,Fiber optic,No,No,No,Yes,No,Yes,Month-to-month,No,Electronic check,91.89,3952.4,1
3032-['A' 'U' 'H' 'N' 'J'],Female,0,Yes,Yes,65,Yes,Yes,Fiber optic,Yes,No,Yes,No,No,No,Month-to-month,No,Bank transfer (automatic),93.15,6061.29,1
5570-['S' 'H' 'S' 'D' 'J'],Male,0,No,No,67,Yes,Yes,No,No,No,No,No,No,No,One year,No,Bank transfer (automatic),45.59,3053.33,0
9246-['C' 'D' 'P' 'X' 'D'],Male,0,Yes,No,24,Yes,No,No,No,No,No,No,No,No,Month-to-month,Yes,Mailed check,35.13,828.01,1
8256-['T' 'T' 'M' 'U' 'Q'],Male,0,No,No,44,Yes,Yes,DSL,No,Yes,Yes,Yes,No,No,Month-to-month,Yes,Bank transfer (automatic),84.05,3684.71,1
6528-['P' 'Y' 'Q' 'F' 'C'],Female,0,Yes,No,22,Yes,Yes,Fiber optic,No,No,Yes,No,Yes,No,Month-to-month,Yes,Credit card (automatic),97.78,2157.95,1
4763-['X' 'D' 'H' 'T' 'I'],Male,0,Yes,No,40,Yes,No,Fiber optic,No,No,Yes,Yes,Yes,Yes,Month-to-month,No,Electronic check,104.6,4181.82,1
3101-['A' 'M' 'Z' 'B' 'W'],Male,0,Yes,No,32,Yes,Yes,No,No,No,No,No,No,No,Two year,Yes,Mailed check,44.47,1420.86,1
2929-['W' 'S' 'Q' 'X' 'M'],Female,0,No,No,27,No,No,Fiber optic,No,No,No,No,Yes,Yes,Two year,Yes,Mailed check,83.13,2244.45,0
2977-['N' 'K' 'J' 'G' 'J'],Female,0,Yes,Yes,7,Yes,No,Fiber optic,No,No,No,Yes,Yes,Yes,Month-to-month,Yes,Electronic check,99.37,711.47,1
4597-['C' 'M' 'B' 'Q' 'U'],Male,0,No,Yes,28,Yes,No,DSL,No,No,No,No,No,No,Month-to-month,Yes,Electronic check,59.07,1651.64,1
6826-['Z' 'O' 'H' 'F' 'Z'],Male,0,Yes,No,55,Yes,Yes,No,No,No,No,No,No,No,One year,No,Bank transfer (automatic),44.78,2476.24,0
5671-['I' 'Y' 'K' 'V' 'B'],Female,0,No,No,14,Yes,No,DSL,No,Yes,No,Yes,Yes,Yes,Month-to-month,Yes,Mailed check,87.96,1224.85,1
8784-['R' 'S' 'V' 'R' 'E'],Female,0,No,No,14,Yes,Yes,DSL,No,No,No,No,No,Yes,Two year,Yes,Credit card (automatic),79.1,1114.78,0
7225-['L' 'D' 'O' 'K' 'S'],Female,0,No,No,36,Yes,Yes,No,No,No,No,No,No,No,Month-to-month,Yes,Electronic check,46.04,1656.73,1
4205-['M' 'W' 'J' 'X' 'Y'],Male,0,No,Yes,18,Yes,No,Fiber optic,No,Yes,Yes,Yes,Yes,No,Month-to-month,Yes,Mailed check,100.46,1831.15,1
1877-['D' 'T' 'W' 'L' 'O'],Female,0,Yes,No,58,Yes,Yes,DSL,No,Yes,Yes,No,Yes,Yes,One year,Yes,Electronic check,98.54,5719.79,1
8513-['J' 'K' 'I' 'K' 'B'],Male,0,No,Yes,50,No,No,Fiber optic,Yes,No,Yes,No,No,No,Two year,Yes,Electronic check,66.22,3318.05,0
4052-['V' 'Z' 'Z' 'H' 'U'],Male,0,No,No,34,Yes,No,DSL,No,No,No,No,No,No,Month-to-month,No,Mailed check,59.48,2010.47,1
3324-['H' 'A' 'F' 'Z' 'M'],Male,0,Yes,Yes,35,Yes,No,DSL,Yes,Yes,No,Yes,Yes,No,Two year,Yes,Mailed check,85.21,2972.44,0
4291-['F' 'O' 'W' 'P' 'D'],Female,1,Yes,No,52,Yes,Yes,DSL,Yes,No,No,Yes,No,No,Month-to-month,Yes,Bank transfer (automatic),83.46,4342.63,0
7073-['Q' 'I' 'L' 'V' 'S'],Male,1,No,Yes,11,Yes,Yes,Fiber optic,No,Yes,Yes,No,Yes,No,One year,Yes,Electronic check,105.5,1165.61,1
1691-['Z' 'L' 'V' 'F' 'L'],Male,0,Yes,No,27,Yes,No,Fiber optic,No,No,Yes,No,Yes,No,One year,No,Electronic check,88.66,2409.91,1
4123-['E' 'U' 'C' 'B' 'H'],Male,0,No,Yes,70,Yes,No,DSL,Yes,No,No,Yes,Yes,Yes,Two year,No,Electronic check,89.81,6269.81,0
9767-['J' 'K' 'I' 'N' 'E'],Male,1,Yes,No,32,Yes,Yes,Fiber optic,Yes,No,No,Yes,No,Yes,One year,No,Bank transfer (automatic),103.98,3330.72,1
5954-['I' 'D' 'B' 'S' 'A'],Female,0,No,No,54,Yes,Yes,DSL,No,No,No,No,No,Yes,Two year,No,Bank transfer (automatic),77.84,4186.77,0
6076-['A' 'L' 'K' 'A' 'N'],Male,0,Yes,No,72,Yes,Yes,DSL,No,No,Yes,Yes,No,No,One year,No,Mailed check,80.71,5818.98,0
6050-['K' 'G' 'B' 'O' 'H'],Female,1,No,No,49,Yes,Yes,No,No,No,No,No,No,No,Two year,No,Mailed check,42.36,2086.57,1
9819-['Y' 'O' 'Z' 'H' 'J'],Female,0,Yes,No,28,No,No,DSL,Yes,No,Yes,No,Yes,Yes,One year,Yes,Credit card (automatic),79.25,2226.52,0
7066-['C' 'T' 'N' 'I' 'I'],Male,0,No,No,57,Yes,No,Fiber optic,Yes,No,Yes,No,Yes,Yes,One year,Yes,Credit card (automatic),104.11,5937.38,0
6575-['K' 'H' 'L' 'J' 'W'],Male,0,No,Yes,25,Yes,Yes,Fiber optic,Yes,No,No,No,No,No,Two year,No,Mailed check,92.78,2325.43,0
8811-['P' 'T' 'F' 'I' 'W'],Female,0,No,No,22,Yes,No,No,No,No,No,No,No,No,Month-to-month,Yes,Electronic check,33.49,739.53,0
4796-['X' 'F' 'Q' 'Q' 'Y'],Female,1,Yes,No,16,Yes,No,DSL,No,No,Yes,Yes,No,No,Month-to-month,Yes,Credit card (automatic),70.16,1121.51,0
3047-['X' 'V' 'M' 'Q' 'N'],Female,0,No,No,4,Yes,Yes,No,No,No,No,No,No,No,Month-to-month,Yes,Bank transfer (automatic),44.76,170.4,1
7881-['Z' 'S' 'Z' 'C' 'B'],Female,0,Yes,No,58,Yes,Yes,No,No,No,No,No,No,No,Month-to-month,Yes,Credit card (automatic),46.19,2683.08,0
2025-['V' 'G' 'D' 'Q' 'F'],Male,0,No,No,15,Yes,No,Fiber optic,No,No,No,No,No,No,Two year,No,Bank transfer (automatic),79.53,1177.25,0
5563-['F' 'I' 'T' 'Z' 'D'],Male,0,No,Yes,20,Yes,No,DSL,Yes,No,No,Yes,No,No,One year,Yes,Mailed check,65.69,1316.21,0
8321-['E' 'S' 'J' 'R' 'O'],Male,0,Yes,No,4,Yes,No,DSL,Yes,Yes,No,No,Yes,Yes,Two year,Yes,Bank transfer (automatic),89.92,353.09,1
6816-['A' 'E' 'E' 'H' 'V'],Male,0,Yes,No,57,Yes,No,DSL,No,No,No,No,No,No,Month-to-month,Yes,Mailed check,58.79,3365.28,1
4477-['T' 'O' 'Q' 'S' 'M'],Female,0,No,Yes,25,Yes,No,Fiber optic,No,No,Yes,No,No,Yes,One year,Yes,Electronic check,90.11,2256.15,1
1633-['V' 'U' 'J' 'Q' 'E'],Female,1,Yes,No,42,Yes,No,DSL,No,Yes,No,No,No,No,Two year,Yes,Bank transfer (automatic),64.99,2734.43,0
9785-['Q' 'D' 'V' 'G' 'Y'],Male,0,No,No,58,Yes,Yes,No,No,No,No,No,No,No,Month-to-month,No,Bank transfer (automatic),46.14,2671.32,0
6988-['H' 'H' 'K' 'I' 'S'],Male,0,No,No,57,Yes,No,Fiber optic,Yes,No,No,No,Yes,No,Two year,No,Mailed check,91.33,5191.77,0
5274-['I' 'W' 'T' 'Q' 'P'],Male,0,No,No,1,Yes,No,No,No,No,No,No,No,No,Month-to-month,Yes,Mailed check,34.59,17.47,1
6734-['Z' 'V' 'C' 'U' 'S'],Female,0,Yes,No,43,Yes,No,DSL,No,No,No,No,Yes,No,Two year,No,Mailed check,71.66,3090.47,0
9807-['E' 'Z' 'Z' 'F' 'B'],Male,0,No,Yes,25,Yes,Yes,Fiber optic,No,No,No,No,No,No,One year,No,Credit card (automatic),86.78,2165.91,0
5407-['Y' 'S' 'M' 'F' 'F'],Female,0,Yes,Yes,43,Yes,No,No,No,No,No,No,No,No,Month-to-month,Yes,Credit card (automatic),34.18,1469.53,0
2473-['Z' 'X' 'E' 'K' 'K'],Female,0,No,Yes,18,Yes,No,DSL,No,Yes,Yes,Yes,No,No,Month-to-month,Yes,Credit card (automatic),73.2,1317.52,1
5557-['M' 'H' 'O' 'L' 'C'],Female,0,Yes,Yes,48,Yes,Yes,Fiber optic,No,Yes,No,Yes,Yes,No,Month-to-month,Yes,Bank transfer (automatic),105.82,5080.59,1
5564-['W' 'E' 'F' 'B' 'H'],Female,0,Yes,No,56,Yes,No,Fiber optic,No,No,Yes,No,No,No,Two year,No,Bank transfer (automatic),79.66,4453.69,0
3852-['V' 'Q' 'Z' 'B' 'K'],Male,0,Yes,Yes,5,Yes,Yes,Fiber optic,No,No,No,Yes,No,Yes,One year,Yes,Credit card (automatic),101.97,506.89,1
2955-['K' 'I' 'F' 'X' 'B'],Female,0,Yes,No,22,Yes,Yes,Fiber optic,Yes,Yes,No,No,No,No,Month-to-month,No,Electronic check,97.75,2146.62,1
9302-['E' 'L' 'M' 'Q' 'D'],Female,0,No,No,42,Yes,No,DSL,No,Yes,No,No,No,No,Month-to-month,Yes,Mailed check,64.52,2722.88,1
1554-['P' 'K' 'I' 'B' 'G'],Male,0,No,No,43,Yes,No,Fiber optic,No,No,Yes,Yes,Yes,Yes,Two year,Yes,Credit card (automatic),103.44,4456.82,1
3226-['R' 'T' 'G' 'W' 'I'],Male,0,No,No,65,Yes,No,Fiber optic,Yes,Yes,Yes,No,No,Yes,Month-to-month,Yes,Electronic check,101.52,6598.51,1
3347-['C' 'W' 'V' 'Z' 'P'],Female,1,No,No,44,Yes,No,Fiber optic,Yes,Yes,No,Yes,Yes,No,Month-to-month,Yes,Credit card (automatic),101.5,4487.97,1
3774-['Z' 'E' 'Y' 'W' 'G'],Male,0,Yes,No,18,Yes,No,DSL,No,Yes,Yes,No,No,No,Month-to-month,Yes,Bank transfer (automatic),71.52,1292.59,1
4739-['S' 'Q' 'P' 'U' 'X'],Male,0,No,No,3,Yes,Yes,Fiber optic,Yes,No,Yes,Yes,Yes,Yes,Month-to-month,Yes,Bank transfer (automatic),118.75,360.69,1
9020-['Z' 'S' 'Y' 'R' 'S'],Female,0,No,No,56,Yes,Yes,DSL,Yes,No,No,Yes,Yes,No,Two year,Yes,Credit card (automatic),88.96,4978.94,0
1763-['D' 'Z' 'A' 'D' 'D'],Male,0,Yes,No,8,Yes,No,DSL,Yes,No,Yes,No,No,No,Month-to-month,Yes,Credit card (automatic),69.02,546.81,1
4719-['B' 'W' 'F' 'W' 'K'],Female,1,Yes,Yes,47,Yes,No,DSL,No,No,No,Yes,No,No,Month-to-month,No,Bank transfer (automatic),61.85,2919.39,0
1109-['U' 'V' 'I' 'B' 'Y'],Female,1,No,No,35,Yes,No,Fiber optic,No,Yes,Yes,No,No,No,Month-to-month,Yes,Bank transfer (automatic),83.5,2904.8,1
6529-['A' 'D' 'L' 'E' 'I'],Male,0,No,No,66,No,No,Fiber optic,No,No,No,No,Yes,Yes,One year,Yes,Bank transfer (automatic),79.65,5258.65,0
3494-['V' 'D' 'P' 'B' 'P'],Male,0,No,No,17,No,No,Fiber optic,Yes,No,Yes,No,No,Yes,Month-to-month,Yes,Electronic check,77.91,1316.16,1
8732-['X' 'X' 'V' 'K' 'A'],Male,1,No,No,39,Yes,No,DSL,Yes,No,No,No,No,No,Month-to-month,No,Bank transfer (automatic),65.24,2547.9,1
2855-['X' 'D' 'R' 'Q' 'G'],Female,0,Yes,No,65,Yes,No,Fiber optic,No,Yes,Yes,No,No,Yes,Month-to-month,Yes,Bank transfer (automatic),92.8,6026.82,1
4529-['A' 'B' 'Q' 'V' 'C'],Male,0,Yes,Yes,64,Yes,No,DSL,No,No,No,No,No,No,One year,No,Electronic check,61.37,3925.34,1
6072-['L' 'X' 'L' 'T' 'J'],Female,0,No,No,23,No,No,DSL,No,No,Yes,Yes,Yes,No,One year,Yes,Electronic check,65.92,1518.26,1
5350-['V' 'F' 'G' 'Q' 'L'],Male,0,No,No,52,Yes,No,DSL,No,No,No,Yes,No,Yes,Two year,Yes,Bank transfer (automatic),72.69,3767.46,0
1990-['R' 'N' 'K' 'B' 'U'],Female,1,No,No,41,Yes,Yes,No,No,No,No,No,No,No,Two year,Yes,Mailed check,47.07,1952.51,0
2376-['K' 'B' 'P' 'V' 'C'],Male,1,Yes,No,52,Yes,Yes,No,No,No,No,No,No,No,One year,No,Bank transfer (automatic),47.08,2438.84,0
9755-['A' 'U' 'T' 'H' 'S'],Female,0,No,Yes,61,No,No,Fiber optic,No,No,Yes,No,No,Yes,Month-to-month,No,Mailed check,74.97,4582.26,0
7681-['A' 'Z' 'E' 'A' 'K'],Male,0,No,No,61,No,No,DSL,Yes,Yes,No,No,No,Yes,Month-to-month,Yes,Mailed check,65.16,3987.38,0
3692-['B' 'M' 'R' 'Z' 'Y'],Male,0,Yes,No,67,Yes,Yes,DSL,Yes,No,Yes,No,Yes,No,One year,No,Mailed check,91.18,6121.54,0
8053-['E' 'X' 'J' 'T' 'B'],Male,0,Yes,No,34,Yes,No,No,No,No,No,No,No,No,Two year,No,Electronic check,33.71,1156.13,0
9003-['L' 'K' 'D' 'K' 'I'],Male,0,Yes,No,56,Yes,No,DSL,No,Yes,Yes,Yes,No,Yes,Two year,Yes,Mailed check,82.65,4634.74,0
1201-['F' 'O' 'J' 'V' 'U'],Male,0,Yes,No,60,No,No,Fiber optic,No,Yes,Yes,No,No,No,One year,Yes,Electronic check,68.27,4071.66,1
6408-['U' 'V' 'X' 'T' 'U'],Female,0,No,Yes,11,Yes,Yes,DSL,Yes,Yes,No,Yes,No,Yes,Two year,Yes,Electronic check,94.76,1041.49,0
6887-['D' 'W' 'Z' 'V' 'N'],Female,0,Yes,Yes,48,Yes,Yes,Fiber optic,Yes,No,No,No,No,Yes,Month-to-month,Yes,Electronic check,100.86,4830.28,1
5051-['V' 'T' 'H' 'K' 'O'],Male,0,No,No,21,Yes,No,Fiber optic,No,No,No,Yes,Yes,Yes,One year,No,Bank transfer (automatic),99.5,2082.66,1
2041-['V' 'X' 'Q' 'F' 'Y'],Female,0,No,No,67,Yes,Yes,DSL,No,No,No,No,No,No,Month-to-month,No,Bank transfer (automatic),70.77,4749.05,1
8455-['O' 'M' 'Z' 'Z' 'R'],Female,0,No,No,70,Yes,Yes,DSL,Yes,Yes,No,No,Yes,No,Month-to-month,No,Mailed check,94.67,6627.1,0
9972-['A' 'R' 'E' 'F' 'A'],Male,0,Yes,Yes,22,Yes,No,Fiber optic,No,Yes,Yes,Yes,No,No,Two year,No,Electronic check,86.93,1899.08,0
9739-['I' 'O' 'F' 'Y' 'Q'],Male,0,Yes,No,6,Yes,Yes,No,No,No,No,No,No,No,Month-to-month,Yes,Credit card (automatic),44.19,261.71,1
6043-['R' 'V' 'D' 'I' 'N'],Female,0,No,No,21,Yes,Yes,DSL,Yes,Yes,Yes,No,No,No,Month-to-month,Yes,Credit card (automatic),84.54,1786.38,1
3912-['K' 'A' 'L' 'Y' 'I'],Female,0,No,No,39,Yes,Yes,DSL,No,No,Yes,No,No,Yes,Month-to-month,No,Bank transfer (automatic),85.52,3335.49,1
8172-['O' 'R' 'I' 'M' 'M'],Male,0,Yes,No,18,Yes,No,No,No,No,No,No,No,No,Month-to-month,No,Mailed check,35.12,624.46,1
8849-['V' 'G' 'V' 'E' 'T'],Male,0,Yes,No,52,Yes,No,No,No,No,No,No,No,No,One year,Yes,Credit card (automatic),36.75,1886.33,1
9870-['T' 'J' 'J' 'Z' 'Y'],Male,1,Yes,No,29,Yes,Yes,No,No,No,No,No,No,No,One year,Yes,Bank transfer (automatic),43.42,1249.13,0
7299-['M' 'O' 'F' 'T' 'L'],Female,0,No,Yes,25,Yes,Yes,DSL,No,No,No,No,No,Yes,Month-to-month,Yes,Bank transfer (automatic),76.97,1932.3,1
2554-['K' 'F' 'A' 'B' 'W'],Male,0,No,No,40,Yes,Yes,No,No,No,No,No,No,No,Month-to-month,Yes,Electronic check,45.3,1792.69,0
5366-['D' 'E' 'O' 'K' 'J'],Female,0,Yes,No,21,Yes,Yes,Fiber optic,No,No,No,Yes,Yes,Yes,Month-to-month,Yes,Bank transfer (automatic),109.84,2304.47,0
2552-['B' 'T' 'X' 'J' 'T'],Male,0,No,No,60,Yes,No,Fiber optic,No,Yes,No,No,No,Yes,One year,Yes,Electronic check,89.1,5340.52,1
4613-['C' 'S' 'E' 'C' 'H'],Male,0,Yes,No,72,Yes,Yes,Fiber optic,Yes,Yes,No,No,Yes,No,Month-to-month,No,Electronic check,106.28,7656.7,1
9219-['L' 'N' 'G' 'K' 'H'],Female,0,No,Yes,45,Yes,No,Fiber optic,No,No,No,No,No,Yes,One year,Yes,Credit card (automatic),83.25,3750.08,1
6831-['L' 'O' 'S' 'P' 'N'],Male,1,No,No,57,Yes,Yes,DSL,Yes,No,Yes,No,No,Yes,Month-to-month,No,Credit card (automatic),91.11,5198.26,1
3075-['G' 'H' 'G' 'R' 'X'],Female,1,No,No,28,Yes,No,DSL,No,Yes,Yes,No,Yes,No,Month-to-month,Yes,Mailed check,81.23,2257.13,1
6817-['S' 'D' 'W' 'C' 'Q'],Female,1,No,No,52,No,No,Fiber optic,No,Yes,No,No,Yes,No,Month-to-month,No,Electronic check,76.4,3966.99,0
1373-['S' 'O' 'Z' 'F' 'Z'],Female,1,Yes,No,17,Yes,No,DSL,No,No,Yes,No,Yes,Yes,Month-to-month,Yes,Credit card (automatic),84.66,1431.04,0
2573-['K' 'T' 'T' 'J' 'Z'],Male,0,No,Yes,30,No,No,DSL,No,Yes,No,No,No,No,One year,Yes,Credit card (automatic),50.39,1522.57,1
9561-['N' 'D' 'L' 'T' 'W'],Male,0,No,No,31,Yes,Yes,Fiber optic,No,No,No,No,No,No,One year,No,Credit card (automatic),88.9,2761.78,1
6447-['G' 'Z' 'I' 'X' 'Y'],Male,0,No,No,8,Yes,Yes,Fiber optic,Yes,No,No,No,Yes,No,Two year,No,Mailed check,99.01,805.69,0
3576-['J' 'C' 'U' 'Y' 'H'],Female,0,Yes,No,36,Yes,Yes,DSL,Yes,Yes,Yes,Yes,Yes,No,One year,Yes,Bank transfer (automatic),97.15,3509.39,0
6389-['Z' 'G' 'P' 'R' 'K'],Male,0,Yes,No,7,Yes,Yes,Fiber optic,Yes,Yes,Yes,No,No,No,Month-to-month,Yes,Bank transfer (automatic),106.02,744.49,1
8699-['U' 'N' 'U' 'M' 'D'],Male,1,Yes,Yes,23,Yes,No,No,No,No,No,No,No,No,One year,Yes,Electronic check,37.63,857.63,1
4550-['T' 'K' 'R' 'A' 'L'],Male,0,Yes,Yes,67,Yes,Yes,Fiber optic,Yes,No,No,No,Yes,No,One year,Yes,Bank transfer (automatic),102.22,6858.78,0
1166-['L' 'A' 'V' 'D' 'R'],Male,0,Yes,No,51,Yes,Yes,No,No,No,No,No,No,No,Month-to-month,Yes,Electronic check,43.73,2231.47,0
8342-['C' 'G' 'F' 'O' 'O'],Male,0,Yes,No,45,Yes,Yes,DSL,No,No,No,No,Yes,No,One year,No,Electronic check,80.24,3597.78,1
3151-['V' 'A' 'Z' 'M' 'W'],Female,0,No,No,16,Yes,No,DSL,Yes,Yes,No,Yes,No,No,Month-to-month,No,Credit card (automatic),73.34,1161.0,0
2879-['U' 'M' 'K' 'D' 'G'],Male,0,No,No,20,No,No,Fiber optic,No,No,Yes,No,No,Yes,Month-to-month,Yes,Mailed check,74.85,1507.74,1
2803-['M' 'V' 'L' 'P' 'F'],Male,1,Yes,No,47,Yes,No,No,No,No,No,No,No,No,Month-to-month,Yes,Credit card (automatic),36.8,1739.26,1
2037-['S' 'P' 'Z' 'D' 'E'],Male,0,Yes,No,8,No,No,DSL,No,Yes,No,Yes,No,Yes,Month-to-month,Yes,Mailed check,67.68,551.91,1
5264-['X' 'C' 'V' 'J' 'Q'],Female,0,No,Yes,68,Yes,Yes,DSL,Yes,Yes,Yes,No,Yes,Yes,One year,No,Electronic check,103.56,7036.32,1
7121-['L' 'W' 'G' 'R' 'S'],Male,1,Yes,No,4,Yes,No,Fiber optic,No,No,No,No,No,No,Month-to-month,Yes,Electronic check,73.79,287.95,1
4814-['L' 'V' 'G' 'J' 'Y'],Female,0,No,Yes,5,Yes,No,Fiber optic,No,No,Yes,No,No,Yes,One year,No,Mailed check,92.48,456.07,1
9951-['V' 'T' 'J' 'Y' 'W'],Female,0,No,No,71,Yes,No,No,No,No,No,No,No,No,Month-to-month,Yes,Mailed check,34.48,2451.69,0
8428-['R' 'I' 'P' 'G' 'Y'],Male,0,Yes,No,47,Yes,Yes,Fiber optic,No,No,Yes,No,No,No,Month-to-month,No,Electronic check,88.84,4176.64,1
9922-['Y' 'J' 'E' 'G' 'E'],Female,0,No,Yes,45,Yes,No,Fiber optic,Yes,No,Yes,No,Yes,No,Month-to-month,No,Mailed check,96.96,4359.0,1
3766-['S' 'J' 'H' 'X' 'I'],Female,1,No,Yes,72,Yes,No,Fiber optic,No,Yes,Yes,Yes,No,No,Month-to-month,No,Electronic check,91.47,6593.15,1
7666-['V' 'B' 'C' 'M' 'K'],Female,0,Yes,No,62,Yes,No,No,No,No,No,No,No,No,One year,Yes,Electronic check,33.33,2041.89,0
4726-['F' 'A' 'N' 'R' 'X'],Male,0,No,Yes,2,No,No,DSL,No,Yes,Yes,Yes,No,Yes,One year,Yes,Bank transfer (automatic),69.1,151.43,1
7058-['H' 'V' 'C' 'N' 'B'],Female,0,No,Yes,30,Yes,Yes,DSL,No,No,No,No,No,No,One year,Yes,Credit card (automatic),71.53,2133.58,0
2084-['P' 'F' 'A' 'N' 'J'],Male,0,No,Yes,6,Yes,Yes,DSL,No,No,No,No,No,No,Month-to-month,No,Electronic check,67.4,409.23,1
3693-['I' 'G' 'Y' 'B' 'K'],Male,0,No,Yes,15,Yes,No,Fiber optic,No,No,No,Yes,Yes,No,Month-to-month,Yes,Electronic check,89.68,1350.47,1
4693-['E' 'I' 'G' 'Y' 'N'],Female,0,No,No,14,Yes,Yes,Fiber optic,No,No,No,Yes,Yes,No,One year,No,Credit card (automatic),100.57,1407.82,1
8802-['P' 'V' 'P' 'G' 'J'],Female,0,No,No,6,Yes,Yes,DSL,Yes,No,Yes,No,No,No,Two year,Yes,Bank transfer (automatic),78.23,469.0,0
5052-['F' 'Q' 'A' 'B' 'N'],Female,0,No,No,37,Yes,No,DSL,No,No,No,Yes,No,Yes,Two year,No,Credit card (automatic),77.23,2854.36,0
8843-['I' 'W' 'F' 'Q' 'U'],Male,0,No,No,7,No,No,Fiber optic,No,No,Yes,Yes,Yes,No,Two year,Yes,Electronic check,80.58,552.76,1
1106-['D' 'U' 'I' 'P' 'C'],Male,0,Yes,No,55,Yes,No,No,No,No,No,No,No,No,Month-to-month,Yes,Electronic check,36.29,2002.91,1
6303-['C' 'M' 'S' 'Y' 'U'],Female,1,No,Yes,0,Yes,No,DSL,No,Yes,Yes,Yes,No,No,One year,Yes,Electronic check,75.25,0.0,1
2440-['W' 'W' 'F' 'V' 'C'],Female,0,Yes,Yes,18,Yes,No,Fiber optic,Yes,Yes,No,No,No,No,One year,No,Bank transfer (automatic),85.52,1541.66,0
2615-['J' 'Y' 'Q' 'G' 'M'],Male,0,Yes,No,18,Yes,Yes,DSL,No,No,No,Yes,Yes,Yes,Month-to-month,No,Credit card (automatic),92.01,1644.11,0
4530-['J' 'G' 'X' 'F' 'X'],Male,0,Yes,No,3,Yes,Yes,Fiber optic,No,No,Yes,No,No,Yes,Two year,No,Electronic check,98.28,284.48,1
2976-['L' 'D' 'C' 'F' 'Z'],Male,0,Yes,No,63,Yes,No,DSL,No,No,No,No,No,No,Month-to-month,No,Mailed check,60.86,3836.0,0
4195-['P' 'M' 'I' 'Z' 'K'],Female,0,Yes,No,1,Yes,No,DSL,Yes,Yes,No,No,Yes,Yes,One year,No,Electronic check,88.74,94.88,1
8198-['U' 'M' 'W' 'S' 'C'],Female,0,Yes,No,22,Yes,Yes,Fiber optic,Yes,Yes,No,No,No,No,One year,No,Credit card (automatic),94.12,2057.09,1
9523-['S' 'H' 'N' 'V' 'I'],Male,0,No,No,55,Yes,No,DSL,No,No,Yes,No,No,No,Month-to-month,Yes,Electronic check,62.92,3455.75,0
3423-['Q' 'F' 'D' 'D' 'S'],Male,0,Yes,Yes,50,Yes,Yes,No,No,No,No,No,No,No,Month-to-month,Yes,Credit card (automatic),45.58,2275.91,0
6176-['B' 'Q' 'O' 'J' 'C'],Female,0,Yes,No,30,Yes,Yes,No,No,No,No,No,No,No,Two year,Yes,Electronic check,44.9,1352.94,0
3035-['D' 'V' 'A' 'A' 'R'],Male,1,No,No,57,Yes,Yes,Fiber optic,No,No,Yes,Yes,No,No,Month-to-month,Yes,Mailed check,93.77,5330.36,1
1003-['W' 'V' 'O' 'Y' 'W'],Female,0,No,No,35,Yes,No,Fiber optic,No,No,Yes,No,No,Yes,One year,Yes,Bank transfer (automatic),92.37,3232.51,1
9692-['V' 'J' 'Y' 'Q' 'Y'],Male,0,Yes,No,11,Yes,Yes,DSL,Yes,No,Yes,Yes,No,No,One year,Yes,Bank transfer (automatic),82.2,899.74,0
4251-['L' 'P' 'E' 'P' 'Q'],Male,0,No,Yes,34,No,No,DSL,No,Yes,No,No,Yes,Yes,One year,Yes,Credit card (automatic),66.29,2246.59,1
1054-['O' 'M' 'H' 'U' 'B'],Male,0,No,No,3,Yes,Yes,DSL,No,Yes,No,No,No,No,Month-to-month,No,Bank transfer (automatic),74.16,223.12,1
6767-['J' 'G' 'J' 'Y' 'D'],Male,0,Yes,No,27,Yes,Yes,DSL,Yes,Yes,Yes,No,No,Yes,Month-to-month,Yes,Mailed check,99.04,2660.04,1
3090-['I' 'D' 'C' 'K' 'C'],Female,0,No,No,32,Yes,No,Fiber optic,Yes,Yes,No,Yes,No,Yes,Month-to-month,Yes,Mailed check,100.04,3206.44,1
3809-['R' 'Z' 'S' 'N' 'X'],Male,0,No,No,30,No,No,Fiber optic,No,No,No,No,Yes,No,Month-to-month,Yes,Bank transfer (automatic),69.99,2094.48,1
4991-['B' 'B' 'B' 'J' 'W'],Male,0,No,No,4,Yes,Yes,Fiber optic,Yes,No,Yes,No,No,Yes,Month-to-month,No,Mailed check,106.21,427.22,1
7798-['V' 'L' 'K' 'Q' 'R'],Female,0,Yes,No,9,Yes,Yes,Fiber optic,No,Yes,No,No,Yes,Yes,One year,Yes,Electronic check,106.06,936.08,1
2037-['Q' 'O' 'L' 'P' 'W'],Female,0,Yes,No,24,Yes,No,DSL,Yes,No,Yes,Yes,Yes,No,Month-to-month,Yes,Mailed check,83.64,2008.75,1
7287-['B' 'H' 'G' 'A' 'D'],Female,0,Yes,Yes,40,Yes,Yes,No,No,No,No,No,No,No,Month-to-month,Yes,Mailed check,43.76,1751.39,0
2194-['T' 'G' 'R' 'D' 'Q'],Male,0,Yes,No,16,Yes,No,Fiber optic,No,Yes,No,Yes,No,Yes,Month-to-month,Yes,Mailed check,93.27,1499.34,0
9316-['K' 'K' 'T' 'K' 'O'],Female,0,Yes,No,60,Yes,No,Fiber optic,No,No,No,Yes,Yes,No,Month-to-month,Yes,Electronic check,86.54,5189.15,1
9621-['Q' 'B' 'R' 'P' 'L'],Male,0,No,No,59,No,No,DSL,No,No,No,Yes,Yes,No,One year,No,Electronic check,59.05,3487.51,1
9553-['P' 'C' 'H' 'V' 'V'],Female,0,No,No,32,Yes,No,DSL,No,No,Yes,No,No,Yes,Two year,Yes,Credit card (automatic),75.33,2427.32,0
4223-['B' 'V' 'A' 'N' 'Y'],Male,0,Yes,No,8,Yes,Yes,DSL,No,Yes,Yes,No,Yes,No,Month-to-month,No,Credit card (automatic),92.14,725.22,1
7115-['D' 'I' 'C' 'E' 'A'],Female,0,Yes,Yes,49,No,No,Fiber optic,Yes,No,Yes,No,Yes,Yes,One year,Yes,Electronic check,90.07,4405.74,0
5533-['S' 'A' 'J' 'V' 'L'],Female,0,Yes,Yes,30,Yes,Yes,DSL,No,No,Yes,No,Yes,No,Month-to-month,No,Mailed check,84.93,2557.18,1
4297-['P' 'H' 'N' 'O' 'P'],Female,0,Yes,No,4,Yes,Yes,DSL,Yes,No,No,Yes,No,Yes,Month-to-month,Yes,Electronic check,91.46,373.38,1
2674-['L' 'B' 'D' 'C' 'I'],Male,0,No,No,45,Yes,Yes,Fiber optic,Yes,No,Yes,No,Yes,No,Month-to-month,Yes,Credit card (automatic),104.09,4695.03,0
8698-['G' 'D' 'F' 'S' 'A'],Male,0,No,No,3,Yes,No,Fiber optic,No,Yes,No,Yes,Yes,Yes,Month-to-month,Yes,Bank transfer (automatic),106.23,313.76,1
6471-['P' 'K' 'V' 'D' 'R'],Female,0,Yes,No,30,Yes,No,DSL,No,No,No,No,Yes,No,Month-to-month,Yes,Credit card (automatic),68.03,2033.32,1
2686-['Z' 'E' 'V' 'F' 'Y'],Male,0,Yes,No,3,Yes,No,No,No,No,No,No,No,No,One year,Yes,Mailed check,34.71,83.89,0
7651-['B' 'L' 'V' 'I' 'T'],Male,0,Yes,No,17,Yes,No,Fiber optic,No,No,Yes,Yes,No,Yes,Month-to-month,Yes,Mailed check,95.47,1635.36,1
6404-['L' 'M' 'V' 'W' 'Q'],Male,0,No,Yes,33,Yes,Yes,Fiber optic,No,No,No,No,No,No,Month-to-month,No,Mailed check,83.09,2740.15,1
4836-['M' 'J' 'O' 'O' 'R'],Male,0,No,No,47,No,No,No,No,No,No,No,No,No,Month-to-month,No,Mailed check,21.92,1024.68,0
6889-['W' 'K' 'M' 'K' 'D'],Male,0,Yes,No,62,Yes,Yes,Fiber optic,No,No,No,No,No,Yes,Month-to-month,No,Bank transfer (automatic),93.24,5774.69,0
6365-['W' 'Y' 'K' 'R' 'P'],Female,0,Yes,No,13,Yes,No,DSL,Yes,No,No,Yes,Yes,No,Two year,Yes,Electronic check,81.3,1058.3,0
1489-['L' 'M' 'I' 'U' 'M'],Male,0,Yes,No,32,No,No,Fiber optic,No,No,No,No,Yes,No,One year,No,Mailed check,67.74,2156.04,0
8909-['F' 'K' 'S' 'K' 'J'],Female,0,Yes,No,41,Yes,No,DSL,Yes,No,Yes,No,Yes,Yes,Month-to-month,Yes,Credit card (automatic),91.01,3743.63,0
6710-['M' 'W' 'H' 'E' 'B'],Female,1,No,No,31,Yes,Yes,DSL,No,No,No,No,Yes,No,One year,Yes,Mailed check,81.74,2554.29,0
9847-['M' 'S' 'I' 'O' 'F'],Female,0,Yes,No,42,Yes,No,DSL,No,No,No,Yes,Yes,No,Two year,Yes,Bank transfer (automatic),73.01,3078.39,0
6351-['X' 'N' 'E' 'Q' 'V'],Male,0,No,No,56,Yes,Yes,DSL,No,Yes,No,Yes,No,Yes,Month-to-month,No,Electronic check,90.25,5068.98,0
7950-['I' 'P' 'R' 'M' 'R'],Male,0,No,No,14,Yes,Yes,DSL,No,No,No,Yes,Yes,Yes,Two year,Yes,Electronic check,95.77,1341.29,0
8936-['U' 'R' 'S' 'B' 'D'],Female,0,Yes,Yes,49,Yes,No,No,No,No,No,No,No,No,One year,No,Electronic check,33.99,1673.56,0
5714-['C' 'I' 'J' 'B' 'G'],Female,0,No,No,70,Yes,No,DSL,Yes,No,No,Yes,No,No,Month-to-month,No,Mailed check,72.75,5103.97,0
2274-['S' 'J' 'X' 'T' 'N'],Female,0,Yes,No,62,Yes,No,DSL,No,No,No,Yes,No,No,Month-to-month,No,Mailed check,63.03,3902.7,0
2656-['K' 'C' 'W' 'Q' 'G'],Female,0,No,No,69,Yes,Yes,DSL,No,No,No,No,Yes,No,Month-to-month,Yes,Bank transfer (automatic),79.38,5462.23,0
6273-['K' 'R' 'N' 'N' 'F'],Male,0,Yes,No,8,No,No,Fiber optic,No,Yes,Yes,No,No,Yes,Month-to-month,Yes,Credit card (automatic),78.78,631.88,1
2566-['I' 'V' 'C' 'Q' 'L'],Female,0,Yes,Yes,12,Yes,No,Fiber optic,No,No,Yes,No,No,No,Month-to-month,No,Electronic check,82.15,976.01,1
8230-['D' 'T' 'P' 'X' 'J'],Female,0,No,Yes,17,Yes,No,No,No,No,No,No,No,No,One year,Yes,Electronic check,38.36,658.87,0
5637-['G' 'J' 'G' 'W' 'R'],Male,1,Yes,Yes,34,Yes,No,Fiber optic,Yes,Yes,No,No,Yes,No,Two year,No,Credit card (automatic),97.16,3312.96,0
6032-['V' 'R' 'Q' 'K' 'A'],Female,0,Yes,No,0,Yes,No,DSL,Yes,No,No,No,Yes,Yes,Month-to-month,Yes,Electronic check,85.66,0.0,1
2891-['D' 'N' 'I' 'M' 'P'],Male,0,No,No,35,Yes,No,Fiber optic,Yes,No,No,No,Yes,Yes,One year,No,Electronic check,100.0,3492.29,1
8426-['S' 'H' 'R' 'F' 'T'],Female,1,No,No,66,Yes,No,DSL,No,Yes,No,No,Yes,No,One year,No,Electronic check,75.67,5001.97,1
7748-['E' 'L' 'I' 'I' 'Q'],Male,0,No,Yes,45,Yes,No,Fiber optic,Yes,No,Yes,Yes,No,No,Two year,No,Bank transfer (automatic),91.97,4146.75,0
9720-['V' 'P' 'L' 'C' 'N'],Male,0,No,No,36,Yes,Yes,DSL,No,Yes,Yes,No,Yes,Yes,Month-to-month,No,Bank transfer (automatic),99.29,3598.16,1
3352-['V' 'P' 'U' 'L' 'X'],Male,0,Yes,No,71,Yes,Yes,No,No,No,No,No,No,No,Month-to-month,Yes,Electronic check,44.29,3145.97,0
3657-['H' 'L' 'U' 'P' 'H'],Female,0,Yes,No,28,Yes,No,Fiber optic,No,Yes,Yes,No,Yes,Yes,Month-to-month,Yes,Electronic check,106.17,2979.76,1
2289-['T' 'O' 'D' 'Z' 'O'],Male,0,No,No,43,Yes,No,Fiber optic,Yes,No,Yes,No,Yes,No,Month-to-month,No,Mailed check,96.66,4126.44,1
5669-['K' 'F' 'D' 'I' 'I'],Female,1,No,Yes,67,Yes,Yes,DSL,Yes,Yes,No,No,No,Yes,Month-to-month,Yes,Electronic check,88.4,5918.19,0
8778-['W' 'E' 'O' 'I' 'B'],Male,0,Yes,No,13,Yes,No,DSL,No,Yes,No,No,Yes,Yes,Two year,Yes,Credit card (automatic),81.93,1067.61,0
4140-['J' 'O' 'N' 'N' 'W'],Male,0,No,No,50,Yes,No,DSL,No,No,Yes,No,Yes,Yes,Month-to-month,No,Electronic check,83.55,4182.12,1
6004-['P' 'H' 'H' 'Q' 'Q'],Male,0,No,No,8,Yes,No,Fiber optic,No,No,No,No,Yes,No,Month-to-month,Yes,Bank transfer (automatic),84.34,673.33,1
4810-['A' 'Q' 'Z' 'X' 'P'],Female,0,No,No,68,Yes,Yes,Fiber optic,No,Yes,Yes,Yes,Yes,Yes,Month-to-month,Yes,Electronic check,118.75,8066.56,1
4376-['Y' 'B' 'Y' 'N' 'G'],Male,0,No,No,33,No,No,DSL,Yes,Yes,Yes,No,Yes,No,Month-to-month,Yes,Mailed check,69.93,2305.69,0
1992-['Q' 'J' 'F' 'G' 'Y'],Male,1,Yes,No,64,Yes,No,Fiber optic,Yes,Yes,Yes,Yes,No,No,Month-to-month,No,Electronic check,91.3,5855.7,1
1357-['E' 'B' 'R' 'X' 'Q'],Male,0,Yes,Yes,26,Yes,Yes,DSL,No,No,Yes,No,Yes,Yes,One year,No,Mailed check,91.97,2380.84,1
4129-['W' 'G' 'U' 'S' 'G'],Male,1,No,No,39,Yes,Yes,DSL,No,No,Yes,No,Yes,Yes,One year,Yes,Electronic check,94.14,3671.3,1
7294-['G' 'P' 'L' 'O' 'O'],Female,0,No,No,7,Yes,No,Fiber optic,Yes,Yes,No,No,No,No,Month-to-month,No,Electronic check,86.78,607.75,1
9042-['B' 'C' 'S' 'T' 'Y'],Female,0,No,Yes,5,No,No,Fiber optic,No,Yes,No,No,Yes,Yes,Month-to-month,No,Mailed check,86.7,447.21,1
7713-['O' 'P' 'A' 'O' 'L'],Male,0,No,No,52,Yes,Yes,DSL,Yes,Yes,Yes,Yes,Yes,Yes,Month-to-month,No,Electronic check,108.41,5636.73,0
8398-['K' 'T' 'K' 'Q' 'C'],Male,0,Yes,Yes,4,Yes,No,Fiber optic,No,No,No,No,Yes,No,One year,Yes,Credit card (automatic),83.88,331.18,1
5719-['E' 'B' 'W' 'Z' 'Z'],Male,0,Yes,No,53,Yes,No,DSL,No,Yes,Yes,No,No,Yes,Month-to-month,Yes,Electronic check,78.51,4156.24,1
9644-['O' 'L' 'J' 'V' 'Q'],Male,0,No,Yes,17,No,No,DSL,No,Yes,Yes,No,Yes,No,Month-to-month,No,Electronic check,66.35,1114.03,1
8379-['T' 'K' 'H' 'O' 'B'],Female,0,Yes,No,70,Yes,Yes,Fiber optic,No,Yes,Yes,Yes,Yes,Yes,Two year,Yes,Mailed check,118.75,8302.77,0
6718-['F' 'U' 'M' 'H' 'K'],Male,0,Yes,Yes,35,No,No,Fiber optic,No,Yes,Yes,Yes,No,Yes,Month-to-month,No,Bank transfer (automatic),85.16,2997.48,1
5272-['V' 'M' 'C' 'U' 'X'],Male,1,No,No,53,Yes,Yes,No,No,No,No,No,No,No,Two year,No,Credit card (automatic),47.4,2504.06,0
5806-['L' 'D' 'X' 'Z' 'K'],Female,0,No,Yes,33,Yes,No,DSL,No,No,No,No,No,Yes,Month-to-month,No,Bank transfer (automatic),67.91,2240.23,1
4665-['G' 'E' 'P' 'K' 'V'],Male,0,No,No,31,Yes,No,No,No,No,No,No,No,No,One year,Yes,Bank transfer (automatic),37.17,1164.32,0
8882-['J' 'W' 'W' 'B' 'P'],Male,0,Yes,No,50,Yes,Yes,Fiber optic,Yes,No,No,No,No,No,One year,Yes,Credit card (automatic),85.48,4285.8,0
4408-['J' 'R' 'L' 'H' 'Z'],Female,0,Yes,No,2,No,No,DSL,Yes,No,Yes,No,Yes,No,Month-to-month,Yes,Mailed check,67.0,125.46,1
6690-['T' 'X' 'C' 'F' 'B'],Male,1,Yes,No,64,Yes,Yes,DSL,No,No,Yes,No,No,Yes,Month-to-month,Yes,Bank transfer (automatic),86.6,5549.59,0
4554-['Q' 'I' 'D' 'V' 'W'],Female,0,No,Yes,12,Yes,Yes,DSL,Yes,Yes,No,No,No,Yes,One year,Yes,Electronic check,89.62,1067.05,0
6729-['X' 'I' 'N' 'Z' 'K'],Male,0,No,No,7,Yes,No,Fiber optic,No,No,No,Yes,No,Yes,One year,Yes,Mailed check,89.94,635.37,1
4713-['U' 'B' 'E' 'G' 'V'],Female,0,Yes,No,43,Yes,No,DSL,Yes,No,Yes,Yes,Yes,Yes,Month-to-month,No,Mailed check,94.47,4076.21,0
7723-['N' 'B' 'W' 'L' 'J'],Female,0,Yes,No,29,Yes,No,DSL,Yes,No,No,No,No,No,One year,No,Electronic check,65.19,1891.15,0
1984-['A' 'S' 'W' 'P' 'O'],Male,1,Yes,No,7,Yes,No,Fiber optic,No,No,No,Yes,Yes,No,Month-to-month,No,Electronic check,90.15,629.09,1
6983-['N' 'I' 'U' 'W' 'O'],Male,1,No,No,57,Yes,No,Fiber optic,No,No,No,Yes,Yes,No,One year,Yes,Mailed check,89.58,5108.91,0
5345-['G' 'D' 'U' 'R' 'H'],Male,0,Yes,No,7,Yes,No,Fiber optic,Yes,No,Yes,Yes,No,No,One year,Yes,Mailed check,91.1,640.98,1
9075-['O' 'O' 'Q' 'B' 'L'],Male,1,Yes,No,60,Yes,Yes,DSL,Yes,Yes,Yes,No,No,No,One year,No,Credit card (automatic),86.03,5165.56,1
4110-['F' 'N' 'W' 'E' 'D'],Female,0,Yes,Yes,52,Yes,Yes,DSL,No,No,No,No,No,No,Month-to-month,Yes,Credit card (automatic),71.78,3724.5,1
9958-['O' 'G' 'C' 'M' 'J'],Male,0,No,Yes,70,Yes,No,DSL,No,No,No,Yes,Yes,No,Month-to-month,No,Mailed check,73.72,5153.46,1
4009-['L' 'X' 'V' 'L' 'S'],Male,0,Yes,No,35,No,No,DSL,Yes,Yes,No,Yes,Yes,No,Two year,No,Bank transfer (automatic),68.85,2408.27,0
2970-['U' 'C' 'F' 'B' 'X'],Male,0,Yes,No,61,Yes,No,DSL,No,No,Yes,Yes,No,No,Month-to-month,No,Mailed check,69.43,4239.66,1
9762-['I' 'M' 'W' 'N' 'S'],Female,0,Yes,No,18,No,No,Fiber optic,No,Yes,Yes,No,No,Yes,Month-to-month,Yes,Electronic check,81.66,1483.49,1
7153-['T' 'P' 'Z' 'B' 'Y'],Female,0,Yes,No,17,Yes,No,No,No,No,No,No,No,No,Two year,No,Electronic check,36.24,618.59,0
7861-['U' 'R' 'Z' 'F' 'G'],Female,0,No,Yes,43,No,No,No,No,No,No,No,No,No,One year,Yes,Electronic check,22.8,982.89,0
6102-['Q' 'M' 'G' 'A' 'C'],Female,0,Yes,Yes,19,Yes,No,Fiber optic,No,No,Yes,No,Yes,No,Two year,Yes,Mailed check,90.99,1725.96,0
9115-['R' 'G' 'U' 'Q' 'L'],Female,0,Yes,Yes,1,Yes,No,No,No,No,No,No,No,No,Month-to-month,Yes,Credit card (automatic),33.81,45.12,0
1137-['W' 'P' 'T' 'R' 'O'],Male,0,No,No,29,Yes,Yes,DSL,No,No,Yes,Yes,Yes,No,One year,No,Electronic check,90.88,2635.81,0
8167-['W' 'K' 'R' 'F' 'A'],Male,0,No,No,50,Yes,No,DSL,Yes,No,No,Yes,Yes,No,Month-to-month,No,Bank transfer (automatic),80.09,4014.11,0
6515-['T' 'D' 'J' 'U' 'B'],Male,0,Yes,No,43,Yes,No,Fiber optic,No,No,No,Yes,Yes,No,Month-to-month,No,Mailed check,90.58,3905.6,1
2192-['J' 'T' 'K' 'Y' 'N'],Female,0,Yes,No,46,No,No,Fiber optic,No,Yes,No,Yes,Yes,Yes,Month-to-month,Yes,Electronic check,87.02,4019.4,1
3562-['Y' 'A' 'G' 'D' 'G'],Male,0,No,Yes,42,Yes,Yes,Fiber optic,Yes,No,Yes,Yes,No,No,Month-to-month,No,Bank transfer (automatic),99.74,4190.07,1
1253-['J' 'O' 'P' 'F' 'D'],Female,0,No,Yes,10,Yes,No,Fiber optic,No,Yes,No,No,No,No,Month-to-month,Yes,Mailed check,80.4,807.27,1
2027-['X' 'W' 'D' 'V' 'V'],Female,0,No,Yes,41,No,No,DSL,No,Yes,No,No,No,Yes,One year,No,Mailed check,59.85,2453.35,1
8660-['B' 'T' 'F' 'V' 'A'],Female,0,No,No,18,No,No,No,No,No,No,No,No,No,Month-to-month,Yes,Electronic check,18.4,342.72,1
6489-['U' 'D' 'E' 'E' 'O'],Female,0,No,Yes,2,Yes,Yes,No,No,No,No,No,No,No,Month-to-month,Yes,Bank transfer (automatic),43.96,80.15,0
4623-['Z' 'G' 'L' 'Y' 'K'],Female,0,Yes,No,3,Yes,Yes,DSL,No,No,Yes,No,Yes,Yes,Month-to-month,No,Credit card (automatic),95.47,300.61,1
5684-['O' 'Q' 'V' 'V' 'R'],Male,0,Yes,Yes,37,Yes,No,Fiber optic,No,No,No,No,No,Yes,Two year,Yes,Electronic check,85.1,3131.37,0
2562-['H' 'F' 'K' 'Z' 'I'],Male,0,No,No,72,Yes,Yes,Fiber optic,Yes,No,No,Yes,Yes,Yes,One year,Yes,Electronic check,116.98,8423.71,0
2017-['E' 'G' 'V' 'O' 'U'],Male,0,No,No,71,No,No,Fiber optic,No,No,No,No,No,Yes,Two year,Yes,Electronic check,69.9,4966.84,0
9949-['D' 'S' 'M' 'A' 'A'],Male,0,No,Yes,33,Yes,Yes,DSL,No,No,Yes,No,Yes,Yes,One year,No,Electronic check,93.23,3081.83,0
1181-['N' 'I' 'X' 'L' 'R'],Female,0,No,No,50,Yes,Yes,Fiber optic,Yes,No,No,No,Yes,No,Two year,No,Electronic check,98.06,4895.81,1
7173-['N' 'I' 'T' 'Y' 'B'],Male,0,No,No,30,Yes,No,DSL,Yes,No,No,No,Yes,No,Month-to-month,Yes,Mailed check,74.65,2248.52,0
3364-['A' 'M' 'Y' 'J' 'H'],Male,0,No,Yes,36,Yes,Yes,Fiber optic,Yes,Yes,No,No,No,No,Month-to-month,Yes,Mailed check,94.56,3422.58,1
1125-['X' 'L' 'Q' 'Y' 'L'],Female,0,Yes,No,43,Yes,No,DSL,No,Yes,No,Yes,No,No,Month-to-month,Yes,Electronic check,65.85,2817.67,0
7703-['J' 'Y' 'L' 'K' 'Y'],Female,0,Yes,No,58,Yes,No,DSL,No,Yes,No,Yes,No,Yes,One year,Yes,Electronic check,79.15,4583.81,0
9501-['T' 'M' 'B' 'T' 'G'],Female,0,Yes,Yes,17,Yes,No,Fiber optic,No,Yes,Yes,Yes,Yes,Yes,Month-to-month,Yes,Mailed check,108.14,1849.75,1
7717-['Y' 'C' 'T' 'L' 'E'],Male,0,No,No,24,No,No,No,No,No,No,No,No,No,Month-to-month,No,Mailed check,18.25,424.25,0
1988-['C' 'T' 'E' 'A' 'P'],Male,0,Yes,Yes,9,Yes,No,No,No,No,No,No,No,No,Month-to-month,No,Credit card (automatic),38.75,345.2,1
7088-['J' 'J' 'M' 'P' 'T'],Male,0,No,No,68,Yes,No,Fiber optic,Yes,Yes,No,No,Yes,Yes,Month-to-month,Yes,Credit card (automatic),105.56,7184.99,0
7628-['M' 'Y' 'C' 'E' 'P'],Female,0,No,No,24,Yes,No,DSL,No,Yes,No,Yes,No,No,Month-to-month,Yes,Credit card (automatic),69.08,1656.25,1
6970-['Q' 'R' 'R' 'Y' 'W'],Female,1,No,No,50,Yes,Yes,DSL,Yes,Yes,Yes,No,Yes,No,One year,Yes,Mailed check,97.69,4897.39,0
4111-['R' 'I' 'S' 'J' 'B'],Female,0,Yes,Yes,52,Yes,Yes,Fiber optic,Yes,Yes,Yes,Yes,Yes,No,Month-to-month,Yes,Mailed check,116.49,6056.88,0
8824-['Y' 'X' 'M' 'K' 'P'],Female,0,Yes,No,9,Yes,No,DSL,No,No,No,No,Yes,Yes,One year,No,Bank transfer (automatic),78.77,720.74,1
9614-['C' 'P' 'S' 'T' 'P'],Female,0,Yes,Yes,48,Yes,Yes,Fiber optic,Yes,No,Yes,No,No,Yes,One year,Yes,Credit card (automatic),104.86,5028.66,1
2633-['N' 'Z' 'T' 'J' 'S'],Female,0,No,No,37,Yes,Yes,Fiber optic,No,No,Yes,Yes,Yes,Yes,Month-to-month,Yes,Electronic check,114.17,4245.99,1
7353-['K' 'I' 'S' 'T' 'J'],Male,0,No,No,45,Yes,No,DSL,No,Yes,Yes,No,No,Yes,Month-to-month,Yes,Mailed check,80.86,3638.03,1
9797-['Z' 'C' 'C' 'X' 'H'],Female,0,Yes,No,69,Yes,No,Fiber optic,Yes,Yes,No,No,No,Yes,One year,Yes,Mailed check,93.47,6446.38,0
1764-['F' 'T' 'A' 'T' 'X'],Female,0,Yes,No,10,Yes,No,No,No,No,No,No,No,No,Month-to-month,No,Electronic check,33.44,339.91,0
3930-['G' 'K' 'K' 'D' 'T'],Female,1,No,No,15,Yes,No,DSL,Yes,No,No,No,Yes,No,Month-to-month,Yes,Electronic check,75.28,1112.66,1
3366-['P' 'E' 'X' 'G' 'Y'],Female,1,Yes,Yes,31,Yes,Yes,No,No,No,No,No,No,No,Month-to-month,No,Mailed check,44.83,1382.91,0
2006-['E' 'A' 'T' 'V' 'V'],Female,0,Yes,No,1,Yes,No,Fiber optic,Yes,No,Yes,Yes,Yes,Yes,Two year,Yes,Bank transfer (automatic),111.58,109.88,1
2896-['Z' 'U' 'E' 'V' 'F'],Female,1,Yes,Yes,57,Yes,No,DSL,No,No,Yes,Yes,No,No,Month-to-month,No,Bank transfer (automatic),70.54,3998.82,1
3978-['F' 'H' 'F' 'P' 'P'],Female,0,Yes,No,37,Yes,No,Fiber optic,Yes,Yes,Yes,No,Yes,No,Month-to-month,No,Electronic check,101.18,3730.86,1
7501-['F' 'V' 'S' 'T' 'O'],Female,0,Yes,No,56,Yes,No,No,No,No,No,No,No,No,Month-to-month,No,Mailed check,37.47,2092.97,0
5754-['B' 'H' 'G' 'H' 'M'],Female,0,No,No,70,No,No,No,No,No,No,No,No,No,One year,Yes,Electronic check,20.29,1410.57,0
1794-['O' 'L' 'O' 'N' 'G'],Male,0,Yes,No,58,Yes,No,Fiber optic,No,No,Yes,No,No,No,Month-to-month,Yes,Electronic check,78.58,4553.98,1
5313-['E' 'T' 'J' 'S' 'R'],Male,0,Yes,No,56,Yes,Yes,Fiber optic,Yes,Yes,No,No,Yes,No,Month-to-month,Yes,Electronic check,100.71,5642.19,1
9861-['Y' 'X' 'J' 'B' 'F'],Male,0,Yes,No,66,Yes,No,DSL,No,No,No,Yes,No,No,Two year,No,Bank transfer (automatic),61.94,4083.44,0
8519-['C' 'S' 'E' 'G' 'G'],Male,0,No,No,14,Yes,No,Fiber optic,Yes,Yes,Yes,No,Yes,No,Month-to-month,No,Bank transfer (automatic),102.3,1433.17,1
3400-['K' 'W' 'G' 'F' 'F'],Female,0,Yes,Yes,57,Yes,Yes,Fiber optic,No,No,Yes,Yes,No,Yes,Month-to-month,Yes,Electronic check,106.57,6073.06,0
8500-['P' 'M' 'B' 'S' 'S'],Male,0,Yes,No,2,Yes,Yes,DSL,Yes,No,No,No,No,Yes,Two year,Yes,Bank transfer (automatic),84.37,149.93,1
8826-['R' 'Y' 'F' 'B' 'S'],Male,1,Yes,Yes,57,Yes,No,DSL,No,No,No,No,No,No,Month-to-month,Yes,Bank transfer (automatic),59.84,3426.15,0
1153-['F' 'T' 'W' 'V' 'O'],Female,1,No,No,26,Yes,No,DSL,Yes,Yes,No,No,Yes,Yes,Month-to-month,No,Bank transfer (automatic),88.32,2289.88,1
7277-['C' 'K' 'H' 'Y' 'V'],Female,0,No,No,14,Yes,Yes,No,No,No,No,No,No,No,Month-to-month,Yes,Electronic check,46.57,643.49,1
1945-['Q' 'S' 'S' 'X' 'U'],Female,0,No,Yes,59,Yes,No,Fiber optic,No,No,Yes,Yes,No,Yes,One year,Yes,Electronic check,95.8,5646.99,0
3886-['E' 'Z' 'P' 'F' 'N'],Female,0,No,Yes,2,Yes,Yes,DSL,No,No,No,No,No,No,One year,Yes,Mailed check,69.29,132.03,1
2657-['T' 'B' 'Y' 'R' 'R'],Male,0,No,No,27,Yes,No,DSL,No,No,No,No,Yes,No,Month-to-month,Yes,Electronic check,70.97,1928.33,1
9428-['L' 'C' 'V' 'G' 'A'],Female,1,No,No,46,Yes,No,DSL,No,Yes,No,Yes,No,No,Month-to-month,Yes,Bank transfer (automatic),71.11,3271.82,1
9356-['U' 'A' 'D' 'Z' 'A'],Female,0,No,No,64,Yes,No,DSL,Yes,No,Yes,Yes,Yes,Yes,Two year,Yes,Bank transfer (automatic),99.09,6362.97,0
1140-['N' 'O' 'Q' 'L' 'G'],Female,0,No,No,52,Yes,No,Fiber optic,No,No,Yes,No,No,No,One year,Yes,Electronic check,82.17,4266.72,0
3038-['S' 'W' 'C' 'R' 'Z'],Male,0,Yes,No,19,Yes,No,DSL,No,No,No,Yes,Yes,Yes,One year,Yes,Credit card (automatic),78.36,1490.48,0
8523-['Z' 'C' 'L' 'W' 'L'],Male,0,No,No,10,Yes,No,No,No,No,No,No,No,No,Month-to-month,Yes,Bank transfer (automatic),38.49,405.91,1
3030-['B' 'H' 'N' 'E' 'C'],Female,0,Yes,No,24,No,No,Fiber optic,No,No,Yes,No,Yes,No,Month-to-month,No,Electronic check,76.1,1824.69,0
1617-['G' 'K' 'O' 'B' 'E'],Male,0,No,No,62,No,No,Fiber optic,No,Yes,No,No,No,No,Month-to-month,Yes,Mailed check,69.06,4286.07,1
5458-['H' 'M' 'K' 'Q' 'O'],Female,0,No,No,3,Yes,Yes,Fiber optic,No,No,No,No,Yes,Yes,One year,No,Bank transfer (automatic),104.34,302.67,1
8154-['P' 'S' 'M' 'W' 'V'],Male,0,No,No,53,Yes,No,Fiber optic,No,Yes,No,Yes,No,Yes,One year,Yes,Bank transfer (automatic),96.56,5113.12,0
8971-['K' 'R' 'R' 'J' 'Q'],Female,0,No,No,59,Yes,Yes,DSL,No,No,No,No,No,Yes,Month-to-month,Yes,Electronic check,77.95,4604.74,1
8197-['Y' 'N' 'G' 'J' 'C'],Male,0,Yes,No,27,Yes,No,Fiber optic,Yes,No,No,Yes,Yes,Yes,One year,Yes,Electronic check,105.05,2835.35,1
1093-['S' 'G' 'E' 'C' 'Y'],Male,0,No,No,9,Yes,Yes,DSL,No,No,No,No,No,No,Month-to-month,No,Electronic check,71.18,648.74,1
3550-['Z' 'V' 'F' 'N' 'G'],Male,0,No,No,35,No,No,DSL,Yes,No,No,No,Yes,No,Month-to-month,Yes,Mailed check,57.77,2018.69,1
7785-['K' 'U' 'C' 'I' 'H'],Female,0,No,Yes,32,Yes,No,Fiber optic,No,Yes,No,No,No,No,Month-to-month,Yes,Mailed check,79.91,2554.93,1
6593-['K' 'R' 'A' 'O' 'D'],Male,0,No,No,58,Yes,No,DSL,Yes,Yes,Yes,No,No,Yes,One year,No,Mailed check,83.37,4828.86,0
9010-['R' 'W' 'O' 'C' 'G'],Male,0,No,No,44,Yes,Yes,Fiber optic,No,Yes,No,No,Yes,Yes,Month-to-month,Yes,Electronic check,110.49,4864.6,0
9294-['Q' 'V' 'T' 'X' 'P'],Male,0,Yes,Yes,50,Yes,Yes,DSL,Yes,No,No,No,Yes,No,Month-to-month,Yes,Credit card (automatic),86.86,4347.81,1
9295-['C' 'T' 'O' 'A' 'J'],Female,0,Yes,No,45,Yes,Yes,Fiber optic,No,Yes,Yes,Yes,No,No,One year,Yes,Mailed check,96.98,4362.96,0
7785-['G' 'N' 'P' 'O' 'G'],Male,0,Yes,No,12,Yes,Yes,No,No,No,No,No,No,No,One year,Yes,Mailed check,48.03,582.9,1
4436-['Y' 'J' 'I' 'I' 'F'],Female,0,Yes,Yes,3,Yes,No,DSL,No,Yes,No,Yes,Yes,Yes,Month-to-month,No,Electronic check,89.48,290.77,1
5599-['Y' 'L' 'W' 'T' 'T'],Female,1,No,Yes,41,Yes,No,Fiber optic,No,No,No,No,Yes,No,Month-to-month,No,Credit card (automatic),81.8,3352.51,1
2389-['T' 'G' 'H' 'H' 'H'],Female,1,No,Yes,26,No,No,Fiber optic,Yes,No,No,Yes,No,No,Month-to-month,Yes,Electronic check,72.88,1898.44,1
1001-['N' 'J' 'R' 'R' 'R'],Female,1,No,No,7,Yes,Yes,Fiber optic,No,No,No,No,Yes,Yes,One year,Yes,Electronic check,102.97,717.06,0
5623-['T' 'E' 'T' 'E' 'T'],Female,0,Yes,Yes,45,Yes,No,DSL,Yes,No,No,No,No,Yes,One year,Yes,Credit card (automatic),73.43,3305.74,1
7495-['J' 'Q' 'M' 'Q' 'R'],Male,0,Yes,No,7,Yes,Yes,No,No,No,No,No,No,No,One year,Yes,Credit card (automatic),43.53,308.25,0
5044-['Q' 'O' 'Z' 'L' 'J'],Female,1,Yes,No,25,Yes,Yes,Fiber optic,Yes,Yes,No,No,No,No,Two year,No,Electronic check,98.62,2474.16,1
8445-['J' 'K' 'F' 'A' 'F'],Male,0,Yes,No,0,Yes,Yes,Fiber optic,No,Yes,Yes,Yes,Yes,Yes,Month-to-month,Yes,Credit card (automatic),118.6,0.0,1
4775-['E' 'G' 'V' 'L' 'L'],Male,0,No,No,60,Yes,No,No,No,No,No,No,No,No,Two year,Yes,Electronic check,33.42,2003.42,0
9710-['B' 'A' 'W' 'Y' 'R'],Female,0,No,No,38,Yes,Yes,DSL,No,No,No,Yes,Yes,No,Month-to-month,No,Mailed check,84.84,3227.87,0
5715-['G' 'S' 'V' 'C' 'J'],Female,0,Yes,No,8,Yes,No,Fiber optic,No,Yes,No,Yes,Yes,No,One year,Yes,Electronic check,94.64,750.78,1
6690-['K' 'E' 'B' 'H' 'N'],Female,0,No,Yes,26,Yes,No,Fiber optic,No,No,Yes,Yes,No,No,Month-to-month,No,Electronic check,83.16,2158.77,1
1999-['W' 'F' 'A' 'X' 'A'],Male,0,No,Yes,69,Yes,Yes,No,No,No,No,No,No,No,One year,Yes,Credit card (automatic),46.49,3212.59,0
6479-['K' 'R' 'X' 'J' 'L'],Male,0,Yes,No,19,Yes,No,DSL,No,No,No,No,No,No,Month-to-month,Yes,Mailed check,58.88,1127.23,1
9335-['E' 'P' 'X' 'L' 'F'],Male,0,No,Yes,64,Yes,Yes,Fiber optic,Yes,Yes,Yes,No,Yes,Yes,Two year,No,Electronic check,118.75,7593.02,0
7590-['E' 'A' 'S' 'J' 'Y'],Male,0,No,No,15,Yes,No,No,No,No,No,No,No,No,Two year,No,Mailed check,33.59,489.04,0
5734-['N' 'Y' 'U' 'C' 'F'],Male,0,No,No,67,Yes,No,Fiber optic,No,No,Yes,Yes,Yes,Yes,Month-to-month,No,Electronic check,104.39,6978.81,1
1836-['Q' 'R' 'L' 'E' 'I'],Male,1,No,Yes,66,Yes,No,Fiber optic,No,Yes,Yes,Yes,Yes,Yes,Two year,Yes,Credit card (automatic),110.49,7284.54,0
7707-['I' 'C' 'A' 'V' 'O'],Male,0,Yes,No,21,Yes,No,No,No,No,No,No,No,No,Month-to-month,No,Electronic check,34.98,725.3,1
7153-['N' 'G' 'D' 'Z' 'E'],Male,0,No,No,72,Yes,No,No,No,No,No,No,No,No,Two year,No,Mailed check,33.39,2413.21,0
2075-['P' 'C' 'Q' 'M' 'F'],Male,0,Yes,No,55,Yes,Yes,Fiber optic,No,No,No,No,Yes,Yes,Month-to-month,Yes,Electronic check,107.03,5870.64,1
5452-['P' 'K' 'Q' 'E' 'F'],Female,1,No,No,56,No,No,Fiber optic,No,Yes,Yes,No,No,No,Month-to-month,No,Electronic check,69.14,3864.39,1
3420-['A' 'U' 'J' 'Q' 'C'],Male,0,No,No,53,No,No,Fiber optic,No,No,No,No,Yes,Yes,Month-to-month,Yes,Bank transfer (automatic),80.65,4278.59,1
8227-['B' 'Q' 'D' 'B' 'E'],Female,0,Yes,No,7,No,No,DSL,Yes,No,No,Yes,No,Yes,Month-to-month,Yes,Bank transfer (automatic),66.62,456.32,1
1955-['Z' 'A' 'Z' 'D' 'G'],Female,0,Yes,No,6,Yes,Yes,Fiber optic,No,No,No,No,Yes,No,Month-to-month,Yes,Electronic check,94.54,556.22,1
7433-['A' 'U' 'V' 'P' 'V'],Male,0,No,No,0,Yes,No,DSL,Yes,Yes,Yes,No,No,Yes,One year,Yes,Electronic check,84.65,0.0,1
2201-['P' 'W' 'V' 'X' 'F'],Male,0,No,Yes,53,Yes,No,No,No,No,No,No,No,No,Month-to-month,Yes,Credit card (automatic),32.8,1728.03,0
6161-['B' 'G' 'U' 'Q' 'C'],Male,0,No,Yes,11,Yes,No,No,No,No,No,No,No,No,Month-to-month,Yes,Bank transfer (automatic),37.87,424.09,0
5371-['L' 'B' 'G' 'Q' 'S'],Male,0,Yes,Yes,13,No,No,DSL,No,Yes,Yes,No,Yes,No,Two year,No,Credit card (automatic),64.61,842.01,0
9651-['I' 'N' 'B' 'U' 'D'],Male,0,No,No,18,Yes,No,Fiber optic,No,No,No,Yes,Yes,Yes,Month-to-month,No,Bank transfer (automatic),100.94,1843.57,1
6435-['S' 'U' 'P' 'V' 'Q'],Male,0,Yes,No,18,Yes,Yes,DSL,No,No,No,No,No,No,Two year,Yes,Mailed check,68.92,1230.17,0
4201-['Q' 'S' 'H' 'X' 'T'],Female,0,Yes,Yes,27,Yes,No,Fiber optic,Yes,No,Yes,Yes,Yes,Yes,Month-to-month,No,Credit card (automatic),109.4,2965.41,0
7091-['Y' 'W' 'R' 'B' 'S'],Female,0,Yes,No,14,Yes,No,Fiber optic,Yes,No,No,No,No,Yes,Month-to-month,No,Electronic check,90.06,1259.12,1
2623-['J' 'Y' 'C' 'Y' 'L'],Male,0,No,Yes,62,Yes,No,Fiber optic,No,No,Yes,Yes,No,Yes,Two year,Yes,Electronic check,91.83,5686.73,0
3823-['E' 'K' 'J' 'C' 'W'],Female,0,No,No,22,Yes,No,No,No,No,No,No,No,No,Month-to-month,Yes,Bank transfer (automatic),31.56,697.51,1
1168-['L' 'F' 'S' 'P' 'U'],Female,0,Yes,No,42,Yes,Yes,No,No,No,No,No,No,No,Month-to-month,Yes,Credit card (automatic),46.7,1972.86,1
9630-['X' 'N' 'D' 'R' 'J'],Female,0,No,No,9,Yes,Yes,Fiber optic,No,No,Yes,No,Yes,Yes,Month-to-month,Yes,Credit card (automatic),109.93,985.13,1
6137-['L' 'S' 'H' 'A' 'N'],Female,0,No,No,35,Yes,No,Fiber optic,No,Yes,Yes,No,Yes,Yes,One year,Yes,Mailed check,105.92,3711.78,1
7582-['F' 'N' 'B' 'I' 'L'],Female,0,No,No,62,Yes,Yes,DSL,No,No,No,No,No,Yes,Two year,Yes,Electronic check,81.19,5034.42,1
6217-['S' 'G' 'G' 'J' 'Q'],Female,0,No,No,48,Yes,Yes,DSL,Yes,No,No,No,Yes,Yes,Month-to-month,No,Mailed check,92.5,4447.47,1
4501-['K' 'T' 'F' 'H' 'S'],Male,0,No,No,13,Yes,Yes,Fiber optic,Yes,Yes,No,No,No,Yes,Month-to-month,No,Credit card (automatic),103.44,1336.99,1
7687-['S' 'X' 'X' 'X' 'Q'],Female,0,Yes,Yes,33,Yes,Yes,No,No,No,No,No,No,No,Month-to-month,No,Bank transfer (automatic),40.93,1359.68,1
3039-['X' 'R' 'L' 'I' 'W'],Female,0,No,No,38,Yes,Yes,No,No,No,No,No,No,No,Month-to-month,Yes,Electronic check,46.11,1770.53,1
8087-['R' 'P' 'P' 'D' 'W'],Female,0,Yes,No,31,Yes,Yes,DSL,No,No,Yes,No,No,No,Month-to-month,No,Mailed check,76.06,2357.64,1
4541-['G' 'A' 'X' 'W' 'T'],Female,0,No,No,21,Yes,Yes,Fiber optic,Yes,No,Yes,Yes,No,No,One year,Yes,Mailed check,97.67,2054.27,1
5062-['H' 'Z' 'W' 'H' 'J'],Male,1,No,No,34,Yes,No,DSL,No,No,Yes,Yes,Yes,Yes,Month-to-month,No,Electronic check,90.58,3071.68,1
3200-['U' 'N' 'N' 'J' 'S'],Female,0,No,No,22,Yes,Yes,No,No,No,No,No,No,No,One year,No,Electronic check,45.98,1005.39,1
7520-['P' 'I' 'T' 'P' 'T'],Male,0,No,No,24,Yes,No,Fiber optic,No,No,No,Yes,No,Yes,Month-to-month,Yes,Mailed check,90.15,2176.17,1
7918-['K' 'U' 'F' 'O' 'S'],Female,0,Yes,Yes,68,Yes,No,No,No,No,No,No,No,No,Month-to-month,No,Mailed check,32.95,2237.93,1
4214-['F' 'X' 'J' 'N' 'P'],Male,0,Yes,No,5,Yes,Yes,Fiber optic,Yes,Yes,No,No,Yes,Yes,One year,Yes,Bank transfer (automatic),118.02,568.31,1
7764-['K' 'Y' 'C' 'H' 'C'],Female,0,No,No,59,Yes,No,DSL,No,No,No,No,Yes,No,Two year,Yes,Bank transfer (automatic),67.42,3981.88,0
2857-['U' 'N' 'T' 'U' 'V'],Female,0,Yes,No,5,No,No,Fiber optic,No,No,Yes,No,No,No,One year,Yes,Electronic check,65.04,319.75,1
3261-['B' 'R' 'A' 'I' 'C'],Female,0,Yes,No,18,No,No,No,No,No,No,No,No,No,Month-to-month,No,Bank transfer (automatic),20.83,392.17,1
3305-['D' 'P' 'V' 'A' 'I'],Male,1,No,No,18,Yes,No,DSL,No,No,No,No,Yes,No,Month-to-month,Yes,Bank transfer (automatic),69.64,1257.14,1
8480-['H' 'F' 'T' 'R' 'P'],Male,1,Yes,No,11,Yes,Yes,No,No,No,No,No,No,No,Month-to-month,Yes,Bank transfer (automatic),43.62,480.22,1
4207-['W' 'D' 'C' 'O' 'F'],Male,0,Yes,No,12,Yes,Yes,Fiber optic,No,Yes,No,Yes,Yes,Yes,Month-to-month,No,Bank transfer (automatic),114.88,1395.3,1
8166-['A' 'R' 'W' 'K' 'C'],Male,1,No,No,49,Yes,Yes,DSL,No,No,Yes,No,Yes,Yes,Two year,No,Mailed check,94.42,4615.05,0
8167-['Q' 'R' 'Z' 'Z' 'N'],Female,0,No,No,66,Yes,No,Fiber optic,No,No,Yes,No,No,No,Month-to-month,No,Mailed check,79.62,5253.5,0
3232-['G' 'G' 'N' 'Z' 'X'],Female,0,No,No,30,Yes,Yes,DSL,No,No,Yes,No,Yes,Yes,One year,No,Mailed check,93.28,2799.63,1
6774-['L' 'L' 'H' 'P' 'I'],Male,0,No,No,22,Yes,Yes,DSL,Yes,Yes,No,Yes,Yes,Yes,Month-to-month,Yes,Credit card (automatic),104.39,2313.14,0
8841-['N' 'X' 'X' 'P' 'E'],Female,1,Yes,Yes,69,Yes,No,DSL,No,No,Yes,No,Yes,Yes,Month-to-month,Yes,Electronic check,88.71,6129.91,0
9964-['K' 'M' 'C' 'Q' 'Y'],Female,1,No,Yes,57,Yes,Yes,Fiber optic,No,No,No,No,Yes,Yes,Two year,Yes,Credit card (automatic),105.29,6002.95,0
6681-['N' 'L' 'N' 'Z' 'R'],Female,0,No,No,66,Yes,No,DSL,No,No,No,Yes,No,Yes,Two year,Yes,Mailed check,74.15,4900.55,0
6203-['B' 'G' 'O' 'J' 'O'],Male,0,Yes,No,70,Yes,No,DSL,Yes,Yes,No,No,Yes,No,Month-to-month,Yes,Credit card (automatic),79.9,5584.34,1
2872-['K' 'B' 'U' 'R' 'Y'],Male,1,No,No,9,No,No,Fiber optic,Yes,No,Yes,No,No,Yes,Month-to-month,Yes,Electronic check,78.19,699.8,1
3728-['Q' 'Q' 'Q' 'P' 'T'],Female,0,Yes,No,67,Yes,Yes,DSL,No,Yes,No,No,Yes,No,One year,No,Credit card (automatic),87.98,5880.84,0
7936-['H' 'W' 'O' 'A' 'S'],Male,0,No,Yes,43,Yes,Yes,Fiber optic,No,Yes,No,Yes,No,No,Two year,No,Mailed check,92.99,3996.95,0
8208-['E' 'P' 'M' 'P' 'V'],Male,0,No,No,69,Yes,No,Fiber optic,Yes,Yes,No,No,No,Yes,Month-to-month,Yes,Mailed check,94.68,6540.03,0
9588-['F' 'Z' 'T' 'Q' 'E'],Male,0,Yes,No,70,Yes,No,No,No,No,No,No,No,No,Two year,Yes,Credit card (automatic),33.21,2333.4,0
8548-['Q' 'A' 'E' 'E' 'G'],Male,0,No,No,7,Yes,No,Fiber optic,Yes,No,No,No,No,No,Month-to-month,No,Credit card (automatic),80.44,579.57,1
6393-['F' 'B' 'M' 'J' 'U'],Female,0,Yes,No,27,Yes,No,Fiber optic,Yes,No,No,No,No,No,Month-to-month,No,Credit card (automatic),80.69,2187.96,0
5019-['K' 'Z' 'U' 'B' 'H'],Male,0,No,No,54,Yes,No,Fiber optic,No,Yes,Yes,Yes,No,No,Two year,No,Credit card (automatic),88.98,4806.8,0
1975-['Y' 'J' 'E' 'N' 'X'],Male,1,Yes,No,66,Yes,No,DSL,No,Yes,Yes,Yes,No,No,Two year,Yes,Bank transfer (automatic),74.73,4932.4,0
3546-['D' 'T' 'P' 'X' 'O'],Female,0,No,No,38,Yes,Yes,Fiber optic,Yes,No,No,Yes,No,No,One year,Yes,Electronic check,91.48,3465.68,0
8304-['R' 'D' 'S' 'X' 'D'],Male,0,No,No,32,Yes,No,Fiber optic,No,Yes,Yes,Yes,Yes,No,Two year,Yes,Mailed check,103.3,3306.45,0
1392-['A' 'A' 'T' 'S' 'C'],Female,0,No,No,28,Yes,No,Fiber optic,No,No,Yes,Yes,Yes,Yes,One year,No,Credit card (automatic),101.82,2852.02,1
2225-['L' 'R' 'N' 'J' 'J'],Female,1,No,Yes,16,Yes,No,DSL,Yes,No,No,No,Yes,No,Month-to-month,No,Bank transfer (automatic),75.58,1233.65,1
4985-['X' 'A' 'O' 'H' 'Z'],Male,0,Yes,No,36,Yes,No,Fiber optic,Yes,No,No,No,No,Yes,Month-to-month,No,Credit card (automatic),93.62,3363.68,1
7242-['R' 'I' 'P' 'U' 'O'],Female,0,No,No,5,Yes,Yes,Fiber optic,No,No,Yes,No,No,No,Month-to-month,Yes,Credit card (automatic),88.51,441.8,1
7845-['E' 'M' 'V' 'T' 'G'],Female,0,Yes,Yes,45,Yes,No,Fiber optic,No,Yes,Yes,No,No,No,One year,Yes,Credit card (automatic),86.5,3909.82,0
6743-['G' 'Y' 'V' 'P' 'M'],Male,0,Yes,No,13,No,No,DSL,No,No,No,No,Yes,Yes,Month-to-month,Yes,Electronic check,63.45,825.69,1
9976-['I' 'L' 'M' 'Z' 'I'],Male,0,No,No,36,Yes,No,DSL,No,No,No,Yes,No,Yes,Month-to-month,Yes,Bank transfer (automatic),74.33,2676.05,1
7404-['G' 'A' 'D' 'Z' 'D'],Male,0,No,No,28,Yes,Yes,No,No,No,No,No,No,No,Month-to-month,No,Mailed check,46.03,1275.82,1
3063-['E' 'V' 'D' 'F' 'Z'],Female,0,No,Yes,48,Yes,Yes,Fiber optic,Yes,No,No,No,Yes,No,Month-to-month,No,Bank transfer (automatic),99.63,4766.01,1
9216-['H' 'Q' 'R' 'R' 'Z'],Female,0,Yes,Yes,1,Yes,No,No,No,No,No,No,No,No,Month-to-month,Yes,Mailed check,35.57,45.76,0
6112-['L' 'Y' 'Y' 'A' 'W'],Female,0,No,Yes,69,Yes,Yes,DSL,Yes,No,No,No,No,No,Month-to-month,Yes,Mailed check,73.96,5099.28,0
1830-['L' 'K' 'M' 'C' 'Y'],Female,0,Yes,No,69,Yes,Yes,No,No,No,No,No,No,No,Month-to-month,No,Bank transfer (automatic),44.95,3106.05,1
1834-['Q' 'Y' 'M' 'J' 'Q'],Female,0,Yes,Yes,64,Yes,No,Fiber optic,No,Yes,Yes,No,No,Yes,One year,No,Credit card (automatic),97.04,6224.67,0
1254-['C' 'M' 'V' 'F' 'N'],Female,0,No,No,45,Yes,Yes,Fiber optic,No,Yes,No,No,Yes,Yes,Two year,No,Bank transfer (automatic),106.41,4785.82,0
9794-['J' 'T' 'P' 'R' 'M'],Male,0,Yes,No,62,Yes,No,DSL,No,No,Yes,No,Yes,No,Month-to-month,No,Bank transfer (automatic),73.19,4533.75,0
6353-['F' 'J' 'E' 'F' 'G'],Female,1,Yes,Yes,20,Yes,Yes,DSL,No,No,No,Yes,No,No,One year,Yes,Electronic check,76.71,1537.39,0
9202-['P' 'Y' 'L' 'L' 'W'],Female,0,Yes,No,26,No,No,Fiber optic,Yes,No,Yes,Yes,No,No,Two year,Yes,Mailed check,74.33,1945.19,0
7227-['Z' 'E' 'P' 'F' 'I'],Male,0,Yes,Yes,62,Yes,No,Fiber optic,No,Yes,No,No,No,Yes,Two year,Yes,Credit card (automatic),90.21,5583.05,1
1436-['W' 'P' 'R' 'S' 'L'],Female,0,Yes,No,22,Yes,No,DSL,No,Yes,Yes,No,Yes,Yes,Two year,Yes,Mailed check,91.02,2002.19,0
6505-['Z' 'J' 'L' 'N' 'R'],Female,0,No,No,38,Yes,No,Fiber optic,No,Yes,No,No,Yes,Yes,Two year,No,Electronic check,103.63,3936.63,0
9484-['P' 'N' 'M' 'U' 'B'],Female,0,No,Yes,57,Yes,No,Fiber optic,No,No,No,Yes,Yes,No,One year,No,Electronic check,92.05,5236.57,0
6202-['P' 'G' 'U' 'G' 'P'],Male,0,No,No,44,Yes,No,DSL,No,Yes,No,No,No,Yes,One year,No,Mailed check,72.4,3174.37,1
1088-['F' 'R' 'A' 'A' 'Z'],Male,0,Yes,Yes,13,Yes,Yes,Fiber optic,No,No,No,No,Yes,No,Month-to-month,Yes,Credit card (automatic),92.57,1208.69,1
7029-['F' 'F' 'D' 'L' 'R'],Male,0,No,No,21,Yes,No,Fiber optic,No,Yes,No,No,Yes,No,Month-to-month,Yes,Credit card (automatic),92.59,1956.2,1
1265-['C' 'C' 'H' 'V' 'W'],Male,0,No,No,16,Yes,No,DSL,No,No,No,No,No,No,Two year,No,Credit card (automatic),60.93,969.73,0
5416-['R' 'O' 'Y' 'U' 'T'],Female,0,Yes,Yes,28,Yes,Yes,DSL,No,No,Yes,No,Yes,No,Month-to-month,No,Electronic check,87.3,2448.77,1
4274-['M' 'Y' 'T' 'Y' 'J'],Female,0,No,No,37,Yes,No,Fiber optic,No,Yes,Yes,No,Yes,No,Month-to-month,Yes,Electronic check,95.69,3536.8,1
3543-['U' 'C' 'B' 'F' 'K'],Male,0,No,Yes,30,Yes,Yes,Fiber optic,Yes,No,Yes,No,Yes,No,Month-to-month,Yes,Mailed check,103.19,3090.41,0
8196-['C' 'Z' 'A' 'K' 'M'],Female,0,No,No,57,Yes,No,Fiber optic,Yes,No,Yes,Yes,Yes,Yes,One year,Yes,Credit card (automatic),113.33,6450.92,1
9689-['O' 'R' 'O' 'T' 'T'],Female,0,No,No,16,Yes,Yes,DSL,No,No,Yes,Yes,Yes,No,Month-to-month,Yes,Electronic check,89.67,1441.09,1
3751-['T' 'G' 'Q' 'H' 'M'],Female,0,No,Yes,22,No,No,No,No,No,No,No,No,No,Month-to-month,Yes,Electronic check,21.08,473.91,0
8503-['Y' 'J' 'N' 'F' 'T'],Male,0,No,Yes,19,Yes,No,Fiber optic,Yes,No,No,No,No,No,Month-to-month,Yes,Credit card (automatic),78.22,1489.8,1
6087-['G' 'F' 'Q' 'U' 'X'],Female,1,Yes,Yes,3,Yes,No,DSL,Yes,No,Yes,Yes,No,No,Month-to-month,No,Electronic check,74.92,219.25,1
6022-['H' 'L' 'Z' 'Y' 'D'],Male,0,Yes,Yes,72,Yes,No,Fiber optic,No,No,No,Yes,No,Yes,Month-to-month,No,Credit card (automatic),92.49,6653.94,1
7409-['F' 'G' 'U' 'H' 'C'],Female,0,Yes,No,48,Yes,No,DSL,No,No,Yes,No,No,Yes,Month-to-month,Yes,Bank transfer (automatic),77.45,3709.58,0
4453-['U' 'A' 'M' 'V' 'R'],Female,1,No,No,25,Yes,No,Fiber optic,No,Yes,No,No,Yes,Yes,Two year,Yes,Electronic check,100.56,2506.21,1
8374-['G' 'O' 'Y' 'C' 'Z'],Male,0,No,Yes,31,Yes,Yes,DSL,No,Yes,No,Yes,Yes,No,Two year,No,Credit card (automatic),89.8,2810.57,0
5291-['D' 'C' 'E' 'Y' 'K'],Male,0,Yes,No,27,Yes,No,Fiber optic,No,No,Yes,Yes,Yes,Yes,Month-to-month,Yes,Mailed check,106.12,2857.78,1
1321-['P' 'Y' 'J' 'R' 'G'],Female,0,No,No,50,Yes,No,DSL,No,Yes,No,No,Yes,Yes,Month-to-month,Yes,Electronic check,87.61,4385.44,1
1830-['G' 'U' 'F' 'X' 'A'],Male,0,Yes,Yes,39,Yes,No,No,No,No,No,No,No,No,Two year,Yes,Bank transfer (automatic),37.68,1455.13,0
8676-['K' 'M' 'L' 'A' 'U'],Male,1,No,Yes,36,Yes,No,DSL,No,Yes,Yes,No,No,No,Month-to-month,Yes,Mailed check,70.7,2555.91,1
9366-['A' 'C' 'Z' 'O' 'I'],Female,0,No,Yes,50,Yes,Yes,Fiber optic,No,No,Yes,No,Yes,Yes,One year,No,Mailed check,109.05,5450.95,0
1269-['W' 'V' 'X' 'H' 'V'],Male,0,No,No,56,Yes,No,DSL,No,No,Yes,No,No,Yes,One year,Yes,Electronic check,76.36,4270.44,1
3083-['T' 'T' 'F' 'A' 'R'],Male,0,Yes,No,71,Yes,No,Fiber optic,No,No,Yes,Yes,Yes,No,Two year,Yes,Electronic check,93.38,6642.71,0
7125-['K' 'Q' 'I' 'V' 'G'],Male,1,Yes,No,66,Yes,Yes,Fiber optic,No,No,Yes,No,Yes,No,Month-to-month,Yes,Electronic check,101.3,6696.88,1
4472-['H' 'P' 'L' 'L' 'E'],Male,0,Yes,No,2,No,No,Fiber optic,Yes,No,No,No,No,Yes,Month-to-month,Yes,Bank transfer (automatic),74.72,130.32,1
3509-['F' 'G' 'W' 'U' 'Q'],Male,0,No,No,62,Yes,No,Fiber optic,No,Yes,No,No,Yes,Yes,Month-to-month,Yes,Mailed check,102.92,6405.01,1
2850-['I' 'V' 'M' 'I' 'P'],Male,1,Yes,No,11,Yes,No,No,No,No,No,No,No,No,Two year,No,Electronic check,33.98,382.84,0
7625-['M' 'M' 'S' 'L' 'D'],Female,0,No,No,50,Yes,Yes,DSL,Yes,No,Yes,No,Yes,Yes,Month-to-month,Yes,Bank transfer (automatic),100.38,5030.75,1
3313-['P' 'X' 'S' 'H' 'F'],Male,0,No,No,10,Yes,No,No,No,No,No,No,No,No,Two year,Yes,Electronic check,31.66,314.98,0
8782-['N' 'M' 'U' 'E' 'I'],Male,1,Yes,Yes,5,Yes,Yes,Fiber optic,No,Yes,No,Yes,Yes,No,One year,No,Electronic check,106.02,522.25,1
3350-['T' 'U' 'Q' 'W' 'X'],Female,0,Yes,No,11,No,No,Fiber optic,Yes,No,Yes,No,Yes,Yes,Month-to-month,Yes,Mailed check,89.99,990.99,1
3910-['F' 'Y' 'C' 'R' 'E'],Male,0,No,No,24,Yes,No,DSL,No,No,Yes,Yes,No,Yes,One year,Yes,Bank transfer (automatic),79.54,1910.74,0
3864-['Z' 'C' 'Z' 'S' 'U'],Male,0,Yes,No,25,No,No,Fiber optic,Yes,Yes,No,No,Yes,Yes,Month-to-month,Yes,Electronic check,90.54,2271.55,1
9373-['L' 'H' 'H' 'O' 'K'],Female,0,Yes,Yes,57,Yes,No,Fiber optic,Yes,No,No,Yes,No,Yes,One year,Yes,Electronic check,95.3,5426.61,0
3451-['A' 'P' 'N' 'G' 'F'],Female,0,No,No,35,Yes,No,DSL,Yes,Yes,Yes,No,Yes,Yes,Month-to-month,No,Mailed check,95.6,3340.64,1
1660-['D' 'V' 'H' 'V' 'S'],Male,0,No,No,35,Yes,No,DSL,No,Yes,Yes,No,No,No,Two year,Yes,Credit card (automatic),69.15,2409.23,0
3072-['C' 'D' 'M' 'U' 'B'],Male,0,No,Yes,20,Yes,No,Fiber optic,No,No,No,Yes,Yes,Yes,Two year,No,Bank transfer (automatic),98.26,1956.8,0
1815-['J' 'O' 'J' 'B' 'F'],Female,0,Yes,Yes,48,Yes,No,DSL,Yes,Yes,No,No,Yes,No,One year,Yes,Bank transfer (automatic),77.48,3732.74,0
5734-['N' 'B' 'J' 'Q' 'H'],Male,0,No,No,59,No,No,Fiber optic,Yes,Yes,No,No,Yes,No,Month-to-month,Yes,Electronic check,79.33,4699.42,1
5685-['J' 'M' 'A' 'J' 'V'],Male,0,No,No,61,Yes,No,DSL,Yes,No,No,No,No,No,Month-to-month,Yes,Electronic check,64.92,3958.64,0
5221-['Q' 'X' 'N' 'E' 'S'],Female,1,Yes,Yes,18,Yes,No,No,No,No,No,No,No,No,Month-to-month,No,Credit card (automatic),33.01,591.65,0
2604-['O' 'M' 'Q' 'A' 'N'],Female,0,No,Yes,10,Yes,Yes,No,No,No,No,No,No,No,Month-to-month,Yes,Credit card (automatic),44.63,453.5,1
6059-['Y' 'I' 'Q' 'C' 'M'],Female,1,No,No,2,Yes,No,DSL,Yes,No,No,No,No,Yes,Month-to-month,No,Bank transfer (automatic),73.67,132.7,0
5719-['D' 'R' 'W' 'C' 'Q'],Male,0,Yes,Yes,56,Yes,No,DSL,No,No,Yes,Yes,Yes,Yes,Two year,Yes,Electronic check,90.81,5078.08,0
3677-['D' 'Q' 'G' 'B' 'L'],Female,0,Yes,Yes,68,Yes,Yes,No,No,No,No,No,No,No,Month-to-month,Yes,Credit card (automatic),43.45,2960.12,1
2924-['P' 'H' 'W' 'H' 'M'],Male,0,No,No,52,Yes,Yes,DSL,No,No,No,No,No,No,Two year,No,Credit card (automatic),72.43,3759.38,0
7681-['N' 'K' 'F' 'P' 'W'],Female,1,Yes,Yes,65,Yes,Yes,DSL,No,Yes,No,No,Yes,No,Month-to-month,Yes,Bank transfer (automatic),82.19,5329.2,0
1056-['V' 'Y' 'O' 'P' 'M'],Female,0,No,No,11,Yes,No,No,No,No,No,No,No,No,Month-to-month,Yes,Bank transfer (automatic),33.14,361.08,1
4147-['R' 'R' 'N' 'B' 'V'],Male,0,No,No,61,No,No,Fiber optic,No,No,Yes,No,No,No,Two year,Yes,Electronic check,67.93,4150.22,0
3817-['C' 'X' 'H' 'K' 'L'],Female,0,No,Yes,44,Yes,Yes,Fiber optic,No,Yes,Yes,Yes,No,Yes,Month-to-month,No,Mailed check,107.17,4732.57,1
1259-['I' 'X' 'Q' 'X' 'P'],Male,0,Yes,Yes,56,Yes,Yes,DSL,No,Yes,Yes,No,Yes,No,Two year,No,Bank transfer (automatic),93.02,5216.78,0
5048-['O' 'T' 'Z' 'V' 'G'],Male,1,No,Yes,1,Yes,Yes,Fiber optic,No,No,Yes,Yes,No,No,Month-to-month,Yes,Electronic check,95.26,104.41,1
1476-['D' 'X' 'X' 'N' 'N'],Male,0,Yes,No,54,Yes,No,DSL,No,No,Yes,Yes,No,Yes,Month-to-month,No,Mailed check,79.65,4311.82,1
9024-['N' 'V' 'T' 'R' 'O'],Male,0,Yes,No,18,Yes,No,DSL,Yes,Yes,Yes,No,Yes,No,One year,Yes,Electronic check,86.23,1559.85,1
2498-['M' 'L' 'S' 'S' 'T'],Male,1,No,No,60,No,No,Fiber optic,No,No,Yes,Yes,Yes,Yes,One year,No,Mailed check,89.36,5377.04,0
3209-['U' 'C' 'J' 'E' 'L'],Female,1,No,No,23,Yes,Yes,Fiber optic,No,No,No,Yes,No,No,Month-to-month,No,Credit card (automatic),88.51,2055.46,1
6372-['G' 'I' 'B' 'Y' 'J'],Female,0,Yes,Yes,4,Yes,No,DSL,Yes,No,No,Yes,Yes,No,Two year,Yes,Credit card (automatic),77.36,318.6,0
1837-['C' 'J' 'I' 'T' 'E'],Male,0,Yes,No,25,No,No,Fiber optic,Yes,Yes,No,No,No,Yes,One year,Yes,Mailed check,78.63,1952.41,1
8332-['H' 'H' 'N' 'X' 'V'],Male,0,Yes,No,34,Yes,Yes,Fiber optic,No,No,Yes,Yes,No,No,Two year,Yes,Mailed check,95.33,3255.42,1
8038-['Q' 'K' 'Z' 'P' 'F'],Male,0,No,No,18,Yes,Yes,No,No,No,No,No,No,No,One year,No,Electronic check,50.2,902.05,1
3779-['K' 'J' 'W' 'I' 'X'],Male,0,No,Yes,30,Yes,Yes,Fiber optic,Yes,Yes,No,Yes,Yes,No,Two year,Yes,Electronic check,109.69,3301.49,1
9407-['O' 'G' 'R' 'A' 'O'],Female,0,Yes,Yes,43,Yes,Yes,Fiber optic,No,Yes,No,No,Yes,No,One year,No,Bank transfer (automatic),100.27,4323.23,0
9801-['V' 'B' 'J' 'T' 'O'],Female,1,Yes,No,18,Yes,Yes,Fiber optic,No,Yes,No,No,No,Yes,Month-to-month,No,Mailed check,101.24,1813.15,0
6449-['S' 'V' 'M' 'X' 'K'],Female,0,Yes,No,11,Yes,No,DSL,No,No,Yes,No,Yes,No,Month-to-month,No,Credit card (automatic),75.45,835.33,1
3721-['U' 'M' 'V' 'Y' 'V'],Female,0,No,No,34,Yes,No,No,No,No,No,No,No,No,Month-to-month,No,Credit card (automatic),34.01,1167.22,0
1788-['A' 'Z' 'E' 'U' 'V'],Female,0,Yes,Yes,57,Yes,Yes,DSL,No,No,No,No,No,Yes,Month-to-month,Yes,Credit card (automatic),78.63,4476.2,1
4654-['M' 'M' 'T' 'W' 'U'],Female,0,Yes,No,71,No,No,DSL,No,No,Yes,No,No,No,Month-to-month,Yes,Mailed check,44.69,3162.37,1
8176-['R' 'K' 'T' 'K' 'X'],Male,0,No,No,24,Yes,No,No,No,No,No,No,No,No,Two year,Yes,Credit card (automatic),32.73,788.91,0
6326-['I' 'C' 'Q' 'Y' 'Q'],Female,0,No,No,24,Yes,No,DSL,No,No,No,No,No,Yes,One year,No,Electronic check,67.76,1619.24,0
6474-['S' 'I' 'Q' 'W' 'R'],Female,0,No,No,12,Yes,Yes,No,No,No,No,No,No,No,One year,Yes,Bank transfer (automatic),50.08,614.61,0
4774-['O' 'A' 'Z' 'J' 'H'],Male,0,No,No,41,Yes,Yes,DSL,Yes,No,No,No,Yes,Yes,Two year,Yes,Electronic check,91.57,3744.72,1
6481-['Z' 'B' 'S' 'N' 'H'],Male,0,No,No,14,Yes,No,DSL,No,No,No,Yes,Yes,Yes,Month-to-month,No,Credit card (automatic),86.66,1231.05,1
5887-['O' 'T' 'X' 'E' 'C'],Male,0,No,No,22,No,No,No,No,No,No,No,No,No,One year,Yes,Electronic check,22.42,504.54,1
7588-['J' 'E' 'K' 'F' 'D'],Male,0,Yes,No,27,Yes,Yes,No,No,No,No,No,No,No,One year,No,Credit card (automatic),44.74,1200.95,0
3790-['S' 'G' 'N' 'Q' 'W'],Male,0,No,No,12,Yes,No,No,No,No,No,No,No,No,Month-to-month,Yes,Credit card (automatic),32.41,382.45,1
8056-['M' 'A' 'B' 'R' 'D'],Female,0,Yes,No,43,Yes,Yes,DSL,No,No,Yes,No,No,Yes,Month-to-month,Yes,Bank transfer (automatic),84.09,3621.7,1
7508-['A' 'D' 'B' 'D' 'P'],Male,0,Yes,No,51,Yes,No,Fiber optic,No,No,Yes,No,Yes,Yes,Month-to-month,Yes,Electronic check,101.52,5178.42,1
9136-['Q' 'U' 'W' 'T' 'U'],Male,0,No,No,34,No,No,DSL,No,Yes,No,No,No,No,Two year,Yes,Bank transfer (automatic),49.51,1687.09,0
1409-['O' 'G' 'D' 'L' 'A'],Male,0,No,No,46,Yes,No,Fiber optic,No,No,Yes,No,Yes,No,Month-to-month,Yes,Bank transfer (automatic),90.58,4149.08,1
3051-['V' 'W' 'Y' 'I' 'Z'],Female,0,Yes,No,34,Yes,No,Fiber optic,No,No,No,No,No,Yes,Month-to-month,No,Credit card (automatic),86.53,2957.0,1
8934-['U' 'J' 'S' 'S' 'O'],Male,0,No,Yes,49,Yes,Yes,No,No,No,No,No,No,No,One year,No,Mailed check,45.24,2196.38,0
3662-['C' 'E' 'P' 'W' 'G'],Male,0,Yes,Yes,39,Yes,Yes,No,No,No,No,No,No,No,One year,Yes,Mailed check,48.22,1889.2,0
6368-['H' 'R' 'X' 'X' 'R'],Female,0,Yes,Yes,69,Yes,No,DSL,No,Yes,No,Yes,No,Yes,Two year,No,Electronic check,77.11,5329.55,0
6670-['Y' 'T' 'F' 'Y' 'K'],Male,0,No,No,41,Yes,Yes,Fiber optic,No,Yes,Yes,Yes,No,No,Month-to-month,Yes,Bank transfer (automatic),99.73,4078.27,1
3500-['L' 'A' 'S' 'K' 'O'],Female,0,No,Yes,14,Yes,Yes,DSL,No,No,No,No,Yes,No,Two year,Yes,Bank transfer (automatic),78.77,1096.31,0
5834-['K' 'K' 'J' 'B' 'T'],Female,0,No,No,59,Yes,Yes,DSL,No,Yes,Yes,Yes,Yes,No,Two year,Yes,Mailed check,100.3,5911.53,0
4012-['W' 'W' 'Y' 'H' 'M'],Male,0,No,No,57,Yes,Yes,Fiber optic,No,No,No,Yes,Yes,Yes,Month-to-month,Yes,Mailed check,108.93,6212.52,1
4423-['B' 'L' 'X' 'H' 'U'],Female,0,Yes,No,68,Yes,Yes,DSL,Yes,Yes,Yes,No,Yes,No,Month-to-month,Yes,Bank transfer (automatic),99.65,6792.65,1
3686-['S' 'Y' 'W' 'A' 'H'],Male,0,Yes,No,32,Yes,No,Fiber optic,No,Yes,No,No,No,No,One year,Yes,Bank transfer (automatic),79.28,2531.91,1
6289-['M' 'E' 'V' 'I' 'J'],Male,1,No,No,39,Yes,Yes,Fiber optic,Yes,Yes,No,No,No,Yes,Month-to-month,Yes,Credit card (automatic),108.61,4232.42,1
2086-['N' 'X' 'K' 'N' 'C'],Male,0,No,No,1,Yes,Yes,DSL,No,Yes,Yes,Yes,Yes,Yes,Two year,Yes,Electronic check,104.79,108.78,1
1495-['T' 'Q' 'E' 'Z' 'G'],Female,0,No,No,32,Yes,Yes,DSL,No,No,No,No,Yes,Yes,Month-to-month,No,Bank transfer (automatic),88.56,2818.0,0
1720-['T' 'V' 'K' 'L' 'Y'],Female,1,Yes,No,24,Yes,Yes,DSL,Yes,No,No,No,No,No,Two year,No,Electronic check,75.2,1816.76,0
5026-['X' 'B' 'S' 'Z' 'E'],Female,0,No,No,58,Yes,Yes,Fiber optic,Yes,No,No,Yes,No,No,Month-to-month,No,Credit card (automatic),94.44,5469.94,0
8734-['S' 'G' 'U' 'Z' 'V'],Female,0,Yes,No,26,Yes,Yes,Fiber optic,No,No,Yes,No,Yes,Yes,Two year,Yes,Bank transfer (automatic),110.99,2883.03,0
6261-['D' 'H' 'I' 'B' 'Y'],Female,0,Yes,Yes,55,Yes,Yes,No,No,No,No,No,No,No,Month-to-month,Yes,Bank transfer (automatic),43.85,2407.87,0
6691-['T' 'V' 'G' 'D' 'X'],Male,0,No,No,24,Yes,No,No,No,No,No,No,No,No,One year,Yes,Electronic check,35.29,845.36,0
5205-['Z' 'X' 'A' 'X' 'Z'],Male,0,No,No,4,Yes,Yes,No,No,No,No,No,No,No,Month-to-month,No,Electronic check,46.39,194.2,1
8243-['S' 'E' 'Z' 'H' 'K'],Male,0,No,No,61,Yes,No,Fiber optic,No,Yes,No,No,No,No,Month-to-month,No,Credit card (automatic),78.82,4811.88,1
1885-['D' 'O' 'T' 'L' 'T'],Female,0,Yes,No,42,Yes,No,DSL,No,No,Yes,No,No,No,Two year,Yes,Mailed check,66.39,2783.39,0
6110-['U' 'J' 'X' 'P' 'W'],Female,0,Yes,Yes,67,Yes,Yes,Fiber optic,No,No,No,No,No,No,One year,Yes,Bank transfer (automatic),85.02,5693.74,1
8015-['T' 'H' 'F' 'C' 'H'],Female,0,No,No,35,Yes,Yes,Fiber optic,No,No,No,No,Yes,No,One year,No,Electronic check,95.54,3325.57,0
8108-['K' 'D' 'Q' 'Z' 'C'],Male,0,Yes,No,9,Yes,No,Fiber optic,Yes,No,No,No,No,Yes,One year,Yes,Mailed check,92.12,846.75,1
7909-['X' 'L' 'U' 'P' 'N'],Male,1,No,Yes,21,Yes,No,DSL,No,Yes,No,Yes,Yes,Yes,Two year,Yes,Electronic check,90.41,1901.93,1
2748-['P' 'D' 'A' 'A' 'V'],Female,0,Yes,Yes,27,Yes,Yes,DSL,No,No,Yes,No,No,Yes,Two year,No,Mailed check,87.48,2374.31,0
6774-['T' 'T' 'C' 'N' 'I'],Male,0,Yes,No,47,Yes,No,DSL,No,No,No,Yes,No,Yes,Month-to-month,No,Electronic check,72.66,3417.94,1
2063-['B' 'D' 'A' 'K' 'E'],Female,0,Yes,No,59,Yes,No,No,No,No,No,No,No,No,Month-to-month,Yes,Credit card (automatic),34.57,2032.86,1
5545-['M' 'Q' 'Q' 'R' 'U'],Male,0,No,No,62,Yes,No,DSL,No,No,No,Yes,No,No,Month-to-month,No,Mailed check,60.41,3765.07,0
1318-['I' 'F' 'T' 'C' 'H'],Female,0,No,Yes,1,Yes,Yes,Fiber optic,No,No,No,Yes,No,No,Month-to-month,No,Bank transfer (automatic),86.62,90.78,1
1450-['A' 'T' 'M' 'U' 'E'],Female,0,No,Yes,22,No,No,Fiber optic,No,Yes,Yes,No,No,No,One year,No,Bank transfer (automatic),70.22,1547.29,1
8887-['U' 'X' 'P' 'X' 'L'],Male,0,No,No,50,No,No,DSL,Yes,No,No,No,Yes,Yes,Month-to-month,Yes,Mailed check,69.15,3458.1,0
9835-['I' 'P' 'A' 'E' 'U'],Male,1,Yes,No,27,No,No,Fiber optic,No,No,No,No,No,Yes,Month-to-month,No,Electronic check,67.66,1831.18,1
5452-['X' 'Y' 'S' 'I' 'H'],Female,0,Yes,No,0,Yes,No,Fiber optic,No,Yes,No,Yes,Yes,No,One year,No,Bank transfer (automatic),94.93,0.0,0
2059-['O' 'M' 'R' 'T' 'E'],Male,0,Yes,Yes,14,Yes,Yes,DSL,Yes,Yes,Yes,No,No,Yes,One year,Yes,Electronic check,94.64,1321.73,0
3193-['H' 'A' 'S' 'W' 'Z'],Male,0,No,No,14,Yes,Yes,DSL,No,No,No,Yes,Yes,Yes,Two year,No,Bank transfer (automatic),94.22,1321.15,0
3544-['B' 'S' 'P' 'R' 'B'],Male,0,No,No,42,Yes,Yes,Fiber optic,No,No,Yes,No,No,Yes,Two year,Yes,Bank transfer (automatic),104.05,4377.79,0
3309-['G' 'F' 'F' 'I' 'H'],Female,0,No,No,4,Yes,No,DSL,No,No,No,No,Yes,No,One year,Yes,Bank transfer (automatic),71.03,262.51,1
1349-['X' 'V' 'U' 'I' 'L'],Male,0,No,No,71,Yes,No,DSL,Yes,Yes,No,No,Yes,No,Month-to-month,Yes,Credit card (automatic),78.57,5584.9,0
8953-['W' 'F' 'W' 'D' 'Y'],Male,0,Yes,No,37,Yes,No,Fiber optic,No,No,Yes,No,No,Yes,Two year,Yes,Bank transfer (automatic),91.98,3408.2,1
3769-['T' 'E' 'R' 'J' 'H'],Male,0,Yes,Yes,62,Yes,Yes,No,No,No,No,No,No,No,Month-to-month,Yes,Credit card (automatic),45.68,2822.97,0
3542-['N' 'A' 'U' 'H' 'G'],Male,0,No,No,42,Yes,No,DSL,No,Yes,No,Yes,Yes,Yes,Month-to-month,Yes,Mailed check,88.53,3711.2,0
4880-['R' 'L' 'H' 'H' 'F'],Female,0,Yes,Yes,50,Yes,Yes,DSL,Yes,No,No,Yes,No,Yes,Month-to-month,No,Bank transfer (automatic),92.19,4606.2,0
3439-['F' 'D' 'E' 'U' 'M'],Female,0,Yes,No,25,Yes,No,DSL,No,No,No,No,Yes,Yes,One year,No,Electronic check,80.31,2015.36,0
1684-['I' 'X' 'X' 'P' 'L'],Female,0,Yes,No,45,Yes,Yes,Fiber optic,No,Yes,No,No,Yes,Yes,Two year,Yes,Credit card (automatic),106.84,4819.76,0
3113-['S' 'P' 'X' 'M' 'E'],Male,1,No,No,11,Yes,No,Fiber optic,Yes,No,No,No,Yes,Yes,One year,Yes,Bank transfer (automatic),101.31,1104.55,1
4094-['X' 'F' 'U' 'X' 'Q'],Female,1,Yes,No,11,Yes,Yes,DSL,No,No,Yes,Yes,Yes,No,One year,Yes,Mailed check,90.18,992.08,0
7015-['Q' 'Q' 'C' 'Z' 'M'],Male,1,Yes,Yes,28,No,No,No,No,No,No,No,No,No,One year,No,Mailed check,19.63,553.85,1
1875-['F' 'V' 'U' 'M' 'N'],Female,0,Yes,Yes,60,No,No,Fiber optic,Yes,Yes,No,No,No,Yes,Month-to-month,Yes,Electronic check,76.31,4590.62,1
9900-['N' 'R' 'D' 'A' 'G'],Female,0,Yes,Yes,40,Yes,No,Fiber optic,Yes,Yes,No,No,No,No,Month-to-month,Yes,Credit card (automatic),86.18,3467.79,1
7547-['M' 'D' 'M' 'D' 'C'],Male,1,Yes,No,19,Yes,No,DSL,Yes,No,Yes,Yes,Yes,No,Two year,No,Mailed check,85.36,1628.35,0
3183-['T' 'H' 'Y' 'Q' 'O'],Male,1,Yes,No,45,Yes,Yes,Fiber optic,No,No,Yes,Yes,Yes,No,Month-to-month,No,Electronic check,108.38,4867.34,0
7691-['F' 'X' 'V' 'F' 'J'],Male,0,Yes,Yes,29,Yes,No,Fiber optic,Yes,No,No,No,Yes,No,Month-to-month,No,Mailed check,91.94,2672.83,1
4043-['I' 'P' 'G' 'N' 'F'],Female,0,No,Yes,38,Yes,No,Fiber optic,No,No,No,No,Yes,Yes,One year,No,Mailed check,93.05,3517.41,1
2845-['O' 'A' 'O' 'O' 'P'],Male,0,Yes,No,39,Yes,Yes,Fiber optic,No,Yes,No,Yes,Yes,Yes,One year,Yes,Mailed check,113.0,4396.05,1
4860-['A' 'C' 'L' 'G' 'E'],Male,1,Yes,Yes,50,No,No,DSL,Yes,Yes,No,Yes,Yes,No,One year,No,Credit card (automatic),67.24,3356.74,0
1315-['Z' 'A' 'A' 'O' 'H'],Male,0,Yes,No,1,Yes,No,Fiber optic,No,No,No,No,No,No,Month-to-month,No,Credit card (automatic),77.2,68.34,1
3925-['Y' 'W' 'M' 'S' 'L'],Female,1,No,No,64,Yes,No,Fiber optic,Yes,No,No,No,Yes,No,One year,No,Bank transfer (automatic),89.56,5720.25,1
5021-['S' 'Z' 'D' 'D' 'C'],Male,0,No,No,27,Yes,Yes,Fiber optic,No,No,Yes,No,No,Yes,One year,Yes,Mailed check,98.39,2632.47,1
6605-['E' 'K' 'Y' 'I' 'C'],Female,0,No,Yes,50,Yes,No,DSL,No,No,No,No,Yes,No,Month-to-month,No,Mailed check,68.11,3395.02,1
6468-['I' 'L' 'C' 'T' 'Q'],Female,0,No,No,7,Yes,No,No,No,No,No,No,No,No,One year,Yes,Bank transfer (automatic),34.63,239.85,0
7132-['L' 'Y' 'R' 'D' 'J'],Male,0,Yes,No,30,Yes,No,No,No,No,No,No,No,No,Month-to-month,No,Bank transfer (automatic),34.84,1045.53,1
3769-['H' 'I' 'S' 'M' 'Y'],Male,0,No,Yes,38,Yes,Yes,DSL,No,No,Yes,No,Yes,No,Month-to-month,Yes,Credit card (automatic),87.45,3320.69,1
3555-['U' 'F' 'K' 'Q' 'S'],Male,0,No,No,59,Yes,No,No,No,No,No,No,No,No,Month-to-month,Yes,Credit card (automatic),35.27,2075.49,0
4099-['Y' 'L' 'U' 'U' 'X'],Male,0,No,Yes,15,Yes,No,Fiber optic,Yes,Yes,No,No,No,No,Two year,Yes,Electronic check,85.71,1290.39,0
6786-['M' 'R' 'G' 'Y' 'W'],Female,0,Yes,No,22,No,No,Fiber optic,No,Yes,Yes,Yes,Yes,Yes,Month-to-month,Yes,Bank transfer (automatic),95.53,2111.66,1
8132-['P' 'V' 'D' 'W' 'A'],Male,0,Yes,No,10,Yes,No,DSL,No,Yes,No,No,No,Yes,One year,No,Electronic check,77.82,767.8,1
2795-['A' 'L' 'M' 'B' 'I'],Male,0,No,No,53,Yes,No,Fiber optic,No,Yes,Yes,No,No,No,Month-to-month,Yes,Bank transfer (automatic),84.55,4479.52,1
7214-['M' 'V' 'B' 'A' 'R'],Female,0,No,No,68,Yes,No,Fiber optic,No,Yes,No,Yes,No,No,Month-to-month,Yes,Mailed check,86.43,5878.95,0
9337-['S' 'H' 'W' 'L' 'K'],Female,0,Yes,Yes,11,No,No,DSL,No,No,Yes,Yes,No,No,Month-to-month,Yes,Mailed check,54.26,605.87,1
7842-['I' 'D' 'G' 'Q' 'K'],Male,1,No,No,35,No,No,No,No,No,No,No,No,No,One year,No,Electronic check,23.93,830.61,0
8546-['B' 'W' 'R' 'V' 'Z'],Male,0,Yes,No,56,Yes,No,DSL,No,No,Yes,No,Yes,No,Month-to-month,No,Bank transfer (automatic),75.65,4236.6,1
1907-['I' 'K' 'E' 'Z' 'G'],Male,0,No,No,25,No,No,Fiber optic,No,Yes,No,No,Yes,No,One year,Yes,Credit card (automatic),76.0,1913.69,1
3455-['Y' 'E' 'F' 'M' 'K'],Male,0,No,No,65,Yes,Yes,Fiber optic,No,No,No,No,No,Yes,One year,Yes,Electronic check,95.52,6204.03,0
6279-['H' 'T' 'B' 'O' 'J'],Male,0,No,No,3,Yes,No,No,No,No,No,No,No,No,Month-to-month,Yes,Credit card (automatic),32.53,95.35,0
9769-['U' 'O' 'F' 'E' 'V'],Female,1,Yes,Yes,15,Yes,No,Fiber optic,Yes,Yes,Yes,No,No,No,Month-to-month,Yes,Mailed check,86.82,1297.43,1
6442-['K' 'K' 'P' 'C' 'I'],Female,0,No,Yes,21,Yes,No,DSL,No,No,Yes,No,No,No,One year,No,Electronic check,66.48,1395.55,1
1546-['S' 'K' 'N' 'B' 'G'],Female,0,Yes,No,63,Yes,Yes,Fiber optic,No,Yes,No,Yes,No,No,Month-to-month,Yes,Mailed check,95.41,6023.45,1
4987-['A' 'F' 'U' 'N' 'B'],Male,0,No,No,69,Yes,No,Fiber optic,No,No,Yes,Yes,Yes,No,Month-to-month,Yes,Electronic check,94.82,6544.14,0
5901-['A' 'C' 'D' 'M' 'C'],Male,0,No,No,10,Yes,No,No,No,No,No,No,No,No,One year,No,Credit card (automatic),32.81,322.64,0
5652-['V' 'K' 'D' 'Q' 'E'],Male,0,No,No,41,Yes,No,Fiber optic,No,Yes,No,Yes,No,No,One year,Yes,Electronic check,85.55,3504.92,1
4796-['Y' 'X' 'H' 'U' 'X'],Male,1,No,No,38,Yes,No,DSL,No,No,Yes,No,Yes,No,Month-to-month,Yes,Electronic check,79.61,3016.9,1
9105-['G' 'Q' 'G' 'X' 'S'],Female,0,No,No,46,Yes,Yes,No,No,No,No,No,No,No,Month-to-month,Yes,Bank transfer (automatic),43.28,1984.89,1
7135-['B' 'V' 'T' 'S' 'F'],Female,0,No,No,21,Yes,Yes,Fiber optic,Yes,No,No,No,Yes,Yes,Month-to-month,No,Credit card (automatic),109.36,2291.97,1
9300-['Y' 'B' 'J' 'J' 'Z'],Male,0,Yes,No,29,Yes,Yes,DSL,No,Yes,Yes,Yes,No,Yes,One year,No,Bank transfer (automatic),95.98,2771.31,0
3948-['V' 'D' 'W' 'B' 'G'],Male,0,No,No,29,Yes,Yes,No,No,No,No,No,No,No,One year,No,Electronic check,49.24,1416.39,0
2040-['K' 'U' 'R' 'H' 'L'],Male,0,No,No,32,Yes,No,Fiber optic,Yes,No,No,No,No,No,Month-to-month,No,Electronic check,80.23,2558.25,0
1503-['A' 'T' 'Y' 'U' 'L'],Female,0,Yes,Yes,29,Yes,No,No,No,No,No,No,No,No,One year,No,Credit card (automatic),36.73,1056.6,0
7010-['Z' 'F' 'C' 'E' 'N'],Female,0,No,No,36,Yes,Yes,DSL,No,Yes,No,No,No,Yes,Month-to-month,No,Mailed check,85.59,3076.51,1
4726-['F' 'L' 'B' 'D' 'T'],Male,0,Yes,No,52,Yes,No,Fiber optic,No,No,No,No,Yes,Yes,Month-to-month,No,Electronic check,92.74,4815.16,1
3424-['Y' 'U' 'L' 'C' 'Q'],Male,1,Yes,No,29,No,No,Fiber optic,No,No,No,No,Yes,No,Month-to-month,Yes,Credit card (automatic),68.23,1989.89,1
2317-['X' 'Q' 'Q' 'K' 'W'],Female,0,Yes,No,25,Yes,No,Fiber optic,Yes,Yes,Yes,No,No,No,Month-to-month,No,Credit card (automatic),91.05,2294.16,0
1129-['S' 'B' 'V' 'M' 'X'],Male,0,No,No,5,Yes,Yes,DSL,No,Yes,No,Yes,No,No,One year,Yes,Mailed check,78.79,396.77,1
3895-['Q' 'K' 'I' 'X' 'I'],Female,0,No,No,53,Yes,No,Fiber optic,No,No,No,No,No,No,Month-to-month,No,Mailed check,77.32,4101.25,1
1300-['Y' 'K' 'L' 'V' 'C'],Male,0,No,Yes,55,Yes,No,Fiber optic,No,No,No,No,No,No,Month-to-month,No,Credit card (automatic),69.77,3830.95,1
9352-['H' 'Z' 'S' 'M' 'G'],Female,0,Yes,No,3,Yes,Yes,Fiber optic,No,No,No,Yes,No,Yes,Month-to-month,No,Bank transfer (automatic),100.68,293.04,1
6804-['Z' 'F' 'C' 'F' 'C'],Male,0,Yes,No,35,Yes,No,Fiber optic,No,Yes,Yes,No,Yes,No,One year,Yes,Electronic check,95.86,3335.44,1
4084-['Y' 'M' 'A' 'H' 'E'],Female,0,No,No,62,Yes,Yes,Fiber optic,Yes,Yes,Yes,No,Yes,Yes,Month-to-month,No,Electronic check,117.13,7267.05,1
2552-['I' 'M' 'Y' 'M' 'E'],Female,0,Yes,No,2,Yes,No,DSL,Yes,Yes,Yes,Yes,Yes,No,Month-to-month,No,Mailed check,89.03,199.76,1
6578-['Y' 'Z' 'N' 'Y' 'G'],Male,1,No,No,56,Yes,Yes,No,No,No,No,No,No,No,Month-to-month,Yes,Electronic check,43.34,2427.27,1
5695-['Q' 'D' 'J' 'J' 'O'],Female,1,No,Yes,15,Yes,Yes,Fiber optic,No,Yes,Yes,No,Yes,Yes,Month-to-month,Yes,Mailed check,114.74,1717.36,1
8595-['I' 'C' 'O' 'L' 'Z'],Male,0,No,No,39,Yes,No,No,No,No,No,No,No,No,Two year,No,Mailed check,32.19,1248.16,0
3694-['L' 'T' 'Y' 'F' 'V'],Female,0,No,No,52,Yes,No,No,No,No,No,No,No,No,One year,Yes,Bank transfer (automatic),34.08,1787.34,0
4266-['J' 'Z' 'U' 'Z' 'V'],Male,0,Yes,Yes,5,Yes,No,No,No,No,No,No,No,No,Month-to-month,Yes,Electronic check,34.71,165.01,1
9095-['D' 'M' 'S' 'E' 'W'],Male,1,No,No,20,Yes,No,DSL,No,No,No,No,Yes,Yes,Month-to-month,No,Mailed check,79.84,1589.87,1
8226-['V' 'R' 'A' 'U' 'U'],Female,1,Yes,No,8,Yes,Yes,Fiber optic,No,Yes,No,No,No,Yes,Month-to-month,Yes,Bank transfer (automatic),101.45,818.11,1
3843-['P' 'P' 'P' 'V' 'S'],Male,0,No,Yes,62,Yes,Yes,DSL,No,No,No,No,No,No,One year,No,Electronic check,71.75,4447.17,0
2903-['A' 'T' 'T' 'J' 'B'],Male,0,No,No,42,Yes,No,No,No,No,No,No,No,No,One year,No,Credit card (automatic),33.34,1399.81,0
9941-['H' 'F' 'C' 'P' 'Q'],Male,0,No,No,71,No,No,No,No,No,No,No,No,No,Two year,Yes,Electronic check,19.24,1398.22,0
1043-['S' 'X' 'T' 'C' 'M'],Male,1,Yes,No,27,Yes,No,DSL,No,Yes,No,No,No,Yes,One year,Yes,Bank transfer (automatic),76.43,2056.28,1
4951-['K' 'T' 'P' 'T' 'B'],Female,1,No,No,44,Yes,No,No,No,No,No,No,No,No,Month-to-month,Yes,Electronic check,36.63,1614.52,0
5163-['Y' 'D' 'Q' 'A' 'A'],Female,1,No,Yes,57,Yes,Yes,No,No,No,No,No,No,No,One year,No,Mailed check,42.8,2435.6,0
6405-['E' 'V' 'L' 'F' 'F'],Male,0,No,Yes,28,Yes,Yes,Fiber optic,No,No,Yes,No,Yes,Yes,One year,Yes,Credit card (automatic),110.76,3099.68,0
6880-['Q' 'Z' 'V' 'M' 'H'],Female,0,No,Yes,53,Yes,Yes,Fiber optic,Yes,Yes,No,No,Yes,Yes,Month-to-month,Yes,Bank transfer (automatic),117.0,6207.82,1
8391-['X' 'L' 'O' 'S' 'U'],Male,0,No,Yes,56,Yes,No,DSL,Yes,No,Yes,Yes,Yes,No,Month-to-month,No,Credit card (automatic),87.77,4921.62,1
5827-['Q' 'I' 'U' 'R' 'B'],Male,1,No,No,32,Yes,Yes,Fiber optic,No,No,No,No,Yes,Yes,Month-to-month,Yes,Mailed check,101.12,3243.08,1
7986-['W' 'T' 'Q' 'U' 'R'],Male,1,No,No,69,Yes,No,No,No,No,No,No,No,No,Month-to-month,Yes,Bank transfer (automatic),38.18,2641.62,0
9527-['Y' 'A' 'R' 'V' 'H'],Female,0,No,Yes,63,Yes,Yes,DSL,No,Yes,Yes,Yes,No,No,Month-to-month,Yes,Mailed check,87.06,5492.34,0
5166-['Y' 'B' 'L' 'P' 'I'],Male,0,No,No,3,Yes,No,No,No,No,No,No,No,No,Month-to-month,No,Electronic check,36.72,121.76,1
9334-['C' 'W' 'U' 'M' 'U'],Male,0,No,No,15,Yes,Yes,DSL,No,Yes,No,No,Yes,No,Month-to-month,No,Electronic check,80.8,1221.96,0
5187-['M' 'B' 'F' 'F' 'L'],Female,0,Yes,Yes,2,Yes,No,Fiber optic,Yes,Yes,No,No,Yes,No,Month-to-month,No,Bank transfer (automatic),96.48,176.3,1
8300-['W' 'H' 'F' 'U' 'C'],Male,0,No,Yes,62,Yes,No,No,No,No,No,No,No,No,Month-to-month,Yes,Electronic check,37.93,2359.94,1
7678-['H' 'S' 'U' 'K' 'R'],Female,0,No,Yes,21,Yes,No,No,No,No,No,No,No,No,Month-to-month,Yes,Mailed check,35.01,742.32,0
1987-['T' 'L' 'T' 'H' 'S'],Female,0,Yes,Yes,17,Yes,No,DSL,Yes,Yes,Yes,No,Yes,Yes,One year,Yes,Credit card (automatic),95.65,1629.27,0
4567-['U' 'R' 'I' 'D' 'I'],Female,0,Yes,No,56,Yes,No,No,No,No,No,No,No,No,Month-to-month,Yes,Electronic check,34.99,1948.55,1
5376-['B' 'I' 'I' 'R' 'K'],Male,0,No,Yes,24,Yes,No,DSL,No,Yes,No,Yes,No,Yes,Month-to-month,Yes,Bank transfer (automatic),77.66,1867.18,0
8820-['F' 'I' 'P' 'D' 'B'],Male,0,No,No,27,Yes,Yes,Fiber optic,No,Yes,No,No,Yes,No,One year,Yes,Electronic check,103.01,2793.61,1
5358-['O' 'Y' 'F' 'K' 'T'],Male,0,Yes,Yes,39,Yes,No,Fiber optic,No,No,No,No,Yes,No,Month-to-month,Yes,Bank transfer (automatic),84.42,3297.1,1
8760-['D' 'S' 'G' 'K' 'M'],Male,0,No,No,22,Yes,No,DSL,Yes,Yes,Yes,No,Yes,No,One year,Yes,Bank transfer (automatic),86.62,1919.5,1
7970-['Z' 'U' 'C' 'N' 'B'],Male,0,Yes,No,7,No,No,Fiber optic,No,No,No,No,No,Yes,Two year,No,Mailed check,71.93,520.49,1
5012-['M' 'X' 'X' 'N' 'L'],Male,1,Yes,No,12,Yes,Yes,No,No,No,No,No,No,No,Month-to-month,Yes,Electronic check,44.46,532.77,1
5396-['R' 'M' 'D' 'W' 'V'],Male,0,Yes,No,43,No,No,Fiber optic,No,Yes,No,Yes,No,No,Two year,Yes,Credit card (automatic),72.12,3098.99,0
9137-['W' 'E' 'R' 'H' 'N'],Male,0,No,No,46,Yes,Yes,DSL,No,No,Yes,No,Yes,Yes,Two year,Yes,Credit card (automatic),95.46,4383.31,0
8931-['B' 'H' 'P' 'G' 'C'],Male,0,Yes,No,9,No,No,No,No,No,No,No,No,No,Month-to-month,Yes,Bank transfer (automatic),24.86,215.65,0
1611-['G' 'D' 'I' 'W' 'Q'],Male,0,Yes,No,40,Yes,Yes,DSL,Yes,No,No,No,No,No,Month-to-month,Yes,Bank transfer (automatic),72.47,2898.02,1
6424-['T' 'N' 'N' 'Y' 'M'],Male,0,Yes,No,66,Yes,No,No,No,No,No,No,No,No,One year,No,Mailed check,36.27,2388.05,0
8907-['M' 'U' 'Q' 'O' 'R'],Male,0,Yes,Yes,48,Yes,No,No,No,No,No,No,No,No,One year,Yes,Electronic check,34.83,1685.1,0
4139-['T' 'K' 'J' 'V' 'M'],Female,0,Yes,No,63,Yes,Yes,Fiber optic,No,No,No,Yes,Yes,No,One year,Yes,Electronic check,100.22,6315.29,0
9181-['H' 'M' 'I' 'A' 'A'],Female,0,Yes,No,14,Yes,No,DSL,Yes,Yes,No,No,Yes,Yes,Month-to-month,Yes,Mailed check,91.17,1295.75,1
8918-['V' 'D' 'T' 'A' 'Y'],Male,0,Yes,No,60,Yes,Yes,Fiber optic,No,No,Yes,No,No,No,Month-to-month,Yes,Mailed check,87.24,5242.29,0
5075-['K' 'S' 'O' 'U' 'J'],Male,0,No,No,51,Yes,Yes,DSL,No,Yes,No,No,No,No,One year,No,Mailed check,77.27,3955.04,0
9992-['X' 'C' 'N' 'O' 'A'],Female,0,Yes,Yes,45,Yes,No,DSL,Yes,No,No,Yes,No,No,Month-to-month,No,Electronic check,70.92,3184.3,1
2493-['A' 'O' 'C' 'U' 'T'],Female,0,No,No,58,No,No,Fiber optic,No,Yes,No,No,Yes,Yes,One year,Yes,Credit card (automatic),83.21,4832.09,0
8071-['W' 'V' 'L' 'S' 'P'],Male,0,Yes,Yes,47,Yes,Yes,DSL,Yes,No,No,Yes,No,No,One year,No,Bank transfer (automatic),81.28,3813.08,0
7586-['H' 'X' 'N' 'R' 'W'],Male,1,No,No,38,Yes,No,DSL,Yes,No,No,No,No,Yes,Month-to-month,Yes,Electronic check,74.17,2813.91,1
1221-['A' 'B' 'X' 'L' 'Q'],Male,0,Yes,No,41,Yes,No,DSL,No,No,No,No,No,No,Month-to-month,Yes,Bank transfer (automatic),58.1,2382.58,1
6300-['G' 'F' 'F' 'V' 'H'],Male,0,No,Yes,50,Yes,No,Fiber optic,No,No,Yes,No,No,No,Two year,Yes,Electronic check,79.68,3986.11,0
8566-['Z' 'G' 'C' 'Y' 'J'],Male,0,Yes,Yes,49,Yes,Yes,Fiber optic,No,Yes,No,Yes,No,Yes,One year,Yes,Bank transfer (automatic),105.15,5151.41,0
5757-['C' 'A' 'A' 'S' 'D'],Female,0,No,No,65,Yes,Yes,DSL,Yes,No,Yes,No,No,No,One year,Yes,Electronic check,76.13,4963.59,0
6437-['B' 'Y' 'K' 'X' 'L'],Male,1,Yes,Yes,40,No,No,DSL,Yes,No,No,Yes,No,No,Month-to-month,Yes,Electronic check,51.55,2057.7,1
3703-['P' 'S' 'W' 'T' 'U'],Female,1,Yes,No,57,Yes,Yes,No,No,No,No,No,No,No,One year,No,Electronic check,43.68,2508.54,1
2747-['I' 'P' 'G' 'M' 'D'],Female,0,No,Yes,3,Yes,Yes,No,No,No,No,No,No,No,Month-to-month,No,Electronic check,42.59,139.9,1
3151-['B' 'G' 'K' 'Q' 'X'],Male,0,No,Yes,48,Yes,Yes,Fiber optic,Yes,No,Yes,No,No,Yes,One year,No,Credit card (automatic),105.02,5020.8,0
9796-['N' 'M' 'O' 'V' 'U'],Male,0,No,Yes,2,Yes,Yes,DSL,No,Yes,No,Yes,No,Yes,One year,Yes,Electronic check,87.57,168.54,1
7552-['I' 'C' 'Y' 'M' 'M'],Female,0,No,Yes,31,Yes,Yes,DSL,No,No,No,No,No,Yes,Month-to-month,Yes,Bank transfer (automatic),81.17,2513.23,1
3408-['R' 'E' 'K' 'B' 'Q'],Male,0,Yes,No,46,Yes,No,DSL,Yes,No,No,Yes,Yes,Yes,Month-to-month,No,Bank transfer (automatic),92.91,4289.69,1
1822-['T' 'U' 'D' 'V' 'R'],Female,1,No,No,61,Yes,No,Fiber optic,No,Yes,No,No,No,Yes,One year,Yes,Mailed check,89.6,5458.4,1
4831-['T' 'H' 'S' 'L' 'K'],Female,0,No,No,15,No,No,Fiber optic,Yes,No,No,No,Yes,No,One year,No,Mailed check,76.9,1131.49,0
8983-['E' 'C' 'L' 'O' 'P'],Male,0,Yes,No,67,Yes,No,Fiber optic,Yes,Yes,No,No,Yes,No,Month-to-month,Yes,Mailed check,97.68,6541.95,0
5076-['G' 'O' 'C' 'L' 'H'],Male,0,No,No,17,Yes,Yes,Fiber optic,No,Yes,Yes,Yes,No,No,Month-to-month,Yes,Bank transfer (automatic),104.19,1775.28,1
7360-['L' 'R' 'C' 'L' 'W'],Male,1,No,Yes,5,Yes,Yes,No,No,No,No,No,No,No,One year,Yes,Credit card (automatic),44.35,216.99,1
6825-['N' 'N' 'D' 'Q' 'O'],Female,0,Yes,No,64,Yes,No,Fiber optic,Yes,Yes,No,No,No,Yes,Month-to-month,No,Credit card (automatic),95.33,6110.68,0
5719-['E' 'X' 'Q' 'W' 'G'],Female,0,Yes,No,36,No,No,DSL,No,Yes,No,No,Yes,Yes,Month-to-month,Yes,Mailed check,67.65,2444.33,1
5758-['O' 'Q' 'L' 'K' 'S'],Female,1,Yes,No,72,Yes,No,Fiber optic,No,No,No,Yes,Yes,No,Two year,No,Bank transfer (automatic),88.6,6385.14,0
2098-['B' 'O' 'E' 'R' 'U'],Male,1,No,No,62,Yes,Yes,Fiber optic,Yes,No,No,Yes,No,Yes,Month-to-month,Yes,Electronic check,108.06,6706.44,1
5271-['D' 'W' 'J' 'V' 'B'],Female,0,No,No,58,Yes,Yes,DSL,Yes,No,No,No,Yes,No,Month-to-month,Yes,Mailed check,83.42,4855.52,0
2262-['D' 'P' 'G' 'Y' 'Y'],Male,0,No,No,33,Yes,Yes,Fiber optic,No,Yes,No,No,Yes,Yes,Month-to-month,Yes,Mailed check,111.6,3668.74,1
3562-['Q' 'I' 'H' 'W' 'F'],Male,0,No,No,36,Yes,Yes,DSL,Yes,Yes,No,Yes,No,No,Two year,Yes,Mailed check,86.63,3114.35,0
3333-['O' 'J' 'W' 'Y' 'F'],Female,0,Yes,No,33,Yes,Yes,Fiber optic,Yes,No,Yes,No,No,Yes,Month-to-month,Yes,Electronic check,105.86,3482.42,1
3205-['N' 'Z' 'S' 'M' 'N'],Male,0,Yes,No,44,Yes,Yes,DSL,No,No,No,Yes,No,Yes,Month-to-month,No,Electronic check,81.08,3567.11,1
2730-['D' 'Z' 'N' 'N' 'Z'],Female,0,No,No,0,Yes,No,No,No,No,No,No,No,No,Month-to-month,Yes,Mailed check,36.49,0.0,0
9009-['I' 'N' 'H' 'K' 'J'],Male,1,No,No,52,Yes,Yes,Fiber optic,No,Yes,No,Yes,No,Yes,Month-to-month,Yes,Bank transfer (automatic),106.85,5560.26,1
9337-['D' 'D' 'L' 'R' 'H'],Male,1,Yes,Yes,61,Yes,No,DSL,Yes,No,Yes,Yes,No,Yes,Month-to-month,Yes,Credit card (automatic),87.09,5316.19,0
2026-['R' 'G' 'A' 'V' 'M'],Female,0,Yes,Yes,14,Yes,No,No,No,No,No,No,No,No,One year,Yes,Electronic check,32.27,453.35,0
1476-['C' 'C' 'O' 'U' 'S'],Male,0,Yes,No,50,Yes,No,No,No,No,No,No,No,No,One year,No,Mailed check,34.79,1730.46,0
2947-['D' 'M' 'M' 'O' 'S'],Female,1,Yes,No,13,Yes,No,Fiber optic,No,Yes,No,No,No,No,Month-to-month,Yes,Bank transfer (automatic),84.0,1095.99,1
8647-['C' 'Z' 'T' 'B' 'R'],Male,0,Yes,Yes,58,Yes,Yes,Fiber optic,No,No,No,No,Yes,No,Two year,No,Mailed check,93.27,5397.8,0
8704-['K' 'A' 'P' 'Q' 'P'],Female,0,Yes,No,51,Yes,Yes,DSL,No,No,No,Yes,Yes,Yes,One year,Yes,Bank transfer (automatic),94.62,4821.7,1
2417-['Q' 'C' 'R' 'S' 'N'],Female,0,Yes,No,0,Yes,No,Fiber optic,No,No,No,Yes,No,Yes,Month-to-month,No,Bank transfer (automatic),93.35,0.0,0
3552-['B' 'L' 'K' 'Q' 'F'],Male,0,No,No,16,No,No,No,No,No,No,No,No,No,One year,No,Mailed check,19.77,334.68,0
5492-['G' 'V' 'K' 'G' 'M'],Male,1,No,No,55,Yes,No,Fiber optic,No,Yes,Yes,Yes,Yes,Yes,One year,Yes,Mailed check,111.14,6121.59,0
5780-['U' 'A' 'S' 'S' 'W'],Female,0,No,Yes,4,Yes,No,DSL,No,No,No,No,No,Yes,One year,Yes,Electronic check,70.6,275.72,0
5397-['C' 'U' 'T' 'D' 'G'],Female,1,No,Yes,16,Yes,Yes,No,No,No,No,No,No,No,One year,Yes,Electronic check,43.83,697.11,0
4392-['W' 'X' 'S' 'C' 'T'],Female,0,No,Yes,17,Yes,Yes,Fiber optic,No,Yes,No,Yes,Yes,No,One year,No,Electronic check,102.93,1761.13,1
8662-['M' 'V' 'N' 'G' 'A'],Female,1,No,No,54,Yes,Yes,No,No,No,No,No,No,No,Month-to-month,No,Credit card (automatic),49.11,2670.25,0
9556-['D' 'L' 'G' 'B' 'Q'],Male,0,Yes,No,46,Yes,Yes,DSL,No,No,No,No,Yes,No,One year,Yes,Electronic check,78.88,3639.27,1
7941-['V' 'U' 'A' 'Z' 'C'],Male,0,No,Yes,48,No,No,DSL,No,No,No,No,Yes,No,Two year,Yes,Electronic check,54.08,2586.96,0
4658-['G' 'Y' 'I' 'V' 'C'],Male,0,Yes,Yes,22,Yes,No,DSL,No,Yes,No,No,No,No,Month-to-month,No,Credit card (automatic),63.49,1385.92,0
8098-['U' 'X' 'E' 'Q' 'S'],Male,1,Yes,Yes,20,Yes,Yes,DSL,Yes,No,No,Yes,No,Yes,Month-to-month,Yes,Credit card (automatic),89.45,1798.61,1
1612-['W' 'U' 'N' 'J' 'U'],Male,0,No,No,28,Yes,Yes,DSL,No,No,Yes,No,Yes,No,One year,Yes,Electronic check,85.51,2368.55,1
8102-['H' 'H' 'G' 'M' 'N'],Female,0,Yes,No,59,Yes,Yes,DSL,No,Yes,Yes,No,Yes,Yes,Month-to-month,No,Electronic check,98.4,5798.12,0
4201-['Q' 'F' 'I' 'S' 'E'],Female,1,No,No,45,No,No,Fiber optic,Yes,No,Yes,No,No,Yes,Month-to-month,No,Electronic check,82.81,3714.19,1
2341-['Y' 'G' 'D' 'R' 'R'],Male,0,No,Yes,9,Yes,No,No,No,No,No,No,No,No,Month-to-month,No,Mailed check,34.62,319.23,1
8728-['D' 'V' 'P' 'V' 'W'],Male,0,Yes,No,52,Yes,No,DSL,No,No,Yes,No,Yes,No,Two year,Yes,Mailed check,73.23,3806.3,0
9865-['B' 'D' 'T' 'T' 'Q'],Female,0,Yes,No,6,No,No,DSL,Yes,No,No,No,Yes,Yes,Month-to-month,No,Mailed check,72.47,446.4,1
8635-['U' 'Y' 'S' 'C' 'E'],Male,0,Yes,No,29,Yes,No,DSL,No,Yes,No,Yes,Yes,No,Month-to-month,Yes,Mailed check,81.61,2370.04,1
3793-['F' 'C' 'Q' 'J' 'X'],Male,0,No,No,54,Yes,No,Fiber optic,No,Yes,Yes,No,No,Yes,One year,No,Bank transfer (automatic),94.23,5071.22,0
1299-['A' 'R' 'S' 'V' 'T'],Female,0,Yes,No,64,No,No,No,No,No,No,No,No,No,Month-to-month,No,Credit card (automatic),23.47,1507.12,0
8459-['O' 'I' 'F' 'L' 'R'],Male,1,Yes,No,20,Yes,No,DSL,No,Yes,Yes,No,Yes,No,Two year,No,Bank transfer (automatic),82.02,1628.92,0
7102-['O' 'S' 'I' 'V' 'X'],Male,0,Yes,Yes,6,No,No,DSL,No,No,No,No,Yes,No,One year,Yes,Electronic check,52.11,320.79,1
7880-['R' 'V' 'C' 'Q' 'V'],Male,0,Yes,No,43,No,No,No,No,No,No,No,No,No,One year,Yes,Mailed check,18.25,779.73,0
2924-['Y' 'F' 'U' 'Q' 'Q'],Male,0,No,No,67,Yes,No,No,No,No,No,No,No,No,One year,Yes,Credit card (automatic),36.54,2443.53,0
5320-['G' 'V' 'P' 'E' 'P'],Female,0,Yes,No,14,Yes,Yes,No,No,No,No,No,No,No,Month-to-month,No,Bank transfer (automatic),43.79,618.68,1
9259-['K' 'N' 'M' 'X' 'H'],Male,0,No,No,1,Yes,Yes,Fiber optic,No,Yes,Yes,No,No,Yes,Two year,Yes,Bank transfer (automatic),103.1,109.19,1
2470-['T' 'O' 'R' 'G' 'U'],Male,0,No,No,2,Yes,No,No,No,No,No,No,No,No,Month-to-month,Yes,Mailed check,33.86,67.21,0
8114-['J' 'N' 'P' 'H' 'A'],Female,0,No,Yes,47,Yes,Yes,Fiber optic,No,No,Yes,Yes,No,No,One year,No,Bank transfer (automatic),95.55,4474.1,0
3594-['B' 'P' 'D' 'B' 'L'],Female,0,No,No,67,Yes,No,No,No,No,No,No,No,No,Month-to-month,No,Mailed check,36.99,2467.26,0
9759-['Q' 'T' 'U' 'J' 'T'],Female,0,No,Yes,46,Yes,Yes,Fiber optic,No,Yes,Yes,No,No,Yes,Month-to-month,No,Bank transfer (automatic),106.35,4888.2,1
9839-['R' 'Y' 'R' 'R' 'B'],Male,0,No,Yes,42,Yes,Yes,Fiber optic,Yes,Yes,Yes,Yes,Yes,No,One year,No,Bank transfer (automatic),113.91,4786.0,0
6097-['H' 'S' 'J' 'K' 'N'],Female,0,No,No,26,Yes,No,No,No,No,No,No,No,No,One year,Yes,Electronic check,34.61,889.9,0
1814-['X' 'W' 'J' 'D' 'G'],Female,0,No,No,3,No,No,DSL,No,No,Yes,Yes,No,No,Month-to-month,No,Electronic check,54.03,153.19,1
1394-['X' 'V' 'V' 'C' 'E'],Male,0,Yes,No,35,Yes,Yes,DSL,No,No,Yes,Yes,No,No,Month-to-month,No,Mailed check,77.22,2700.35,1
6625-['B' 'L' 'U' 'E' 'G'],Female,0,No,No,51,Yes,No,Fiber optic,No,No,No,Yes,No,No,Month-to-month,No,Bank transfer (automatic),75.58,3860.32,0
8747-['K' 'V' 'I' 'D' 'V'],Male,0,Yes,No,44,Yes,No,No,No,No,No,No,No,No,Month-to-month,Yes,Bank transfer (automatic),35.21,1537.56,0
3504-['Z' 'L' 'P' 'A' 'H'],Male,0,Yes,No,50,Yes,Yes,DSL,Yes,No,No,Yes,Yes,Yes,Two year,No,Mailed check,99.39,4985.62,0
3976-['T' 'S' 'D' 'N' 'W'],Male,0,No,No,31,Yes,Yes,Fiber optic,Yes,Yes,Yes,No,Yes,Yes,One year,Yes,Bank transfer (automatic),118.75,3689.86,0
3568-['I' 'Z' 'Q' 'O' 'J'],Female,0,Yes,No,1,Yes,No,Fiber optic,Yes,No,No,No,Yes,Yes,Month-to-month,Yes,Credit card (automatic),99.34,86.56,1
3192-['I' 'D' 'N' 'C' 'Y'],Male,0,No,No,16,Yes,No,No,No,No,No,No,No,No,Two year,Yes,Credit card (automatic),32.72,523.92,0
9704-['A' 'M' 'N' 'P' 'G'],Female,0,Yes,Yes,22,Yes,No,Fiber optic,No,Yes,No,Yes,Yes,No,Month-to-month,Yes,Mailed check,96.9,2134.92,1
6385-['O' 'H' 'K' 'X' 'N'],Female,0,No,No,43,Yes,No,DSL,No,No,No,No,Yes,Yes,Month-to-month,Yes,Electronic check,82.67,3552.92,1
6164-['W' 'M' 'I' 'Q' 'R'],Male,0,No,No,45,Yes,Yes,Fiber optic,No,Yes,Yes,Yes,No,No,Month-to-month,No,Bank transfer (automatic),101.54,4562.81,1
8228-['S' 'M' 'L' 'U' 'T'],Male,0,No,No,11,Yes,Yes,DSL,No,No,No,Yes,No,No,Two year,No,Electronic check,75.06,817.29,1
1275-['H' 'X' 'K' 'G' 'A'],Female,0,Yes,No,53,Yes,Yes,Fiber optic,No,Yes,No,No,Yes,Yes,Month-to-month,Yes,Electronic check,106.89,5669.0,1
1809-['O' 'D' 'A' 'K' 'E'],Male,0,Yes,No,12,Yes,No,Fiber optic,Yes,Yes,Yes,No,Yes,Yes,Month-to-month,Yes,Bank transfer (automatic),109.11,1300.22,1
9114-['D' 'B' 'G' 'M' 'T'],Female,0,No,No,67,Yes,No,Fiber optic,Yes,No,Yes,Yes,No,No,One year,No,Mailed check,88.11,5876.53,0
3655-['B' 'V' 'I' 'P' 'H'],Female,0,Yes,Yes,70,Yes,No,No,No,No,No,No,No,No,One year,Yes,Mailed check,30.86,2147.18,0
1151-['R' 'D' 'X' 'K' 'Q'],Female,0,Yes,No,65,Yes,No,No,No,No,No,No,No,No,One year,No,Mailed check,36.92,2400.92,0
2511-['S' 'H' 'F' 'W' 'B'],Female,0,No,No,14,Yes,Yes,No,No,No,No,No,No,No,One year,No,Bank transfer (automatic),45.8,641.35,0
5462-['A' 'F' 'S' 'D' 'M'],Female,0,No,Yes,61,Yes,No,DSL,No,No,No,Yes,Yes,Yes,One year,Yes,Mailed check,82.54,5025.71,0
7609-['R' 'F' 'R' 'K' 'G'],Female,0,Yes,No,72,Yes,No,Fiber optic,Yes,No,Yes,Yes,Yes,No,One year,Yes,Mailed check,97.04,6995.89,0
1188-['R' 'G' 'J' 'H' 'X'],Male,0,No,No,23,Yes,Yes,DSL,Yes,No,Yes,No,No,No,Month-to-month,Yes,Electronic check,77.49,1782.22,1
6301-['Y' 'V' 'Z' 'V' 'J'],Female,0,No,Yes,69,Yes,No,DSL,No,Yes,Yes,No,No,No,Two year,No,Bank transfer (automatic),72.04,4957.64,0
2870-['F' 'I' 'J' 'W' 'Q'],Female,0,Yes,No,60,No,No,Fiber optic,No,No,Yes,No,No,No,One year,Yes,Bank transfer (automatic),62.87,3751.88,1
9832-['N' 'D' 'B' 'C' 'G'],Male,1,Yes,No,70,Yes,Yes,Fiber optic,No,No,No,No,No,Yes,Month-to-month,Yes,Electronic check,94.48,6606.44,1
5438-['N' 'L' 'S' 'R' 'O'],Male,1,No,Yes,71,Yes,Yes,No,No,No,No,No,No,No,Two year,Yes,Credit card (automatic),45.0,3198.08,0
7716-['A' 'Y' 'Z' 'C' 'Y'],Female,0,No,No,2,Yes,No,Fiber optic,Yes,Yes,No,Yes,No,No,Month-to-month,Yes,Electronic check,88.28,175.98,1
5286-['D' 'O' 'J' 'F' 'M'],Female,0,Yes,No,28,Yes,Yes,DSL,No,No,Yes,No,No,No,Two year,Yes,Electronic check,75.76,2111.69,1
7822-['Z' 'V' 'A' 'V' 'K'],Female,0,Yes,Yes,20,Yes,Yes,Fiber optic,No,No,No,Yes,No,No,Month-to-month,Yes,Electronic check,91.15,1828.22,1
7893-['F' 'E' 'S' 'Z' 'S'],Male,0,No,Yes,53,Yes,No,DSL,No,Yes,Yes,No,Yes,No,Month-to-month,Yes,Credit card (automatic),80.95,4288.54,1
6082-['Z' 'M' 'G' 'H' 'N'],Female,0,No,No,5,Yes,Yes,No,No,No,No,No,No,No,Month-to-month,No,Mailed check,45.18,224.38,0
1818-['S' 'W' 'Z' 'L' 'W'],Female,0,No,No,10,Yes,No,DSL,No,No,Yes,No,Yes,Yes,Month-to-month,No,Electronic check,84.77,844.6,1
5104-['N' 'F' 'O' 'M' 'G'],Male,0,No,No,69,Yes,No,Fiber optic,No,Yes,Yes,No,No,No,Month-to-month,No,Bank transfer (automatic),83.8,5780.56,1
8050-['J' 'A' 'G' 'R' 'W'],Male,0,No,Yes,26,Yes,No,Fiber optic,No,No,Yes,Yes,Yes,No,Month-to-month,No,Electronic check,97.75,2539.51,1
4138-['I' 'E' 'W' 'X' 'M'],Male,0,Yes,No,59,Yes,Yes,Fiber optic,No,No,No,No,No,Yes,One year,Yes,Electronic check,96.15,5681.64,0
5303-['P' 'L' 'R' 'K' 'Q'],Female,1,No,No,72,Yes,No,Fiber optic,Yes,No,No,No,Yes,No,One year,Yes,Bank transfer (automatic),91.29,6587.94,1
9142-['F' 'F' 'R' 'S' 'T'],Male,1,Yes,No,71,Yes,Yes,No,No,No,No,No,No,No,Month-to-month,Yes,Electronic check,45.78,3258.33,1
8730-['B' 'C' 'N' 'V' 'Y'],Female,0,Yes,Yes,26,No,No,DSL,No,Yes,No,No,Yes,Yes,One year,Yes,Mailed check,72.67,1883.68,0
7453-['Q' 'F' 'S' 'I' 'D'],Male,0,No,Yes,31,Yes,Yes,DSL,Yes,Yes,Yes,Yes,Yes,Yes,Month-to-month,Yes,Credit card (automatic),109.42,3397.66,1
4686-['D' 'K' 'V' 'W' 'B'],Male,0,No,Yes,32,Yes,No,No,No,No,No,No,No,No,One year,No,Mailed check,32.64,1053.22,0
4909-['H' 'O' 'M' 'V' 'B'],Female,0,No,No,4,Yes,Yes,No,No,No,No,No,No,No,Two year,No,Mailed check,42.18,165.13,0
3579-['A' 'O' 'G' 'X' 'Z'],Female,0,No,No,8,Yes,Yes,Fiber optic,No,No,Yes,No,No,Yes,One year,No,Electronic check,99.77,782.29,1
3609-['J' 'O' 'E' 'X' 'K'],Male,0,Yes,Yes,12,Yes,No,No,No,No,No,No,No,No,Month-to-month,No,Bank transfer (automatic),34.29,397.84,1
1103-['U' 'H' 'F' 'O' 'O'],Female,0,Yes,Yes,5,Yes,Yes,Fiber optic,Yes,Yes,Yes,No,Yes,Yes,Month-to-month,Yes,Electronic check,117.51,600.07,1
7444-['N' 'K' 'T' 'U' 'L'],Female,1,No,No,35,Yes,No,Fiber optic,No,Yes,Yes,No,Yes,No,One year,Yes,Bank transfer (automatic),94.23,3308.04,1
6203-['A' 'C' 'H' 'W' 'L'],Male,0,Yes,No,49,Yes,No,Fiber optic,Yes,No,No,No,No,No,Month-to-month,Yes,Credit card (automatic),80.35,3940.76,1
7486-['C' 'Y' 'V' 'H' 'X'],Female,0,Yes,No,60,Yes,Yes,No,No,No,No,No,No,No,Month-to-month,No,Electronic check,44.17,2635.0,1
6521-['K' 'L' 'W' 'B' 'E'],Female,0,No,No,47,Yes,Yes,DSL,Yes,No,Yes,Yes,Yes,Yes,Month-to-month,Yes,Bank transfer (automatic),108.26,5094.68,0
3171-['D' 'I' 'M' 'M' 'O'],Male,0,Yes,No,10,Yes,No,DSL,No,Yes,No,Yes,No,No,Month-to-month,Yes,Bank transfer (automatic),69.28,684.71,1
8457-['W' 'M' 'G' 'W' 'Q'],Female,0,Yes,No,16,Yes,No,Fiber optic,No,Yes,No,No,No,Yes,Month-to-month,Yes,Bank transfer (automatic),85.94,1368.54,1
6361-['O' 'O' 'E' 'B' 'P'],Female,0,No,Yes,1,Yes,No,DSL,Yes,No,No,Yes,No,No,Two year,No,Credit card (automatic),72.13,78.11,0
8940-['T' 'H' 'K' 'N' 'X'],Female,0,Yes,No,6,Yes,No,Fiber optic,No,No,Yes,No,No,Yes,Month-to-month,Yes,Electronic check,89.53,523.45,1
3945-['C' 'M' 'Q' 'C' 'J'],Male,1,Yes,Yes,56,Yes,No,Fiber optic,Yes,Yes,No,No,No,No,Month-to-month,No,Bank transfer (automatic),85.76,4803.04,1
8131-['H' 'D' 'M' 'G' 'G'],Female,0,No,No,30,Yes,No,No,No,No,No,No,No,No,Month-to-month,Yes,Mailed check,34.42,1032.87,0
4503-['E' 'Q' 'J' 'D' 'W'],Female,0,Yes,Yes,58,Yes,No,DSL,Yes,Yes,No,Yes,No,Yes,Month-to-month,No,Electronic check,83.82,4854.19,1
3957-['E' 'B' 'N' 'X' 'R'],Female,0,No,Yes,45,Yes,No,DSL,No,No,No,Yes,Yes,Yes,Month-to-month,Yes,Electronic check,87.11,3925.33,1
1026-['X' 'K' 'P' 'R' 'P'],Female,0,No,Yes,6,Yes,No,Fiber optic,No,No,No,No,No,No,Month-to-month,Yes,Electronic check,73.43,417.21,1
8299-['A' 'N' 'L' 'X' 'J'],Female,0,No,Yes,13,Yes,No,Fiber optic,No,Yes,No,Yes,Yes,Yes,Two year,No,Mailed check,106.27,1385.55,0
8931-['S' 'D' 'T' 'U' 'C'],Male,0,No,No,8,No,No,Fiber optic,Yes,No,Yes,Yes,No,Yes,Two year,Yes,Electronic check,85.61,691.22,1
4544-['D' 'Z' 'O' 'K' 'P'],Female,0,Yes,Yes,8,Yes,Yes,Fiber optic,No,No,Yes,No,No,No,Two year,No,Electronic check,89.21,702.99,1
8262-['H' 'M' 'W' 'T' 'D'],Male,1,Yes,No,1,Yes,Yes,No,No,No,No,No,No,No,Month-to-month,No,Bank transfer (automatic),40.87,20.98,1
5260-['J' 'E' 'L' 'A' 'X'],Female,0,Yes,No,15,Yes,No,Fiber optic,No,No,Yes,Yes,Yes,Yes,Month-to-month,Yes,Electronic check,105.65,1587.75,1
6161-['E' 'S' 'S' 'T' 'L'],Male,0,Yes,No,1,Yes,No,Fiber optic,No,No,Yes,Yes,Yes,No,One year,Yes,Credit card (automatic),97.7,100.88,1
8222-['P' 'E' 'Q' 'N' 'L'],Female,0,Yes,No,69,Yes,No,Fiber optic,No,Yes,No,No,No,Yes,Month-to-month,Yes,Credit card (automatic),87.88,6067.35,1
8501-['E' 'V' 'W' 'E' 'R'],Male,0,Yes,Yes,22,Yes,No,Fiber optic,No,Yes,No,No,No,Yes,Month-to-month,Yes,Credit card (automatic),91.65,2015.76,1
6613-['R' 'T' 'A' 'G' 'Q'],Female,0,No,Yes,27,Yes,Yes,Fiber optic,No,No,Yes,Yes,No,No,One year,Yes,Electronic check,96.3,2611.09,0
8938-['J' 'G' 'L' 'V' 'O'],Female,0,Yes,Yes,42,Yes,Yes,DSL,No,No,Yes,No,Yes,No,Month-to-month,No,Mailed check,88.23,3707.58,0
6103-['H' 'F' 'D' 'K' 'Q'],Female,0,No,No,62,Yes,No,Fiber optic,No,Yes,No,No,No,Yes,Month-to-month,Yes,Electronic check,87.44,5430.39,1
1289-['F' 'D' 'C' 'G' 'G'],Female,0,Yes,No,16,Yes,Yes,No,No,No,No,No,No,No,One year,No,Mailed check,45.23,736.25,0
9257-['H' 'O' 'P' 'A' 'J'],Male,0,No,No,35,Yes,Yes,DSL,Yes,Yes,No,Yes,No,Yes,One year,Yes,Credit card (automatic),95.71,3349.26,0
3566-['P' 'J' 'L' 'Q' 'M'],Female,0,No,No,18,Yes,Yes,Fiber optic,Yes,Yes,No,Yes,No,Yes,Month-to-month,Yes,Electronic check,110.28,1985.91,0
1078-['N' 'S' 'S' 'Z' 'N'],Female,0,Yes,Yes,4,No,No,Fiber optic,No,No,No,No,No,No,Month-to-month,Yes,Electronic check,59.27,238.7,1
6745-['Z' 'E' 'T' 'F' 'R'],Female,0,Yes,No,22,No,No,DSL,No,Yes,Yes,No,Yes,Yes,Two year,Yes,Bank transfer (automatic),74.58,1622.47,0
6293-['D' 'W' 'A' 'M' 'K'],Female,0,No,Yes,18,Yes,No,Fiber optic,Yes,No,No,No,No,No,Month-to-month,Yes,Mailed check,78.78,1415.88,1
4778-['Q' 'R' 'Y' 'J' 'P'],Male,0,Yes,No,0,No,No,DSL,No,Yes,No,Yes,Yes,No,Month-to-month,No,Electronic check,66.19,0.0,1
8124-['M' 'T' 'L' 'D' 'H'],Female,1,Yes,No,26,Yes,Yes,No,No,No,No,No,No,No,One year,Yes,Electronic check,44.68,1165.18,1
1299-['S' 'O' 'P' 'L' 'T'],Female,0,No,Yes,42,Yes,Yes,DSL,No,Yes,Yes,No,Yes,Yes,Month-to-month,No,Mailed check,96.02,4032.36,1
4695-['Y' 'T' 'K' 'V' 'T'],Female,0,Yes,No,24,Yes,No,No,No,No,No,No,No,No,One year,Yes,Bank transfer (automatic),35.28,843.01,0
4617-['M' 'N' 'F' 'L' 'G'],Female,0,No,No,53,Yes,No,DSL,No,No,Yes,Yes,Yes,Yes,One year,Yes,Credit card (automatic),86.5,4586.61,0
9995-['G' 'M' 'K' 'H' 'S'],Male,0,Yes,Yes,5,Yes,No,Fiber optic,No,No,No,Yes,No,Yes,Month-to-month,No,Credit card (automatic),91.58,468.45,1
3137-['U' 'J' 'F' 'X' 'V'],Female,0,No,Yes,24,Yes,No,DSL,Yes,No,No,No,No,Yes,One year,Yes,Credit card (automatic),73.69,1767.59,0
2805-['N' 'R' 'Q' 'R' 'R'],Male,0,Yes,No,45,Yes,Yes,No,No,No,No,No,No,No,Month-to-month,No,Bank transfer (automatic),50.81,2287.77,1
6310-['E' 'I' 'A' 'D' 'Z'],Female,0,No,Yes,58,Yes,Yes,No,No,No,No,No,No,No,Month-to-month,No,Bank transfer (automatic),45.03,2624.54,0
2862-['K' 'N' 'J' 'S' 'H'],Male,0,Yes,No,54,Yes,Yes,DSL,No,Yes,No,No,No,No,Month-to-month,Yes,Electronic check,75.69,4081.03,1
8554-['H' 'R' 'E' 'T' 'K'],Male,0,No,No,23,Yes,No,DSL,Yes,Yes,Yes,No,Yes,Yes,One year,Yes,Bank transfer (automatic),94.51,2164.94,0
6515-['E' 'P' 'Z' 'Y' 'M'],Female,0,Yes,No,23,Yes,No,DSL,No,No,No,No,No,No,Month-to-month,Yes,Bank transfer (automatic),61.74,1409.55,1
3640-['L' 'A' 'G' 'N' 'R'],Female,0,No,Yes,2,Yes,No,DSL,No,Yes,No,No,Yes,Yes,Month-to-month,No,Electronic check,86.36,160.54,0
3446-['K' 'D' 'O' 'U' 'P'],Female,0,Yes,Yes,39,Yes,Yes,DSL,Yes,No,No,Yes,Yes,No,One year,No,Bank transfer (automatic),89.08,3466.52,0
5701-['Z' 'O' 'Q' 'W' 'K'],Female,0,No,No,19,Yes,No,DSL,No,Yes,Yes,No,Yes,No,Month-to-month,No,Electronic check,78.83,1513.86,0
7383-['O' 'K' 'M' 'R' 'H'],Male,0,Yes,No,68,Yes,No,No,No,No,No,No,No,No,Month-to-month,No,Bank transfer (automatic),33.78,2289.43,0
3334-['I' 'V' 'K' 'Q' 'A'],Male,0,Yes,No,69,No,No,No,No,No,No,No,No,No,One year,Yes,Bank transfer (automatic),20.11,1379.84,0
4389-['K' 'G' 'H' 'S' 'Y'],Male,0,Yes,No,65,Yes,Yes,Fiber optic,No,Yes,Yes,No,No,Yes,Month-to-month,Yes,Bank transfer (automatic),109.15,7094.89,0
3962-['X' 'I' 'Q' 'R' 'A'],Male,0,No,No,68,Yes,No,No,No,No,No,No,No,No,One year,Yes,Mailed check,36.21,2459.9,0
1803-['J' 'W' 'N' 'G' 'L'],Female,0,Yes,No,7,Yes,Yes,Fiber optic,Yes,Yes,Yes,Yes,Yes,No,One year,Yes,Credit card (automatic),117.67,825.86,0
7396-['P' 'E' 'K' 'D' 'M'],Female,0,No,Yes,54,Yes,Yes,DSL,Yes,Yes,No,Yes,Yes,Yes,Month-to-month,Yes,Bank transfer (automatic),106.89,5779.73,0
5349-['H' 'G' 'K' 'K' 'Z'],Male,0,No,Yes,36,Yes,No,DSL,Yes,No,Yes,No,No,Yes,Month-to-month,Yes,Mailed check,81.5,2923.6,1
6456-['V' 'N' 'B' 'T' 'U'],Female,0,Yes,No,72,Yes,No,DSL,No,Yes,No,No,Yes,No,Month-to-month,No,Credit card (automatic),75.48,5438.69,1
5807-['V' 'B' 'U' 'O' 'E'],Male,0,No,No,71,Yes,Yes,No,No,No,No,No,No,No,Two year,Yes,Mailed check,48.38,3447.4,0
1656-['H' 'S' 'E' 'W' 'S'],Male,0,Yes,No,13,Yes,No,Fiber optic,No,Yes,Yes,Yes,Yes,No,Two year,No,Electronic check,100.46,1312.49,0
8038-['V' 'E' 'G' 'J' 'K'],Male,0,No,No,47,Yes,No,DSL,Yes,No,Yes,No,Yes,No,One year,Yes,Mailed check,80.22,3772.88,1
7498-['M' 'B' 'D' 'C' 'O'],Female,1,No,No,66,Yes,No,Fiber optic,Yes,No,No,Yes,No,Yes,Month-to-month,Yes,Bank transfer (automatic),93.84,6195.11,0
6187-['W' 'U' 'D' 'O' 'F'],Male,1,Yes,Yes,31,Yes,No,DSL,No,No,Yes,No,Yes,No,Month-to-month,Yes,Electronic check,74.75,2311.16,1
3934-['E' 'L' 'G' 'C' 'G'],Male,0,Yes,No,35,Yes,Yes,DSL,No,No,No,No,No,No,One year,Yes,Mailed check,69.04,2423.78,0
9846-['S' 'F' 'H' 'F' 'Z'],Male,0,Yes,No,4,Yes,Yes,DSL,No,Yes,No,No,No,No,One year,No,Credit card (automatic),72.64,294.51,1
9218-['C' 'E' 'I' 'X' 'P'],Female,0,No,Yes,17,Yes,No,Fiber optic,No,Yes,Yes,No,No,No,Two year,Yes,Electronic check,82.92,1409.06,0
5113-['M' 'K' 'Y' 'J' 'J'],Female,0,Yes,No,10,Yes,Yes,Fiber optic,No,No,No,No,Yes,Yes,One year,No,Electronic check,104.47,1036.7,1
3511-['Y' 'L' 'D' 'E' 'B'],Male,0,Yes,No,3,Yes,No,DSL,No,No,No,No,Yes,Yes,Month-to-month,Yes,Credit card (automatic),81.76,237.87,1
7226-['A' 'D' 'L' 'B' 'L'],Female,0,Yes,No,19,Yes,Yes,Fiber optic,Yes,No,Yes,No,No,Yes,Two year,No,Credit card (automatic),104.4,1972.44,0
2822-['P' 'B' 'Q' 'Z' 'B'],Female,0,No,Yes,4,Yes,Yes,Fiber optic,No,No,No,No,Yes,No,Month-to-month,Yes,Bank transfer (automatic),97.7,387.11,1
6782-['G' 'W' 'O' 'T' 'L'],Female,0,Yes,No,62,Yes,No,Fiber optic,No,Yes,Yes,No,Yes,No,One year,Yes,Mailed check,99.89,6194.1,0
5175-['K' 'L' 'S' 'Q' 'X'],Female,1,No,No,53,Yes,Yes,Fiber optic,No,No,Yes,No,No,No,Month-to-month,No,Mailed check,93.7,4975.5,1
6210-['G' 'I' 'N' 'Z' 'T'],Male,0,Yes,Yes,64,Yes,No,DSL,No,No,Yes,No,Yes,No,Month-to-month,No,Bank transfer (automatic),74.53,4783.79,1
5494-['L' 'U' 'U' 'W' 'M'],Male,0,No,Yes,12,Yes,Yes,DSL,No,No,No,No,Yes,Yes,One year,No,Bank transfer (automatic),90.46,1086.1,0
8255-['G' 'A' 'J' 'F' 'Z'],Male,0,Yes,Yes,72,No,No,No,No,No,No,No,No,No,Two year,No,Electronic check,22.17,1586.77,0
5616-['M' 'W' 'A' 'I' 'C'],Male,0,Yes,No,2,Yes,No,No,No,No,No,No,No,No,Month-to-month,Yes,Electronic check,34.07,63.08,1
8389-['I' 'T' 'Y' 'O' 'X'],Female,0,Yes,No,1,No,No,Fiber optic,Yes,Yes,No,No,Yes,No,Month-to-month,Yes,Electronic check,79.33,71.35,1
7623-['G' 'D' 'Y' 'T' 'Q'],Male,0,Yes,No,11,Yes,Yes,Fiber optic,Yes,Yes,No,Yes,Yes,No,Two year,Yes,Electronic check,112.21,1237.9,1
7371-['Z' 'S' 'E' 'P' 'C'],Female,1,Yes,Yes,55,Yes,Yes,Fiber optic,No,Yes,Yes,No,Yes,Yes,Two year,Yes,Bank transfer (automatic),116.3,6384.39,0
2883-['V' 'O' 'S' 'U' 'X'],Male,0,No,Yes,57,Yes,Yes,Fiber optic,No,No,Yes,No,Yes,Yes,Month-to-month,Yes,Credit card (automatic),111.67,6366.42,0
3477-['P' 'X' 'F' 'E' 'U'],Male,0,Yes,Yes,51,Yes,Yes,Fiber optic,No,No,Yes,No,No,Yes,Month-to-month,No,Credit card (automatic),99.17,5058.18,1
1368-['P' 'B' 'K' 'D' 'F'],Female,0,Yes,No,14,Yes,Yes,DSL,Yes,Yes,No,No,No,Yes,Month-to-month,Yes,Bank transfer (automatic),91.07,1265.2,0
7704-['H' 'A' 'Y' 'O' 'T'],Male,0,Yes,No,0,Yes,Yes,No,No,No,No,No,No,No,Month-to-month,No,Bank transfer (automatic),45.69,0.0,1
6803-['O' 'W' 'V' 'O' 'I'],Female,0,No,Yes,71,Yes,No,Fiber optic,No,Yes,No,Yes,Yes,Yes,Two year,Yes,Electronic check,104.93,7443.47,0
7063-['B' 'O' 'O' 'G' 'U'],Male,0,Yes,No,70,Yes,Yes,No,No,No,No,No,No,No,Month-to-month,Yes,Credit card (automatic),47.13,3309.8,0
5022-['Q' 'K' 'J' 'Y' 'A'],Male,0,Yes,Yes,44,Yes,No,No,No,No,No,No,No,No,Month-to-month,Yes,Electronic check,35.79,1583.21,0
2485-['E' 'H' 'A' 'G' 'B'],Female,0,Yes,Yes,15,Yes,No,Fiber optic,No,No,No,No,Yes,Yes,Two year,No,Electronic check,94.22,1405.88,1
5422-['G' 'I' 'V' 'D' 'W'],Male,0,No,Yes,16,Yes,No,Fiber optic,No,No,Yes,Yes,No,No,Two year,Yes,Electronic check,85.14,1377.57,0
4846-['T' 'R' 'M' 'K' 'I'],Female,0,No,No,29,Yes,No,No,No,No,No,No,No,No,Month-to-month,No,Bank transfer (automatic),32.83,946.04,0
2357-['H' 'U' 'N' 'U' 'Q'],Female,0,No,Yes,36,Yes,No,Fiber optic,No,Yes,No,No,No,Yes,One year,No,Electronic check,89.22,3215.45,1
1568-['N' 'Z' 'X' 'E' 'J'],Male,0,No,Yes,17,Yes,No,Fiber optic,No,No,Yes,Yes,No,Yes,One year,Yes,Credit card (automatic),94.23,1601.42,0
9805-['J' 'K' 'Z' 'X' 'F'],Male,0,No,No,10,Yes,No,Fiber optic,Yes,Yes,No,No,Yes,Yes,Month-to-month,No,Electronic check,104.18,1042.49,1
1493-['T' 'C' 'G' 'B' 'G'],Female,1,No,No,59,Yes,No,No,No,No,No,No,No,No,Month-to-month,Yes,Mailed check,36.51,2140.21,0
6433-['U' 'I' 'M' 'O' 'M'],Male,0,No,Yes,58,No,No,Fiber optic,No,No,No,No,No,Yes,Month-to-month,Yes,Electronic check,69.47,4048.45,1
5560-['H' 'I' 'I' 'H' 'P'],Male,0,Yes,Yes,69,Yes,Yes,Fiber optic,No,No,No,No,No,Yes,Month-to-month,No,Mailed check,97.19,6697.41,1
5797-['G' 'Q' 'G' 'F' 'E'],Female,0,Yes,No,25,No,No,DSL,Yes,No,No,Yes,Yes,No,Month-to-month,No,Mailed check,66.88,1679.83,1
3768-['H' 'Z' 'A' 'P' 'Q'],Female,1,No,No,37,No,No,Fiber optic,No,No,Yes,Yes,Yes,Yes,Two year,No,Electronic check,88.11,3271.16,0
4293-['C' 'M' 'H' 'P' 'X'],Male,0,Yes,No,8,Yes,No,DSL,No,No,Yes,Yes,No,No,Month-to-month,No,Bank transfer (automatic),71.03,565.45,1
1126-['G' 'U' 'O' 'X' 'B'],Female,0,No,Yes,72,Yes,No,Fiber optic,Yes,Yes,Yes,Yes,Yes,Yes,Month-to-month,Yes,Mailed check,114.48,8231.5,0
6431-['B' 'J' 'E' 'D' 'O'],Male,0,No,Yes,45,Yes,Yes,Fiber optic,No,No,Yes,No,Yes,No,Month-to-month,Yes,Credit card (automatic),101.18,4561.09,0
2420-['Q' 'U' 'W' 'A' 'R'],Male,0,Yes,No,43,Yes,Yes,DSL,No,No,No,Yes,Yes,Yes,Month-to-month,Yes,Electronic check,96.95,4163.97,1
5987-['O' 'N' 'I' 'L' 'E'],Male,0,No,No,41,Yes,No,No,No,No,No,No,No,No,One year,No,Electronic check,35.08,1437.71,0
9924-['W' 'B' 'W' 'W' 'G'],Female,0,Yes,No,72,Yes,Yes,Fiber optic,No,No,No,No,No,Yes,One year,Yes,Bank transfer (automatic),92.83,6692.32,0
9052-['I' 'R' 'D' 'B' 'X'],Female,1,Yes,No,68,Yes,No,Fiber optic,No,Yes,No,No,No,No,One year,Yes,Bank transfer (automatic),79.21,5392.34,0
9863-['Y' 'L' 'M' 'N' 'E'],Male,1,No,No,22,Yes,No,DSL,No,Yes,No,No,No,Yes,Two year,No,Bank transfer (automatic),75.12,1637.05,0
5923-['D' 'Q' 'S' 'K' 'H'],Female,0,No,No,33,Yes,No,Fiber optic,Yes,Yes,No,No,Yes,No,Month-to-month,Yes,Mailed check,95.68,3155.95,1
3795-['R' 'R' 'I' 'E' 'U'],Female,1,No,No,21,Yes,Yes,DSL,No,Yes,Yes,No,Yes,No,Month-to-month,No,Mailed check,86.28,1823.82,1
3160-['M' 'F' 'X' 'V' 'N'],Female,0,No,No,68,Yes,No,Fiber optic,No,No,No,Yes,No,Yes,One year,No,Mailed check,86.58,5888.76,0
9910-['W' 'N' 'D' 'R' 'A'],Female,0,No,Yes,64,Yes,Yes,DSL,No,Yes,No,No,No,No,Month-to-month,No,Credit card (automatic),76.01,4867.14,1
9255-['L' 'V' 'I' 'J' 'U'],Female,1,No,No,25,Yes,No,Fiber optic,No,Yes,Yes,No,Yes,Yes,Month-to-month,Yes,Bank transfer (automatic),104.51,2614.68,1
5027-['R' 'Q' 'S' 'D' 'P'],Male,0,Yes,Yes,54,Yes,No,No,No,No,No,No,No,No,Month-to-month,No,Bank transfer (automatic),32.77,1779.46,1
2990-['I' 'H' 'Y' 'G' 'J'],Female,0,Yes,No,14,Yes,No,Fiber optic,No,No,Yes,Yes,Yes,No,Month-to-month,No,Credit card (automatic),94.79,1322.65,1
6383-['X' 'Q' 'L' 'N' 'L'],Female,1,Yes,No,65,Yes,Yes,DSL,No,Yes,Yes,No,Yes,Yes,Month-to-month,Yes,Bank transfer (automatic),99.22,6448.93,1
8992-['B' 'L' 'N' 'G' 'Z'],Female,0,No,No,52,Yes,No,DSL,No,No,No,No,No,Yes,One year,No,Credit card (automatic),68.46,3559.41,0
6044-['D' 'A' 'Q' 'C' 'Q'],Male,0,No,Yes,10,Yes,Yes,Fiber optic,No,No,Yes,No,No,No,Month-to-month,Yes,Credit card (automatic),88.66,889.12,1
4522-['J' 'B' 'V' 'D' 'N'],Male,0,No,No,57,Yes,No,DSL,Yes,No,Yes,No,Yes,No,Month-to-month,No,Bank transfer (automatic),80.68,4587.16,0
1202-['N' 'M' 'D' 'B' 'B'],Female,0,Yes,No,41,Yes,No,DSL,Yes,No,Yes,No,Yes,No,Two year,Yes,Electronic check,78.83,3217.71,0
2642-['V' 'E' 'I' 'T' 'U'],Male,0,Yes,Yes,68,Yes,Yes,DSL,No,Yes,No,Yes,No,Yes,Month-to-month,Yes,Bank transfer (automatic),91.32,6182.27,0
2035-['R' 'C' 'E' 'U' 'T'],Female,0,Yes,No,32,Yes,Yes,DSL,No,No,Yes,Yes,No,Yes,Month-to-month,No,Credit card (automatic),88.21,2832.22,1
5015-['Z' 'S' 'I' 'Q' 'V'],Male,1,No,No,43,No,No,Fiber optic,Yes,No,No,No,Yes,Yes,One year,No,Bank transfer (automatic),86.98,3748.88,0
5070-['J' 'D' 'J' 'C' 'X'],Male,1,No,Yes,6,Yes,No,DSL,No,No,Yes,No,Yes,No,Month-to-month,Yes,Credit card (automatic),77.49,445.45,1
6280-['O' 'O' 'K' 'J' 'Y'],Female,0,Yes,No,51,Yes,Yes,Fiber optic,No,Yes,No,No,No,Yes,Month-to-month,Yes,Mailed check,101.41,5171.78,0
9390-['A' 'G' 'E' 'Z' 'W'],Male,0,Yes,No,12,Yes,Yes,Fiber optic,Yes,No,No,No,No,No,One year,Yes,Electronic check,88.41,1062.22,1
1591-['Y' 'H' 'V' 'B' 'H'],Female,0,No,Yes,31,Yes,No,DSL,No,Yes,No,No,No,No,One year,Yes,Bank transfer (automatic),61.98,1926.88,0
5379-['N' 'D' 'X' 'O' 'G'],Female,0,Yes,No,38,Yes,No,No,No,No,No,No,No,No,Two year,Yes,Electronic check,33.6,1259.13,0
8283-['H' 'K' 'B' 'I' 'F'],Male,0,Yes,Yes,62,Yes,No,DSL,No,Yes,Yes,Yes,Yes,Yes,One year,No,Credit card (automatic),94.08,5822.29,0
1832-['C' 'J' 'E' 'L' 'W'],Male,1,No,No,19,Yes,No,DSL,No,Yes,No,No,Yes,No,Month-to-month,Yes,Mailed check,72.17,1378.03,1
1288-['I' 'U' 'M' 'S' 'G'],Male,0,Yes,No,15,Yes,No,Fiber optic,No,Yes,Yes,No,Yes,No,Month-to-month,Yes,Credit card (automatic),95.47,1444.01,1
1039-['Z' 'Z' 'S' 'G' 'W'],Female,0,Yes,No,29,Yes,Yes,Fiber optic,Yes,No,No,No,No,No,Month-to-month,No,Electronic check,90.78,2647.32,0
6496-['A' 'Q' 'U' 'M' 'S'],Female,0,No,Yes,18,Yes,Yes,No,No,No,No,No,No,No,One year,No,Credit card (automatic),42.86,760.07,0
9876-['I' 'E' 'W' 'A' 'B'],Female,0,Yes,No,71,Yes,No,DSL,Yes,Yes,Yes,Yes,Yes,Yes,Month-to-month,No,Mailed check,99.97,7091.26,0
1318-['K' 'D' 'I' 'E' 'E'],Male,0,Yes,No,29,Yes,No,DSL,No,Yes,No,No,No,Yes,Two year,No,Electronic check,76.25,2214.83,0
1728-['H' 'B' 'G' 'Q' 'Z'],Male,0,Yes,Yes,33,Yes,Yes,No,No,No,No,No,No,No,Month-to-month,Yes,Electronic check,45.99,1533.56,0
1024-['C' 'M' 'R' 'T' 'T'],Male,1,Yes,No,38,No,No,Fiber optic,No,Yes,Yes,No,No,No,Two year,Yes,Electronic check,71.77,2712.27,0
5706-['B' 'E' 'T' 'E' 'M'],Male,0,No,No,48,Yes,Yes,DSL,Yes,Yes,No,No,No,Yes,Month-to-month,No,Mailed check,89.58,4276.14,1
6979-['H' 'P' 'R' 'Y' 'Z'],Female,0,No,No,4,Yes,Yes,Fiber optic,Yes,No,No,No,No,Yes,One year,No,Mailed check,101.26,394.96,1
3479-['A' 'H' 'U' 'B' 'X'],Male,0,Yes,Yes,42,Yes,Yes,DSL,Yes,No,Yes,Yes,No,No,One year,Yes,Mailed check,84.3,3549.87,0
4172-['Z' 'O' 'N' 'Z' 'C'],Female,0,No,No,46,Yes,No,No,No,No,No,No,No,No,One year,Yes,Electronic check,37.6,1733.58,0
7022-['D' 'K' 'Z' 'L' 'O'],Female,0,Yes,No,58,Yes,Yes,No,No,No,No,No,No,No,Two year,No,Credit card (automatic),46.53,2705.46,0
4621-['Z' 'X' 'A' 'R' 'N'],Female,0,No,No,68,Yes,Yes,No,No,No,No,No,No,No,Month-to-month,Yes,Bank transfer (automatic),45.95,3141.07,0
9316-['X' 'G' 'J' 'I' 'B'],Male,0,No,Yes,16,Yes,No,DSL,No,Yes,Yes,No,Yes,No,Month-to-month,Yes,Electronic check,80.28,1291.4,1
9885-['A' 'T' 'B' 'G' 'Y'],Male,0,Yes,No,18,Yes,No,No,No,No,No,No,No,No,Month-to-month,Yes,Mailed check,33.58,616.24,0
2716-['Q' 'D' 'Z' 'C' 'I'],Male,0,Yes,No,45,Yes,Yes,DSL,No,Yes,No,Yes,Yes,No,Month-to-month,No,Mailed check,89.05,3994.75,1
8381-['O' 'T' 'C' 'L' 'O'],Male,1,No,No,55,Yes,No,Fiber optic,No,Yes,No,Yes,Yes,No,Month-to-month,No,Credit card (automatic),97.06,5350.45,1
1231-['L' 'U' 'M' 'O' 'K'],Male,0,No,No,25,Yes,Yes,Fiber optic,No,Yes,No,No,No,Yes,Month-to-month,No,Bank transfer (automatic),99.42,2482.85,1
1247-['L' 'T' 'R' 'P' 'C'],Male,0,No,No,65,Yes,No,Fiber optic,Yes,No,Yes,No,No,No,Month-to-month,Yes,Credit card (automatic),86.48,5623.09,0
4005-['I' 'G' 'S' 'E' 'S'],Male,0,Yes,No,13,Yes,No,DSL,No,No,No,No,Yes,Yes,Month-to-month,No,Bank transfer (automatic),79.11,1023.45,1
1393-['T' 'L' 'H' 'C' 'S'],Male,0,Yes,No,51,Yes,No,Fiber optic,No,No,Yes,Yes,Yes,No,One year,Yes,Bank transfer (automatic),93.68,4797.78,1
5474-['K' 'H' 'Z' 'M' 'Z'],Male,0,Yes,No,3,Yes,Yes,DSL,No,No,No,Yes,No,Yes,Two year,Yes,Bank transfer (automatic),83.23,257.44,0
9086-['W' 'J' 'R' 'L' 'G'],Male,0,No,No,2,Yes,Yes,No,No,No,No,No,No,No,Two year,No,Electronic check,43.7,99.5,0
5618-['J' 'C' 'G' 'D' 'H'],Male,1,No,Yes,21,Yes,Yes,Fiber optic,No,No,No,Yes,No,Yes,Month-to-month,Yes,Electronic check,99.84,2086.66,1
9071-['F' 'M' 'L' 'C' 'F'],Male,0,No,No,49,Yes,No,No,No,No,No,No,No,No,Two year,Yes,Electronic check,33.49,1633.29,0
6682-['K' 'D' 'O' 'B' 'O'],Male,0,Yes,Yes,63,Yes,No,Fiber optic,Yes,Yes,Yes,Yes,Yes,No,Two year,Yes,Bank transfer (automatic),103.4,6519.28,0
5568-['S' 'B' 'O' 'D' 'B'],Male,0,Yes,Yes,9,Yes,Yes,DSL,No,No,No,No,No,No,Two year,Yes,Electronic check,70.94,652.05,1
6530-['W' 'J' 'V' 'X' 'E'],Female,0,Yes,No,55,No,No,No,No,No,No,No,No,No,Month-to-month,Yes,Electronic check,18.57,1018.07,1
9849-['D' 'A' 'R' 'T' 'F'],Female,1,No,No,15,Yes,No,Fiber optic,Yes,No,No,No,No,Yes,Two year,Yes,Electronic check,92.3,1380.3,1
1403-['T' 'N' 'Z' 'J' 'R'],Female,0,No,Yes,36,Yes,No,DSL,Yes,No,Yes,No,No,Yes,Month-to-month,Yes,Bank transfer (automatic),80.31,2891.3,1
8423-['I' 'L' 'J' 'X' 'X'],Male,0,No,Yes,54,Yes,Yes,No,No,No,No,No,No,No,One year,Yes,Bank transfer (automatic),46.98,2554.42,0
6492-['S' 'F' 'N' 'Y' 'H'],Female,0,No,Yes,21,Yes,No,No,No,No,No,No,No,No,Two year,No,Mailed check,34.45,715.19,0
7198-['N' 'K' 'X' 'P' 'T'],Male,0,Yes,No,31,Yes,Yes,Fiber optic,Yes,No,No,No,No,Yes,Two year,Yes,Electronic check,101.82,3169.13,0
4621-['O' 'O' 'N' 'U' 'L'],Male,0,No,Yes,43,Yes,No,No,No,No,No,No,No,No,Two year,Yes,Credit card (automatic),35.91,1547.35,0
5513-['H' 'S' 'N' 'E' 'X'],Female,0,Yes,Yes,72,Yes,No,Fiber optic,Yes,No,No,No,No,Yes,One year,Yes,Mailed check,90.8,6535.71,1
6850-['I' 'M' 'I' 'N' 'E'],Male,0,Yes,Yes,51,Yes,No,Fiber optic,No,No,No,Yes,No,No,One year,Yes,Mailed check,84.96,4323.6,1
3241-['G' 'P' 'K' 'K' 'W'],Male,0,Yes,Yes,32,Yes,Yes,No,No,No,No,No,No,No,Month-to-month,Yes,Electronic check,44.73,1438.87,1
5894-['L' 'M' 'H' 'X' 'P'],Male,0,Yes,No,1,No,No,DSL,Yes,Yes,No,Yes,Yes,No,Month-to-month,No,Bank transfer (automatic),69.6,75.51,1
5864-['M' 'K' 'D' 'D' 'O'],Male,0,No,Yes,13,Yes,Yes,Fiber optic,No,No,No,Yes,Yes,No,Month-to-month,No,Electronic check,103.2,1334.19,1
7842-['C' 'X' 'S' 'U' 'B'],Female,0,No,No,60,Yes,Yes,Fiber optic,No,No,No,No,Yes,No,Month-to-month,Yes,Bank transfer (automatic),95.46,5711.25,0
6381-['V' 'X' 'H' 'Q' 'E'],Male,0,Yes,No,64,Yes,Yes,Fiber optic,Yes,No,No,No,No,Yes,Two year,Yes,Credit card (automatic),102.47,6553.71,0
6945-['L' 'E' 'J' 'I' 'T'],Female,0,No,Yes,29,Yes,No,Fiber optic,Yes,Yes,No,No,No,No,One year,Yes,Electronic check,87.51,2546.84,0
5295-['A' 'X' 'F' 'X' 'V'],Female,0,Yes,No,26,Yes,No,Fiber optic,No,No,No,Yes,No,Yes,Month-to-month,Yes,Credit card (automatic),90.79,2335.51,1
3398-['O' 'K' 'X' 'E' 'Z'],Male,0,No,No,63,Yes,No,No,No,No,No,No,No,No,Month-to-month,Yes,Electronic check,33.97,2134.09,0
3036-['G' 'F' 'I' 'G' 'C'],Female,0,No,No,32,Yes,No,No,No,No,No,No,No,No,Two year,Yes,Credit card (automatic),32.61,1066.87,0
6236-['Y' 'K' 'Z' 'B' 'A'],Male,0,Yes,No,52,Yes,No,Fiber optic,Yes,Yes,Yes,No,No,No,Month-to-month,No,Mailed check,91.65,4768.95,0
5698-['X' 'X' 'B' 'N' 'M'],Male,0,Yes,No,9,Yes,No,Fiber optic,No,No,No,No,No,Yes,Month-to-month,Yes,Bank transfer (automatic),86.42,783.07,1
6444-['B' 'W' 'W' 'S' 'Q'],Female,1,No,No,26,Yes,No,Fiber optic,No,No,No,No,Yes,Yes,One year,No,Electronic check,95.55,2493.81,1
3959-['T' 'R' 'T' 'H' 'B'],Female,0,Yes,No,36,Yes,Yes,No,No,No,No,No,No,No,Month-to-month,Yes,Mailed check,43.36,1561.87,1
7064-['K' 'N' 'P' 'O' 'O'],Female,0,Yes,No,1,Yes,Yes,DSL,No,No,No,Yes,Yes,No,Month-to-month,Yes,Bank transfer (automatic),86.99,97.88,0
8929-['G' 'L' 'V' 'V' 'W'],Male,0,No,Yes,42,Yes,No,No,No,No,No,No,No,No,One year,Yes,Electronic check,32.61,1356.44,0
9418-['S' 'J' 'H' 'P' 'P'],Female,0,No,No,18,Yes,No,Fiber optic,No,No,No,No,Yes,No,One year,No,Bank transfer (automatic),87.1,1577.07,0
3941-['W' 'Z' 'E' 'T' 'F'],Female,0,No,No,10,Yes,No,Fiber optic,No,No,Yes,No,No,Yes,Month-to-month,Yes,Bank transfer (automatic),87.29,878.58,1
1760-['F' 'H' 'Q' 'L' 'V'],Female,0,No,Yes,51,Yes,No,No,No,No,No,No,No,No,Month-to-month,Yes,Credit card (automatic),35.92,1830.03,1
1253-['N' 'B' 'S' 'F' 'R'],Male,0,No,No,31,Yes,No,DSL,No,Yes,No,No,Yes,No,Month-to-month,Yes,Credit card (automatic),73.23,2264.39,0
7883-['V' 'E' 'F' 'O' 'F'],Male,0,Yes,No,28,Yes,No,DSL,Yes,No,Yes,No,No,No,Month-to-month,No,Credit card (automatic),66.76,1850.08,1
6768-['U' 'V' 'F' 'V' 'B'],Female,1,No,No,35,Yes,No,Fiber optic,No,No,No,No,No,Yes,One year,No,Credit card (automatic),85.58,3005.65,0
7707-['A' 'P' 'A' 'A' 'G'],Female,0,Yes,No,46,Yes,Yes,DSL,No,No,No,Yes,Yes,Yes,Two year,Yes,Bank transfer (automatic),94.74,4354.04,0
3063-['Q' 'P' 'P' 'F' 'R'],Female,0,Yes,No,42,Yes,Yes,Fiber optic,No,No,No,Yes,Yes,No,One year,Yes,Electronic check,97.83,4114.76,1
2429-['V' 'C' 'H' 'D' 'W'],Male,0,Yes,Yes,51,Yes,No,DSL,No,Yes,No,No,No,No,One year,No,Electronic check,60.61,3099.03,1
7640-['V' 'E' 'Y' 'N' 'O'],Male,0,No,No,52,Yes,No,Fiber optic,No,Yes,No,No,Yes,No,Two year,Yes,Credit card (automatic),91.33,4746.99,0
3808-['L' 'M' 'X' 'W' 'R'],Male,1,Yes,No,67,Yes,Yes,DSL,No,No,Yes,Yes,Yes,Yes,Month-to-month,Yes,Electronic check,101.4,6792.53,0
3061-['X' 'S' 'V' 'Z' 'G'],Male,0,Yes,Yes,4,Yes,No,DSL,No,Yes,No,No,Yes,Yes,Month-to-month,Yes,Credit card (automatic),86.98,376.42,1
1077-['P' 'W' 'W' 'T' 'N'],Male,0,No,No,47,Yes,Yes,DSL,No,Yes,No,No,No,Yes,Month-to-month,Yes,Electronic check,87.05,4088.24,1
8135-['E' 'V' 'K' 'L' 'R'],Female,0,Yes,No,23,Yes,No,No,No,No,No,No,No,No,Month-to-month,Yes,Credit card (automatic),34.06,784.77,1
2502-['M' 'T' 'M' 'D' 'W'],Female,1,Yes,No,0,Yes,No,DSL,Yes,No,No,No,No,No,Month-to-month,No,Credit card (automatic),64.47,0.0,1
9316-['W' 'G' 'W' 'B' 'U'],Male,1,Yes,Yes,1,Yes,Yes,Fiber optic,No,No,No,No,No,Yes,Month-to-month,Yes,Electronic check,97.53,92.36,1
3553-['R' 'U' 'F' 'P' 'C'],Male,0,No,No,9,Yes,Yes,Fiber optic,Yes,Yes,No,No,No,No,One year,Yes,Electronic check,98.5,892.05,1
6621-['O' 'U' 'T' 'J' 'I'],Female,0,No,No,62,Yes,No,Fiber optic,Yes,No,No,No,Yes,No,Month-to-month,Yes,Electronic check,90.29,5590.1,0
3250-['N' 'X' 'L' 'G' 'K'],Female,0,Yes,No,58,Yes,Yes,Fiber optic,No,Yes,Yes,No,No,Yes,One year,No,Bank transfer (automatic),105.15,6091.33,0
3014-['Q' 'Y' 'I' 'V' 'W'],Female,0,No,Yes,5,Yes,Yes,Fiber optic,No,Yes,Yes,Yes,Yes,No,Month-to-month,Yes,Electronic check,112.44,553.32,1
6868-['P' 'C' 'E' 'W' 'Q'],Female,0,No,No,47,Yes,No,No,No,No,No,No,No,No,Month-to-month,Yes,Mailed check,35.92,1668.91,0
1667-['A' 'U' 'I' 'W' 'Q'],Female,0,Yes,Yes,35,Yes,Yes,Fiber optic,Yes,Yes,Yes,Yes,Yes,No,Month-to-month,No,Electronic check,116.7,4073.19,1
3748-['M' 'O' 'U' 'H' 'H'],Female,1,No,No,47,Yes,No,Fiber optic,Yes,No,Yes,No,Yes,Yes,Month-to-month,Yes,Bank transfer (automatic),102.48,4824.68,1
7230-['J' 'E' 'P' 'Y' 'S'],Female,0,No,No,28,Yes,Yes,Fiber optic,No,No,Yes,No,Yes,No,Month-to-month,No,Bank transfer (automatic),101.71,2838.13,1
7534-['A' 'B' 'P' 'N' 'E'],Female,0,Yes,No,40,No,No,Fiber optic,No,No,Yes,No,Yes,No,Month-to-month,No,Mailed check,73.88,2953.71,1
9312-['N' 'Q' 'L' 'T' 'L'],Female,0,Yes,No,72,Yes,No,Fiber optic,No,Yes,Yes,No,Yes,No,Two year,Yes,Credit card (automatic),92.4,6637.69,0
5413-['C' 'U' 'U' 'Z' 'B'],Female,1,No,No,31,Yes,No,DSL,No,Yes,No,No,Yes,Yes,Month-to-month,Yes,Electronic check,87.66,2716.89,1
7836-['Y' 'U' 'O' 'K' 'J'],Female,0,Yes,Yes,4,Yes,No,DSL,No,Yes,No,No,No,Yes,Month-to-month,No,Mailed check,73.75,303.72,1
4222-['V' 'W' 'X' 'Z' 'U'],Male,1,Yes,No,16,Yes,No,DSL,No,No,No,No,Yes,No,Two year,Yes,Electronic check,73.69,1179.71,1
9257-['G' 'G' 'X' 'G' 'Z'],Male,0,Yes,No,23,Yes,No,No,No,No,No,No,No,No,Month-to-month,Yes,Electronic check,31.04,711.07,0
9534-['N' 'Y' 'X' 'B' 'B'],Male,0,Yes,Yes,5,Yes,No,No,No,No,No,No,No,No,Two year,Yes,Bank transfer (automatic),33.08,169.64,0
6334-['Z' 'O' 'K' 'J' 'C'],Female,0,No,No,27,Yes,No,Fiber optic,Yes,Yes,Yes,Yes,No,Yes,Month-to-month,No,Credit card (automatic),104.19,2808.16,1
4632-['I' 'O' 'N' 'S' 'Q'],Female,0,Yes,No,19,Yes,Yes,Fiber optic,No,No,No,No,Yes,No,Two year,Yes,Credit card (automatic),90.14,1720.73,0
2949-['Q' 'P' 'T' 'H' 'G'],Male,0,Yes,No,18,Yes,Yes,Fiber optic,Yes,Yes,No,Yes,Yes,Yes,Month-to-month,Yes,Mailed check,118.03,2114.0,1
9971-['A' 'Z' 'L' 'Y' 'F'],Male,1,No,No,7,Yes,No,DSL,No,No,Yes,No,Yes,Yes,Month-to-month,Yes,Mailed check,86.15,607.49,1
3513-['S' 'W' 'C' 'C' 'E'],Female,0,No,Yes,17,Yes,No,No,No,No,No,No,No,No,Month-to-month,No,Mailed check,34.96,593.27,0
4490-['S' 'E' 'N' 'U' 'P'],Female,0,No,No,36,Yes,Yes,No,No,No,No,No,No,No,Month-to-month,Yes,Mailed check,47.41,1699.8,0
5888-['A' 'Q' 'K' 'I' 'U'],Female,0,No,No,60,No,No,Fiber optic,No,Yes,No,No,Yes,No,Month-to-month,No,Mailed check,78.74,4724.31,1
5597-['Y' 'E' 'D' 'W' 'E'],Male,0,No,Yes,44,Yes,No,Fiber optic,Yes,No,Yes,No,No,Yes,One year,No,Electronic check,95.07,4194.3,0
7935-['R' 'M' 'E' 'Z' 'X'],Female,0,No,No,37,Yes,No,Fiber optic,No,Yes,Yes,No,Yes,No,Month-to-month,No,Credit card (automatic),94.33,3506.24,1
3258-['W' 'C' 'V' 'R' 'F'],Female,0,No,No,1,Yes,Yes,DSL,No,Yes,No,No,No,Yes,Two year,Yes,Bank transfer (automatic),86.92,90.6,0
2271-['E' 'A' 'H' 'Y' 'A'],Female,0,Yes,No,54,Yes,Yes,Fiber optic,No,Yes,No,No,No,Yes,Month-to-month,Yes,Electronic check,99.17,5344.48,1
5941-['K' 'B' 'U' 'D' 'M'],Female,0,No,No,14,Yes,No,Fiber optic,No,No,Yes,Yes,No,No,Two year,Yes,Mailed check,83.88,1178.0,0
1774-['F' 'C' 'I' 'N' 'T'],Male,0,No,No,58,Yes,No,DSL,No,No,Yes,Yes,No,No,One year,No,Electronic check,70.67,4093.26,0
5030-['K' 'E' 'N' 'S' 'H'],Male,1,Yes,Yes,4,Yes,No,Fiber optic,No,No,No,No,No,Yes,Month-to-month,Yes,Bank transfer (automatic),86.6,333.83,1
4518-['G' 'X' 'W' 'C' 'C'],Female,0,Yes,No,19,Yes,Yes,No,No,No,No,No,No,No,Month-to-month,Yes,Electronic check,49.15,951.88,0
7673-['M' 'A' 'E' 'D' 'P'],Male,0,No,Yes,11,Yes,No,No,No,No,No,No,No,No,Two year,Yes,Credit card (automatic),32.85,369.6,0
4996-['R' 'Q' 'N' 'N' 'S'],Male,1,No,No,56,Yes,No,Fiber optic,No,No,No,No,Yes,No,Month-to-month,Yes,Bank transfer (automatic),87.37,4899.28,1
7812-['F' 'M' 'R' 'Z' 'O'],Female,1,Yes,No,67,Yes,No,Fiber optic,No,Yes,No,Yes,Yes,Yes,Two year,Yes,Credit card (automatic),104.58,7020.87,1
3714-['G' 'S' 'Q' 'I' 'K'],Male,0,No,No,18,Yes,No,Fiber optic,No,Yes,No,No,No,No,Two year,No,Bank transfer (automatic),81.52,1469.44,1
8684-['B' 'O' 'X' 'L' 'J'],Female,0,No,No,26,Yes,No,Fiber optic,No,No,Yes,Yes,No,No,Two year,No,Electronic check,86.19,2235.99,1
7505-['T' 'K' 'J' 'G' 'N'],Female,0,Yes,Yes,52,Yes,No,DSL,No,Yes,No,No,Yes,Yes,One year,Yes,Mailed check,82.97,4307.16,0
7476-['E' 'S' 'J' 'H' 'R'],Male,0,Yes,Yes,41,Yes,Yes,DSL,No,Yes,No,No,Yes,Yes,One year,No,Electronic check,93.2,3823.32,0
3688-['E' 'K' 'T' 'K' 'P'],Female,0,No,Yes,44,Yes,No,Fiber optic,Yes,No,Yes,No,Yes,Yes,Month-to-month,Yes,Mailed check,106.8,4709.24,1
9078-['G' 'O' 'Y' 'P' 'F'],Female,0,Yes,No,67,No,No,Fiber optic,Yes,No,No,No,No,Yes,Month-to-month,Yes,Credit card (automatic),77.81,5213.53,1
9714-['Q' 'O' 'P' 'X' 'B'],Female,0,Yes,Yes,67,Yes,No,Fiber optic,No,No,No,No,No,Yes,Month-to-month,Yes,Electronic check,83.64,5613.32,1
4410-['F' 'R' 'U' 'K' 'I'],Female,0,Yes,No,23,Yes,No,Fiber optic,No,Yes,Yes,No,Yes,No,Two year,No,Mailed check,95.77,2201.5,0
3017-['R' 'O' 'Y' 'V' 'R'],Male,1,No,Yes,35,Yes,No,Fiber optic,No,No,No,Yes,No,No,Month-to-month,Yes,Bank transfer (automatic),80.35,2811.11,1
7386-['O' 'Q' 'R' 'R' 'K'],Female,0,Yes,No,4,Yes,Yes,Fiber optic,No,No,Yes,No,No,No,Two year,Yes,Electronic check,87.28,363.88,1
8158-['C' 'M' 'N' 'D' 'R'],Male,0,Yes,Yes,26,Yes,Yes,DSL,No,Yes,No,No,Yes,No,Month-to-month,Yes,Credit card (automatic),84.02,2186.12,1
7157-['Y' 'L' 'Y' 'G' 'L'],Male,0,Yes,No,36,Yes,Yes,Fiber optic,Yes,No,Yes,No,Yes,Yes,Month-to-month,Yes,Credit card (automatic),114.91,4124.37,1
8271-['U' 'U' 'C' 'V' 'A'],Male,1,Yes,No,26,Yes,Yes,DSL,No,No,No,No,No,No,Month-to-month,Yes,Credit card (automatic),71.27,1868.13,1
2834-['R' 'G' 'I' 'D' 'W'],Female,1,Yes,No,46,Yes,Yes,DSL,Yes,Yes,Yes,No,Yes,Yes,Two year,Yes,Electronic check,102.73,4740.28,0
7729-['R' 'W' 'P' 'L' 'S'],Male,0,Yes,Yes,63,Yes,No,DSL,Yes,Yes,No,No,No,Yes,Two year,No,Mailed check,81.4,5143.37,0
4157-['C' 'H' 'S' 'I' 'S'],Male,0,Yes,No,5,Yes,No,DSL,No,No,No,No,No,Yes,Two year,No,Electronic check,69.08,334.44,1
9432-['M' 'B' 'D' 'K' 'B'],Male,0,Yes,No,55,Yes,Yes,Fiber optic,No,Yes,No,Yes,Yes,Yes,Month-to-month,No,Electronic check,114.43,6294.98,1
3803-['A' 'Y' 'Z' 'K' 'W'],Male,0,Yes,No,13,Yes,Yes,No,No,No,No,No,No,No,Month-to-month,Yes,Mailed check,44.33,575.48,1
4026-['H' 'W' 'T' 'D' 'Y'],Male,0,No,No,21,Yes,Yes,DSL,Yes,No,Yes,No,Yes,No,Two year,No,Bank transfer (automatic),91.01,1908.61,0
2700-['E' 'O' 'W' 'Q' 'C'],Male,0,No,No,54,Yes,No,No,No,No,No,No,No,No,Month-to-month,No,Electronic check,38.52,2078.8,0
6585-['K' 'Z' 'F' 'L' 'V'],Male,0,No,No,51,Yes,Yes,Fiber optic,No,No,No,Yes,No,No,One year,No,Mailed check,91.39,4656.71,0
6456-['N' 'F' 'J' 'P' 'R'],Female,0,No,No,55,Yes,Yes,No,No,No,No,No,No,No,One year,No,Electronic check,42.98,2365.5,0
5037-['S' 'C' 'L' 'P' 'C'],Female,0,No,Yes,5,Yes,Yes,No,No,No,No,No,No,No,Month-to-month,Yes,Bank transfer (automatic),46.52,229.68,0
9175-['D' 'Y' 'T' 'M' 'D'],Male,0,Yes,No,19,No,No,No,No,No,No,No,No,No,Month-to-month,No,Mailed check,18.25,341.66,0
7548-['L' 'B' 'P' 'G' 'S'],Male,0,Yes,Yes,53,Yes,Yes,No,No,No,No,No,No,No,Two year,Yes,Bank transfer (automatic),45.12,2386.44,0
2002-['A' 'I' 'E' 'Z' 'Q'],Female,1,No,No,1,Yes,No,DSL,Yes,No,No,No,Yes,No,Month-to-month,No,Electronic check,75.63,76.39,1
4256-['M' 'X' 'K' 'M' 'M'],Male,0,Yes,No,71,Yes,No,Fiber optic,No,Yes,No,No,No,No,Month-to-month,Yes,Bank transfer (automatic),81.37,5778.37,1
5837-['Z' 'V' 'F' 'T' 'U'],Male,0,No,No,29,Yes,No,Fiber optic,No,No,Yes,No,No,Yes,Two year,No,Electronic check,88.9,2582.94,0
4620-['H' 'E' 'L' 'D' 'S'],Female,0,No,No,53,Yes,No,DSL,No,Yes,No,Yes,Yes,No,One year,Yes,Electronic check,79.58,4200.26,0
5337-['C' 'G' 'H' 'O' 'U'],Male,0,No,No,3,Yes,No,Fiber optic,Yes,Yes,Yes,No,Yes,No,Month-to-month,No,Credit card (automatic),97.46,291.66,1
8472-['S' 'D' 'P' 'Z' 'M'],Male,0,No,No,70,Yes,No,DSL,No,Yes,No,No,Yes,Yes,Two year,Yes,Mailed check,86.82,6080.96,0
1683-['D' 'L' 'Q' 'Z' 'I'],Male,0,Yes,No,46,Yes,No,Fiber optic,No,Yes,Yes,Yes,Yes,Yes,Month-to-month,No,Credit card (automatic),112.96,5193.43,1
3910-['O' 'T' 'B' 'I' 'N'],Male,0,Yes,No,18,Yes,No,DSL,No,Yes,No,No,Yes,Yes,Two year,No,Mailed check,85.09,1528.59,1
7691-['D' 'F' 'X' 'E' 'X'],Female,0,Yes,No,41,Yes,No,Fiber optic,No,No,No,No,No,Yes,Month-to-month,No,Electronic check,81.76,3353.3,1
4920-['M' 'T' 'Q' 'S' 'W'],Male,1,Yes,No,41,Yes,No,Fiber optic,No,Yes,Yes,No,No,Yes,One year,Yes,Bank transfer (automatic),91.56,3756.36,1
2360-['V' 'Y' 'C' 'N' 'L'],Male,1,No,No,50,Yes,No,DSL,No,Yes,Yes,No,No,No,Two year,No,Credit card (automatic),71.1,3555.92,0
7030-['F' 'T' 'V' 'B' 'D'],Female,1,Yes,No,2,Yes,No,No,No,No,No,No,No,No,Month-to-month,No,Bank transfer (automatic),36.12,89.73,1
1044-['M' 'W' 'V' 'Y' 'W'],Female,1,No,No,36,Yes,Yes,Fiber optic,No,Yes,No,No,Yes,No,Month-to-month,Yes,Credit card (automatic),99.3,3572.12,1
7085-['K' 'S' 'P' 'H' 'A'],Male,0,Yes,No,21,Yes,No,Fiber optic,No,Yes,No,Yes,Yes,Yes,One year,Yes,Electronic check,106.11,2224.62,1
6089-['S' 'N' 'C' 'W' 'X'],Male,0,Yes,No,32,Yes,Yes,DSL,No,Yes,No,No,No,No,Month-to-month,Yes,Electronic check,75.15,2391.97,1
6182-['I' 'W' 'H' 'K' 'O'],Male,1,No,Yes,48,Yes,No,DSL,Yes,No,No,Yes,No,Yes,One year,No,Electronic check,77.19,3712.64,0
1033-['A' 'C' 'Y' 'W' 'R'],Male,0,No,No,53,Yes,Yes,No,No,No,No,No,No,No,Month-to-month,Yes,Mailed check,43.24,2291.87,0
9653-['Q' 'B' 'S' 'V' 'I'],Male,0,No,Yes,61,Yes,No,Fiber optic,Yes,No,No,No,Yes,No,Two year,No,Electronic check,91.47,5580.03,0
4240-['H' 'G' 'V' 'X' 'F'],Male,0,No,Yes,34,Yes,No,DSL,Yes,No,No,No,Yes,Yes,Month-to-month,Yes,Credit card (automatic),86.32,2924.21,0
2409-['I' 'I' 'S' 'I' 'B'],Male,0,Yes,No,28,Yes,No,No,No,No,No,No,No,No,Two year,Yes,Electronic check,35.3,998.59,0
8634-['P' 'V' 'N' 'T' 'X'],Female,0,No,Yes,65,Yes,No,Fiber optic,Yes,No,No,No,No,Yes,Month-to-month,No,Credit card (automatic),89.99,5864.26,1
7208-['M' 'V' 'B' 'V' 'N'],Female,0,No,No,49,Yes,No,Fiber optic,No,Yes,No,Yes,No,Yes,Month-to-month,Yes,Bank transfer (automatic),97.47,4767.58,1
8328-['O' 'R' 'I' 'V' 'H'],Male,0,Yes,No,13,Yes,Yes,DSL,Yes,Yes,No,No,Yes,Yes,One year,Yes,Electronic check,97.75,1279.87,1
2574-['I' 'I' 'K' 'D' 'G'],Male,0,Yes,No,47,Yes,Yes,No,No,No,No,No,No,No,Month-to-month,Yes,Credit card (automatic),45.69,2130.87,0
8764-['G' 'D' 'L' 'Z' 'Q'],Male,1,No,No,43,Yes,No,Fiber optic,Yes,Yes,Yes,Yes,Yes,No,One year,Yes,Bank transfer (automatic),103.96,4478.06,0
4667-['Z' 'C' 'I' 'E' 'T'],Male,0,Yes,No,71,No,No,Fiber optic,No,No,Yes,Yes,Yes,Yes,Two year,Yes,Electronic check,90.08,6396.44,0
1583-['U' 'P' 'S' 'P' 'R'],Male,0,No,Yes,0,Yes,Yes,DSL,Yes,No,Yes,No,Yes,No,Two year,Yes,Credit card (automatic),90.13,0.0,0
2198-['X' 'R' 'N' 'X' 'P'],Male,0,No,No,27,No,No,Fiber optic,Yes,Yes,Yes,Yes,Yes,Yes,Two year,Yes,Bank transfer (automatic),98.88,2687.19,0
4303-['P' 'U' 'A' 'K' 'K'],Female,0,Yes,Yes,2,Yes,No,Fiber optic,No,Yes,Yes,No,Yes,No,Month-to-month,No,Electronic check,94.23,190.88,1
8549-['V' 'S' 'X' 'E' 'C'],Female,0,Yes,No,70,Yes,Yes,No,No,No,No,No,No,No,One year,Yes,Electronic check,44.79,3144.0,0
9603-['Z' 'W' 'H' 'D' 'M'],Male,1,No,No,47,Yes,Yes,DSL,No,Yes,No,No,No,Yes,Two year,Yes,Credit card (automatic),80.91,3791.05,0
7037-['N' 'A' 'E' 'U' 'G'],Male,0,No,No,31,Yes,Yes,Fiber optic,No,Yes,Yes,Yes,No,No,Two year,No,Mailed check,100.17,3105.36,0
2302-['F' 'O' 'O' 'H' 'B'],Male,0,Yes,No,8,Yes,No,DSL,No,No,Yes,No,No,No,Month-to-month,Yes,Electronic check,63.04,499.29,1
9717-['P' 'W' 'J' 'O' 'W'],Female,0,No,No,56,Yes,No,Fiber optic,No,Yes,No,No,Yes,Yes,Month-to-month,Yes,Bank transfer (automatic),101.27,5681.8,1
7667-['J' 'B' 'D' 'T' 'F'],Female,0,No,No,45,Yes,No,DSL,No,No,No,Yes,No,Yes,One year,No,Credit card (automatic),74.0,3334.69,0
9077-['W' 'C' 'O' 'Z' 'A'],Female,0,Yes,No,57,Yes,Yes,No,No,No,No,No,No,No,Two year,Yes,Bank transfer (automatic),41.18,2349.9,0
6688-['A' 'M' 'H' 'R' 'V'],Male,0,No,No,55,Yes,Yes,Fiber optic,No,No,No,No,Yes,No,Month-to-month,No,Credit card (automatic),93.26,5133.11,0
1674-['W' 'R' 'T' 'Z' 'I'],Female,0,No,Yes,14,No,No,Fiber optic,No,Yes,No,No,No,Yes,Month-to-month,No,Bank transfer (automatic),74.85,1064.09,1
4027-['B' 'Z' 'Y' 'D' 'Y'],Male,0,Yes,No,60,Yes,Yes,Fiber optic,No,Yes,Yes,No,No,Yes,One year,Yes,Credit card (automatic),105.46,6352.03,0
1797-['R' 'G' 'K' 'E' 'H'],Male,0,No,No,15,Yes,No,Fiber optic,No,Yes,No,No,No,No,One year,No,Mailed check,80.99,1204.27,1
8690-['X' 'T' 'T' 'O' 'X'],Male,0,No,No,45,Yes,Yes,Fiber optic,No,No,No,No,Yes,No,Month-to-month,Yes,Electronic check,96.92,4365.23,1
4110-['X' 'H' 'K' 'J' 'T'],Male,0,Yes,Yes,70,Yes,No,Fiber optic,Yes,No,Yes,Yes,Yes,No,One year,Yes,Credit card (automatic),97.23,6796.11,0
9360-['O' 'Z' 'T' 'X' 'V'],Female,0,Yes,No,34,Yes,No,Fiber optic,No,No,No,Yes,No,No,Two year,Yes,Mailed check,76.84,2616.29,0
8812-['O' 'D' 'E' 'O' 'Q'],Male,1,No,No,65,Yes,No,DSL,Yes,No,Yes,Yes,Yes,Yes,Month-to-month,No,Mailed check,92.85,6029.03,0
8227-['Y' 'S' 'I' 'J' 'E'],Male,0,Yes,Yes,56,Yes,Yes,DSL,No,Yes,Yes,No,Yes,No,Month-to-month,No,Bank transfer (automatic),91.14,5108.67,1
3441-['V' 'A' 'Y' 'Y' 'V'],Female,0,No,No,33,Yes,Yes,No,No,No,No,No,No,No,Month-to-month,No,Electronic check,48.46,1603.86,0
1951-['D' 'U' 'E' 'W' 'G'],Male,0,No,No,30,Yes,Yes,Fiber optic,No,Yes,Yes,No,No,Yes,Month-to-month,No,Electronic check,106.46,3199.55,1
9886-['E' 'T' 'H' 'Q' 'A'],Male,0,No,No,11,Yes,Yes,Fiber optic,Yes,No,Yes,No,Yes,No,Month-to-month,Yes,Electronic check,106.66,1177.39,1
6237-['R' 'L' 'C' 'T' 'N'],Male,0,No,No,64,Yes,Yes,Fiber optic,No,No,No,No,Yes,No,Two year,Yes,Electronic check,95.71,6132.55,0
8663-['R' 'J' 'W' 'O' 'J'],Female,0,Yes,Yes,46,Yes,Yes,Fiber optic,No,No,No,No,Yes,Yes,One year,Yes,Bank transfer (automatic),108.5,4985.88,1
9608-['S' 'B' 'M' 'Y' 'P'],Male,0,Yes,No,64,Yes,No,No,No,No,No,No,No,No,One year,Yes,Bank transfer (automatic),33.32,2146.57,1
4978-['K' 'V' 'U' 'R' 'J'],Male,0,No,Yes,0,Yes,No,Fiber optic,Yes,Yes,Yes,No,Yes,Yes,Month-to-month,Yes,Bank transfer (automatic),111.09,0.0,1
7501-['S' 'M' 'O' 'M' 'A'],Female,0,No,Yes,66,Yes,Yes,DSL,No,Yes,No,Yes,No,No,Month-to-month,No,Electronic check,81.05,5350.57,1
3260-['B' 'M' 'B' 'Y' 'K'],Male,0,No,No,13,Yes,No,DSL,No,Yes,Yes,Yes,Yes,No,Two year,No,Mailed check,84.8,1104.68,0
6870-['A' 'N' 'J' 'R' 'K'],Male,0,No,No,53,Yes,Yes,No,No,No,No,No,No,No,One year,No,Bank transfer (automatic),42.44,2250.52,0
8214-['C' 'B' 'V' 'H' 'H'],Male,0,Yes,Yes,9,Yes,Yes,Fiber optic,No,No,No,No,Yes,Yes,Month-to-month,No,Mailed check,104.77,946.09,1
2455-['B' 'V' 'E' 'G' 'T'],Male,0,No,Yes,66,Yes,Yes,No,No,No,No,No,No,No,Two year,Yes,Electronic check,42.35,2797.21,0
3267-['M' 'B' 'Z' 'C' 'I'],Female,0,Yes,No,49,Yes,No,Fiber optic,No,No,Yes,Yes,No,No,Month-to-month,No,Electronic check,81.9,3991.33,0
9012-['Y' 'U' 'M' 'E' 'W'],Female,0,Yes,Yes,35,No,No,DSL,No,No,No,No,Yes,No,Two year,No,Bank transfer (automatic),55.64,1949.74,1
1400-['O' 'E' 'X' 'G' 'B'],Male,1,Yes,No,10,Yes,Yes,DSL,Yes,No,Yes,No,Yes,No,One year,Yes,Electronic check,87.58,869.36,1
8933-['X' 'R' 'J' 'A' 'N'],Female,0,Yes,No,2,Yes,Yes,DSL,Yes,No,No,Yes,Yes,Yes,Two year,No,Mailed check,101.05,199.94,0
3618-['S' 'P' 'S' 'F' 'L'],Male,0,No,No,38,Yes,Yes,DSL,Yes,Yes,No,No,Yes,No,Two year,Yes,Mailed check,90.84,3455.74,0
8042-['G' 'X' 'C' 'Y' 'Q'],Male,0,Yes,Yes,9,Yes,No,DSL,No,Yes,Yes,No,No,Yes,One year,No,Electronic check,80.88,735.41,1
5878-['S' 'S' 'W' 'K' 'U'],Female,0,No,No,50,Yes,Yes,Fiber optic,Yes,Yes,No,No,Yes,Yes,Month-to-month,No,Credit card (automatic),118.28,5896.71,0
2651-['B' 'G' 'S' 'G' 'J'],Male,0,No,No,31,Yes,Yes,No,No,No,No,No,No,No,Two year,No,Credit card (automatic),45.53,1411.76,0
1683-['W' 'R' 'W' 'F' 'Z'],Male,0,No,Yes,51,Yes,No,DSL,No,Yes,No,Yes,No,No,Month-to-month,Yes,Electronic check,70.86,3593.06,1
8443-['U' 'H' 'E' 'C' 'B'],Male,0,No,No,71,Yes,Yes,Fiber optic,No,Yes,Yes,Yes,Yes,Yes,Month-to-month,Yes,Electronic check,118.75,8438.08,0
6909-['F' 'G' 'H' 'D' 'L'],Male,1,No,No,46,Yes,No,Fiber optic,No,No,Yes,No,Yes,Yes,Two year,Yes,Mailed check,95.74,4406.3,1
8819-['Q' 'V' 'V' 'S' 'I'],Female,0,Yes,Yes,12,No,No,DSL,No,No,Yes,Yes,No,No,One year,Yes,Mailed check,52.67,635.83,0
1715-['U' 'Q' 'W' 'J' 'S'],Female,0,No,Yes,66,Yes,Yes,DSL,No,Yes,No,Yes,No,No,Month-to-month,Yes,Electronic check,79.54,5245.92,0
7937-['Z' 'K' 'T' 'V' 'X'],Female,1,Yes,No,52,No,No,Fiber optic,Yes,Yes,No,No,Yes,Yes,Month-to-month,No,Bank transfer (automatic),87.94,4571.91,1
6059-['O' 'L' 'Y' 'X' 'Z'],Female,0,Yes,Yes,52,Yes,Yes,No,No,No,No,No,No,No,One year,Yes,Mailed check,45.46,2373.11,0
6385-['V' 'G' 'X' 'B' 'U'],Female,0,No,Yes,14,Yes,Yes,Fiber optic,No,No,Yes,Yes,Yes,Yes,Two year,Yes,Mailed check,115.09,1623.61,0
9454-['H' 'U' 'S' 'F' 'U'],Male,0,No,No,52,Yes,No,DSL,Yes,Yes,No,No,Yes,No,Two year,Yes,Electronic check,79.35,4125.84,0
9583-['Y' 'Y' 'V' 'T' 'D'],Female,0,Yes,No,41,Yes,No,Fiber optic,No,No,No,Yes,No,No,Month-to-month,No,Mailed check,78.47,3214.18,1
7616-['T' 'X' 'I' 'E' 'F'],Female,0,No,No,28,Yes,No,No,No,No,No,No,No,No,Month-to-month,No,Credit card (automatic),39.08,1089.41,1
7987-['E' 'E' 'R' 'Z' 'F'],Male,0,Yes,No,46,No,No,No,No,No,No,No,No,No,Month-to-month,No,Mailed check,18.25,847.7,1
8048-['K' 'W' 'N' 'X' 'B'],Male,0,No,No,29,Yes,No,No,No,No,No,No,No,No,Month-to-month,No,Bank transfer (automatic),33.38,986.22,1
8452-['N' 'Y' 'S' 'J' 'E'],Male,0,No,No,13,Yes,Yes,No,No,No,No,No,No,No,Two year,No,Electronic check,48.46,622.28,1
6091-['G' 'X' 'M' 'J' 'J'],Male,0,Yes,No,58,Yes,Yes,DSL,No,No,No,No,No,No,Month-to-month,Yes,Electronic check,67.69,3913.86,0
7627-['P' 'O' 'U' 'K' 'S'],Male,0,No,No,63,Yes,Yes,Fiber optic,No,No,Yes,No,No,Yes,One year,Yes,Electronic check,101.43,6392.18,1
7775-['C' 'O' 'P' 'N' 'E'],Female,0,Yes,No,43,Yes,Yes,DSL,Yes,No,No,Yes,No,No,One year,Yes,Bank transfer (automatic),80.65,3462.73,1
1176-['R' 'S' 'A' 'Y' 'I'],Female,0,No,No,13,Yes,Yes,DSL,Yes,Yes,No,No,Yes,No,Two year,Yes,Mailed check,93.26,1189.12,0
9852-['N' 'T' 'U' 'T' 'U'],Female,0,No,No,24,Yes,Yes,Fiber optic,Yes,Yes,Yes,No,No,Yes,Month-to-month,Yes,Bank transfer (automatic),112.28,2678.97,1
4670-['K' 'X' 'B' 'T' 'X'],Male,0,Yes,No,43,No,No,Fiber optic,No,Yes,No,No,No,No,One year,No,Mailed check,63.66,2731.57,0
4958-['Y' 'E' 'V' 'X' 'O'],Female,0,No,No,60,Yes,No,Fiber optic,No,No,Yes,No,No,No,Month-to-month,Yes,Bank transfer (automatic),84.19,5040.69,1
9715-['N' 'K' 'U' 'I' 'T'],Male,0,Yes,No,1,Yes,No,No,No,No,No,No,No,No,Month-to-month,Yes,Electronic check,35.17,36.94,1
9519-['L' 'C' 'U' 'O' 'H'],Female,0,Yes,Yes,42,Yes,Yes,Fiber optic,Yes,No,Yes,No,Yes,No,One year,No,Mailed check,104.64,4392.87,1
6950-['Z' 'G' 'Q' 'L' 'T'],Male,0,No,No,8,Yes,No,Fiber optic,Yes,No,No,Yes,No,No,Two year,Yes,Bank transfer (automatic),84.35,680.24,0
1145-['O' 'W' 'C' 'S' 'O'],Female,0,Yes,Yes,60,Yes,No,Fiber optic,No,Yes,Yes,No,Yes,No,Month-to-month,Yes,Mailed check,95.69,5730.88,0
1629-['Q' 'A' 'K' 'F' 'W'],Female,1,Yes,No,66,Yes,Yes,DSL,Yes,Yes,No,No,No,Yes,One year,Yes,Mailed check,91.28,6030.85,0
6555-['P' 'Z' 'F' 'L' 'S'],Male,1,No,No,23,Yes,Yes,Fiber optic,Yes,No,No,No,No,Yes,Month-to-month,No,Mailed check,98.46,2230.43,1
6498-['D' 'I' 'N' 'N' 'Q'],Male,0,Yes,No,64,No,No,No,No,No,No,No,No,No,Month-to-month,No,Electronic check,19.42,1246.09,1
1676-['W' 'S' 'B' 'M' 'K'],Male,0,No,No,37,Yes,Yes,Fiber optic,Yes,No,Yes,No,No,Yes,Month-to-month,Yes,Bank transfer (automatic),105.94,3919.09,1
6888-['U' 'C' 'L' 'G' 'A'],Female,0,No,Yes,69,Yes,No,No,No,No,No,No,No,No,One year,No,Bank transfer (automatic),32.78,2251.46,0
6149-['R' 'X' 'Z' 'T' 'F'],Male,0,No,No,4,Yes,No,Fiber optic,No,Yes,Yes,Yes,Yes,No,Two year,Yes,Credit card (automatic),100.0,391.63,1
8784-['W' 'H' 'W' 'R' 'Y'],Male,1,No,No,67,Yes,No,Fiber optic,Yes,No,Yes,No,Yes,No,Month-to-month,No,Electronic check,98.42,6590.47,1
3048-['N' 'R' 'S' 'S' 'J'],Male,0,Yes,Yes,66,Yes,No,DSL,Yes,No,Yes,No,No,Yes,One year,Yes,Credit card (automatic),79.81,5256.93,0
7087-['V' 'J' 'I' 'E' 'W'],Female,0,No,No,29,Yes,Yes,No,No,No,No,No,No,No,Month-to-month,Yes,Bank transfer (automatic),45.68,1315.49,1
1483-['F' 'F' 'M' 'D' 'V'],Male,0,No,No,61,Yes,No,DSL,No,No,Yes,Yes,Yes,Yes,Two year,No,Credit card (automatic),91.15,5565.02,0
5954-['E' 'B' 'I' 'K' 'T'],Female,0,No,No,6,Yes,No,Fiber optic,No,Yes,No,Yes,No,No,Month-to-month,No,Electronic check,82.85,496.67,1
5723-['K' 'G' 'Z' 'N' 'Z'],Female,0,No,Yes,50,Yes,No,Fiber optic,Yes,No,Yes,Yes,Yes,Yes,One year,Yes,Credit card (automatic),110.36,5527.75,0
2059-['F' 'C' 'W' 'F' 'C'],Female,0,No,No,31,No,No,Fiber optic,No,Yes,No,No,Yes,Yes,Two year,No,Mailed check,85.11,2646.13,1
2600-['Z' 'U' 'Z' 'R' 'W'],Male,0,No,Yes,25,Yes,Yes,DSL,Yes,No,No,No,Yes,No,Month-to-month,No,Electronic check,83.62,2088.52,1
1351-['W' 'D' 'F' 'Q' 'R'],Female,0,No,No,42,No,No,DSL,Yes,Yes,No,No,No,Yes,Month-to-month,No,Credit card (automatic),65.39,2738.13,1
4166-['F' 'B' 'L' 'L' 'D'],Male,1,No,No,61,Yes,No,DSL,No,No,Yes,Yes,Yes,Yes,Month-to-month,Yes,Bank transfer (automatic),88.78,5418.08,1
1563-['J' 'Y' 'J' 'G' 'N'],Male,0,Yes,No,30,Yes,No,No,No,No,No,No,No,No,One year,Yes,Bank transfer (automatic),35.51,1078.15,1
2190-['L' 'K' 'Q' 'K' 'U'],Male,0,Yes,No,22,Yes,No,No,No,No,No,No,No,No,One year,Yes,Mailed check,34.54,760.68,0
9447-['S' 'V' 'D' 'H' 'N'],Female,0,No,No,63,Yes,No,Fiber optic,Yes,Yes,No,Yes,Yes,No,One year,No,Electronic check,100.29,6320.74,0
8383-['N' 'P' 'O' 'L' 'P'],Female,0,No,Yes,71,Yes,No,No,No,No,No,No,No,No,Month-to-month,Yes,Credit card (automatic),34.44,2441.02,0
2042-['E' 'L' 'E' 'J' 'Z'],Female,1,No,No,54,Yes,No,Fiber optic,No,No,No,Yes,Yes,Yes,Month-to-month,No,Bank transfer (automatic),99.75,5384.96,1
4088-['O' 'H' 'H' 'H' 'J'],Male,0,No,No,15,Yes,No,Fiber optic,Yes,No,No,Yes,Yes,No,Two year,Yes,Mailed check,95.22,1444.35,0
2747-['M' 'P' 'I' 'P' 'J'],Male,0,Yes,Yes,8,Yes,No,No,No,No,No,No,No,No,Month-to-month,Yes,Mailed check,34.55,278.24,1
5610-['W' 'V' 'Y' 'N' 'M'],Female,0,Yes,No,3,No,No,DSL,No,No,No,No,No,Yes,One year,Yes,Bank transfer (automatic),55.65,152.02,1
1483-['D' 'F' 'X' 'S' 'K'],Female,0,No,Yes,38,Yes,Yes,DSL,No,No,No,Yes,No,No,Month-to-month,No,Mailed check,76.29,2895.34,0
8207-['N' 'H' 'N' 'W' 'G'],Male,0,Yes,No,43,Yes,No,Fiber optic,No,Yes,No,Yes,Yes,Yes,Month-to-month,Yes,Electronic check,105.65,4554.16,1
8412-['R' 'L' 'N' 'O' 'R'],Male,0,No,No,40,Yes,No,DSL,Yes,Yes,No,Yes,Yes,No,Month-to-month,Yes,Mailed check,85.61,3425.28,1
7332-['L' 'J' 'L' 'H' 'F'],Male,0,Yes,No,12,No,No,DSL,No,No,No,No,Yes,No,Month-to-month,Yes,Bank transfer (automatic),57.03,697.88,1
4415-['S' 'A' 'M' 'V' 'P'],Male,0,No,No,72,Yes,Yes,No,No,No,No,No,No,No,Month-to-month,No,Credit card (automatic),43.32,3102.01,0
8345-['L' 'Y' 'E' 'U' 'M'],Female,0,Yes,No,11,No,No,Fiber optic,No,No,No,No,Yes,Yes,Two year,No,Electronic check,77.93,833.79,1
3503-['F' 'C' 'Y' 'Z' 'T'],Female,0,Yes,No,23,No,No,Fiber optic,No,Yes,No,No,Yes,No,Month-to-month,No,Mailed check,77.05,1775.69,1
4075-['L' 'M' 'B' 'S' 'D'],Male,0,Yes,No,47,No,No,DSL,No,No,Yes,No,Yes,No,Month-to-month,No,Electronic check,62.29,2924.45,0
9978-['H' 'H' 'P' 'Z' 'K'],Female,0,No,Yes,31,Yes,No,DSL,No,Yes,No,Yes,No,No,Month-to-month,Yes,Credit card (automatic),66.2,2063.91,0
8697-['D' 'X' 'A' 'A' 'N'],Female,0,No,Yes,37,Yes,No,Fiber optic,Yes,Yes,No,No,No,Yes,One year,No,Bank transfer (automatic),96.45,3557.25,0
9010-['R' 'P' 'Q' 'X' 'B'],Male,0,Yes,No,65,Yes,Yes,Fiber optic,No,No,Yes,No,Yes,No,One year,Yes,Credit card (automatic),97.35,6327.16,0
8906-['O' 'B' 'X' 'S' 'I'],Male,0,Yes,Yes,53,Yes,Yes,No,No,No,No,No,No,No,Month-to-month,Yes,Electronic check,45.18,2400.32,1
4977-['U' 'Y' 'S' 'E' 'N'],Female,0,No,Yes,20,No,No,Fiber optic,Yes,No,No,No,Yes,Yes,Two year,Yes,Mailed check,85.42,1695.25,0
8791-['F' 'Y' 'H' 'B' 'R'],Male,0,No,No,30,Yes,No,DSL,No,No,No,Yes,No,Yes,Month-to-month,No,Credit card (automatic),76.99,2319.33,0
7900-['T' 'H' 'E' 'Q' 'P'],Female,0,Yes,Yes,63,Yes,Yes,DSL,Yes,Yes,Yes,No,No,No,Month-to-month,No,Electronic check,82.35,5199.16,0
7489-['E' 'Q' 'D' 'A' 'V'],Male,0,No,No,51,Yes,No,DSL,No,No,Yes,No,Yes,Yes,Month-to-month,No,Mailed check,83.38,4244.47,0
2605-['A' 'X' 'D' 'B' 'M'],Female,1,Yes,No,34,Yes,No,Fiber optic,No,No,No,No,Yes,No,One year,Yes,Mailed check,86.76,2960.11,1
5991-['K' 'C' 'G' 'J' 'K'],Male,0,No,No,15,Yes,Yes,DSL,No,Yes,Yes,No,Yes,Yes,One year,No,Electronic check,101.71,1529.9,0
3372-['W' 'B' 'O' 'P' 'D'],Female,0,Yes,No,39,Yes,No,Fiber optic,No,No,No,No,Yes,Yes,One year,Yes,Electronic check,96.07,3735.55,0
8803-['P' 'L' 'N' 'L' 'U'],Male,0,No,Yes,37,Yes,No,No,No,No,No,No,No,No,Two year,Yes,Mailed check,31.11,1149.45,0
6487-['P' 'V' 'L' 'B' 'W'],Male,0,Yes,No,56,Yes,No,Fiber optic,No,No,No,No,Yes,No,One year,Yes,Credit card (automatic),86.28,4824.97,0
3605-['K' 'I' 'V' 'G' 'L'],Male,0,No,Yes,2,Yes,Yes,Fiber optic,No,No,No,Yes,Yes,Yes,Two year,Yes,Mailed check,109.84,211.44,0
2360-['I' 'F' 'L' 'T' 'J'],Male,0,No,No,36,Yes,Yes,Fiber optic,No,No,Yes,No,No,Yes,Month-to-month,No,Electronic check,102.45,3671.34,1
6643-['A' 'B' 'S' 'A' 'P'],Male,0,Yes,No,1,Yes,No,Fiber optic,Yes,No,Yes,Yes,Yes,No,Two year,Yes,Electronic check,99.6,104.56,0
4343-['R' 'R' 'W' 'Z' 'M'],Female,0,Yes,No,2,Yes,Yes,DSL,No,Yes,Yes,No,Yes,Yes,Month-to-month,Yes,Credit card (automatic),99.51,218.47,1
2333-['L' 'I' 'E' 'I' 'M'],Female,0,Yes,Yes,46,No,No,No,No,No,No,No,No,No,Month-to-month,Yes,Mailed check,23.73,1088.72,1
4387-['J' 'P' 'N' 'Y' 'B'],Male,1,No,No,26,No,No,Fiber optic,No,Yes,No,No,Yes,No,Two year,No,Credit card (automatic),73.78,1907.94,0
5062-['Y' 'S' 'K' 'S' 'K'],Female,0,No,No,62,Yes,No,DSL,Yes,Yes,No,No,Yes,Yes,Two year,Yes,Bank transfer (automatic),90.61,5606.48,0
6950-['G' 'O' 'X' 'W' 'Y'],Female,1,Yes,No,37,Yes,No,No,No,No,No,No,No,No,Month-to-month,No,Mailed check,35.55,1286.63,0
5551-['D' 'R' 'N' 'U' 'R'],Male,1,No,No,43,Yes,No,No,No,No,No,No,No,No,Month-to-month,Yes,Credit card (automatic),35.18,1506.96,0
8715-['B' 'U' 'F' 'K' 'A'],Female,0,Yes,Yes,7,Yes,No,Fiber optic,Yes,No,Yes,Yes,No,Yes,Two year,Yes,Electronic check,96.95,669.92,1
5814-['L' 'X' 'R' 'E' 'K'],Female,1,Yes,No,22,Yes,Yes,Fiber optic,No,Yes,No,No,No,No,Two year,Yes,Bank transfer (automatic),92.21,2045.09,1
8287-['U' 'S' 'V' 'A' 'Q'],Female,0,Yes,Yes,5,Yes,No,Fiber optic,Yes,Yes,Yes,Yes,No,No,Month-to-month,No,Credit card (automatic),92.09,454.78,1
2177-['Z' 'K' 'S' 'X' 'K'],Female,1,Yes,No,24,Yes,Yes,Fiber optic,No,Yes,No,No,No,Yes,Month-to-month,No,Credit card (automatic),102.03,2449.24,1
4726-['H' 'N' 'A' 'J' 'G'],Male,0,Yes,Yes,58,Yes,Yes,DSL,No,No,No,No,Yes,No,Month-to-month,No,Mailed check,79.49,4633.53,1
8179-['B' 'R' 'U' 'G' 'T'],Female,0,No,No,56,Yes,Yes,Fiber optic,Yes,No,No,No,No,Yes,Month-to-month,No,Electronic check,98.73,5523.33,0
8224-['N' 'J' 'I' 'W' 'O'],Female,0,No,No,57,Yes,No,Fiber optic,No,Yes,No,No,No,No,Two year,Yes,Electronic check,82.09,4693.72,0
4897-['T' 'X' 'J' 'S' 'S'],Female,0,No,No,15,Yes,No,No,No,No,No,No,No,No,One year,Yes,Electronic check,36.28,564.74,0
9444-['L' 'I' 'T' 'D' 'A'],Female,0,No,Yes,25,Yes,No,Fiber optic,No,No,No,No,Yes,No,Month-to-month,No,Credit card (automatic),84.38,2086.98,1
5719-['A' 'M' 'C' 'L' 'W'],Male,0,No,No,46,Yes,Yes,Fiber optic,No,Yes,No,No,Yes,Yes,Two year,No,Bank transfer (automatic),111.63,5117.41,1
1552-['D' 'B' 'V' 'V' 'I'],Female,1,Yes,Yes,39,Yes,No,No,No,No,No,No,No,No,Month-to-month,No,Mailed check,37.88,1471.37,0
4422-['T' 'X' 'M' 'N' 'C'],Male,0,No,No,18,Yes,No,Fiber optic,No,No,No,No,No,Yes,Month-to-month,No,Mailed check,84.75,1535.33,1
6870-['V' 'X' 'J' 'Y' 'Q'],Male,0,No,No,43,No,No,Fiber optic,Yes,Yes,Yes,No,No,Yes,Two year,No,Mailed check,83.29,3584.09,1
2760-['K' 'E' 'I' 'G' 'G'],Male,0,No,No,25,Yes,No,Fiber optic,Yes,No,No,No,Yes,No,Month-to-month,Yes,Electronic check,93.28,2322.59,1
4561-['Y' 'E' 'P' 'W' 'Y'],Male,0,No,No,51,Yes,Yes,DSL,No,Yes,No,No,Yes,No,One year,Yes,Mailed check,86.77,4436.46,0
2508-['O' 'V' 'P' 'D' 'N'],Male,0,No,No,36,Yes,Yes,Fiber optic,No,No,Yes,Yes,No,Yes,Month-to-month,No,Bank transfer (automatic),107.97,3908.89,1
4447-['Q' 'Q' 'U' 'P' 'Z'],Female,0,Yes,No,46,Yes,Yes,DSL,No,No,No,No,Yes,No,One year,No,Electronic check,82.6,3820.93,1
1833-['K' 'O' 'C' 'X' 'P'],Female,0,Yes,No,71,Yes,Yes,No,No,No,No,No,No,No,Two year,No,Electronic check,43.33,3083.19,0
7260-['S' 'V' 'F' 'N' 'E'],Male,0,No,No,13,Yes,No,DSL,No,No,No,No,Yes,Yes,Month-to-month,Yes,Credit card (automatic),79.33,1041.01,0
8460-['F' 'R' 'V' 'R' 'S'],Male,0,Yes,Yes,25,Yes,No,Fiber optic,No,Yes,No,Yes,Yes,No,Month-to-month,Yes,Electronic check,92.72,2313.99,0
7721-['Q' 'A' 'I' 'M' 'D'],Female,0,Yes,No,46,Yes,Yes,Fiber optic,No,No,No,No,Yes,Yes,Two year,Yes,Mailed check,104.58,4805.32,0
1356-['Z' 'W' 'R' 'J' 'Y'],Female,1,No,No,12,Yes,Yes,Fiber optic,No,Yes,Yes,Yes,Yes,No,Month-to-month,No,Bank transfer (automatic),109.79,1319.68,1
5451-['Z' 'Z' 'M' 'M' 'Q'],Male,1,No,No,10,Yes,Yes,DSL,Yes,No,Yes,Yes,No,No,Two year,Yes,Electronic check,85.58,838.68,0
9515-['W' 'C' 'K' 'L' 'I'],Female,0,No,No,1,Yes,No,No,No,No,No,No,No,No,One year,Yes,Electronic check,37.56,46.77,1
2444-['E' 'S' 'K' 'I' 'C'],Female,0,No,No,29,Yes,Yes,No,No,No,No,No,No,No,Month-to-month,Yes,Mailed check,45.32,1315.51,1
2521-['M' 'Y' 'L' 'I' 'J'],Male,0,Yes,No,23,Yes,No,DSL,Yes,No,Yes,No,No,No,Two year,Yes,Electronic check,69.84,1579.86,0
9283-['M' 'T' 'T' 'M' 'Z'],Male,0,No,Yes,22,Yes,No,Fiber optic,Yes,Yes,No,No,Yes,Yes,Month-to-month,No,Mailed check,103.38,2280.6,1
6054-['V' 'I' 'X' 'J' 'S'],Male,1,Yes,Yes,69,Yes,No,DSL,No,Yes,No,No,No,No,Month-to-month,Yes,Credit card (automatic),65.37,4511.49,1
6413-['G' 'O' 'V' 'S' 'N'],Male,0,No,No,6,Yes,No,Fiber optic,No,No,No,Yes,No,No,One year,No,Credit card (automatic),79.99,481.79,1
9815-['N' 'Y' 'T' 'B' 'I'],Male,0,No,No,46,Yes,No,DSL,Yes,No,Yes,Yes,No,Yes,One year,Yes,Mailed check,83.56,3839.55,0
9228-['N' 'O' 'R' 'Q' 'I'],Female,0,No,Yes,9,Yes,No,DSL,Yes,Yes,No,Yes,Yes,No,Two year,No,Credit card (automatic),81.82,732.94,1
4346-['W' 'Y' 'I' 'P' 'Z'],Male,1,No,No,72,Yes,No,Fiber optic,No,Yes,No,No,Yes,No,Month-to-month,Yes,Mailed check,94.3,6790.47,1
2560-['C' 'V' 'E' 'G' 'W'],Female,0,Yes,No,29,Yes,No,DSL,Yes,No,No,No,Yes,Yes,One year,Yes,Credit card (automatic),84.5,2438.86,0
7720-['V' 'U' 'D' 'Z' 'P'],Male,0,No,No,47,No,No,No,No,No,No,No,No,No,One year,Yes,Bank transfer (automatic),22.26,1054.62,0
9032-['D' 'J' 'K' 'G' 'D'],Male,0,No,No,24,Yes,No,Fiber optic,No,Yes,No,No,No,No,Month-to-month,No,Electronic check,82.8,1983.97,1
1026-['J' 'E' 'G' 'Y' 'H'],Male,0,Yes,No,23,Yes,No,No,No,No,No,No,No,No,One year,Yes,Bank transfer (automatic),33.13,769.61,0
6601-['I' 'D' 'L' 'Z' 'K'],Male,0,No,No,11,Yes,No,DSL,Yes,No,No,Yes,No,Yes,Two year,Yes,Mailed check,79.05,860.88,0
3411-['U' 'D' 'M' 'V' 'A'],Male,0,No,Yes,70,Yes,No,Fiber optic,No,No,No,Yes,No,Yes,One year,Yes,Bank transfer (automatic),90.48,6323.65,1
9963-['D' 'H' 'Y' 'T' 'F'],Male,0,Yes,No,33,Yes,No,No,No,No,No,No,No,No,Month-to-month,Yes,Mailed check,29.63,981.08,1
7883-['D' 'K' 'I' 'N' 'D'],Female,1,No,No,2,Yes,Yes,No,No,No,No,No,No,No,Two year,No,Electronic check,44.67,71.75,0
3988-['Y' 'C' 'W' 'G' 'A'],Male,1,No,No,5,Yes,No,DSL,No,No,Yes,No,No,No,Two year,No,Bank transfer (automatic),67.0,337.83,0
9065-['E' 'X' 'V' 'N' 'M'],Male,0,Yes,No,58,Yes,Yes,Fiber optic,Yes,Yes,Yes,Yes,Yes,Yes,Month-to-month,No,Electronic check,118.75,6879.4,0
2238-['O' 'C' 'F' 'I' 'C'],Female,1,No,No,26,Yes,Yes,Fiber optic,Yes,Yes,Yes,No,No,No,Month-to-month,No,Electronic check,99.72,2572.93,1
8084-['M' 'V' 'G' 'E' 'Z'],Female,1,No,Yes,71,No,No,Fiber optic,Yes,Yes,Yes,No,No,Yes,Month-to-month,Yes,Mailed check,85.56,6074.31,0
9604-['H' 'H' 'V' 'G' 'S'],Male,0,No,No,35,Yes,Yes,No,No,No,No,No,No,No,Month-to-month,No,Electronic check,44.79,1556.65,1
2382-['W' 'D' 'J' 'M' 'D'],Female,0,No,No,60,Yes,No,No,No,No,No,No,No,No,Two year,Yes,Electronic check,35.11,2104.49,0
3589-['S' 'J' 'G' 'E' 'C'],Female,1,No,No,70,Yes,No,Fiber optic,No,Yes,Yes,No,No,No,Month-to-month,Yes,Mailed check,82.34,5741.01,1
7299-['V' 'V' 'B' 'K' 'J'],Male,0,No,No,64,Yes,Yes,Fiber optic,Yes,No,Yes,No,Yes,No,Two year,No,Bank transfer (automatic),104.53,6708.01,0
9566-['M' 'G' 'J' 'D' 'V'],Male,0,Yes,No,4,Yes,No,Fiber optic,No,No,Yes,No,No,No,Month-to-month,No,Mailed check,82.72,337.59,1
9915-['P' 'T' 'F' 'I' 'M'],Female,0,Yes,No,41,Yes,Yes,Fiber optic,No,Yes,No,No,No,No,Two year,No,Mailed check,89.41,3659.11,0
9734-['G' 'R' 'N' 'V' 'E'],Male,0,Yes,Yes,13,Yes,No,No,No,No,No,No,No,No,One year,Yes,Mailed check,34.38,436.04,0
3805-['M' 'X' 'H' 'O' 'S'],Female,0,No,No,64,Yes,No,DSL,Yes,Yes,No,No,Yes,Yes,Month-to-month,No,Electronic check,87.18,5593.76,0
1488-['F' 'W' 'Y' 'N' 'W'],Female,0,No,No,11,Yes,Yes,No,No,No,No,No,No,No,Two year,Yes,Credit card (automatic),44.82,485.49,0
5361-['I' 'Q' 'M' 'Q' 'S'],Female,0,Yes,No,1,Yes,No,No,No,No,No,No,No,No,Two year,No,Mailed check,35.81,23.56,0
7124-['I' 'A' 'A' 'E' 'H'],Female,0,Yes,No,13,Yes,No,Fiber optic,No,No,No,No,No,Yes,Month-to-month,Yes,Electronic check,84.08,1095.06,1
3798-['T' 'D' 'Y' 'I' 'V'],Male,0,No,No,66,Yes,No,Fiber optic,Yes,Yes,No,No,No,Yes,Month-to-month,Yes,Credit card (automatic),92.76,6111.39,1
3679-['Z' 'T' 'J' 'X' 'O'],Male,0,No,Yes,66,Yes,No,DSL,Yes,Yes,No,No,No,No,Month-to-month,No,Mailed check,67.85,4492.01,1
2316-['X' 'A' 'K' 'L' 'Z'],Male,0,Yes,Yes,13,Yes,Yes,No,No,No,No,No,No,No,Two year,Yes,Mailed check,47.7,636.86,0
4778-['W' 'P' 'Z' 'N' 'L'],Male,1,Yes,Yes,33,Yes,No,Fiber optic,No,No,No,No,No,No,One year,Yes,Bank transfer (automatic),72.61,2397.61,1
2523-['Z' 'P' 'U' 'H' 'Q'],Male,0,No,No,44,Yes,Yes,Fiber optic,No,No,No,No,Yes,Yes,Month-to-month,No,Mailed check,104.29,4585.83,1
5604-['I' 'D' 'H' 'J' 'O'],Male,0,Yes,No,8,Yes,No,No,No,No,No,No,No,No,Month-to-month,No,Mailed check,33.75,276.87,1
3621-['R' 'N' 'E' 'I' 'M'],Male,1,No,No,9,Yes,No,DSL,No,Yes,No,No,Yes,Yes,Month-to-month,Yes,Electronic check,86.33,774.33,1
8484-['Y' 'S' 'K' 'L' 'C'],Male,0,No,Yes,7,Yes,Yes,No,No,No,No,No,No,No,Two year,No,Mailed check,45.72,338.76,0
1705-['W' 'V' 'O' 'E' 'G'],Male,0,No,Yes,28,Yes,Yes,Fiber optic,Yes,Yes,No,Yes,No,No,One year,Yes,Electronic check,99.16,2764.04,0
4768-['P' 'O' 'P' 'Y' 'D'],Male,1,No,No,60,Yes,No,DSL,No,No,Yes,Yes,No,Yes,Month-to-month,Yes,Mailed check,79.14,4735.14,1
6221-['R' 'C' 'Y' 'V' 'X'],Male,0,Yes,No,53,No,No,Fiber optic,No,No,No,Yes,Yes,No,Month-to-month,Yes,Bank transfer (automatic),74.07,3921.55,0
4962-['E' 'B' 'W' 'P' 'F'],Male,0,No,No,38,No,No,Fiber optic,Yes,No,No,No,No,No,Two year,No,Electronic check,65.58,2492.75,0
5794-['O' 'R' 'F' 'M' 'X'],Female,1,No,No,32,Yes,Yes,Fiber optic,Yes,Yes,No,No,Yes,Yes,Month-to-month,Yes,Electronic check,113.65,3631.25,1
9332-['A' 'P' 'D' 'Q' 'R'],Male,1,No,No,22,Yes,Yes,No,No,No,No,No,No,No,Month-to-month,Yes,Mailed check,48.24,1076.08,1
3607-['A' 'F' 'K' 'F' 'Q'],Male,0,No,No,71,Yes,No,Fiber optic,Yes,Yes,Yes,No,No,Yes,One year,No,Bank transfer (automatic),100.47,7138.65,0
9771-['N' 'N' 'T' 'H' 'V'],Male,1,No,No,39,Yes,Yes,Fiber optic,Yes,No,No,Yes,No,Yes,One year,Yes,Bank transfer (automatic),105.99,4134.73,1
5417-['E' 'D' 'J' 'T' 'X'],Male,0,Yes,No,22,No,No,DSL,No,No,No,Yes,No,Yes,One year,Yes,Credit card (automatic),61.78,1359.27,0
8220-['C' 'P' 'J' 'O' 'D'],Male,0,Yes,No,58,Yes,No,Fiber optic,No,No,No,No,Yes,No,Month-to-month,No,Electronic check,85.48,4939.57,0
2806-['J' 'T' 'V' 'R' 'P'],Female,1,No,Yes,49,Yes,Yes,No,No,No,No,No,No,No,One year,No,Electronic check,46.72,2274.17,0
9820-['I' 'X' 'S' 'Q' 'J'],Female,0,Yes,No,63,Yes,Yes,Fiber optic,No,Yes,No,No,No,Yes,Month-to-month,Yes,Credit card (automatic),99.51,6267.24,0
9240-['J' 'U' 'U' 'V' 'B'],Male,0,Yes,No,55,Yes,Yes,DSL,No,No,Yes,No,Yes,No,Month-to-month,Yes,Electronic check,86.88,4788.67,0
1328-['B' 'R' 'L' 'O' 'U'],Male,0,No,No,42,Yes,No,Fiber optic,No,Yes,No,No,Yes,Yes,Month-to-month,Yes,Mailed check,102.48,4312.85,1
6368-['T' 'F' 'R' 'M' 'D'],Male,0,No,No,57,Yes,Yes,No,No,No,No,No,No,No,One year,No,Bank transfer (automatic),45.11,2578.14,0
2598-['L' 'I' 'B' 'P' 'A'],Female,0,No,No,11,Yes,Yes,No,No,No,No,No,No,No,Month-to-month,Yes,Credit card (automatic),48.48,543.3,1
6507-['O' 'T' 'A' 'T' 'O'],Male,1,No,No,35,No,No,DSL,No,Yes,No,No,Yes,No,One year,No,Credit card (automatic),56.0,1965.52,0
7242-['M' 'R' 'M' 'J' 'T'],Male,0,No,No,72,Yes,No,Fiber optic,No,Yes,Yes,Yes,No,Yes,Two year,No,Bank transfer (automatic),101.4,7308.44,0
7712-['H' 'A' 'R' 'L' 'R'],Female,0,Yes,No,5,No,No,DSL,Yes,Yes,No,No,No,Yes,Month-to-month,Yes,Bank transfer (automatic),65.03,329.99,1
8723-['T' 'I' 'B' 'N' 'D'],Female,0,No,No,31,Yes,Yes,No,No,No,No,No,No,No,Two year,Yes,Credit card (automatic),46.01,1428.96,0
2106-['F' 'I' 'Q' 'O' 'E'],Male,0,No,No,64,Yes,Yes,Fiber optic,Yes,No,No,No,Yes,Yes,Month-to-month,No,Bank transfer (automatic),110.05,7067.07,0
4995-['R' 'W' 'D' 'U' 'X'],Male,0,Yes,Yes,59,Yes,No,No,No,No,No,No,No,No,Month-to-month,No,Electronic check,37.82,2231.03,0
9186-['E' 'Z' 'D' 'E' 'S'],Female,0,No,Yes,53,No,No,DSL,No,Yes,No,Yes,No,No,Month-to-month,No,Electronic check,54.94,2923.28,0
2903-['L' 'I' 'X' 'P' 'N'],Male,0,Yes,Yes,23,Yes,No,DSL,No,No,Yes,No,No,No,Month-to-month,No,Bank transfer (automatic),63.93,1483.46,1
5542-['A' 'T' 'W' 'Z' 'U'],Male,0,No,No,28,Yes,No,No,No,No,No,No,No,No,Month-to-month,No,Bank transfer (automatic),34.93,969.27,1
2283-['I' 'X' 'S' 'N' 'V'],Female,0,No,No,7,Yes,No,Fiber optic,No,No,No,No,Yes,No,One year,Yes,Bank transfer (automatic),83.68,595.72,0
5363-['D' 'G' 'Q' 'A' 'N'],Male,0,Yes,No,12,Yes,Yes,DSL,Yes,Yes,No,No,No,No,One year,Yes,Bank transfer (automatic),79.1,959.67,0
8534-['L' 'L' 'F' 'Z' 'M'],Female,0,Yes,Yes,62,No,No,No,No,No,No,No,No,No,Two year,Yes,Mailed check,22.11,1357.79,0
1671-['Y' 'P' 'W' 'I' 'Z'],Male,0,No,Yes,24,Yes,Yes,No,No,No,No,No,No,No,Month-to-month,No,Bank transfer (automatic),46.67,1118.78,0
8373-['Y' 'X' 'G' 'L' 'C'],Male,0,No,No,28,Yes,No,Fiber optic,No,No,No,Yes,No,No,Month-to-month,Yes,Electronic check,82.09,2294.55,1
6677-['S' 'K' 'E' 'W' 'M'],Female,0,Yes,Yes,58,No,No,DSL,Yes,No,No,Yes,No,Yes,Two year,No,Mailed check,64.51,3741.22,0
9425-['G' 'Q' 'P' 'H' 'Q'],Female,0,No,No,60,Yes,No,Fiber optic,Yes,Yes,No,No,Yes,No,One year,No,Electronic check,95.36,5725.73,0
4347-['R' 'E' 'F' 'T' 'N'],Female,0,Yes,No,25,Yes,No,Fiber optic,No,No,No,No,Yes,No,Month-to-month,Yes,Bank transfer (automatic),85.39,2133.85,1
4179-['D' 'G' 'K' 'T' 'B'],Female,0,Yes,No,67,Yes,Yes,DSL,No,Yes,No,Yes,No,Yes,One year,No,Electronic check,90.26,6055.11,0
8267-['G' 'A' 'O' 'T' 'V'],Female,0,No,No,21,Yes,No,No,No,No,No,No,No,No,One year,No,Credit card (automatic),34.32,733.74,0
8799-['H' 'Y' 'E' 'N' 'R'],Female,0,No,No,6,Yes,No,No,No,No,No,No,No,No,Month-to-month,No,Mailed check,34.97,209.73,1
7977-['Y' 'V' 'P' 'N' 'P'],Female,0,No,No,56,Yes,No,DSL,No,No,No,No,No,No,Two year,Yes,Mailed check,59.56,3357.75,0
8050-['Q' 'C' 'W' 'W' 'E'],Female,1,No,No,61,Yes,No,DSL,No,No,No,No,Yes,Yes,Month-to-month,No,Credit card (automatic),81.03,4940.53,1
8004-['O' 'W' 'E' 'V' 'C'],Female,1,No,No,17,No,No,Fiber optic,No,Yes,Yes,No,No,Yes,Month-to-month,No,Electronic check,79.91,1387.63,1
2797-['W' 'N' 'X' 'B' 'R'],Male,0,No,No,9,Yes,No,No,No,No,No,No,No,No,Month-to-month,No,Electronic check,35.55,327.32,1
8005-['F' 'X' 'E' 'N' 'Q'],Male,0,No,Yes,30,Yes,No,Fiber optic,No,Yes,Yes,No,No,Yes,Month-to-month,Yes,Electronic check,94.49,2834.56,1
9896-['J' 'I' 'T' 'L' 'Z'],Female,0,Yes,No,25,Yes,Yes,No,No,No,No,No,No,No,Month-to-month,No,Electronic check,44.99,1119.45,0
5314-['X' 'R' 'L' 'B' 'A'],Male,0,No,Yes,54,Yes,No,DSL,No,Yes,No,No,Yes,No,Two year,No,Electronic check,76.17,4116.66,0
6496-['A' 'V' 'L' 'G' 'D'],Female,0,Yes,No,24,Yes,No,No,No,No,No,No,No,No,Month-to-month,Yes,Mailed check,36.08,867.81,1
7051-['Z' 'O' 'A' 'F' 'N'],Female,0,Yes,Yes,51,Yes,No,Fiber optic,No,No,No,No,Yes,Yes,Two year,Yes,Bank transfer (automatic),96.03,4896.63,0
4417-['N' 'J' 'G' 'W' 'X'],Male,0,Yes,No,17,Yes,No,Fiber optic,Yes,Yes,No,No,Yes,Yes,Month-to-month,Yes,Electronic check,104.55,1777.24,1
7517-['L' 'X' 'S' 'I' 'C'],Female,0,No,Yes,23,No,No,DSL,No,Yes,No,No,No,Yes,Month-to-month,Yes,Electronic check,64.98,1504.56,1
6673-['N' 'F' 'H' 'S' 'J'],Female,0,Yes,No,14,Yes,No,Fiber optic,Yes,Yes,No,No,Yes,No,One year,Yes,Mailed check,92.74,1299.96,0
6220-['I' 'W' 'I' 'O' 'I'],Female,0,Yes,Yes,7,Yes,No,Fiber optic,No,No,No,Yes,No,Yes,Month-to-month,Yes,Credit card (automatic),90.92,637.63,1
3460-['N' 'F' 'V' 'T' 'H'],Female,0,No,No,42,Yes,No,Fiber optic,No,No,No,No,No,No,Month-to-month,Yes,Credit card (automatic),74.53,3114.04,1
6245-['B' 'E' 'Q' 'J' 'N'],Male,0,No,No,23,Yes,No,DSL,No,No,Yes,Yes,No,Yes,Month-to-month,No,Credit card (automatic),79.29,1836.79,1
3513-['A' 'V' 'B' 'D' 'M'],Female,0,No,No,64,Yes,No,No,No,No,No,No,No,No,Two year,Yes,Electronic check,36.96,2379.82,0
3031-['E' 'W' 'J' 'Q' 'K'],Male,0,No,Yes,25,Yes,Yes,DSL,Yes,No,Yes,Yes,No,Yes,One year,No,Bank transfer (automatic),95.12,2370.65,0
2055-['E' 'O' 'D' 'G' 'J'],Male,0,No,No,25,Yes,No,DSL,No,No,No,No,Yes,Yes,Two year,Yes,Electronic check,77.64,1937.39,0
2750-['X' 'D' 'T' 'Z' 'E'],Female,0,No,No,65,No,No,Fiber optic,Yes,Yes,No,Yes,Yes,Yes,Month-to-month,No,Credit card (automatic),99.35,6465.02,0
4428-['K' 'S' 'E' 'U' 'H'],Male,0,Yes,No,39,Yes,Yes,Fiber optic,No,No,No,No,Yes,No,Month-to-month,Yes,Mailed check,96.69,3769.15,1
5391-['M' 'E' 'R' 'X' 'I'],Male,0,No,No,13,Yes,No,Fiber optic,No,No,Yes,No,No,No,Month-to-month,Yes,Bank transfer (automatic),80.29,1054.87,1
8951-['N' 'Q' 'F' 'C' 'Q'],Male,0,Yes,No,32,No,No,DSL,Yes,Yes,Yes,No,Yes,No,Month-to-month,Yes,Mailed check,68.63,2190.18,1
3604-['F' 'H' 'Y' 'F' 'P'],Male,0,No,No,56,Yes,No,Fiber optic,No,No,Yes,No,No,No,Month-to-month,Yes,Electronic check,82.31,4601.82,0
1101-['Q' 'U' 'C' 'W' 'L'],Female,1,No,No,38,No,No,Fiber optic,No,No,Yes,No,No,No,One year,Yes,Bank transfer (automatic),65.03,2479.54,1
4135-['F' 'U' 'G' 'K' 'I'],Female,1,No,No,0,Yes,No,Fiber optic,No,No,No,Yes,Yes,Yes,One year,Yes,Mailed check,98.94,0.0,0
8631-['E' 'O' 'U' 'Z' 'D'],Female,0,No,No,36,Yes,Yes,DSL,No,No,Yes,No,Yes,Yes,Month-to-month,Yes,Credit card (automatic),95.66,3437.15,0
4268-['G' 'C' 'D' 'Y' 'O'],Male,0,No,No,17,Yes,Yes,DSL,No,Yes,No,No,No,Yes,Month-to-month,No,Electronic check,82.26,1384.03,0
5315-['B' 'X' 'Y' 'E' 'G'],Male,0,No,Yes,29,Yes,No,Fiber optic,No,No,Yes,Yes,No,No,One year,No,Electronic check,85.7,2485.06,1
5848-['H' 'I' 'J' 'K' 'A'],Female,1,Yes,No,26,Yes,Yes,Fiber optic,Yes,Yes,Yes,Yes,Yes,Yes,Month-to-month,Yes,Mailed check,118.75,3100.07,1
1679-['S' 'L' 'F' 'J' 'X'],Male,0,No,No,59,Yes,Yes,DSL,Yes,No,Yes,No,No,Yes,Month-to-month,Yes,Bank transfer (automatic),93.24,5513.35,0
4748-['X' 'G' 'G' 'W' 'Y'],Male,1,Yes,Yes,48,Yes,No,Fiber optic,No,Yes,No,Yes,No,Yes,Month-to-month,No,Electronic check,95.46,4592.13,0
5789-['V' 'I' 'O' 'F' 'P'],Female,0,Yes,No,29,Yes,No,DSL,Yes,No,Yes,No,Yes,No,Two year,No,Electronic check,80.42,2336.86,0
7694-['O' 'W' 'B' 'H' 'L'],Male,0,No,Yes,44,Yes,Yes,Fiber optic,No,Yes,Yes,No,Yes,Yes,Month-to-month,No,Mailed check,115.2,5055.72,0
8978-['F' 'T' 'M' 'W' 'P'],Male,0,No,Yes,20,Yes,Yes,No,No,No,No,No,No,No,Month-to-month,Yes,Electronic check,46.71,920.76,0
8655-['Q' 'Z' 'M' 'D' 'T'],Female,1,Yes,No,53,Yes,No,DSL,No,Yes,Yes,No,Yes,Yes,Two year,Yes,Mailed check,91.72,4857.91,0
3921-['Y' 'V' 'T' 'P' 'Q'],Female,0,No,No,15,Yes,Yes,Fiber optic,No,No,No,No,Yes,No,Month-to-month,Yes,Bank transfer (automatic),90.23,1352.9,1
6415-['K' 'Y' 'E' 'U' 'Z'],Female,0,No,Yes,17,Yes,No,Fiber optic,No,Yes,No,Yes,No,No,Two year,Yes,Credit card (automatic),87.75,1502.22,0
6047-['H' 'U' 'P' 'D' 'F'],Female,0,No,Yes,33,Yes,No,DSL,No,No,No,Yes,No,No,One year,Yes,Electronic check,65.13,2144.86,0
8929-['U' 'H' 'I' 'M' 'Q'],Female,0,Yes,Yes,20,Yes,No,Fiber optic,Yes,No,No,No,No,No,Month-to-month,No,Electronic check,80.24,1607.29,1
7476-['I' 'F' 'J' 'E' 'G'],Female,0,No,No,30,Yes,No,DSL,No,No,No,No,No,No,Month-to-month,Yes,Credit card (automatic),58.46,1753.55,1
4400-['Y' 'J' 'K' 'C' 'H'],Female,0,No,No,9,Yes,No,Fiber optic,No,Yes,No,No,No,No,Month-to-month,No,Credit card (automatic),80.11,727.1,0
4344-['G' 'L' 'P' 'O' 'U'],Male,0,Yes,Yes,3,Yes,Yes,No,No,No,No,No,No,No,Month-to-month,No,Bank transfer (automatic),46.54,138.29,1
2628-['M' 'R' 'R' 'X' 'E'],Female,0,No,No,14,Yes,Yes,Fiber optic,Yes,No,Yes,No,No,No,One year,Yes,Mailed check,95.73,1330.04,0
2290-['C' 'Q' 'W' 'L' 'C'],Male,0,Yes,No,52,Yes,No,No,No,No,No,No,No,No,Month-to-month,No,Credit card (automatic),31.36,1638.14,1
3550-['B' 'D' 'R' 'T' 'U'],Female,1,Yes,No,58,No,No,DSL,Yes,No,No,Yes,No,No,Two year,No,Bank transfer (automatic),52.85,3056.55,0
2997-['H' 'B' 'Z' 'S' 'J'],Male,0,Yes,Yes,54,No,No,DSL,No,No,Yes,No,No,Yes,Two year,No,Bank transfer (automatic),61.49,3291.48,0
7299-['E' 'K' 'I' 'P' 'Z'],Male,0,Yes,No,61,No,No,DSL,No,No,Yes,Yes,Yes,No,Month-to-month,No,Credit card (automatic),66.03,4015.61,1
9813-['I' 'T' 'Z' 'E' 'O'],Male,0,No,No,41,Yes,No,Fiber optic,No,Yes,No,Yes,No,No,Month-to-month,Yes,Mailed check,85.14,3488.44,1
3804-['U' 'D' 'T' 'U' 'V'],Male,0,No,No,27,Yes,No,No,No,No,No,No,No,No,Month-to-month,Yes,Electronic check,33.84,919.09,1
8871-['G' 'O' 'V' 'Q' 'R'],Male,0,No,No,6,Yes,No,DSL,No,No,No,Yes,No,No,Month-to-month,Yes,Electronic check,63.91,363.02,1
9710-['S' 'J' 'M' 'B' 'V'],Female,0,Yes,Yes,10,Yes,No,Fiber optic,No,Yes,Yes,Yes,No,Yes,Two year,Yes,Credit card (automatic),100.44,990.71,0
7906-['T' 'K' 'E' 'F' 'C'],Female,0,Yes,No,28,Yes,Yes,Fiber optic,No,Yes,No,Yes,No,No,One year,Yes,Credit card (automatic),100.2,2804.0,0
5546-['V' 'D' 'G' 'O' 'K'],Female,0,Yes,No,33,Yes,Yes,No,No,No,No,No,No,No,One year,Yes,Electronic check,44.18,1473.72,0
1401-['L' 'D' 'X' 'K' 'F'],Male,0,No,No,24,Yes,No,No,No,No,No,No,No,No,Month-to-month,No,Bank transfer (automatic),35.2,822.9,0
1178-['Z' 'R' 'O' 'C' 'Q'],Male,0,No,No,55,Yes,No,DSL,Yes,No,No,No,No,Yes,Two year,Yes,Credit card (automatic),75.0,4132.7,0
6665-['S' 'I' 'H' 'L' 'O'],Male,1,Yes,No,39,Yes,Yes,DSL,No,No,No,No,No,No,Month-to-month,No,Credit card (automatic),68.57,2683.15,0
6528-['W' 'G' 'U' 'P' 'G'],Female,0,Yes,No,62,No,No,No,No,No,No,No,No,No,One year,No,Bank transfer (automatic),19.31,1191.11,0
8275-['Q' 'K' 'D' 'S' 'B'],Male,0,No,No,49,Yes,No,DSL,No,No,No,Yes,No,No,One year,No,Mailed check,61.8,3028.06,0
7561-['X' 'Q' 'X' 'I' 'V'],Male,1,No,Yes,10,Yes,No,Fiber optic,No,Yes,No,No,No,Yes,Month-to-month,Yes,Bank transfer (automatic),93.44,923.8,1
6888-['J' 'W' 'O' 'U' 'O'],Female,0,Yes,Yes,59,Yes,No,DSL,Yes,Yes,Yes,Yes,Yes,No,Month-to-month,Yes,Credit card (automatic),91.87,5428.15,0
5216-['W' 'U' 'B' 'N' 'D'],Female,0,No,No,63,Yes,No,Fiber optic,No,No,No,Yes,Yes,Yes,One year,Yes,Electronic check,102.15,6448.02,0
3184-['B' 'B' 'R' 'Q' 'I'],Female,0,Yes,No,3,Yes,No,DSL,No,Yes,No,No,No,Yes,Month-to-month,Yes,Electronic check,70.06,222.73,1
8751-['B' 'B' 'E' 'L' 'P'],Male,1,No,No,30,Yes,No,DSL,Yes,Yes,No,No,Yes,Yes,One year,Yes,Credit card (automatic),90.03,2701.34,1
2101-['T' 'B' 'X' 'H' 'D'],Male,0,No,Yes,53,No,No,DSL,No,No,No,Yes,No,No,Two year,No,Mailed check,46.91,2494.46,0
2832-['T' 'Z' 'Y' 'S' 'B'],Female,0,No,No,55,Yes,No,Fiber optic,Yes,No,No,Yes,No,No,Two year,No,Mailed check,82.18,4512.98,0
6807-['K' 'H' 'L' 'C' 'M'],Male,0,No,No,43,Yes,No,Fiber optic,Yes,Yes,No,Yes,No,Yes,One year,No,Electronic check,95.4,4100.98,1
6850-['H' 'O' 'X' 'U' 'I'],Male,0,Yes,Yes,4,Yes,No,Fiber optic,No,No,No,No,Yes,No,Month-to-month,Yes,Electronic check,85.01,350.63,1
9981-['U' 'C' 'G' 'N' 'O'],Male,0,No,No,66,Yes,Yes,DSL,No,Yes,No,No,Yes,Yes,Month-to-month,Yes,Electronic check,94.43,6228.81,1
4656-['T' 'K' 'G' 'L' 'S'],Male,0,Yes,No,67,Yes,No,DSL,Yes,Yes,No,Yes,No,No,One year,No,Mailed check,74.97,5021.5,0
3842-['R' 'M' 'K' 'A' 'F'],Female,0,Yes,No,8,Yes,Yes,Fiber optic,No,No,Yes,No,No,No,One year,No,Bank transfer (automatic),88.26,696.57,0
4948-['S' 'I' 'S' 'W' 'A'],Male,0,No,No,3,Yes,Yes,No,No,No,No,No,No,No,Month-to-month,No,Mailed check,50.66,152.17,1
5472-['H' 'W' 'Z' 'N' 'X'],Male,0,Yes,No,15,Yes,No,DSL,No,Yes,No,No,No,No,Month-to-month,No,Bank transfer (automatic),65.37,975.42,0
5847-['D' 'R' 'N' 'I' 'O'],Female,1,No,Yes,69,Yes,Yes,DSL,No,No,No,No,No,No,One year,Yes,Bank transfer (automatic),68.84,4748.74,0
1002-['D' 'W' 'R' 'N' 'O'],Male,0,No,No,14,Yes,Yes,Fiber optic,No,Yes,No,Yes,Yes,Yes,One year,Yes,Bank transfer (automatic),117.62,1634.11,0
4579-['J' 'X' 'L' 'U' 'I'],Male,0,Yes,Yes,51,Yes,Yes,Fiber optic,No,No,No,Yes,Yes,Yes,One year,Yes,Bank transfer (automatic),110.39,5654.71,1
3823-['Q' 'I' 'M' 'N' 'E'],Female,0,Yes,No,30,Yes,No,Fiber optic,No,No,Yes,No,Yes,No,Two year,Yes,Bank transfer (automatic),91.68,2753.93,1
1520-['Y' 'Z' 'Z' 'P' 'S'],Male,0,No,No,43,Yes,No,No,No,No,No,No,No,No,Two year,Yes,Mailed check,35.05,1512.65,0
7807-['W' 'G' 'L' 'Z' 'B'],Female,0,Yes,No,35,Yes,Yes,No,No,No,No,No,No,No,Month-to-month,No,Electronic check,47.05,1657.31,1
8793-['R' 'P' 'K' 'B' 'N'],Male,1,No,Yes,1,Yes,No,DSL,No,No,No,No,No,No,Month-to-month,Yes,Mailed check,61.85,71.24,1
3157-['G' 'I' 'H' 'I' 'G'],Male,0,Yes,No,27,Yes,Yes,DSL,No,No,No,No,No,Yes,Two year,No,Mailed check,79.47,2144.08,0
9562-['Q' 'Z' 'W' 'M' 'K'],Male,0,Yes,No,39,Yes,No,Fiber optic,Yes,No,Yes,No,No,No,Month-to-month,Yes,Electronic check,83.26,3246.69,1
6141-['R' 'Q' 'P' 'J' 'D'],Female,0,No,No,62,Yes,No,No,No,No,No,No,No,No,Two year,Yes,Mailed check,32.14,1988.03,0
3493-['D' 'V' 'K' 'U' 'Y'],Male,0,No,No,62,No,No,Fiber optic,No,No,No,No,No,Yes,Month-to-month,Yes,Mailed check,66.6,4109.5,1
5521-['W' 'I' 'C' 'Y' 'B'],Male,0,No,No,16,Yes,Yes,No,No,No,No,No,No,No,Month-to-month,No,Electronic check,41.25,643.57,1
3376-['M' 'F' 'D' 'N' 'K'],Female,0,No,Yes,37,Yes,No,DSL,No,No,No,Yes,No,No,Month-to-month,Yes,Bank transfer (automatic),67.2,2481.12,1
5577-['Z' 'C' 'E' 'Y' 'G'],Male,1,No,No,35,Yes,Yes,No,No,No,No,No,No,No,Two year,Yes,Electronic check,43.85,1518.72,0
4722-['L' 'K' 'S' 'M' 'D'],Male,0,Yes,No,31,Yes,No,Fiber optic,No,No,Yes,No,No,No,One year,Yes,Credit card (automatic),78.11,2426.43,1
5813-['L' 'B' 'H' 'V' 'S'],Male,0,Yes,No,53,Yes,Yes,No,No,No,No,No,No,No,One year,No,Electronic check,46.16,2453.95,0
9468-['U' 'A' 'E' 'V' 'Z'],Female,0,Yes,No,58,Yes,No,No,No,No,No,No,No,No,One year,Yes,Mailed check,35.09,2037.73,0
4402-['M' 'B' 'S' 'P' 'Z'],Female,0,No,No,24,Yes,Yes,Fiber optic,No,No,Yes,No,No,No,Month-to-month,No,Electronic check,89.76,2159.17,1
1164-['N' 'S' 'E' 'U' 'X'],Female,0,Yes,No,13,Yes,Yes,No,No,No,No,No,No,No,Month-to-month,No,Bank transfer (automatic),46.38,596.12,0
2768-['X' 'L' 'P' 'S' 'O'],Male,0,No,No,43,Yes,Yes,No,No,No,No,No,No,No,Month-to-month,No,Bank transfer (automatic),42.23,1827.74,0
7621-['O' 'C' 'Q' 'M' 'I'],Female,0,No,No,24,Yes,Yes,Fiber optic,No,Yes,No,Yes,No,No,Month-to-month,Yes,Mailed check,97.65,2332.88,0
1140-['P' 'S' 'N' 'H' 'V'],Male,0,No,Yes,34,Yes,No,DSL,Yes,No,No,No,Yes,No,One year,No,Credit card (automatic),74.01,2530.54,0
2015-['C' 'W' 'U' 'R' 'P'],Female,0,Yes,Yes,46,Yes,No,DSL,Yes,No,No,No,Yes,No,Month-to-month,Yes,Mailed check,74.45,3414.23,0
4120-['T' 'K' 'M' 'K' 'D'],Female,0,No,No,46,No,No,Fiber optic,No,No,No,No,Yes,Yes,Month-to-month,Yes,Electronic check,82.1,3769.13,0
9813-['E' 'D' 'A' 'N' 'G'],Male,0,No,Yes,16,Yes,Yes,DSL,Yes,Yes,No,No,No,No,Month-to-month,No,Electronic check,77.48,1230.71,1
1073-['B' 'J' 'C' 'U' 'H'],Female,0,No,Yes,22,No,No,Fiber optic,Yes,Yes,No,No,Yes,Yes,Month-to-month,Yes,Mailed check,91.0,1985.01,1
1297-['H' 'N' 'R' 'I' 'V'],Female,0,Yes,No,16,Yes,No,Fiber optic,No,Yes,No,No,No,Yes,Month-to-month,Yes,Mailed check,89.25,1416.84,1
2634-['N' 'N' 'U' 'P' 'E'],Male,0,Yes,Yes,28,Yes,Yes,No,No,No,No,No,No,No,Month-to-month,No,Electronic check,48.32,1344.44,0
3844-['W' 'X' 'O' 'U' 'I'],Male,0,No,No,1,Yes,Yes,Fiber optic,Yes,No,Yes,Yes,Yes,No,One year,Yes,Credit card (automatic),109.83,108.43,1
6190-['M' 'W' 'H' 'L' 'D'],Male,0,No,No,10,Yes,No,DSL,No,No,No,No,Yes,No,Month-to-month,Yes,Credit card (automatic),68.46,663.07,1
4087-['Z' 'F' 'E' 'A' 'N'],Male,0,No,No,15,Yes,Yes,DSL,No,No,No,Yes,Yes,No,One year,Yes,Bank transfer (automatic),88.69,1327.85,0
7460-['I' 'R' 'F' 'O' 'P'],Male,0,No,No,50,No,No,DSL,Yes,No,No,No,No,Yes,Month-to-month,Yes,Mailed check,57.73,2907.0,1
6554-['E' 'N' 'G' 'D' 'U'],Male,0,Yes,No,20,Yes,Yes,DSL,No,No,No,No,Yes,No,Month-to-month,Yes,Bank transfer (automatic),82.44,1639.32,1
5832-['D' 'N' 'W' 'P' 'Z'],Male,0,No,No,20,Yes,No,Fiber optic,Yes,Yes,No,No,Yes,Yes,Month-to-month,Yes,Electronic check,104.35,2080.93,0
7665-['D' 'L' 'F' 'M' 'U'],Male,0,No,Yes,5,Yes,Yes,Fiber optic,Yes,No,No,No,Yes,No,Month-to-month,Yes,Mailed check,99.64,496.42,1
9864-['H' 'W' 'P' 'E' 'Z'],Female,0,Yes,No,45,Yes,No,No,No,No,No,No,No,No,One year,No,Electronic check,35.52,1597.1,0
5697-['G' 'Z' 'C' 'X' 'U'],Male,1,No,No,22,Yes,No,DSL,No,No,No,No,No,Yes,Month-to-month,Yes,Electronic check,69.99,1531.31,1
2185-['T' 'W' 'J' 'T' 'I'],Female,1,Yes,Yes,57,Yes,Yes,Fiber optic,No,No,No,No,No,No,Two year,Yes,Bank transfer (automatic),85.23,4866.1,0
2617-['F' 'T' 'F' 'Z' 'Y'],Male,0,No,No,56,Yes,No,DSL,No,No,Yes,No,No,Yes,Month-to-month,Yes,Mailed check,72.98,4079.63,0
1425-['Y' 'I' 'I' 'C' 'L'],Male,0,No,No,60,Yes,Yes,Fiber optic,No,Yes,Yes,No,Yes,Yes,Two year,Yes,Credit card (automatic),113.28,6792.48,1
5525-['Y' 'S' 'J' 'S' 'E'],Female,0,Yes,No,38,Yes,Yes,Fiber optic,No,No,Yes,No,No,No,One year,Yes,Credit card (automatic),91.71,3478.94,1
8765-['I' 'A' 'O' 'X' 'D'],Female,0,Yes,Yes,44,Yes,No,No,No,No,No,No,No,No,Two year,Yes,Electronic check,33.33,1469.93,0
6414-['F' 'O' 'F' 'G' 'T'],Female,0,No,No,28,Yes,Yes,Fiber optic,No,Yes,Yes,Yes,Yes,No,Month-to-month,Yes,Electronic check,111.19,3096.06,1
1213-['C' 'U' 'M' 'B' 'C'],Male,1,No,Yes,30,Yes,Yes,DSL,No,No,Yes,No,No,Yes,Month-to-month,Yes,Credit card (automatic),83.91,2510.87,1
9213-['S' 'R' 'E' 'J' 'N'],Male,1,No,No,1,Yes,No,No,No,No,No,No,No,No,Month-to-month,No,Mailed check,37.61,42.6,1
2172-['Q' 'C' 'G' 'I' 'E'],Male,0,No,Yes,36,Yes,Yes,DSL,No,No,No,No,Yes,No,One year,Yes,Electronic check,80.42,2908.3,0
3815-['C' 'Z' 'M' 'I' 'W'],Male,0,No,No,43,Yes,No,Fiber optic,No,No,No,No,No,No,Month-to-month,Yes,Credit card (automatic),76.34,3279.02,1
3631-['J' 'A' 'T' 'U' 'U'],Female,0,No,No,69,Yes,No,DSL,No,Yes,Yes,Yes,No,Yes,Month-to-month,No,Bank transfer (automatic),85.89,5929.85,0
3176-['S' 'B' 'L' 'W' 'M'],Male,0,No,No,62,Yes,Yes,No,No,No,No,No,No,No,Month-to-month,Yes,Mailed check,45.54,2832.53,0
5258-['X' 'Q' 'A' 'N' 'F'],Female,0,Yes,No,52,Yes,No,DSL,Yes,No,No,Yes,No,Yes,Two year,Yes,Credit card (automatic),81.94,4263.04,0
3544-['D' 'F' 'A' 'I' 'D'],Male,0,No,Yes,2,Yes,Yes,No,No,No,No,No,No,No,Month-to-month,Yes,Mailed check,43.47,81.6,1
4528-['I' 'V' 'M' 'W' 'Q'],Male,0,Yes,Yes,18,Yes,Yes,Fiber optic,No,No,No,No,No,Yes,Month-to-month,Yes,Mailed check,93.43,1680.06,1
5883-['O' 'N' 'M' 'I' 'W'],Female,0,Yes,No,44,Yes,No,Fiber optic,No,No,No,Yes,No,No,One year,Yes,Mailed check,76.96,3385.59,0
5174-['N' 'D' 'K' 'V' 'B'],Male,0,No,No,60,Yes,No,Fiber optic,Yes,Yes,No,No,No,No,Month-to-month,Yes,Mailed check,82.0,4914.64,1
1286-['P' 'G' 'K' 'L' 'D'],Female,0,Yes,Yes,54,Yes,No,Fiber optic,No,No,Yes,No,Yes,No,Month-to-month,Yes,Electronic check,90.77,4915.06,1
6935-['Z' 'P' 'G' 'Y' 'M'],Male,1,Yes,Yes,70,Yes,Yes,DSL,No,No,Yes,No,Yes,No,One year,Yes,Electronic check,83.85,5884.32,1
9349-['A' 'E' 'V' 'N' 'K'],Male,0,No,Yes,28,Yes,No,DSL,No,No,No,No,Yes,Yes,Month-to-month,No,Mailed check,82.99,2323.67,0
6559-['R' 'O' 'N' 'Y' 'M'],Male,0,Yes,No,47,Yes,No,DSL,Yes,No,No,No,Yes,No,Month-to-month,Yes,Electronic check,76.43,3594.94,1
8282-['H' 'V' 'Q' 'O' 'T'],Male,0,No,No,71,Yes,Yes,Fiber optic,Yes,No,Yes,No,Yes,No,Month-to-month,Yes,Electronic check,108.87,7745.66,1
6850-['C' 'Q' 'C' 'M' 'Y'],Male,0,Yes,No,62,Yes,No,DSL,No,No,No,No,Yes,Yes,One year,Yes,Electronic check,78.86,4895.22,0
4153-['A' 'G' 'W' 'E' 'B'],Female,0,Yes,No,20,Yes,No,Fiber optic,No,Yes,Yes,Yes,No,No,Two year,Yes,Credit card (automatic),89.15,1779.55,1
2885-['Q' 'U' 'J' 'D' 'I'],Male,0,Yes,No,56,Yes,No,Fiber optic,Yes,Yes,No,No,Yes,Yes,Month-to-month,Yes,Credit card (automatic),105.95,5926.35,0
4412-['K' 'Z' 'L' 'L' 'R'],Male,0,No,Yes,12,Yes,No,Fiber optic,Yes,Yes,No,No,No,No,Month-to-month,No,Credit card (automatic),83.15,972.54,1
4132-['I' 'H' 'S' 'X' 'M'],Male,0,No,No,26,Yes,Yes,Fiber optic,No,No,No,No,Yes,Yes,Month-to-month,Yes,Credit card (automatic),101.85,2644.96,1
9525-['E' 'Z' 'J' 'X' 'Q'],Male,1,No,Yes,67,Yes,Yes,Fiber optic,No,No,Yes,No,Yes,Yes,Month-to-month,Yes,Electronic check,110.01,7376.09,1
4763-['P' 'Q' 'A' 'U' 'V'],Female,0,Yes,No,63,Yes,Yes,DSL,No,No,No,Yes,Yes,Yes,Month-to-month,No,Bank transfer (automatic),97.79,6154.34,0
1878-['Q' 'K' 'V' 'E' 'D'],Male,0,No,No,8,Yes,Yes,No,No,No,No,No,No,No,One year,No,Mailed check,43.12,344.11,0
3297-['U' 'X' 'I' 'P' 'L'],Female,0,No,No,6,Yes,No,No,No,No,No,No,No,No,Month-to-month,No,Electronic check,36.52,229.03,1
4985-['V' 'C' 'O' 'R' 'L'],Female,0,No,Yes,10,Yes,No,Fiber optic,No,No,No,Yes,No,No,One year,Yes,Credit card (automatic),80.2,795.66,1
2757-['M' 'A' 'D' 'H' 'S'],Female,0,No,No,27,Yes,No,DSL,No,Yes,No,Yes,Yes,Yes,Month-to-month,Yes,Bank transfer (automatic),89.46,2417.73,0
9180-['Z' 'U' 'E' 'K' 'Y'],Female,0,No,No,71,Yes,No,DSL,Yes,No,No,No,Yes,No,Two year,No,Bank transfer (automatic),74.43,5279.29,0
2271-['X' 'Q' 'Q' 'B' 'X'],Female,0,No,Yes,26,Yes,No,Fiber optic,No,No,No,No,No,Yes,Two year,Yes,Bank transfer (automatic),84.15,2171.81,1
8801-['A' 'D' 'I' 'B' 'C'],Male,0,Yes,No,21,Yes,No,DSL,No,Yes,Yes,No,No,Yes,One year,Yes,Electronic check,78.64,1651.3,1
7266-['F' 'M' 'O' 'K' 'J'],Female,0,Yes,No,41,Yes,No,Fiber optic,No,No,No,No,No,No,Month-to-month,Yes,Mailed check,74.11,3036.75,1
7654-['T' 'I' 'Y' 'J' 'U'],Female,0,No,Yes,31,Yes,Yes,DSL,No,Yes,No,No,Yes,No,Month-to-month,No,Mailed check,86.35,2673.9,1
4702-['Y' 'X' 'W' 'L' 'H'],Female,0,Yes,Yes,13,Yes,Yes,No,No,No,No,No,No,No,One year,No,Bank transfer (automatic),44.42,577.57,0
6556-['U' 'U' 'Q' 'V' 'E'],Female,0,Yes,No,25,Yes,No,Fiber optic,Yes,No,No,No,Yes,No,Two year,No,Mailed check,91.34,2285.86,0
6383-['R' 'K' 'V' 'J' 'Z'],Female,0,Yes,No,54,Yes,No,Fiber optic,No,No,Yes,No,Yes,No,One year,Yes,Electronic check,89.68,4829.81,0
3930-['Q' 'W' 'J' 'E' 'P'],Female,0,No,No,70,Yes,Yes,DSL,No,Yes,No,No,No,Yes,Month-to-month,No,Electronic check,84.2,5892.63,1
7436-['U' 'A' 'B' 'E' 'W'],Male,0,No,No,54,Yes,No,Fiber optic,No,No,No,Yes,Yes,No,Month-to-month,Yes,Mailed check,88.43,4762.98,0
7286-['A' 'K' 'R' 'C' 'I'],Male,1,Yes,No,44,No,No,Fiber optic,No,No,Yes,Yes,No,No,One year,No,Mailed check,69.16,3047.84,0
4774-['D' 'X' 'M' 'I' 'C'],Female,0,No,No,29,No,No,DSL,Yes,Yes,No,Yes,No,No,Month-to-month,No,Mailed check,60.06,1762.57,1
6973-['H' 'Z' 'G' 'Y' 'W'],Female,0,No,Yes,65,Yes,No,Fiber optic,No,No,Yes,Yes,Yes,No,One year,Yes,Electronic check,94.6,6161.35,1
7896-['Y' 'P' 'U' 'V' 'R'],Female,0,No,No,25,Yes,No,Fiber optic,No,Yes,Yes,Yes,No,No,Two year,Yes,Mailed check,91.16,2272.28,0
3287-['O' 'B' 'T' 'D' 'E'],Female,0,Yes,No,0,Yes,Yes,Fiber optic,No,Yes,No,Yes,No,No,Two year,No,Electronic check,95.01,0.0,1
3534-['O' 'Q' 'J' 'T' 'I'],Female,0,No,No,23,Yes,No,Fiber optic,No,No,No,Yes,No,No,Month-to-month,Yes,Electronic check,79.21,1825.65,1
9495-['X' 'C' 'V' 'I' 'H'],Male,0,Yes,No,54,Yes,Yes,No,No,No,No,No,No,No,Month-to-month,Yes,Electronic check,42.92,2300.47,0
3694-['Q' 'E' 'G' 'M' 'R'],Male,0,Yes,No,64,No,No,Fiber optic,No,Yes,No,No,No,Yes,Month-to-month,Yes,Credit card (automatic),78.01,4998.25,1
6909-['N' 'R' 'C' 'Q' 'S'],Male,1,Yes,Yes,24,Yes,No,Fiber optic,No,No,No,No,Yes,No,One year,No,Electronic check,86.16,2071.64,1
5902-['U' 'D' 'O' 'X' 'H'],Male,0,Yes,No,41,Yes,No,No,No,No,No,No,No,No,Month-to-month,Yes,Credit card (automatic),35.92,1487.49,0
8768-['P' 'Y' 'B' 'B' 'H'],Male,0,No,No,43,Yes,No,No,No,No,No,No,No,No,Two year,No,Bank transfer (automatic),39.83,1696.86,0
7443-['K' 'F' 'S' 'R' 'E'],Male,1,No,No,68,Yes,Yes,No,No,No,No,No,No,No,Two year,Yes,Credit card (automatic),44.03,2990.53,0
2797-['L' 'S' 'L' 'L' 'I'],Female,0,Yes,Yes,11,Yes,Yes,Fiber optic,Yes,No,No,Yes,No,No,Month-to-month,Yes,Bank transfer (automatic),95.55,1068.06,1
6111-['J' 'V' 'Q' 'R' 'P'],Female,0,Yes,Yes,7,Yes,No,Fiber optic,Yes,Yes,Yes,Yes,Yes,Yes,Two year,No,Electronic check,116.54,822.47,1
9963-['R' 'C' 'P' 'N' 'X'],Male,0,Yes,No,62,Yes,Yes,No,No,No,No,No,No,No,Month-to-month,No,Mailed check,47.94,2958.11,0
3533-['D' 'B' 'W' 'J' 'K'],Female,0,Yes,No,19,Yes,No,Fiber optic,Yes,No,Yes,No,No,Yes,Month-to-month,Yes,Credit card (automatic),94.71,1796.69,1
7118-['Z' 'Y' 'E' 'Z' 'D'],Male,0,Yes,No,39,Yes,No,No,No,No,No,No,No,No,Month-to-month,Yes,Credit card (automatic),34.69,1349.68,0
6659-['B' 'B' 'P' 'Y' 'W'],Male,0,Yes,Yes,72,Yes,Yes,Fiber optic,Yes,No,Yes,Yes,No,No,Month-to-month,Yes,Credit card (automatic),99.92,7202.77,0
4478-['M' 'U' 'G' 'Y' 'Z'],Male,1,Yes,Yes,4,Yes,Yes,Fiber optic,No,Yes,No,No,Yes,Yes,Month-to-month,Yes,Bank transfer (automatic),108.19,448.46,1
6368-['Q' 'M' 'O' 'C' 'W'],Female,0,No,No,0,Yes,No,No,No,No,No,No,No,No,Two year,Yes,Electronic check,35.84,0.0,0
8601-['C' 'G' 'H' 'K' 'Y'],Female,0,Yes,Yes,10,Yes,Yes,DSL,No,Yes,Yes,No,No,Yes,Month-to-month,Yes,Credit card (automatic),91.91,907.29,1
7389-['Z' 'I' 'T' 'L' 'E'],Male,0,No,Yes,3,Yes,No,Fiber optic,No,No,No,No,No,No,Two year,No,Credit card (automatic),76.47,241.55,1
8136-['N' 'Y' 'Y' 'Y' 'C'],Female,0,Yes,Yes,37,Yes,No,DSL,No,No,Yes,No,No,No,One year,Yes,Electronic check,62.3,2303.11,0
4086-['J' 'Z' 'J' 'X' 'C'],Male,0,No,Yes,16,No,No,Fiber optic,Yes,No,No,Yes,No,No,Month-to-month,Yes,Mailed check,71.14,1145.3,1
3332-['F' 'E' 'X' 'S' 'N'],Female,0,Yes,No,67,Yes,No,Fiber optic,Yes,No,No,No,No,Yes,Month-to-month,Yes,Electronic check,90.76,6083.32,1
4888-['L' 'I' 'Z' 'Y' 'C'],Female,0,Yes,No,31,Yes,No,Fiber optic,Yes,No,Yes,No,Yes,No,Month-to-month,Yes,Credit card (automatic),94.28,2929.16,0
3033-['D' 'N' 'X' 'F' 'Z'],Male,0,Yes,No,4,No,No,DSL,No,Yes,No,Yes,No,Yes,One year,No,Electronic check,65.39,260.98,0
9112-['X' 'E' 'F' 'U' 'Z'],Male,0,No,No,21,Yes,No,Fiber optic,No,Yes,No,Yes,No,No,One year,No,Mailed check,83.4,1763.9,0
9292-['S' 'N' 'D' 'E' 'K'],Male,0,No,No,66,Yes,Yes,No,No,No,No,No,No,No,Month-to-month,Yes,Credit card (automatic),46.46,3067.85,0
6914-['B' 'V' 'B' 'T' 'L'],Male,1,No,No,10,Yes,No,DSL,Yes,Yes,No,No,No,Yes,Month-to-month,Yes,Electronic check,80.71,800.79,1
2903-['Q' 'D' 'N' 'G' 'O'],Female,0,Yes,No,24,Yes,No,DSL,No,Yes,No,No,No,No,Two year,Yes,Mailed check,63.8,1528.26,0
4293-['P' 'H' 'B' 'S' 'A'],Male,1,Yes,No,41,Yes,No,DSL,No,No,Yes,No,Yes,No,Month-to-month,Yes,Electronic check,72.21,2953.48,1
9478-['W' 'D' 'Z' 'X' 'U'],Female,0,No,Yes,34,Yes,No,Fiber optic,No,No,No,No,No,No,Month-to-month,Yes,Credit card (automatic),73.91,2495.29,1
9152-['V' 'K' 'J' 'R' 'A'],Male,1,No,No,58,Yes,Yes,DSL,No,Yes,Yes,No,Yes,Yes,Month-to-month,No,Electronic check,102.87,5968.7,1
2903-['L' 'P' 'I' 'Q' 'C'],Female,0,Yes,No,47,Yes,No,Fiber optic,Yes,Yes,Yes,No,No,Yes,One year,Yes,Mailed check,100.96,4753.16,1
1699-['R' 'O' 'O' 'P' 'T'],Male,0,Yes,Yes,2,Yes,Yes,No,No,No,No,No,No,No,Two year,Yes,Bank transfer (automatic),47.34,74.21,0
8203-['M' 'D' 'W' 'H' 'M'],Male,0,No,No,23,Yes,Yes,No,No,No,No,No,No,No,Two year,Yes,Credit card (automatic),45.81,1041.76,0
7487-['H' 'N' 'Y' 'A' 'I'],Male,0,No,No,68,Yes,No,No,No,No,No,No,No,No,Month-to-month,Yes,Electronic check,35.44,2395.56,0
6472-['G' 'Y' 'T' 'M' 'O'],Female,0,Yes,Yes,32,Yes,Yes,No,No,No,No,No,No,No,One year,No,Electronic check,44.74,1438.23,1
3620-['I' 'P' 'Q' 'I' 'F'],Female,0,Yes,No,69,Yes,Yes,DSL,No,Yes,No,No,Yes,Yes,Two year,Yes,Bank transfer (automatic),96.06,6615.47,0
2195-['P' 'U' 'O' 'G' 'J'],Male,0,Yes,No,46,Yes,Yes,Fiber optic,Yes,No,No,Yes,Yes,No,Two year,No,Credit card (automatic),105.38,4856.81,0
8868-['D' 'X' 'C' 'R' 'A'],Female,0,No,No,52,Yes,No,DSL,Yes,No,Yes,No,Yes,Yes,Month-to-month,Yes,Bank transfer (automatic),90.48,4696.85,0
8564-['V' 'R' 'H' 'K' 'J'],Male,0,No,No,44,Yes,Yes,Fiber optic,No,No,No,No,Yes,No,Month-to-month,No,Mailed check,96.74,4262.61,1
8772-['D' 'Y' 'D' 'D' 'L'],Female,0,No,Yes,70,Yes,No,Fiber optic,Yes,No,No,No,No,No,Two year,Yes,Electronic check,80.53,5662.24,0
1807-['M' 'H' 'U' 'C' 'L'],Male,1,No,No,56,Yes,No,DSL,No,Yes,No,Yes,Yes,Yes,Month-to-month,No,Mailed check,91.45,5129.13,1
3449-['O' 'Y' 'N' 'I' 'E'],Male,0,No,No,69,Yes,No,DSL,No,Yes,No,Yes,No,Yes,Month-to-month,Yes,Electronic check,81.92,5654.15,1
8103-['O' 'H' 'W' 'C' 'L'],Female,0,Yes,No,39,Yes,Yes,Fiber optic,No,Yes,Yes,No,Yes,Yes,Month-to-month,Yes,Bank transfer (automatic),113.94,4449.11,1
8332-['I' 'T' 'C' 'W' 'H'],Female,0,Yes,No,2,No,No,DSL,No,No,Yes,No,No,Yes,One year,Yes,Electronic check,61.39,114.37,0
9532-['M' 'H' 'E' 'Y' 'G'],Female,0,Yes,Yes,48,Yes,Yes,No,No,No,No,No,No,No,Month-to-month,No,Electronic check,48.83,2341.47,0
3468-['I' 'E' 'H' 'L' 'D'],Male,0,No,No,13,Yes,Yes,Fiber optic,Yes,Yes,Yes,No,No,No,Month-to-month,Yes,Bank transfer (automatic),98.96,1298.09,1
1315-['V' 'V' 'N' 'S' 'M'],Female,0,No,No,19,Yes,Yes,Fiber optic,Yes,No,Yes,No,No,Yes,One year,Yes,Bank transfer (automatic),105.58,2009.89,0
2859-['A' 'V' 'A' 'K' 'P'],Female,0,No,Yes,65,No,No,No,No,No,No,No,No,No,Month-to-month,Yes,Mailed check,23.28,1521.65,0
2067-['F' 'X' 'T' 'I' 'Z'],Female,1,No,No,24,Yes,No,Fiber optic,Yes,Yes,Yes,No,No,Yes,Month-to-month,Yes,Electronic check,102.01,2439.79,1
1711-['N' 'O' 'U' 'V' 'E'],Female,1,Yes,No,3,No,No,Fiber optic,No,No,No,No,No,No,One year,Yes,Electronic check,59.5,175.9,1
9462-['F' 'A' 'T' 'I' 'D'],Female,1,Yes,No,40,Yes,No,No,No,No,No,No,No,No,Month-to-month,No,Electronic check,32.47,1304.89,1
3177-['F' 'B' 'C' 'G' 'T'],Male,0,No,No,62,Yes,Yes,Fiber optic,No,Yes,No,No,Yes,Yes,Month-to-month,No,Electronic check,113.09,6990.69,0
6032-['V' 'I' 'S' 'E' 'Y'],Male,0,Yes,No,47,Yes,Yes,DSL,Yes,No,Yes,No,No,No,Month-to-month,No,Electronic check,81.71,3844.82,1
8269-['R' 'A' 'Y' 'Q' 'N'],Female,0,No,No,54,Yes,No,No,No,No,No,No,No,No,Month-to-month,Yes,Electronic check,39.78,2168.65,0
1362-['J' 'Q' 'Y' 'A' 'E'],Male,0,Yes,No,1,Yes,No,DSL,No,No,Yes,No,Yes,No,Month-to-month,No,Electronic check,76.41,81.9,1
5358-['L' 'H' 'R' 'A' 'T'],Female,0,Yes,No,22,Yes,Yes,DSL,No,No,No,No,No,Yes,Month-to-month,Yes,Electronic check,77.35,1726.16,1
1875-['D' 'Z' 'L' 'V' 'A'],Female,0,Yes,No,47,No,No,No,No,No,No,No,No,No,One year,Yes,Electronic check,18.25,857.82,0
8805-['A' 'C' 'U' 'L' 'V'],Male,0,No,No,14,Yes,No,Fiber optic,No,Yes,No,Yes,No,Yes,Month-to-month,No,Mailed check,94.49,1325.7,1
2128-['R' 'A' 'F' 'Y' 'W'],Male,0,Yes,Yes,50,Yes,Yes,DSL,No,No,No,No,Yes,Yes,Month-to-month,No,Mailed check,88.17,4400.94,1
4927-['E' 'Z' 'D' 'F' 'C'],Male,0,Yes,Yes,23,Yes,No,No,No,No,No,No,No,No,Month-to-month,No,Credit card (automatic),34.34,793.37,1
2008-['K' 'D' 'Y' 'T' 'A'],Male,0,Yes,No,19,Yes,No,No,No,No,No,No,No,No,One year,No,Electronic check,31.29,595.84,1
8261-['D' 'W' 'C' 'J' 'V'],Male,0,Yes,No,55,No,No,Fiber optic,No,Yes,Yes,Yes,Yes,Yes,One year,No,Bank transfer (automatic),93.81,5160.96,0
4712-['D' 'S' 'A' 'P' 'S'],Male,1,No,No,37,Yes,Yes,No,No,No,No,No,No,No,Month-to-month,No,Electronic check,43.89,1607.88,0
9830-['T' 'U' 'V' 'R' 'B'],Male,0,No,No,24,Yes,Yes,DSL,No,Yes,No,No,Yes,Yes,Two year,No,Bank transfer (automatic),99.4,2383.0,0
3962-['E' 'B' 'A' 'P' 'Y'],Female,0,No,No,51,Yes,No,No,No,No,No,No,No,No,Month-to-month,No,Mailed check,34.19,1761.63,0
4966-['U' 'B' 'Z' 'D' 'C'],Female,0,Yes,No,50,Yes,Yes,Fiber optic,No,No,No,No,No,No,Month-to-month,Yes,Bank transfer (automatic),86.45,4315.6,1
5688-['O' 'J' 'L' 'L' 'T'],Female,0,No,No,46,Yes,Yes,Fiber optic,Yes,Yes,No,No,No,No,Month-to-month,Yes,Credit card (automatic),96.46,4435.19,1
6658-['J' 'E' 'T' 'T' 'K'],Male,0,Yes,No,67,Yes,No,Fiber optic,No,No,No,Yes,Yes,Yes,Month-to-month,No,Bank transfer (automatic),97.21,6497.06,0
6693-['B' 'X' 'P' 'L' 'P'],Female,0,Yes,Yes,63,Yes,Yes,Fiber optic,No,Yes,Yes,Yes,No,Yes,Two year,No,Bank transfer (automatic),108.41,6841.11,0
4032-['J' 'M' 'W' 'S' 'O'],Female,0,No,No,42,Yes,No,Fiber optic,Yes,No,Yes,No,No,Yes,Two year,Yes,Credit card (automatic),97.15,4087.55,0
3336-['Q' 'T' 'D' 'T' 'I'],Female,0,Yes,No,70,Yes,No,No,No,No,No,No,No,No,Month-to-month,Yes,Mailed check,33.37,2332.93,1
7786-['V' 'B' 'R' 'W' 'S'],Female,0,No,No,56,Yes,No,DSL,Yes,No,No,No,No,Yes,Month-to-month,Yes,Mailed check,77.04,4323.96,0
2030-['C' 'R' 'T' 'T' 'S'],Male,1,No,No,38,Yes,Yes,Fiber optic,Yes,No,Yes,Yes,Yes,Yes,One year,Yes,Mailed check,118.66,4517.11,1
3516-['L' 'F' 'M' 'X' 'E'],Female,0,Yes,No,28,Yes,Yes,DSL,No,No,Yes,No,Yes,Yes,One year,Yes,Bank transfer (automatic),94.01,2617.08,0
4036-['M' 'T' 'G' 'L' 'U'],Female,0,No,No,25,Yes,Yes,DSL,Yes,No,No,No,No,No,One year,No,Credit card (automatic),74.35,1869.99,0
1575-['D' 'E' 'P' 'D' 'H'],Female,0,No,No,13,Yes,No,No,No,No,No,No,No,No,Month-to-month,Yes,Mailed check,32.52,436.06,1
7023-['Q' 'N' 'L' 'C' 'T'],Female,0,Yes,No,63,Yes,No,Fiber optic,Yes,No,No,No,No,No,Month-to-month,Yes,Bank transfer (automatic),79.55,5011.98,0
6409-['M' 'U' 'K' 'X' 'L'],Female,0,Yes,Yes,46,Yes,No,Fiber optic,No,No,Yes,Yes,Yes,No,One year,Yes,Bank transfer (automatic),92.65,4260.9,0
1881-['I' 'G' 'F' 'X' 'N'],Male,0,Yes,No,19,No,No,No,No,No,No,No,No,No,Month-to-month,No,Mailed check,23.44,448.78,0
5557-['E' 'T' 'X' 'M' 'A'],Female,1,No,No,6,Yes,Yes,Fiber optic,Yes,No,No,No,Yes,Yes,Month-to-month,Yes,Mailed check,111.02,650.11,1
7411-['S' 'J' 'X' 'E' 'T'],Female,0,No,No,66,Yes,Yes,DSL,No,No,Yes,Yes,Yes,No,Two year,No,Bank transfer (automatic),91.5,6028.71,0
9133-['L' 'U' 'C' 'N' 'U'],Female,0,No,No,52,Yes,Yes,DSL,No,Yes,No,No,No,Yes,Two year,Yes,Electronic check,83.11,4330.1,0
4683-['Q' 'Q' 'N' 'O' 'G'],Female,1,Yes,No,64,No,No,Fiber optic,Yes,No,No,No,Yes,No,One year,Yes,Bank transfer (automatic),72.78,4648.22,0
9459-['O' 'L' 'K' 'Q' 'H'],Female,0,No,No,29,Yes,No,No,No,No,No,No,No,No,One year,No,Electronic check,34.35,994.31,0
6355-['I' 'K' 'C' 'G' 'U'],Female,0,No,No,65,Yes,No,DSL,No,Yes,No,No,Yes,Yes,One year,No,Electronic check,87.73,5709.48,1
2058-['U' 'P' 'J' 'W' 'G'],Male,0,Yes,No,14,Yes,Yes,Fiber optic,Yes,Yes,No,No,Yes,Yes,Month-to-month,No,Electronic check,115.77,1614.54,1
9152-['X' 'T' 'O' 'U' 'U'],Female,0,No,Yes,69,Yes,Yes,Fiber optic,No,No,No,No,No,No,One year,No,Electronic check,84.27,5816.94,1
9395-['R' 'W' 'W' 'I' 'I'],Female,1,Yes,Yes,69,Yes,Yes,DSL,No,Yes,Yes,Yes,Yes,No,Month-to-month,Yes,Credit card (automatic),94.78,6540.67,0
8011-['E' 'G' 'Z' 'G' 'K'],Male,0,No,Yes,56,Yes,Yes,DSL,Yes,Yes,Yes,Yes,No,Yes,Month-to-month,No,Credit card (automatic),101.17,5676.11,0
1355-['Q' 'Q' 'U' 'W' 'E'],Male,0,No,Yes,24,Yes,No,DSL,No,Yes,No,No,Yes,No,Month-to-month,Yes,Electronic check,76.14,1819.98,1
8710-['M' 'C' 'W' 'Q' 'K'],Female,0,No,No,22,Yes,No,DSL,No,No,Yes,Yes,No,No,Month-to-month,Yes,Electronic check,71.72,1576.04,1
7363-['R' 'Q' 'I' 'T' 'G'],Female,0,No,Yes,11,Yes,Yes,Fiber optic,No,No,Yes,No,No,No,Month-to-month,No,Mailed check,87.45,951.96,1
9573-['P' 'G' 'M' 'M' 'O'],Male,0,No,No,47,Yes,Yes,Fiber optic,Yes,No,No,No,No,Yes,Month-to-month,No,Electronic check,97.24,4567.14,1
3079-['Q' 'Q' 'S' 'J' 'B'],Female,1,No,No,9,Yes,No,Fiber optic,No,No,No,No,No,Yes,Month-to-month,Yes,Mailed check,84.48,747.67,1
1834-['G' 'Y' 'K' 'Q' 'O'],Male,0,No,No,16,No,No,Fiber optic,Yes,No,Yes,Yes,Yes,No,Month-to-month,Yes,Electronic check,85.24,1389.25,1
5991-['S' 'K' 'O' 'O' 'F'],Female,0,Yes,Yes,51,Yes,Yes,DSL,Yes,No,No,Yes,Yes,Yes,Two year,No,Mailed check,100.54,5129.19,0
4534-['I' 'E' 'S' 'X' 'E'],Female,0,No,No,1,Yes,Yes,Fiber optic,Yes,Yes,No,Yes,No,No,Month-to-month,Yes,Electronic check,98.81,106.14,1
8934-['V' 'M' 'R' 'T' 'Q'],Female,0,No,No,59,Yes,No,Fiber optic,Yes,Yes,No,Yes,Yes,No,Two year,No,Mailed check,95.77,5644.15,0
5014-['N' 'P' 'D' 'Q' 'T'],Male,1,Yes,No,56,Yes,Yes,DSL,No,No,No,No,Yes,Yes,Two year,Yes,Bank transfer (automatic),92.07,5144.64,0
2813-['H' 'I' 'X' 'A' 'M'],Male,0,No,Yes,72,Yes,Yes,DSL,No,No,Yes,No,No,Yes,Month-to-month,Yes,Mailed check,84.03,6038.1,0
9496-['H' 'F' 'P' 'A' 'J'],Male,0,No,Yes,46,Yes,Yes,DSL,Yes,Yes,Yes,No,No,Yes,Month-to-month,No,Credit card (automatic),95.36,4379.67,1
7485-['Z' 'N' 'X' 'E' 'Q'],Male,0,Yes,Yes,70,Yes,Yes,Fiber optic,Yes,No,No,Yes,Yes,Yes,Month-to-month,Yes,Electronic check,112.18,7847.99,1
6337-['R' 'D' 'T' 'W' 'B'],Female,0,Yes,No,12,Yes,Yes,Fiber optic,No,Yes,No,Yes,No,No,Month-to-month,No,Mailed check,92.7,1119.52,0
9422-['G' 'G' 'M' 'S' 'V'],Female,0,No,No,21,Yes,Yes,DSL,No,Yes,No,No,No,Yes,Month-to-month,Yes,Electronic check,84.66,1797.58,1
6605-['T' 'Q' 'Y' 'R' 'Y'],Male,0,Yes,No,27,No,No,DSL,No,No,Yes,No,No,Yes,Month-to-month,No,Electronic check,61.44,1664.05,1
6238-['M' 'Z' 'S' 'P' 'J'],Male,0,Yes,Yes,54,Yes,Yes,DSL,Yes,No,No,No,Yes,No,One year,Yes,Mailed check,84.37,4547.93,0
9509-['N' 'I' 'U' 'K' 'C'],Male,0,No,Yes,49,Yes,No,Fiber optic,No,No,Yes,No,Yes,No,Month-to-month,Yes,Bank transfer (automatic),88.76,4366.61,0
3315-['C' 'G' 'N' 'G' 'G'],Male,0,No,No,18,No,No,DSL,No,No,Yes,No,No,No,One year,Yes,Credit card (automatic),47.47,843.87,1
2003-['A' 'E' 'K' 'A' 'W'],Female,1,No,No,0,Yes,No,Fiber optic,No,No,No,No,Yes,Yes,Month-to-month,No,Mailed check,93.24,0.0,1
5716-['X' 'W' 'Q' 'C' 'J'],Male,1,No,No,67,Yes,No,DSL,No,Yes,No,No,No,Yes,Two year,No,Bank transfer (automatic),75.73,5078.71,1
5498-['G' 'T' 'C' 'V' 'L'],Female,0,Yes,No,55,Yes,Yes,Fiber optic,No,No,Yes,No,Yes,No,One year,No,Electronic check,98.33,5403.41,0
7069-['J' 'U' 'L' 'O' 'F'],Male,0,No,No,13,Yes,No,DSL,No,No,Yes,No,Yes,No,Month-to-month,Yes,Electronic check,73.84,961.98,1
9734-['Z' 'E' 'Y' 'T' 'B'],Female,0,Yes,No,63,No,No,Fiber optic,No,No,Yes,No,No,Yes,Two year,Yes,Mailed check,73.73,4649.0,0
6947-['S' 'D' 'T' 'E' 'G'],Male,0,No,No,68,Yes,Yes,No,No,No,No,No,No,No,Two year,No,Credit card (automatic),47.8,3258.99,0
4427-['K' 'W' 'Y' 'C' 'E'],Female,0,No,No,21,Yes,No,Fiber optic,No,Yes,No,No,Yes,No,Month-to-month,Yes,Electronic check,87.95,1835.61,1
5206-['Y' 'U' 'Z' 'R' 'P'],Female,1,No,Yes,43,Yes,Yes,No,No,No,No,No,No,No,Month-to-month,Yes,Credit card (automatic),45.12,1929.17,0
3927-['J' 'A' 'W' 'K' 'Q'],Female,0,Yes,No,48,Yes,Yes,Fiber optic,Yes,No,Yes,No,No,Yes,One year,Yes,Bank transfer (automatic),107.21,5160.58,1
6527-['O' 'Y' 'G' 'Y' 'Z'],Female,0,Yes,Yes,35,Yes,Yes,No,No,No,No,No,No,No,Month-to-month,Yes,Mailed check,43.9,1537.74,0
3341-['O' 'O' 'G' 'C' 'N'],Female,0,Yes,No,68,Yes,Yes,Fiber optic,No,No,Yes,No,No,No,Month-to-month,No,Bank transfer (automatic),87.87,5962.8,0
6477-['T' 'I' 'A' 'I' 'L'],Female,0,Yes,Yes,33,Yes,No,DSL,No,Yes,No,No,Yes,Yes,Month-to-month,No,Bank transfer (automatic),81.84,2729.05,0
7499-['Z' 'P' 'E' 'Q' 'Q'],Female,0,Yes,No,36,No,No,Fiber optic,No,No,Yes,No,Yes,Yes,One year,Yes,Bank transfer (automatic),84.54,3033.63,1
2977-['O' 'A' 'M' 'P' 'B'],Female,1,No,Yes,50,No,No,No,No,No,No,No,No,No,Month-to-month,No,Bank transfer (automatic),20.65,1032.56,0
9828-['S' 'W' 'B' 'U' 'Y'],Female,0,Yes,No,36,Yes,Yes,No,No,No,No,No,No,No,Month-to-month,No,Bank transfer (automatic),50.14,1817.9,1
2067-['L' 'Z' 'H' 'L' 'X'],Male,0,No,No,24,Yes,No,Fiber optic,No,No,No,No,No,No,Two year,Yes,Mailed check,75.42,1798.22,1
2280-['Y' 'Z' 'D' 'I' 'G'],Male,0,Yes,Yes,4,Yes,Yes,No,No,No,No,No,No,No,Two year,No,Mailed check,44.65,200.6,0
2497-['Y' 'J' 'T' 'N' 'A'],Female,0,No,No,7,Yes,No,Fiber optic,Yes,No,No,No,Yes,Yes,Month-to-month,No,Mailed check,98.73,674.27,1
8637-['Q' 'O' 'G' 'H' 'U'],Male,0,Yes,Yes,52,Yes,Yes,Fiber optic,Yes,No,No,No,No,Yes,Two year,No,Electronic check,100.02,5204.16,0
8834-['U' 'W' 'G' 'T' 'P'],Male,0,No,Yes,26,No,No,Fiber optic,Yes,No,No,No,Yes,No,Month-to-month,Yes,Bank transfer (automatic),74.22,1945.63,1
8661-['G' 'B' 'Q' 'K' 'R'],Female,0,No,No,60,No,No,DSL,No,No,Yes,No,Yes,No,Month-to-month,Yes,Credit card (automatic),60.78,3664.67,1
5220-['L' 'C' 'U' 'N' 'O'],Female,0,Yes,No,64,No,No,DSL,No,No,Yes,No,Yes,No,One year,No,Mailed check,60.64,3879.73,0
2586-['J' 'I' 'J' 'T' 'W'],Male,0,No,Yes,70,Yes,No,Fiber optic,No,Yes,No,Yes,No,Yes,One year,No,Mailed check,97.85,6837.31,0
1841-['Q' 'L' 'Y' 'A' 'K'],Female,1,No,No,44,Yes,No,No,No,No,No,No,No,No,Month-to-month,No,Bank transfer (automatic),34.72,1516.65,1
6056-['A' 'U' 'P' 'G' 'W'],Female,0,No,No,2,Yes,Yes,Fiber optic,Yes,Yes,Yes,No,No,Yes,One year,Yes,Mailed check,111.3,234.74,0
2071-['A' 'V' 'I' 'F' 'O'],Female,1,Yes,No,60,No,No,DSL,No,No,No,No,Yes,No,Two year,No,Electronic check,56.16,3391.1,0
1227-['O' 'J' 'Y' 'P' 'M'],Male,0,No,Yes,49,Yes,Yes,DSL,Yes,No,No,No,Yes,No,One year,Yes,Electronic check,82.93,4068.19,0
4570-['Z' 'T' 'D' 'T' 'V'],Male,0,No,Yes,47,Yes,No,DSL,Yes,No,Yes,No,Yes,No,Month-to-month,Yes,Bank transfer (automatic),79.31,3731.23,0
3204-['P' 'K' 'O' 'K' 'W'],Male,0,No,No,72,Yes,No,No,No,No,No,No,No,No,One year,Yes,Mailed check,39.59,2875.28,1
1797-['K' 'C' 'X' 'X' 'Q'],Female,0,No,No,46,Yes,Yes,Fiber optic,No,No,No,No,No,No,Month-to-month,Yes,Bank transfer (automatic),86.52,3993.9,1
3764-['J' 'E' 'L' 'H' 'X'],Female,0,Yes,Yes,13,No,No,Fiber optic,Yes,No,No,No,Yes,Yes,One year,No,Bank transfer (automatic),88.15,1157.34,1
7239-['B' 'C' 'R' 'Q' 'B'],Female,0,No,Yes,18,Yes,Yes,DSL,No,No,No,Yes,No,Yes,One year,Yes,Credit card (automatic),86.84,1569.93,1
7069-['L' 'Q' 'F' 'Q' 'B'],Female,0,No,No,61,Yes,Yes,DSL,No,No,No,No,Yes,No,Two year,No,Mailed check,78.78,4802.74,0
9301-['F' 'I' 'A' 'E' 'G'],Female,0,Yes,No,5,Yes,No,No,No,No,No,No,No,No,Month-to-month,Yes,Electronic check,35.42,197.8,1
2160-['N' 'I' 'D' 'T' 'O'],Male,0,Yes,Yes,6,Yes,No,No,No,No,No,No,No,No,One year,Yes,Electronic check,33.41,191.38,1
9035-['C' 'X' 'U' 'W' 'Z'],Female,0,No,No,12,Yes,Yes,DSL,No,Yes,Yes,Yes,Yes,No,Two year,Yes,Credit card (automatic),92.92,1122.91,0
8234-['R' 'P' 'C' 'B' 'B'],Male,0,Yes,Yes,45,Yes,Yes,No,No,No,No,No,No,No,Month-to-month,Yes,Electronic check,46.96,2112.47,1
9697-['W' 'J' 'O' 'C' 'H'],Female,0,No,No,32,Yes,Yes,DSL,No,No,No,No,Yes,Yes,Month-to-month,Yes,Mailed check,90.63,2914.75,1
4964-['R' 'K' 'G' 'S' 'Y'],Male,0,No,No,40,Yes,Yes,No,No,No,No,No,No,No,One year,No,Mailed check,44.73,1789.24,1
7878-['Y' 'B' 'F' 'E' 'N'],Female,0,Yes,No,72,Yes,Yes,DSL,No,No,Yes,No,Yes,No,Month-to-month,No,Credit card (automatic),82.71,5960.35,0
5433-['D' 'D' 'X' 'M' 'W'],Female,0,No,No,68,Yes,Yes,Fiber optic,No,Yes,Yes,Yes,No,Yes,One year,Yes,Bank transfer (automatic),110.27,7507.79,1
5860-['U' 'Y' 'A' 'T' 'E'],Female,0,No,No,28,Yes,No,Fiber optic,No,Yes,No,Yes,Yes,No,Month-to-month,Yes,Electronic check,91.21,2540.74,1
9418-['U' 'S' 'M' 'G' 'J'],Female,0,Yes,No,6,Yes,No,DSL,No,No,No,Yes,Yes,No,Two year,Yes,Mailed check,76.81,461.24,1
5386-['W' 'B' 'G' 'I' 'U'],Male,0,No,No,53,Yes,No,DSL,No,Yes,No,Yes,No,No,Month-to-month,No,Mailed check,69.53,3697.6,1
2867-['V' 'J' 'S' 'M' 'J'],Female,0,Yes,Yes,10,Yes,Yes,DSL,No,No,No,No,Yes,No,Two year,Yes,Electronic check,83.36,840.78,0
7588-['O' 'U' 'C' 'H' 'F'],Male,0,Yes,No,41,Yes,No,No,No,No,No,No,No,No,Two year,Yes,Mailed check,33.88,1387.43,0
1466-['Q' 'J' 'A' 'M' 'J'],Male,0,No,No,4,Yes,No,Fiber optic,Yes,Yes,No,Yes,Yes,Yes,Month-to-month,No,Mailed check,106.65,422.86,1
4777-['J' 'U' 'W' 'A' 'A'],Male,0,Yes,No,46,Yes,No,DSL,No,No,No,No,No,No,One year,Yes,Credit card (automatic),60.94,2807.07,1
1179-['Z' 'O' 'V' 'Y' 'A'],Female,0,No,Yes,1,Yes,Yes,Fiber optic,No,Yes,No,No,No,No,One year,No,Credit card (automatic),92.46,89.08,1
1921-['U' 'I' 'X' 'G' 'P'],Female,1,No,No,42,Yes,Yes,Fiber optic,Yes,No,No,Yes,Yes,Yes,Month-to-month,Yes,Electronic check,118.11,4955.94,1
8465-['R' 'I' 'L' 'X' 'M'],Male,1,Yes,No,3,Yes,Yes,Fiber optic,No,No,No,No,No,No,Month-to-month,Yes,Mailed check,84.56,257.4,1
9906-['O' 'J' 'J' 'I' 'Y'],Female,0,Yes,Yes,62,Yes,Yes,Fiber optic,Yes,Yes,No,Yes,Yes,Yes,Month-to-month,Yes,Credit card (automatic),118.0,7330.63,0
2144-['C' 'W' 'P' 'L' 'Q'],Male,0,Yes,No,58,No,No,DSL,Yes,No,Yes,No,Yes,No,One year,No,Mailed check,63.63,3681.52,0
5568-['O' 'Y' 'C' 'E' 'M'],Male,0,No,No,29,Yes,No,DSL,No,No,Yes,Yes,Yes,Yes,Month-to-month,Yes,Electronic check,90.72,2609.01,0
4813-['Z' 'Z' 'I' 'S' 'G'],Female,0,No,No,1,Yes,No,DSL,No,No,No,No,Yes,Yes,One year,Yes,Electronic check,77.24,89.07,1
8261-['E' 'P' 'D' 'E' 'T'],Female,0,No,No,42,Yes,Yes,No,No,No,No,No,No,No,Month-to-month,Yes,Bank transfer (automatic),45.2,1901.33,1
9434-['W' 'F' 'D' 'Y' 'A'],Male,0,No,No,17,Yes,No,No,No,No,No,No,No,No,Month-to-month,No,Bank transfer (automatic),31.37,541.79,0
9616-['P' 'W' 'B' 'K' 'Z'],Male,0,Yes,No,23,Yes,No,DSL,No,No,No,Yes,Yes,No,Month-to-month,No,Mailed check,74.47,1704.82,1
9484-['M' 'T' 'Q' 'Y' 'O'],Female,0,Yes,Yes,36,Yes,Yes,Fiber optic,Yes,Yes,No,No,No,No,Month-to-month,No,Bank transfer (automatic),92.82,3321.01,1
1637-['L' 'F' 'T' 'M' 'R'],Female,1,Yes,No,29,Yes,Yes,No,No,No,No,No,No,No,Month-to-month,Yes,Mailed check,44.41,1293.52,1
6550-['O' 'H' 'S' 'W' 'N'],Female,0,No,No,68,Yes,Yes,Fiber optic,No,No,Yes,No,No,Yes,Month-to-month,Yes,Bank transfer (automatic),100.85,6837.62,1
4341-['E' 'O' 'U' 'O' 'X'],Male,0,No,No,58,Yes,Yes,No,No,No,No,No,No,No,Two year,No,Electronic check,45.55,2632.86,0
2488-['Y' 'T' 'A' 'P' 'M'],Male,0,Yes,No,22,Yes,Yes,Fiber optic,No,No,No,No,Yes,No,Month-to-month,Yes,Electronic check,98.77,2188.89,1
2417-['W' 'R' 'Q' 'Z' 'I'],Male,0,Yes,No,29,Yes,Yes,No,No,No,No,No,No,No,Month-to-month,No,Bank transfer (automatic),46.95,1367.51,1
3925-['U' 'M' 'T' 'T' 'N'],Female,0,No,No,67,Yes,Yes,Fiber optic,Yes,No,No,No,No,Yes,Month-to-month,Yes,Credit card (automatic),102.66,6876.33,1
1272-['C' 'A' 'U' 'E' 'Y'],Male,1,Yes,No,40,Yes,Yes,Fiber optic,No,No,Yes,Yes,No,Yes,One year,Yes,Electronic check,101.5,4066.19,1
7828-['X' 'E' 'E' 'W' 'L'],Male,0,Yes,Yes,50,No,No,Fiber optic,Yes,Yes,Yes,Yes,No,Yes,Month-to-month,No,Electronic check,89.26,4467.55,1
4745-['W' 'P' 'Q' 'E' 'L'],Male,0,Yes,No,66,Yes,Yes,DSL,Yes,Yes,No,No,No,No,Month-to-month,Yes,Electronic check,80.4,5311.35,1
9731-['F' 'M' 'K' 'Z' 'Q'],Female,0,Yes,No,14,No,No,Fiber optic,Yes,No,No,Yes,No,No,Month-to-month,Yes,Electronic check,72.03,1005.53,1
8887-['Q' 'T' 'X' 'R' 'M'],Male,0,No,Yes,55,Yes,Yes,Fiber optic,Yes,Yes,Yes,No,No,Yes,One year,Yes,Mailed check,106.08,5834.29,0
4178-['M' 'X' 'Z' 'M' 'L'],Female,0,Yes,No,64,No,No,DSL,Yes,No,No,No,No,Yes,Two year,No,Bank transfer (automatic),61.42,3935.23,0
2069-['M' 'Y' 'I' 'N' 'A'],Male,0,No,Yes,54,Yes,No,Fiber optic,No,No,No,No,Yes,Yes,Month-to-month,No,Credit card (automatic),92.99,5021.09,1
6832-['D' 'L' 'X' 'N' 'I'],Male,1,Yes,No,64,Yes,Yes,Fiber optic,No,No,No,No,No,Yes,Two year,No,Credit card (automatic),92.75,5940.54,1
7562-['F' 'C' 'A' 'Z' 'V'],Female,0,No,No,1,Yes,No,No,No,No,No,No,No,No,Month-to-month,Yes,Credit card (automatic),36.86,50.36,1
1383-['U' 'C' 'N' 'T' 'B'],Female,0,No,No,10,Yes,No,DSL,No,No,Yes,No,Yes,Yes,Month-to-month,Yes,Electronic check,86.19,866.6,1
8083-['Z' 'J' 'M' 'T' 'D'],Female,0,Yes,Yes,41,Yes,Yes,Fiber optic,Yes,Yes,Yes,Yes,Yes,No,Month-to-month,Yes,Mailed check,117.45,4805.93,0
8698-['V' 'A' 'Y' 'K' 'Z'],Male,0,Yes,Yes,2,Yes,No,Fiber optic,No,Yes,No,Yes,Yes,Yes,Month-to-month,No,Bank transfer (automatic),106.82,206.99,1
8599-['S' 'S' 'L' 'C' 'W'],Female,0,Yes,Yes,40,Yes,Yes,No,No,No,No,No,No,No,Month-to-month,Yes,Mailed check,45.7,1839.91,0
8791-['X' 'N' 'S' 'F' 'C'],Male,0,Yes,No,48,Yes,Yes,DSL,No,Yes,Yes,Yes,No,No,One year,Yes,Electronic check,85.04,4064.19,0
8934-['F' 'L' 'T' 'K' 'G'],Male,0,No,Yes,36,Yes,No,DSL,No,No,Yes,No,Yes,No,Month-to-month,No,Mailed check,74.1,2656.82,0
5505-['A' 'P' 'P' 'Q' 'O'],Female,0,Yes,No,6,Yes,Yes,Fiber optic,Yes,No,No,Yes,Yes,Yes,Month-to-month,Yes,Electronic check,115.7,686.46,1
9051-['H' 'U' 'A' 'G' 'K'],Female,0,Yes,No,37,No,No,DSL,No,No,No,No,No,No,One year,No,Electronic check,43.34,1593.28,0
8742-['T' 'Z' 'U' 'M' 'V'],Female,0,No,No,57,Yes,Yes,Fiber optic,No,Yes,No,No,Yes,No,Month-to-month,Yes,Electronic check,96.13,5473.68,1
1721-['A' 'L' 'C' 'Z' 'A'],Female,0,No,No,4,Yes,No,No,No,No,No,No,No,No,Two year,Yes,Bank transfer (automatic),36.65,130.05,0
6156-['K' 'T' 'W' 'M' 'K'],Male,0,Yes,No,60,Yes,Yes,DSL,No,No,Yes,No,Yes,No,Month-to-month,Yes,Bank transfer (automatic),85.66,5132.93,0
9818-['Y' 'O' 'U' 'M' 'J'],Male,0,Yes,No,38,Yes,No,DSL,No,Yes,Yes,No,Yes,No,Two year,Yes,Mailed check,77.21,2925.61,0
8461-['U' 'Z' 'X' 'T' 'L'],Female,0,Yes,No,27,Yes,No,Fiber optic,No,Yes,Yes,No,Yes,Yes,Two year,Yes,Credit card (automatic),105.5,2854.4,1
7522-['R' 'X' 'Z' 'H' 'N'],Female,0,Yes,No,56,No,No,No,No,No,No,No,No,No,Month-to-month,Yes,Mailed check,22.76,1266.05,0
5004-['V' 'B' 'Y' 'V' 'Y'],Male,0,Yes,Yes,1,Yes,Yes,Fiber optic,Yes,No,Yes,Yes,Yes,No,Month-to-month,No,Electronic check,111.59,117.79,1
4690-['Z' 'C' 'V' 'Z' 'P'],Male,0,No,No,69,Yes,No,No,No,No,No,No,No,No,Month-to-month,No,Mailed check,37.96,2614.17,1
9276-['P' 'I' 'M' 'J' 'Q'],Female,1,Yes,No,27,No,No,Fiber optic,Yes,Yes,No,No,Yes,No,One year,Yes,Electronic check,80.03,2152.52,1
3424-['U' 'Q' 'J' 'H' 'G'],Male,0,No,Yes,36,Yes,No,Fiber optic,No,Yes,No,Yes,Yes,No,One year,No,Bank transfer (automatic),96.86,3490.04,0
3221-['V' 'R' 'U' 'S' 'R'],Male,0,Yes,Yes,54,Yes,No,DSL,No,No,Yes,No,No,No,Month-to-month,No,Mailed check,64.93,3501.54,1
1397-['J' 'A' 'I' 'R' 'M'],Male,0,No,No,0,Yes,No,DSL,No,Yes,Yes,Yes,Yes,Yes,Month-to-month,Yes,Credit card (automatic),95.61,0.0,1
5989-['W' 'Y' 'V' 'P' 'X'],Male,0,Yes,No,2,Yes,Yes,Fiber optic,No,No,Yes,No,No,Yes,Month-to-month,Yes,Bank transfer (automatic),99.92,206.06,1
1222-['K' 'W' 'I' 'G' 'V'],Male,0,No,Yes,70,Yes,Yes,DSL,No,Yes,No,No,No,No,Month-to-month,No,Bank transfer (automatic),74.36,5199.96,1
5000-['I' 'J' 'P' 'U' 'R'],Male,0,Yes,Yes,13,Yes,No,Fiber optic,Yes,Yes,No,No,Yes,Yes,One year,Yes,Bank transfer (automatic),105.17,1363.67,0
8102-['N' 'K' 'X' 'D' 'S'],Male,0,Yes,No,47,Yes,Yes,Fiber optic,No,No,No,Yes,No,Yes,Two year,Yes,Electronic check,99.07,4639.99,0
2844-['S' 'O' 'T' 'O' 'Y'],Male,0,No,No,36,Yes,No,DSL,No,No,No,No,No,No,Month-to-month,Yes,Credit card (automatic),57.75,2062.65,1
4146-['W' 'E' 'X' 'V' 'J'],Female,0,Yes,Yes,2,Yes,Yes,No,No,No,No,No,No,No,Two year,No,Mailed check,44.14,99.63,0
6265-['G' 'A' 'C' 'A' 'Q'],Male,0,No,No,48,Yes,Yes,Fiber optic,No,Yes,No,No,No,No,Month-to-month,No,Electronic check,87.23,4176.3,1
7958-['E' 'V' 'P' 'L' 'S'],Female,0,No,No,55,Yes,Yes,Fiber optic,No,No,Yes,No,No,Yes,Month-to-month,No,Electronic check,99.68,5499.74,1
6517-['C' 'S' 'A' 'U' 'A'],Female,1,Yes,No,59,Yes,Yes,DSL,No,Yes,No,No,Yes,Yes,Month-to-month,No,Bank transfer (automatic),97.48,5731.03,1
1137-['C' 'M' 'F' 'K' 'F'],Female,0,No,No,12,Yes,Yes,DSL,No,Yes,Yes,No,Yes,No,Month-to-month,No,Bank transfer (automatic),90.09,1060.36,1
3759-['C' 'E' 'U' 'N' 'E'],Female,0,Yes,No,52,Yes,No,DSL,Yes,Yes,No,Yes,Yes,Yes,Month-to-month,Yes,Mailed check,94.91,4951.46,0
5852-['T' 'T' 'B' 'Y' 'G'],Female,1,Yes,Yes,49,Yes,No,Fiber optic,No,No,Yes,No,No,Yes,One year,Yes,Mailed check,87.78,4303.52,1
9965-['G' 'L' 'R' 'K' 'V'],Male,0,No,No,18,Yes,No,Fiber optic,Yes,No,No,No,No,Yes,Two year,Yes,Bank transfer (automatic),90.75,1635.87,0
2692-['S' 'Y' 'D' 'S' 'M'],Female,0,No,Yes,25,Yes,No,No,No,No,No,No,No,No,Month-to-month,Yes,Electronic check,39.27,990.21,0
2695-['S' 'B' 'I' 'H' 'U'],Male,0,Yes,No,52,Yes,No,Fiber optic,Yes,No,Yes,No,Yes,No,One year,No,Credit card (automatic),98.28,5113.17,0
8965-['I' 'M' 'R' 'F' 'W'],Female,0,No,No,56,Yes,Yes,Fiber optic,No,No,Yes,No,No,Yes,Month-to-month,No,Electronic check,98.97,5541.99,1
4486-['C' 'J' 'J' 'J' 'I'],Male,0,Yes,Yes,37,Yes,No,DSL,No,No,Yes,Yes,No,Yes,One year,Yes,Electronic check,81.41,3007.82,0
2405-['L' 'X' 'H' 'X' 'I'],Male,0,No,No,8,Yes,No,No,No,No,No,No,No,No,Month-to-month,Yes,Mailed check,34.67,266.86,0
7291-['Q' 'F' 'J' 'A' 'U'],Female,0,Yes,Yes,45,Yes,No,No,No,No,No,No,No,No,Month-to-month,Yes,Credit card (automatic),36.8,1648.88,0
4390-['Y' 'A' 'I' 'T' 'C'],Male,0,Yes,No,3,Yes,No,Fiber optic,Yes,Yes,No,No,No,Yes,Month-to-month,Yes,Electronic check,95.05,273.67,1
9582-['I' 'E' 'P' 'B' 'C'],Female,0,Yes,No,70,Yes,Yes,DSL,No,Yes,No,Yes,Yes,No,Month-to-month,Yes,Mailed check,90.65,6370.06,1
9290-['T' 'Z' 'W' 'J' 'V'],Male,0,No,No,49,Yes,No,DSL,No,Yes,No,No,No,Yes,Two year,Yes,Credit card (automatic),79.32,3881.42,0
5398-['N' 'W' 'D' 'J' 'K'],Male,0,No,No,69,Yes,No,No,No,No,No,No,No,No,Month-to-month,Yes,Credit card (automatic),36.56,2514.54,0
2063-['W' 'W' 'I' 'H' 'L'],Female,1,Yes,No,4,No,No,Fiber optic,Yes,Yes,No,No,Yes,No,Month-to-month,Yes,Bank transfer (automatic),80.13,306.07,1
1976-['W' 'O' 'S' 'T' 'F'],Male,0,No,No,69,Yes,No,DSL,Yes,Yes,No,No,No,No,Month-to-month,Yes,Mailed check,69.81,4807.88,1
7402-['N' 'Z' 'O' 'M' 'U'],Male,0,No,No,33,Yes,No,Fiber optic,No,Yes,No,No,No,Yes,Month-to-month,No,Bank transfer (automatic),87.78,2907.69,0
4770-['U' 'Z' 'I' 'W' 'Q'],Male,0,Yes,Yes,64,No,No,Fiber optic,Yes,Yes,No,No,Yes,Yes,One year,No,Electronic check,90.22,5765.14,1
1450-['S' 'I' 'E' 'N' 'G'],Male,0,No,Yes,17,Yes,No,Fiber optic,Yes,Yes,No,No,No,Yes,Two year,No,Electronic check,93.55,1578.42,0
1244-['F' 'X' 'H' 'B' 'Y'],Male,0,Yes,No,26,Yes,Yes,Fiber optic,Yes,No,No,Yes,Yes,No,One year,Yes,Electronic check,105.23,2751.03,1
6915-['N' 'V' 'G' 'C' 'T'],Male,0,Yes,Yes,9,Yes,Yes,Fiber optic,Yes,Yes,Yes,No,Yes,Yes,Month-to-month,No,Bank transfer (automatic),118.75,1065.97,1
2974-['F' 'U' 'N' 'L' 'R'],Female,0,Yes,No,1,Yes,Yes,No,No,No,No,No,No,No,Month-to-month,No,Credit card (automatic),44.03,49.42,1
1203-['G' 'E' 'L' 'I' 'K'],Male,1,Yes,No,60,Yes,No,No,No,No,No,No,No,No,Month-to-month,Yes,Electronic check,35.39,2116.55,0
4811-['N' 'Z' 'L' 'R' 'G'],Female,0,No,No,21,Yes,Yes,No,No,No,No,No,No,No,Month-to-month,Yes,Credit card (automatic),45.37,955.58,1
6974-['A' 'M' 'P' 'E' 'S'],Male,0,No,No,9,Yes,Yes,DSL,Yes,No,Yes,Yes,Yes,No,Month-to-month,No,Bank transfer (automatic),96.11,850.68,1
4736-['I' 'W' 'I' 'L' 'R'],Female,1,Yes,Yes,58,Yes,No,DSL,No,Yes,No,No,No,No,Month-to-month,Yes,Mailed check,64.85,3751.19,0
9793-['X' 'Z' 'J' 'Z' 'Q'],Male,1,No,No,11,Yes,No,Fiber optic,No,Yes,No,No,No,Yes,Two year,No,Credit card (automatic),92.13,1030.01,1
9479-['X' 'K' 'P' 'H' 'Z'],Female,0,No,No,62,Yes,No,Fiber optic,No,Yes,Yes,No,No,Yes,One year,Yes,Electronic check,94.97,5907.5,1
3967-['O' 'K' 'G' 'B' 'S'],Male,1,No,Yes,14,Yes,Yes,DSL,No,Yes,No,No,Yes,No,Month-to-month,Yes,Credit card (automatic),87.33,1209.61,1
5936-['R' 'M' 'W' 'A' 'S'],Female,0,No,No,62,Yes,No,No,No,No,No,No,No,No,Month-to-month,No,Bank transfer (automatic),36.85,2279.13,0
5720-['V' 'T' 'A' 'E' 'T'],Female,0,Yes,No,64,Yes,Yes,No,No,No,No,No,No,No,One year,Yes,Credit card (automatic),44.28,2855.21,0
8935-['N' 'Z' 'Z' 'R' 'M'],Female,0,No,No,37,Yes,No,Fiber optic,No,Yes,Yes,No,No,No,Month-to-month,Yes,Credit card (automatic),86.64,3219.5,1
4819-['O' 'X' 'D' 'I' 'C'],Male,0,Yes,Yes,5,No,No,Fiber optic,No,Yes,No,No,Yes,Yes,One year,Yes,Mailed check,85.15,420.89,1
4324-['V' 'K' 'O' 'P' 'G'],Male,0,Yes,No,5,Yes,No,Fiber optic,Yes,Yes,Yes,No,Yes,No,Two year,Yes,Credit card (automatic),100.95,496.13,0
9998-['V' 'I' 'Q' 'M' 'I'],Male,0,No,No,37,No,No,DSL,No,No,Yes,Yes,Yes,Yes,Two year,Yes,Electronic check,71.66,2650.64,1
9412-['L' 'U' 'S' 'W' 'O'],Female,0,No,Yes,47,Yes,Yes,DSL,No,No,No,No,No,Yes,One year,Yes,Electronic check,79.59,3747.68,0
6240-['F' 'C' 'Z' 'C' 'B'],Male,0,Yes,No,14,Yes,Yes,DSL,No,Yes,No,No,No,Yes,One year,Yes,Mailed check,85.8,1204.88,1
9964-['T' 'L' 'F' 'P' 'E'],Female,1,Yes,Yes,71,Yes,No,No,No,No,No,No,No,No,One year,Yes,Bank transfer (automatic),33.96,2409.39,0
3175-['F' 'D' 'N' 'C' 'Q'],Male,0,Yes,No,28,Yes,No,Fiber optic,No,Yes,No,Yes,No,No,Month-to-month,Yes,Electronic check,86.7,2419.82,1
2605-['T' 'D' 'M' 'H' 'K'],Female,0,Yes,No,1,Yes,No,No,No,No,No,No,No,No,Two year,Yes,Bank transfer (automatic),36.44,25.78,0
4159-['S' 'W' 'E' 'E' 'C'],Female,0,No,No,72,Yes,Yes,No,No,No,No,No,No,No,Month-to-month,Yes,Bank transfer (automatic),45.88,3286.5,0
6345-['C' 'O' 'G' 'C' 'O'],Female,0,No,Yes,15,Yes,Yes,Fiber optic,No,No,Yes,No,Yes,No,Two year,No,Electronic check,99.52,1479.76,0
1490-['P' 'M' 'B' 'T' 'L'],Male,0,Yes,No,57,Yes,Yes,No,No,No,No,No,No,No,Two year,Yes,Mailed check,43.78,2496.78,0
5064-['N' 'X' 'J' 'C' 'K'],Female,0,Yes,No,33,No,No,DSL,No,No,Yes,No,No,Yes,Month-to-month,No,Mailed check,59.23,1969.18,1
6971-['U' 'Z' 'O' 'F' 'R'],Male,0,No,No,42,Yes,Yes,DSL,No,No,No,Yes,No,No,One year,Yes,Mailed check,75.17,3157.07,0
2676-['O' 'C' 'O' 'X' 'X'],Female,1,Yes,No,23,Yes,Yes,Fiber optic,No,Yes,No,No,No,No,One year,Yes,Electronic check,90.3,2056.12,1
1602-['R' 'Z' 'Z' 'H' 'L'],Male,1,Yes,Yes,24,Yes,Yes,No,No,No,No,No,No,No,Month-to-month,Yes,Electronic check,47.83,1126.58,1
6252-['A' 'H' 'E' 'Q' 'O'],Female,1,Yes,No,40,Yes,No,Fiber optic,No,No,No,Yes,Yes,No,One year,Yes,Credit card (automatic),89.86,3590.93,0
4747-['M' 'Q' 'M' 'Y' 'Z'],Female,0,Yes,No,32,Yes,Yes,DSL,No,No,No,No,Yes,Yes,Month-to-month,No,Bank transfer (automatic),89.87,2865.37,1
5120-['B' 'L' 'S' 'R' 'J'],Female,0,Yes,No,42,Yes,No,Fiber optic,No,No,No,No,Yes,Yes,Month-to-month,No,Bank transfer (automatic),97.37,4077.89,0
3922-['A' 'C' 'Q' 'Z' 'O'],Male,0,Yes,Yes,16,Yes,Yes,Fiber optic,Yes,Yes,No,Yes,Yes,Yes,One year,Yes,Bank transfer (automatic),118.75,1902.51,0
5013-['X' 'O' 'P' 'D' 'S'],Female,0,No,No,6,No,No,Fiber optic,Yes,No,No,Yes,No,Yes,Month-to-month,Yes,Bank transfer (automatic),78.84,468.7,1
1551-['F' 'P' 'C' 'H' 'E'],Female,0,No,No,58,No,No,DSL,No,No,No,No,No,No,Month-to-month,Yes,Bank transfer (automatic),44.68,2609.59,0
2060-['L' 'Y' 'A' 'G' 'X'],Male,0,No,No,26,Yes,Yes,Fiber optic,No,No,No,No,No,Yes,Month-to-month,No,Electronic check,93.88,2435.05,0
3186-['J' 'C' 'H' 'A' 'H'],Male,0,No,No,35,Yes,Yes,Fiber optic,No,Yes,No,No,Yes,No,Two year,Yes,Mailed check,99.92,3505.56,0
3646-['T' 'K' 'G' 'Z' 'P'],Female,0,No,No,18,Yes,No,DSL,Yes,No,Yes,No,Yes,Yes,Month-to-month,No,Credit card (automatic),90.95,1654.12,0
3278-['M' 'J' 'Q' 'C' 'G'],Male,0,Yes,No,14,Yes,Yes,DSL,No,Yes,No,No,No,Yes,One year,Yes,Bank transfer (automatic),84.58,1180.13,1
8372-['E' 'Y' 'W' 'S' 'O'],Male,0,No,No,69,Yes,No,Fiber optic,No,No,Yes,Yes,Yes,Yes,Two year,Yes,Credit card (automatic),108.4,7482.02,1
4808-['E' 'M' 'J' 'E' 'W'],Female,1,No,No,56,Yes,Yes,DSL,Yes,No,Yes,No,Yes,No,Month-to-month,Yes,Mailed check,88.06,4931.36,0
3365-['A' 'J' 'R' 'V' 'H'],Male,0,No,Yes,68,Yes,Yes,No,No,No,No,No,No,No,One year,No,Electronic check,44.42,3023.12,0
2907-['C' 'S' 'S' 'B' 'Q'],Female,0,Yes,Yes,52,Yes,Yes,DSL,Yes,No,Yes,No,Yes,No,Month-to-month,No,Electronic check,84.33,4375.61,0
8966-['P' 'U' 'J' 'U' 'P'],Female,0,No,Yes,68,No,No,Fiber optic,No,No,No,Yes,No,Yes,One year,Yes,Electronic check,72.72,4944.91,0
1737-['U' 'D' 'V' 'R' 'B'],Female,1,No,No,1,Yes,Yes,Fiber optic,Yes,Yes,Yes,No,No,No,Month-to-month,No,Credit card (automatic),101.01,92.44,1
8141-['C' 'U' 'C' 'B' 'C'],Male,0,No,No,17,Yes,Yes,No,No,No,No,No,No,No,Month-to-month,Yes,Credit card (automatic),43.22,726.2,1
9045-['G' 'V' 'U' 'F' 'H'],Male,0,Yes,No,31,Yes,Yes,DSL,Yes,No,No,No,Yes,No,Two year,Yes,Credit card (automatic),81.85,2530.61,0
8058-['S' 'L' 'E' 'E' 'N'],Female,0,Yes,No,28,Yes,Yes,Fiber optic,No,No,No,No,No,No,Month-to-month,No,Mailed check,85.76,2403.53,1
2370-['Q' 'P' 'D' 'Y' 'H'],Female,0,No,No,48,Yes,Yes,No,No,No,No,No,No,No,Month-to-month,Yes,Mailed check,44.68,2135.87,1
5002-['U' 'E' 'W' 'X' 'Y'],Male,0,Yes,No,59,No,No,No,No,No,No,No,No,No,Month-to-month,Yes,Credit card (automatic),22.75,1347.57,1
7822-['R' 'X' 'H' 'K' 'N'],Male,0,Yes,Yes,27,Yes,Yes,DSL,No,No,Yes,Yes,Yes,Yes,Two year,Yes,Electronic check,102.26,2770.88,0
9505-['A' 'K' 'G' 'J' 'B'],Female,0,No,No,26,Yes,Yes,DSL,No,No,No,No,Yes,No,One year,Yes,Mailed check,80.02,2084.08,0
3393-['P' 'O' 'I' 'A' 'I'],Female,0,Yes,No,7,Yes,Yes,DSL,No,No,No,Yes,No,Yes,One year,Yes,Bank transfer (automatic),85.27,598.36,0
7410-['E' 'F' 'H' 'O' 'P'],Female,0,Yes,Yes,71,Yes,Yes,Fiber optic,No,Yes,No,No,Yes,No,Two year,No,Electronic check,102.08,7261.42,1
6981-['R' 'L' 'W' 'D' 'Y'],Male,0,No,No,22,Yes,Yes,Fiber optic,Yes,Yes,No,No,Yes,Yes,Month-to-month,No,Electronic check,118.7,2614.42,1
2615-['W' 'K' 'V' 'X' 'V'],Female,0,Yes,No,31,Yes,No,DSL,No,No,No,No,No,Yes,Month-to-month,No,Electronic check,69.61,2150.87,1
3446-['Q' 'O' 'J' 'D' 'V'],Male,0,Yes,Yes,14,Yes,No,Fiber optic,No,No,No,No,No,Yes,Two year,Yes,Bank transfer (automatic),84.86,1196.53,0
4216-['D' 'V' 'W' 'V' 'K'],Female,1,No,Yes,67,Yes,No,DSL,No,No,No,No,Yes,Yes,Month-to-month,Yes,Credit card (automatic),79.97,5344.34,0
2961-['N' 'R' 'F' 'E' 'B'],Male,0,Yes,Yes,39,No,No,Fiber optic,No,No,Yes,Yes,No,No,Two year,Yes,Bank transfer (automatic),69.72,2716.09,0
4448-['M' 'W' 'N' 'C' 'W'],Male,0,Yes,No,56,Yes,Yes,No,No,No,No,No,No,No,Two year,No,Bank transfer (automatic),45.02,2522.59,1
4626-['V' 'W' 'D' 'M' 'Z'],Female,1,Yes,Yes,46,Yes,Yes,Fiber optic,No,Yes,No,No,Yes,Yes,Month-to-month,No,Electronic check,109.79,5042.6,1
7812-['H' 'H' 'W' 'M' 'W'],Male,0,Yes,No,9,Yes,No,Fiber optic,No,No,No,No,No,Yes,Month-to-month,Yes,Mailed check,84.7,766.99,1
7263-['Q' 'F' 'B' 'Q' 'L'],Male,1,No,Yes,55,Yes,Yes,Fiber optic,No,No,No,Yes,Yes,No,Month-to-month,No,Bank transfer (automatic),100.08,5498.24,1
5953-['W' 'F' 'E' 'E' 'Y'],Female,0,No,No,51,Yes,Yes,No,No,No,No,No,No,No,Month-to-month,No,Bank transfer (automatic),43.35,2220.17,0
2352-['V' 'C' 'W' 'T' 'E'],Male,0,Yes,Yes,62,Yes,Yes,No,No,No,No,No,No,No,One year,Yes,Credit card (automatic),46.26,2866.7,0
1166-['L' 'G' 'J' 'H' 'Q'],Male,1,Yes,No,50,Yes,Yes,Fiber optic,No,No,No,No,Yes,Yes,Month-to-month,Yes,Electronic check,106.21,5313.86,0
8758-['I' 'W' 'K' 'M' 'R'],Female,0,Yes,No,69,Yes,No,No,No,No,No,No,No,No,Two year,Yes,Bank transfer (automatic),33.6,2318.56,0
5744-['J' 'E' 'K' 'V' 'O'],Male,0,Yes,No,8,Yes,Yes,DSL,No,No,No,Yes,No,Yes,Month-to-month,No,Credit card (automatic),84.23,675.48,1
1084-['T' 'X' 'X' 'N' 'E'],Male,0,No,No,40,Yes,No,DSL,No,Yes,No,No,Yes,Yes,Month-to-month,No,Credit card (automatic),85.61,3415.57,0
8194-['X' 'F' 'Z' 'V' 'O'],Female,0,No,No,39,Yes,Yes,No,No,No,No,No,No,No,Month-to-month,Yes,Mailed check,45.47,1768.43,1
7684-['D' 'J' 'S' 'I' 'U'],Female,1,Yes,No,15,Yes,Yes,Fiber optic,No,Yes,Yes,No,Yes,No,Month-to-month,Yes,Mailed check,107.12,1608.36,1
7153-['D' 'V' 'D' 'F' 'Z'],Female,0,Yes,No,24,Yes,No,DSL,No,Yes,Yes,No,No,Yes,One year,Yes,Mailed check,79.69,1917.42,0
6967-['H' 'P' 'F' 'Q' 'A'],Male,0,Yes,Yes,9,Yes,No,Fiber optic,No,Yes,Yes,No,No,No,Month-to-month,Yes,Bank transfer (automatic),85.07,775.83,1
7512-['L' 'L' 'F' 'G' 'H'],Female,0,No,Yes,29,Yes,Yes,Fiber optic,No,Yes,No,No,No,No,Month-to-month,Yes,Mailed check,93.11,2690.68,0
5656-['U' 'H' 'K' 'T' 'R'],Female,1,Yes,No,8,Yes,Yes,DSL,No,No,Yes,No,No,Yes,Two year,Yes,Electronic check,87.56,696.17,0
1408-['M' 'I' 'S' 'G' 'Q'],Female,0,Yes,No,39,No,No,DSL,No,No,No,No,Yes,Yes,Two year,No,Credit card (automatic),65.08,2540.43,1
6031-['H' 'C' 'P' 'L' 'O'],Female,0,No,Yes,56,Yes,Yes,DSL,No,No,No,Yes,No,No,Month-to-month,Yes,Mailed check,77.1,4316.55,0
6300-['D' 'W' 'G' 'K' 'X'],Female,1,No,Yes,45,Yes,Yes,Fiber optic,No,No,No,No,Yes,No,One year,No,Credit card (automatic),94.11,4237.99,1
3764-['K' 'E' 'H' 'U' 'Q'],Female,0,Yes,No,6,Yes,Yes,No,No,No,No,No,No,No,Month-to-month,No,Electronic check,43.23,249.87,0
4146-['S' 'R' 'J' 'E' 'X'],Female,0,Yes,No,42,No,No,DSL,No,Yes,No,No,No,No,One year,Yes,Bank transfer (automatic),53.34,2231.53,1
6951-['Y' 'Y' 'A' 'Q' 'Q'],Male,0,Yes,No,47,Yes,No,Fiber optic,No,No,Yes,No,No,Yes,Month-to-month,No,Electronic check,89.24,4209.57,1
9664-['A' 'W' 'V' 'I' 'Y'],Male,0,Yes,No,56,No,No,No,No,No,No,No,No,No,Month-to-month,Yes,Electronic check,20.22,1137.65,0
9387-['I' 'N' 'O' 'P' 'P'],Female,0,No,No,16,Yes,No,DSL,Yes,Yes,No,No,Yes,No,Month-to-month,No,Bank transfer (automatic),77.48,1236.94,1
6644-['N' 'V' 'U' 'I' 'W'],Female,0,No,No,24,Yes,Yes,Fiber optic,Yes,Yes,Yes,Yes,No,Yes,Month-to-month,Yes,Bank transfer (automatic),115.07,2752.66,1
4496-['U' 'D' 'J' 'C' 'U'],Male,0,No,No,6,Yes,No,DSL,No,No,No,Yes,Yes,No,Two year,No,Credit card (automatic),76.15,459.42,0
2672-['S' 'P' 'P' 'Q' 'R'],Female,0,Yes,No,54,Yes,No,Fiber optic,Yes,No,No,Yes,No,Yes,Month-to-month,No,Mailed check,94.55,5121.41,0
8026-['V' 'O' 'O' 'K' 'H'],Male,0,No,Yes,18,Yes,Yes,Fiber optic,Yes,No,Yes,No,Yes,Yes,Month-to-month,Yes,Mailed check,112.08,2013.01,1
9309-['P' 'J' 'I' 'O' 'V'],Female,0,No,No,31,No,No,No,No,No,No,No,No,No,One year,No,Credit card (automatic),19.91,601.16,1
4812-['T' 'B' 'V' 'P' 'R'],Male,0,Yes,Yes,31,Yes,No,DSL,Yes,Yes,No,Yes,No,No,Month-to-month,Yes,Electronic check,72.44,2251.28,1
1900-['A' 'S' 'J' 'U' 'M'],Female,0,No,No,25,Yes,Yes,DSL,No,Yes,No,No,No,No,Two year,Yes,Bank transfer (automatic),71.39,1775.02,0
1950-['X' 'W' 'W' 'K' 'O'],Male,1,No,No,71,Yes,Yes,Fiber optic,Yes,Yes,Yes,No,No,No,Month-to-month,No,Credit card (automatic),100.81,7171.91,1
1257-['F' 'U' 'K' 'O' 'I'],Male,0,Yes,No,21,No,No,No,No,No,No,No,No,No,One year,Yes,Electronic check,20.32,418.54,1
3425-['D' 'W' 'X' 'N' 'V'],Female,0,Yes,Yes,54,Yes,Yes,DSL,No,No,No,Yes,No,Yes,Month-to-month,Yes,Electronic check,82.42,4444.89,0
6402-['U' 'Q' 'M' 'H' 'L'],Male,0,Yes,Yes,56,Yes,Yes,DSL,Yes,Yes,No,No,No,Yes,Month-to-month,Yes,Electronic check,87.7,4920.52,0
6099-['L' 'B' 'J' 'W' 'I'],Male,0,Yes,No,7,Yes,No,No,No,No,No,No,No,No,Two year,No,Mailed check,34.16,256.34,0
4456-['D' 'W' 'N' 'P' 'Y'],Female,1,No,No,45,Yes,No,Fiber optic,No,Yes,No,Yes,Yes,No,Month-to-month,Yes,Electronic check,96.22,4323.73,1
8649-['F' 'C' 'T' 'S' 'M'],Male,0,No,No,4,Yes,No,Fiber optic,No,No,No,No,No,No,One year,Yes,Mailed check,72.69,313.74,1
5112-['N' 'V' 'K' 'P' 'K'],Male,0,No,Yes,11,No,No,Fiber optic,Yes,No,No,No,Yes,No,One year,No,Bank transfer (automatic),72.91,799.13,1
5977-['B' 'W' 'U' 'H' 'N'],Male,1,No,Yes,26,Yes,No,DSL,No,No,Yes,Yes,Yes,No,One year,No,Electronic check,79.83,2053.8,0
8329-['M' 'J' 'H' 'G' 'M'],Male,0,No,No,10,Yes,Yes,No,No,No,No,No,No,No,Month-to-month,Yes,Mailed check,42.25,426.07,1
9921-['X' 'S' 'X' 'O' 'V'],Female,0,Yes,No,35,Yes,Yes,Fiber optic,Yes,Yes,Yes,No,No,No,Month-to-month,No,Mailed check,99.97,3480.01,1
7657-['V' 'E' 'S' 'A' 'G'],Male,0,No,No,51,Yes,No,Fiber optic,No,No,No,No,No,No,Two year,Yes,Bank transfer (automatic),76.38,3889.58,0
1256-['G' 'Q' 'Y' 'F' 'T'],Male,0,Yes,Yes,1,Yes,No,Fiber optic,Yes,No,No,Yes,No,No,One year,No,Bank transfer (automatic),80.77,87.65,1
7867-['O' 'M' 'L' 'U' 'B'],Male,0,Yes,Yes,70,Yes,No,DSL,Yes,No,No,No,No,No,Month-to-month,Yes,Mailed check,65.74,4579.32,0
5379-['D' 'J' 'K' 'U' 'F'],Male,0,No,No,11,Yes,Yes,DSL,No,No,No,Yes,No,Yes,One year,No,Electronic check,80.9,889.28,1
5324-['F' 'D' 'F' 'R' 'M'],Female,0,No,Yes,54,Yes,No,Fiber optic,No,No,No,Yes,Yes,Yes,One year,Yes,Mailed check,97.83,5268.98,1
9310-['C' 'J' 'D' 'Y' 'O'],Male,0,Yes,No,30,Yes,No,Fiber optic,No,No,No,No,Yes,Yes,Month-to-month,No,Electronic check,91.9,2738.38,1
7539-['O' 'U' 'Y' 'Z' 'Z'],Female,0,Yes,No,31,No,No,Fiber optic,No,Yes,Yes,Yes,Yes,Yes,One year,Yes,Credit card (automatic),96.48,2980.27,1
3441-['L' 'Z' 'V' 'H' 'U'],Female,0,No,No,63,Yes,No,Fiber optic,Yes,Yes,Yes,No,Yes,No,Month-to-month,Yes,Bank transfer (automatic),99.91,6303.53,1
6794-['G' 'R' 'C' 'O' 'B'],Male,0,No,No,58,Yes,No,Fiber optic,Yes,Yes,No,Yes,No,Yes,Month-to-month,Yes,Mailed check,99.14,5765.14,0
8391-['O' 'M' 'X' 'T' 'J'],Female,0,No,No,24,Yes,Yes,Fiber optic,No,Yes,Yes,No,No,No,One year,Yes,Mailed check,92.19,2200.69,1
2399-['X' 'X' 'X' 'H' 'P'],Male,0,Yes,No,68,Yes,No,No,No,No,No,No,No,No,Month-to-month,Yes,Mailed check,33.41,2284.2,0
8864-['P' 'B' 'I' 'H' 'K'],Male,0,Yes,Yes,67,Yes,No,Fiber optic,No,No,No,Yes,Yes,Yes,Month-to-month,No,Bank transfer (automatic),100.24,6705.46,0
9921-['A' 'U' 'K' 'R' 'Z'],Male,0,Yes,Yes,43,Yes,No,DSL,Yes,No,Yes,No,No,Yes,Month-to-month,No,Credit card (automatic),81.09,3499.21,1
6684-['O' 'X' 'I' 'I' 'A'],Female,0,No,No,42,Yes,Yes,Fiber optic,No,Yes,Yes,No,Yes,Yes,One year,Yes,Bank transfer (automatic),117.8,4955.6,1
3758-['L' 'X' 'J' 'S' 'P'],Female,0,Yes,No,14,Yes,Yes,No,No,No,No,No,No,No,Month-to-month,Yes,Mailed check,45.74,624.0,1
9229-['K' 'S' 'Y' 'S' 'R'],Male,0,Yes,No,12,Yes,No,No,No,No,No,No,No,No,Two year,Yes,Electronic check,36.06,434.87,0
4576-['O' 'P' 'N' 'H' 'H'],Female,0,No,No,68,Yes,Yes,Fiber optic,No,No,Yes,Yes,No,No,Two year,No,Electronic check,95.0,6453.12,0
3923-['B' 'U' 'T' 'Y' 'L'],Female,1,No,No,69,Yes,Yes,DSL,Yes,No,Yes,No,Yes,No,Month-to-month,No,Mailed check,88.13,6078.72,1
9422-['F' 'U' 'D' 'U' 'I'],Female,0,No,Yes,44,Yes,No,Fiber optic,No,No,No,No,Yes,Yes,Month-to-month,Yes,Electronic check,95.97,4213.42,1
6444-['J' 'O' 'H' 'W' 'D'],Female,1,No,Yes,24,Yes,Yes,Fiber optic,No,No,No,Yes,No,No,Two year,No,Bank transfer (automatic),84.49,2027.87,0
7405-['M' 'S' 'J' 'O' 'C'],Male,0,No,No,24,Yes,Yes,Fiber optic,Yes,Yes,No,No,Yes,No,Month-to-month,Yes,Electronic check,103.1,2480.28,1
8857-['N' 'C' 'K' 'J' 'Q'],Male,0,Yes,No,9,Yes,Yes,DSL,No,No,No,Yes,Yes,Yes,Month-to-month,Yes,Electronic check,96.04,861.26,1
4960-['B' 'M' 'S' 'E' 'P'],Male,0,No,No,61,Yes,No,Fiber optic,No,Yes,Yes,Yes,No,Yes,Two year,Yes,Mailed check,97.83,5957.38,0
1201-['L' 'T' 'M' 'U' 'P'],Female,1,Yes,No,11,Yes,Yes,Fiber optic,Yes,No,Yes,No,Yes,No,Month-to-month,No,Mailed check,106.56,1186.04,1
8545-['A' 'V' 'I' 'P' 'S'],Male,0,Yes,No,66,Yes,No,DSL,No,Yes,Yes,No,Yes,No,Two year,No,Mailed check,79.74,5234.85,0
9622-['R' 'V' 'L' 'N' 'C'],Male,0,No,No,28,Yes,Yes,Fiber optic,Yes,Yes,Yes,No,Yes,No,Month-to-month,Yes,Electronic check,105.28,2946.04,1
8523-['F' 'P' 'M' 'L' 'V'],Male,0,Yes,No,42,Yes,Yes,No,No,No,No,No,No,No,Month-to-month,No,Mailed check,41.05,1722.37,1
2665-['M' 'C' 'M' 'Y' 'B'],Female,0,Yes,No,36,Yes,Yes,Fiber optic,Yes,No,No,No,Yes,Yes,Month-to-month,Yes,Electronic check,111.19,3997.84,1
1136-['T' 'A' 'M' 'B' 'O'],Female,1,No,No,68,Yes,Yes,Fiber optic,No,Yes,No,Yes,Yes,Yes,One year,Yes,Credit card (automatic),115.44,7856.04,1
9760-['Y' 'P' 'K' 'O' 'F'],Female,0,No,Yes,10,Yes,Yes,Fiber optic,No,No,No,No,Yes,Yes,Month-to-month,Yes,Bank transfer (automatic),104.19,1049.33,1
3061-['F' 'S' 'E' 'K' 'D'],Male,0,No,No,39,Yes,No,DSL,No,Yes,No,No,Yes,No,Month-to-month,Yes,Electronic check,74.2,2887.51,1
5313-['I' 'I' 'Q' 'H' 'O'],Male,0,Yes,No,62,Yes,No,DSL,No,Yes,No,Yes,No,Yes,Month-to-month,Yes,Bank transfer (automatic),78.48,4857.53,0
1259-['Z' 'T' 'R' 'I' 'U'],Male,0,Yes,No,21,Yes,No,Fiber optic,No,No,Yes,Yes,No,Yes,Month-to-month,No,Electronic check,95.75,2001.53,1
3280-['U' 'X' 'D' 'U' 'G'],Female,0,Yes,No,14,No,No,Fiber optic,No,No,Yes,No,No,No,Two year,No,Electronic check,65.79,928.38,1
9572-['W' 'H' 'U' 'A' 'I'],Male,0,Yes,No,8,Yes,No,Fiber optic,Yes,Yes,Yes,Yes,No,No,One year,No,Electronic check,92.54,743.04,0
3648-['W' 'L' 'F' 'M' 'E'],Female,0,Yes,No,69,Yes,Yes,Fiber optic,No,No,No,No,No,No,Month-to-month,Yes,Electronic check,80.73,5561.3,1
3932-['S' 'Z' 'A' 'V' 'X'],Female,0,No,No,63,Yes,No,DSL,Yes,No,No,No,Yes,Yes,One year,No,Bank transfer (automatic),83.75,5269.18,0
5983-['Z' 'H' 'Z' 'O' 'S'],Female,0,No,No,5,Yes,Yes,Fiber optic,No,No,No,No,No,No,One year,No,Credit card (automatic),89.3,439.91,0
3569-['X' 'P' 'K' 'L' 'P'],Male,0,No,No,42,Yes,Yes,DSL,Yes,Yes,No,Yes,No,Yes,Month-to-month,Yes,Electronic check,94.46,3959.41,0
2103-['T' 'C' 'I' 'H' 'J'],Female,1,No,Yes,19,No,No,DSL,No,Yes,Yes,No,No,Yes,Two year,Yes,Credit card (automatic),70.33,1350.34,0
5561-['M' 'M' 'O' 'M' 'P'],Male,0,Yes,Yes,42,Yes,Yes,No,No,No,No,No,No,No,Month-to-month,Yes,Bank transfer (automatic),46.72,1947.79,0
6722-['S' 'J' 'L' 'N' 'F'],Female,0,Yes,No,61,Yes,Yes,No,No,No,No,No,No,No,Month-to-month,Yes,Bank transfer (automatic),44.09,2704.49,1
9215-['I' 'G' 'F' 'V' 'A'],Male,1,No,No,66,Yes,No,Fiber optic,No,No,No,No,No,Yes,Two year,Yes,Electronic check,88.17,5801.6,0
6630-['E' 'K' 'E' 'L' 'C'],Female,0,No,No,51,Yes,No,No,No,No,No,No,No,No,One year,No,Electronic check,31.69,1617.74,0
5661-['B' 'Z' 'B' 'V' 'L'],Male,0,No,Yes,25,Yes,No,Fiber optic,Yes,No,No,No,No,Yes,Month-to-month,Yes,Bank transfer (automatic),90.06,2259.87,1
2281-['I' 'P' 'Y' 'O' 'N'],Male,1,No,Yes,30,Yes,Yes,DSL,No,No,No,Yes,No,Yes,One year,No,Credit card (automatic),85.94,2584.73,1
9947-['D' 'D' 'K' 'U' 'X'],Female,1,No,Yes,54,Yes,Yes,Fiber optic,Yes,Yes,No,No,Yes,No,Two year,Yes,Electronic check,108.42,5845.58,0
6978-['E' 'B' 'O' 'K' 'X'],Male,0,No,Yes,67,No,No,No,No,No,No,No,No,No,Month-to-month,Yes,Mailed check,18.25,1225.46,0
6680-['P' 'O' 'W' 'C' 'T'],Male,0,No,No,56,Yes,Yes,No,No,No,No,No,No,No,Month-to-month,Yes,Bank transfer (automatic),45.96,2579.05,0
3012-['M' 'P' 'W' 'L' 'Q'],Female,0,Yes,No,23,Yes,No,No,No,No,No,No,No,No,Two year,No,Electronic check,32.89,753.49,0
6615-['I' 'F' 'S' 'W' 'M'],Female,0,No,Yes,64,Yes,Yes,No,No,No,No,No,No,No,One year,No,Mailed check,47.88,3048.84,0
8623-['L' 'I' 'V' 'D' 'M'],Male,0,No,No,25,Yes,Yes,Fiber optic,Yes,Yes,No,No,No,No,One year,Yes,Bank transfer (automatic),94.2,2361.05,0
1996-['X' 'Z' 'R' 'U' 'N'],Female,0,No,No,48,Yes,No,Fiber optic,No,No,No,Yes,Yes,Yes,Month-to-month,No,Electronic check,100.99,4846.32,1
5984-['B' 'O' 'H' 'P' 'C'],Male,0,Yes,No,37,Yes,No,DSL,No,Yes,Yes,No,Yes,Yes,Month-to-month,Yes,Electronic check,90.21,3352.31,0
3519-['T' 'T' 'W' 'E' 'D'],Female,0,No,Yes,35,Yes,No,DSL,Yes,No,Yes,No,Yes,No,Month-to-month,Yes,Electronic check,83.38,2909.41,1
9715-['S' 'O' 'Y' 'M' 'E'],Female,0,No,Yes,53,Yes,No,No,No,No,No,No,No,No,Two year,No,Bank transfer (automatic),33.54,1781.88,0
1715-['S' 'B' 'G' 'W' 'E'],Female,0,Yes,No,8,Yes,Yes,Fiber optic,Yes,No,Yes,No,No,No,Month-to-month,No,Credit card (automatic),95.49,760.68,1
1211-['K' 'R' 'R' 'G' 'J'],Male,0,Yes,No,41,Yes,Yes,No,No,No,No,No,No,No,Month-to-month,No,Mailed check,46.75,1928.35,1
4222-['T' 'N' 'T' 'T' 'K'],Female,0,No,Yes,23,Yes,Yes,DSL,Yes,No,Yes,No,No,Yes,Month-to-month,Yes,Bank transfer (automatic),88.99,2045.81,0
5929-['M' 'M' 'I' 'Q' 'O'],Male,0,Yes,Yes,39,Yes,Yes,Fiber optic,Yes,Yes,Yes,No,Yes,Yes,One year,No,Credit card (automatic),115.08,4487.35,0
6813-['Z' 'W' 'U' 'V' 'V'],Male,0,Yes,Yes,7,No,No,Fiber optic,Yes,Yes,No,No,No,Yes,One year,Yes,Credit card (automatic),78.03,538.61,1
8160-['J' 'T' 'L' 'E' 'T'],Female,0,Yes,No,53,Yes,Yes,Fiber optic,Yes,No,No,No,No,No,One year,No,Bank transfer (automatic),88.25,4685.36,1
3921-['F' 'U' 'T' 'F' 'L'],Female,0,Yes,No,10,Yes,No,Fiber optic,No,Yes,Yes,No,No,Yes,Two year,Yes,Bank transfer (automatic),97.43,967.68,0
3228-['S' 'B' 'M' 'V' 'T'],Female,0,No,No,55,Yes,Yes,Fiber optic,No,Yes,No,Yes,No,No,Two year,No,Mailed check,97.26,5350.36,1
2996-['Z' 'C' 'N' 'H' 'I'],Female,0,Yes,No,28,Yes,No,Fiber optic,No,No,No,No,Yes,Yes,Month-to-month,Yes,Electronic check,92.48,2593.85,1
7862-['W' 'R' 'H' 'K' 'E'],Female,0,Yes,No,41,Yes,No,DSL,Yes,No,Yes,Yes,Yes,No,Two year,Yes,Electronic check,84.75,3462.53,0
6310-['O' 'O' 'Z' 'G' 'U'],Male,0,No,No,5,No,No,No,No,No,No,No,No,No,Month-to-month,No,Mailed check,20.85,106.93,1
1063-['R' 'L' 'L' 'D' 'K'],Female,0,No,Yes,2,Yes,No,No,No,No,No,No,No,No,One year,Yes,Credit card (automatic),34.26,59.98,0
1436-['F' 'U' 'J' 'O' 'A'],Male,0,No,No,64,Yes,Yes,No,No,No,No,No,No,No,One year,Yes,Mailed check,44.36,2827.33,0
5094-['C' 'Y' 'K' 'R' 'J'],Male,0,Yes,No,11,Yes,Yes,No,No,No,No,No,No,No,Month-to-month,Yes,Mailed check,46.17,509.44,0
2076-['I' 'G' 'K' 'H' 'B'],Female,0,No,No,35,Yes,No,No,No,No,No,No,No,No,Two year,Yes,Bank transfer (automatic),35.22,1244.0,0
1548-['I' 'A' 'Q' 'J' 'H'],Female,0,No,Yes,55,Yes,No,DSL,No,No,Yes,No,No,Yes,Month-to-month,Yes,Bank transfer (automatic),72.81,3994.54,1
1913-['Y' 'J' 'I' 'D' 'B'],Male,0,Yes,Yes,51,Yes,Yes,Fiber optic,No,Yes,Yes,No,Yes,No,Two year,Yes,Mailed check,104.52,5341.71,1
5306-['J' 'Q' 'C' 'U' 'S'],Male,0,No,No,31,Yes,Yes,Fiber optic,No,No,No,No,Yes,Yes,Month-to-month,Yes,Bank transfer (automatic),102.72,3196.4,1
2522-['Z' 'V' 'S' 'S' 'O'],Female,0,No,No,55,Yes,No,DSL,No,No,No,Yes,Yes,Yes,Month-to-month,No,Bank transfer (automatic),83.88,4620.07,0
3456-['R' 'Q' 'J' 'X' 'N'],Male,0,No,No,10,Yes,Yes,DSL,No,No,No,No,No,No,One year,Yes,Bank transfer (automatic),69.28,699.11,0
4314-['W' 'R' 'K' 'K' 'L'],Male,0,No,Yes,0,Yes,Yes,DSL,Yes,No,No,No,No,No,Month-to-month,Yes,Electronic check,75.17,0.0,1
8591-['P' 'Y' 'X' 'H' 'X'],Male,0,No,No,5,Yes,Yes,Fiber optic,No,Yes,Yes,No,Yes,Yes,Month-to-month,Yes,Electronic check,116.02,585.84,1
4597-['W' 'R' 'X' 'U' 'V'],Female,0,No,No,23,Yes,Yes,DSL,Yes,No,Yes,No,Yes,No,Month-to-month,Yes,Credit card (automatic),90.88,2084.63,1
8651-['Q' 'M' 'E' 'C' 'I'],Male,0,Yes,No,71,Yes,No,DSL,No,No,Yes,No,Yes,No,Month-to-month,No,Electronic check,73.92,5232.46,0
3771-['Z' 'R' 'T' 'S' 'S'],Male,0,No,Yes,23,Yes,Yes,Fiber optic,Yes,No,No,No,No,Yes,Month-to-month,Yes,Mailed check,98.67,2269.01,1
6839-['A' 'E' 'X' 'O' 'Z'],Male,0,No,No,8,Yes,No,DSL,No,No,Yes,No,Yes,Yes,Two year,Yes,Bank transfer (automatic),84.13,687.45,1
3648-['A' 'N' 'R' 'R' 'F'],Female,1,No,No,58,Yes,Yes,Fiber optic,No,Yes,Yes,No,No,No,Two year,Yes,Electronic check,97.43,5661.33,1
2050-['Q' 'R' 'O' 'L' 'M'],Female,0,No,No,69,Yes,No,DSL,No,Yes,No,Yes,No,Yes,One year,Yes,Bank transfer (automatic),79.57,5506.31,0
6043-['B' 'D' 'C' 'S' 'Y'],Male,0,No,No,22,Yes,No,Fiber optic,No,No,No,No,No,No,Month-to-month,Yes,Electronic check,74.06,1636.11,1
6963-['L' 'J' 'Y' 'A' 'E'],Male,0,No,No,16,No,No,DSL,Yes,No,Yes,Yes,Yes,Yes,Month-to-month,Yes,Bank transfer (automatic),79.48,1279.41,0
8923-['K' 'I' 'N' 'C' 'E'],Male,0,No,No,24,Yes,Yes,Fiber optic,No,Yes,Yes,Yes,Yes,Yes,Two year,No,Electronic check,118.75,2852.36,0
7327-['Z' 'U' 'I' 'R' 'F'],Female,0,No,No,37,Yes,No,No,No,No,No,No,No,No,Month-to-month,Yes,Electronic check,34.6,1282.31,0
5628-['Y' 'G' 'P' 'H' 'W'],Female,0,Yes,No,2,Yes,Yes,No,No,No,No,No,No,No,Month-to-month,Yes,Electronic check,43.24,95.13,1
6049-['E' 'K' 'U' 'M' 'T'],Male,0,Yes,Yes,66,Yes,No,DSL,Yes,Yes,Yes,No,No,No,Month-to-month,Yes,Credit card (automatic),74.1,4898.2,1
7797-['I' 'J' 'J' 'J' 'Z'],Male,0,No,No,13,Yes,Yes,No,No,No,No,No,No,No,Month-to-month,Yes,Electronic check,44.04,565.54,1
5018-['K' 'K' 'C' 'S' 'X'],Male,0,No,No,9,Yes,No,Fiber optic,No,No,No,No,No,Yes,One year,Yes,Bank transfer (automatic),84.37,761.14,1
1459-['O' 'N' 'C' 'T' 'M'],Male,0,Yes,No,65,Yes,Yes,DSL,Yes,No,No,No,Yes,Yes,One year,No,Mailed check,99.62,6482.73,0
3801-['P' 'F' 'J' 'Q' 'Q'],Male,0,Yes,No,70,Yes,Yes,Fiber optic,No,No,No,Yes,Yes,No,One year,No,Electronic check,102.08,7136.26,0
2678-['A' 'G' 'Y' 'J' 'G'],Male,0,Yes,No,13,No,No,DSL,Yes,No,Yes,Yes,No,Yes,Month-to-month,Yes,Electronic check,73.54,944.39,1
3926-['X' 'P' 'W' 'N' 'C'],Male,0,No,Yes,9,Yes,Yes,No,No,No,No,No,No,No,Month-to-month,Yes,Bank transfer (automatic),48.09,421.2,1
8410-['L' 'S' 'R' 'N' 'T'],Female,0,No,No,48,Yes,No,Fiber optic,No,No,Yes,No,Yes,No,Month-to-month,Yes,Electronic check,89.7,4309.45,1
6814-['I' 'C' 'Z' 'W' 'L'],Female,0,Yes,Yes,61,Yes,Yes,DSL,Yes,Yes,No,No,Yes,No,Two year,No,Credit card (automatic),90.81,5537.67,0
4998-['T' 'Q' 'E' 'H' 'S'],Female,0,Yes,Yes,47,Yes,Yes,Fiber optic,No,No,No,No,Yes,Yes,Month-to-month,Yes,Mailed check,104.0,4886.21,1
5547-['O' 'S' 'O' 'Z' 'N'],Male,0,Yes,No,2,No,No,DSL,No,Yes,No,No,Yes,No,Month-to-month,Yes,Electronic check,57.67,111.02,1
1051-['K' 'B' 'S' 'C' 'D'],Female,0,Yes,No,46,Yes,Yes,Fiber optic,Yes,Yes,No,No,No,Yes,One year,Yes,Electronic check,108.46,4991.28,0
2674-['M' 'R' 'R' 'S' 'L'],Male,0,Yes,No,59,Yes,Yes,DSL,Yes,Yes,Yes,Yes,No,No,Month-to-month,No,Mailed check,92.12,5420.21,0
8792-['C' 'A' 'C' 'D' 'F'],Female,0,Yes,Yes,24,Yes,Yes,No,No,No,No,No,No,No,Month-to-month,Yes,Mailed check,43.34,1052.33,0
3712-['H' 'M' 'D' 'F' 'K'],Female,0,Yes,Yes,6,Yes,Yes,DSL,Yes,Yes,Yes,No,No,No,Month-to-month,No,Mailed check,85.13,517.3,1
5352-['H' 'V' 'B' 'H' 'T'],Female,0,No,Yes,38,No,No,Fiber optic,Yes,No,No,Yes,No,Yes,Month-to-month,No,Credit card (automatic),76.03,2881.93,1
9355-['Q' 'G' 'J' 'E' 'J'],Female,0,Yes,No,42,No,No,Fiber optic,No,No,Yes,No,No,Yes,Month-to-month,Yes,Bank transfer (automatic),76.27,3185.98,0
5459-['U' 'T' 'F' 'A' 'C'],Female,0,No,No,45,No,No,Fiber optic,No,Yes,Yes,Yes,No,No,Month-to-month,Yes,Credit card (automatic),77.71,3507.17,1
1698-['G' 'K' 'X' 'L' 'I'],Male,0,No,No,42,Yes,Yes,DSL,No,No,No,No,No,Yes,One year,Yes,Electronic check,77.1,3228.46,0
4491-['B' 'B' 'Q' 'U' 'B'],Male,1,Yes,No,28,Yes,No,Fiber optic,No,No,Yes,No,Yes,Yes,Two year,Yes,Mailed check,97.34,2732.47,1
2891-['Y' 'K' 'S' 'X' 'Z'],Female,0,No,Yes,65,Yes,Yes,Fiber optic,Yes,No,No,Yes,Yes,No,One year,Yes,Credit card (automatic),104.44,6808.28,0
7645-['Z' 'U' 'R' 'S' 'X'],Male,0,No,Yes,68,Yes,Yes,Fiber optic,No,No,No,No,Yes,Yes,One year,Yes,Electronic check,106.12,7203.87,0
2646-['L' 'Y' 'K' 'W' 'A'],Female,0,No,No,26,Yes,No,Fiber optic,No,No,No,No,No,Yes,Month-to-month,Yes,Mailed check,81.65,2106.93,1
7095-['M' 'F' 'W' 'F' 'J'],Female,0,No,No,2,Yes,Yes,DSL,No,No,No,No,Yes,No,Month-to-month,No,Electronic check,77.4,145.66,1
8713-['Y' 'C' 'F' 'P' 'F'],Female,0,No,Yes,55,Yes,Yes,DSL,No,Yes,Yes,Yes,No,Yes,Month-to-month,No,Credit card (automatic),94.95,5219.38,0
8543-['M' 'D' 'O' 'F' 'A'],Male,0,No,No,63,Yes,Yes,Fiber optic,No,Yes,No,No,No,No,Month-to-month,No,Electronic check,86.94,5467.29,1
1104-['L' 'Y' 'W' 'K' 'M'],Female,0,No,No,20,Yes,Yes,Fiber optic,No,Yes,No,Yes,No,No,Month-to-month,Yes,Credit card (automatic),96.32,1920.46,1
8904-['S' 'U' 'D' 'E' 'W'],Female,0,Yes,No,23,Yes,No,Fiber optic,Yes,No,Yes,No,Yes,No,Month-to-month,Yes,Bank transfer (automatic),92.29,2137.68,1
6156-['S' 'C' 'K' 'B' 'V'],Male,0,No,No,19,Yes,Yes,DSL,Yes,No,No,No,Yes,Yes,Month-to-month,No,Bank transfer (automatic),95.55,1809.52,1
4501-['F' 'S' 'A' 'G' 'B'],Female,0,Yes,Yes,51,No,No,No,No,No,No,No,No,No,One year,Yes,Bank transfer (automatic),20.32,1033.45,0
2591-['S' 'A' 'Z' 'I' 'U'],Male,0,Yes,No,12,Yes,No,No,No,No,No,No,No,No,Month-to-month,No,Bank transfer (automatic),33.97,418.57,1
6978-['F' 'Z' 'C' 'T' 'X'],Male,0,Yes,No,69,Yes,Yes,Fiber optic,Yes,No,Yes,Yes,No,Yes,One year,No,Bank transfer (automatic),105.48,7267.05,0
6209-['T' 'F' 'C' 'J' 'L'],Male,0,No,No,42,Yes,No,Fiber optic,No,No,Yes,No,No,No,One year,Yes,Electronic check,79.92,3362.83,1
6728-['V' 'P' 'Q' 'J' 'L'],Male,0,Yes,No,36,Yes,No,DSL,No,No,No,No,Yes,Yes,Month-to-month,Yes,Electronic check,79.28,2864.31,1
6627-['H' 'W' 'H' 'J' 'J'],Male,1,Yes,No,29,Yes,No,No,No,No,No,No,No,No,Two year,Yes,Electronic check,35.56,1047.35,0
3097-['J' 'G' 'D' 'A' 'K'],Male,0,Yes,No,14,Yes,Yes,DSL,No,Yes,No,Yes,No,Yes,One year,Yes,Mailed check,86.8,1214.52,0
5434-['E' 'Z' 'H' 'B' 'B'],Male,0,No,No,24,Yes,Yes,Fiber optic,Yes,No,Yes,Yes,No,No,One year,No,Bank transfer (automatic),98.83,2369.99,1
6289-['M' 'A' 'N' 'B' 'D'],Male,0,Yes,Yes,37,Yes,Yes,Fiber optic,Yes,Yes,Yes,No,No,Yes,Month-to-month,Yes,Electronic check,110.48,4092.33,1
4611-['S' 'A' 'D' 'K' 'M'],Male,0,No,No,42,Yes,Yes,DSL,No,No,Yes,No,No,No,Month-to-month,No,Credit card (automatic),74.12,3103.97,1
2274-['R' 'J' 'E' 'A' 'N'],Male,1,No,No,29,Yes,No,No,No,No,No,No,No,No,Month-to-month,Yes,Electronic check,34.92,1010.65,1
5983-['Z' 'R' 'C' 'C' 'D'],Male,0,No,No,39,Yes,Yes,DSL,Yes,No,Yes,Yes,Yes,Yes,Month-to-month,Yes,Mailed check,108.19,4213.31,1
4206-['M' 'I' 'C' 'Q' 'O'],Male,0,Yes,No,58,Yes,No,Fiber optic,No,No,No,Yes,No,Yes,Month-to-month,Yes,Electronic check,92.34,5357.4,1
6178-['J' 'O' 'A' 'V' 'U'],Male,0,Yes,No,22,Yes,Yes,DSL,Yes,No,No,No,No,No,Month-to-month,No,Electronic check,75.54,1666.63,1
8305-['G' 'G' 'C' 'G' 'I'],Male,1,Yes,No,43,Yes,Yes,Fiber optic,No,Yes,No,No,Yes,No,Month-to-month,No,Mailed check,99.95,4309.35,1
9423-['C' 'Z' 'E' 'M' 'M'],Male,0,No,No,0,Yes,No,No,No,No,No,No,No,No,One year,No,Bank transfer (automatic),34.75,0.0,0
6799-['R' 'G' 'J' 'J' 'W'],Male,0,Yes,No,40,Yes,Yes,No,No,No,No,No,No,No,One year,Yes,Mailed check,46.66,1860.83,0
1715-['M' 'H' 'Q' 'X' 'N'],Male,1,No,No,61,Yes,Yes,Fiber optic,Yes,No,Yes,Yes,Yes,No,Two year,No,Bank transfer (automatic),113.17,6916.91,0
6192-['T' 'J' 'I' 'A' 'X'],Female,1,Yes,Yes,59,Yes,Yes,DSL,No,No,No,No,No,Yes,Month-to-month,Yes,Mailed check,79.95,4695.68,1
9610-['K' 'G' 'R' 'M' 'W'],Female,0,No,No,9,Yes,No,Fiber optic,Yes,Yes,Yes,No,Yes,No,One year,No,Electronic check,99.67,876.66,1
2944-['R' 'P' 'X' 'P' 'U'],Male,0,Yes,No,72,Yes,Yes,Fiber optic,No,No,Yes,No,No,No,Two year,Yes,Electronic check,90.95,6547.85,0
1393-['I' 'H' 'S' 'C' 'Z'],Male,0,No,No,65,Yes,No,DSL,Yes,Yes,No,No,No,Yes,One year,Yes,Electronic check,79.77,5176.13,0
9823-['I' 'B' 'S' 'H' 'R'],Female,0,No,No,56,Yes,Yes,DSL,Yes,No,No,No,Yes,Yes,One year,Yes,Electronic check,96.14,5374.15,0
4111-['E' 'F' 'J' 'O' 'D'],Female,0,Yes,No,41,Yes,No,DSL,Yes,Yes,Yes,No,No,Yes,One year,Yes,Mailed check,82.28,3379.8,0
4351-['I' 'P' 'P' 'O' 'X'],Male,1,Yes,No,53,Yes,No,DSL,Yes,No,No,Yes,Yes,Yes,Month-to-month,Yes,Mailed check,85.75,4535.49,1
4176-['Q' 'U' 'L' 'W' 'H'],Male,0,Yes,No,41,Yes,Yes,DSL,No,Yes,No,No,No,Yes,One year,Yes,Credit card (automatic),83.53,3422.82,1
2229-['R' 'L' 'N' 'T' 'W'],Female,0,No,No,65,Yes,Yes,DSL,No,No,No,Yes,No,No,Two year,Yes,Electronic check,73.56,4771.36,0
1452-['A' 'M' 'N' 'B' 'P'],Male,0,No,No,69,Yes,No,DSL,No,No,No,No,No,No,Month-to-month,Yes,Electronic check,57.45,3952.53,1
8317-['A' 'L' 'S' 'V' 'V'],Female,0,Yes,Yes,10,No,No,No,No,No,No,No,No,No,Two year,Yes,Mailed check,18.95,173.18,1
1182-['J' 'L' 'S' 'P' 'Q'],Male,0,Yes,No,66,Yes,No,DSL,No,No,No,Yes,Yes,No,Month-to-month,Yes,Electronic check,73.52,4850.82,1
1524-['G' 'C' 'E' 'D' 'O'],Female,1,Yes,Yes,10,Yes,Yes,No,No,No,No,No,No,No,Two year,Yes,Credit card (automatic),47.6,470.0,0
5432-['L' 'W' 'N' 'D' 'Q'],Male,0,Yes,Yes,3,Yes,No,No,No,No,No,No,No,No,Month-to-month,Yes,Bank transfer (automatic),36.06,112.81,1
8850-['F' 'D' 'M' 'T' 'O'],Male,0,Yes,No,48,Yes,No,Fiber optic,No,No,Yes,No,Yes,Yes,Two year,Yes,Credit card (automatic),105.39,5066.72,1
9849-['Q' 'S' 'J' 'E' 'L'],Female,0,Yes,No,21,Yes,Yes,Fiber optic,No,No,No,Yes,No,Yes,Month-to-month,Yes,Electronic check,98.34,2051.22,1
3422-['D' 'H' 'T' 'V' 'Q'],Male,1,Yes,Yes,36,Yes,Yes,DSL,No,Yes,Yes,No,Yes,No,One year,Yes,Mailed check,91.5,3271.65,1
7909-['F' 'P' 'Z' 'E' 'N'],Female,0,No,No,9,Yes,Yes,DSL,Yes,No,No,No,Yes,Yes,Month-to-month,Yes,Electronic check,99.03,894.84,1
9033-['Q' 'F' 'K' 'B' 'Y'],Female,0,No,No,19,Yes,Yes,Fiber optic,Yes,Yes,No,No,Yes,Yes,Two year,No,Mailed check,116.06,2210.74,1
1256-['E' 'H' 'D' 'S' 'E'],Female,0,Yes,No,72,Yes,No,No,No,No,No,No,No,No,Month-to-month,Yes,Electronic check,35.94,2588.82,0
5599-['P' 'V' 'R' 'K' 'Q'],Male,0,Yes,No,49,Yes,Yes,Fiber optic,No,Yes,Yes,No,Yes,No,Two year,Yes,Bank transfer (automatic),103.99,5096.17,1
9674-['R' 'D' 'S' 'I' 'E'],Female,1,No,Yes,30,Yes,No,DSL,No,Yes,No,Yes,No,Yes,Month-to-month,No,Electronic check,78.67,2358.61,1
9419-['P' 'J' 'I' 'P' 'T'],Male,0,Yes,No,43,Yes,Yes,Fiber optic,No,No,No,Yes,Yes,No,Two year,Yes,Bank transfer (automatic),96.41,4139.39,0
8413-['Z' 'Q' 'R' 'O' 'T'],Female,0,Yes,Yes,30,Yes,No,Fiber optic,No,No,Yes,Yes,Yes,Yes,Month-to-month,Yes,Mailed check,106.66,3184.11,1
3280-['F' 'F' 'K' 'Y' 'T'],Female,0,Yes,No,40,Yes,No,Fiber optic,Yes,No,Yes,No,Yes,No,Two year,No,Credit card (automatic),93.2,3716.7,0
9302-['G' 'Y' 'V' 'R' 'V'],Female,0,No,Yes,3,Yes,No,DSL,Yes,No,Yes,Yes,Yes,Yes,Month-to-month,Yes,Electronic check,95.45,268.84,1
4310-['H' 'V' 'I' 'O' 'P'],Female,0,Yes,No,13,Yes,No,Fiber optic,No,No,No,No,Yes,No,Month-to-month,No,Mailed check,83.6,1073.66,1
9595-['C' 'E' 'C' 'B' 'B'],Male,0,No,No,45,Yes,Yes,Fiber optic,Yes,Yes,No,No,No,Yes,One year,No,Electronic check,103.55,4655.58,1
5963-['C' 'I' 'W' 'V' 'Z'],Male,0,Yes,No,53,Yes,No,No,No,No,No,No,No,No,Month-to-month,Yes,Electronic check,37.21,1964.03,0
9447-['L' 'X' 'I' 'S' 'L'],Male,0,Yes,No,32,Yes,No,DSL,Yes,Yes,No,No,No,Yes,One year,Yes,Mailed check,79.3,2544.77,0
7479-['Z' 'W' 'Y' 'A' 'J'],Male,0,No,No,29,No,No,DSL,No,No,No,No,Yes,Yes,Month-to-month,Yes,Mailed check,67.12,1953.98,0
6560-['W' 'J' 'D' 'K' 'V'],Male,0,Yes,No,8,Yes,No,No,No,No,No,No,No,No,Month-to-month,Yes,Bank transfer (automatic),34.18,258.06,0
7826-['K' 'V' 'F' 'O' 'B'],Male,0,Yes,No,37,Yes,Yes,DSL,Yes,No,No,Yes,No,No,Two year,No,Credit card (automatic),77.63,2879.22,0
5310-['V' 'C' 'E' 'X' 'K'],Female,0,No,Yes,42,Yes,Yes,Fiber optic,Yes,Yes,No,No,No,Yes,Month-to-month,Yes,Mailed check,105.5,4424.05,1
6556-['L' 'Z' 'C' 'I' 'C'],Male,0,Yes,No,6,Yes,No,No,No,No,No,No,No,No,Month-to-month,Yes,Electronic check,38.74,232.74,1
6669-['X' 'F' 'Q' 'H' 'A'],Male,0,No,No,39,Yes,No,DSL,Yes,No,No,No,No,No,Month-to-month,Yes,Mailed check,66.17,2590.88,0
8495-['V' 'O' 'R' 'M' 'Y'],Male,0,No,No,61,Yes,No,Fiber optic,Yes,No,No,No,No,Yes,Two year,No,Bank transfer (automatic),90.39,5502.98,0
3911-['R' 'M' 'N' 'O' 'F'],Male,0,Yes,No,54,Yes,No,Fiber optic,Yes,No,No,Yes,No,No,Month-to-month,No,Bank transfer (automatic),83.14,4483.56,0
3144-['G' 'A' 'O' 'F' 'E'],Male,0,Yes,No,34,Yes,No,Fiber optic,Yes,Yes,No,Yes,No,No,Month-to-month,No,Electronic check,88.45,3000.1,1
7397-['C' 'V' 'T' 'N' 'F'],Male,0,Yes,Yes,42,Yes,No,Fiber optic,Yes,No,Yes,No,No,No,One year,Yes,Electronic check,86.82,3665.68,1
9195-['O' 'Q' 'E' 'X' 'F'],Female,0,No,Yes,10,Yes,Yes,DSL,No,Yes,No,No,No,No,One year,No,Electronic check,75.68,745.31,1
2897-['I' 'D' 'Z' 'I' 'H'],Female,0,No,Yes,1,No,No,Fiber optic,No,No,Yes,Yes,No,Yes,Two year,Yes,Bank transfer (automatic),78.81,61.62,1
9130-['V' 'T' 'A' 'Y' 'T'],Male,0,No,No,4,Yes,Yes,No,No,No,No,No,No,No,Month-to-month,Yes,Bank transfer (automatic),43.88,165.33,1
5637-['E' 'C' 'D' 'Y' 'W'],Female,0,Yes,Yes,39,Yes,Yes,DSL,No,No,No,No,Yes,No,One year,Yes,Bank transfer (automatic),79.27,3100.58,0
4282-['O' 'S' 'P' 'W' 'H'],Male,0,No,No,45,Yes,No,Fiber optic,Yes,No,Yes,Yes,Yes,Yes,Month-to-month,No,Credit card (automatic),109.58,4932.82,1
3660-['A' 'S' 'E' 'C' 'Q'],Female,0,Yes,No,20,Yes,Yes,Fiber optic,No,No,Yes,No,Yes,No,Month-to-month,No,Electronic check,101.27,2010.98,1
4686-['Q' 'Z' 'M' 'V' 'V'],Male,0,Yes,No,8,Yes,No,DSL,Yes,Yes,No,Yes,No,No,Month-to-month,Yes,Mailed check,74.65,588.63,0
8661-['W' 'L' 'K' 'A' 'C'],Female,0,No,No,70,No,No,Fiber optic,No,No,Yes,No,No,No,Month-to-month,Yes,Electronic check,63.89,4476.09,1
1225-['N' 'E' 'C' 'L' 'L'],Female,0,Yes,No,26,No,No,Fiber optic,No,No,Yes,Yes,No,Yes,Month-to-month,No,Electronic check,80.64,2086.85,1
5223-['A' 'C' 'K' 'M' 'V'],Male,0,No,No,16,Yes,No,DSL,No,Yes,Yes,No,No,Yes,One year,No,Credit card (automatic),82.11,1317.7,1
1246-['J' 'S' 'D' 'V' 'E'],Male,0,Yes,No,65,Yes,No,DSL,No,No,No,No,Yes,No,Two year,Yes,Mailed check,65.8,4270.1,0
6160-['M' 'Q' 'O' 'M' 'U'],Female,0,Yes,Yes,25,Yes,Yes,Fiber optic,Yes,No,Yes,No,No,No,Two year,Yes,Mailed check,97.77,2453.84,0
3080-['H' 'W' 'E' 'V' 'P'],Male,1,No,No,71,No,No,No,No,No,No,No,No,No,One year,Yes,Mailed check,19.38,1370.58,0
7083-['Y' 'S' 'R' 'W' 'B'],Male,0,No,No,44,Yes,No,DSL,No,Yes,No,No,No,No,Two year,Yes,Bank transfer (automatic),64.08,2809.79,0
5940-['P' 'V' 'H' 'S' 'C'],Male,0,No,No,54,No,No,Fiber optic,Yes,Yes,Yes,No,No,Yes,Month-to-month,Yes,Credit card (automatic),84.88,4589.51,0
8536-['I' 'U' 'Y' 'U' 'W'],Male,0,No,No,39,Yes,No,DSL,No,No,Yes,No,No,Yes,Month-to-month,Yes,Bank transfer (automatic),78.03,3048.46,0
3384-['Y' 'A' 'D' 'W' 'O'],Male,0,No,Yes,15,Yes,Yes,Fiber optic,No,Yes,No,No,Yes,Yes,Month-to-month,No,Credit card (automatic),111.82,1671.45,1
8659-['Y' 'Q' 'L' 'P' 'M'],Male,0,Yes,Yes,31,Yes,No,DSL,No,No,No,No,No,Yes,Month-to-month,No,Electronic check,70.03,2172.46,0
8909-['Z' 'K' 'O' 'E' 'C'],Female,0,No,Yes,34,Yes,No,Fiber optic,No,Yes,No,No,Yes,No,One year,Yes,Electronic check,87.16,2972.56,1
6529-['B' 'A' 'O' 'B' 'T'],Male,0,No,No,63,Yes,No,No,No,No,No,No,No,No,Month-to-month,Yes,Mailed check,35.7,2238.78,0
6029-['L' 'U' 'P' 'N' 'D'],Male,0,No,No,63,Yes,Yes,Fiber optic,Yes,Yes,Yes,No,Yes,No,One year,Yes,Credit card (automatic),109.34,6872.83,0
1327-['L' 'W' 'N' 'T' 'Z'],Female,1,Yes,No,14,Yes,Yes,DSL,No,No,No,No,Yes,Yes,Two year,No,Mailed check,89.34,1250.75,1
9543-['M' 'E' 'L' 'J' 'U'],Female,0,Yes,No,41,No,No,Fiber optic,No,Yes,Yes,No,No,Yes,One year,Yes,Mailed check,76.69,3129.8,1
4122-['M' 'I' 'K' 'E' 'M'],Female,0,No,Yes,49,Yes,Yes,Fiber optic,No,No,No,No,Yes,No,Month-to-month,Yes,Mailed check,95.29,4667.72,0
5073-['R' 'O' 'T' 'L' 'D'],Male,0,Yes,Yes,31,Yes,No,DSL,No,Yes,No,No,Yes,Yes,Two year,Yes,Electronic check,85.9,2657.32,0
2476-['H' 'E' 'A' 'R' 'S'],Female,0,Yes,No,29,Yes,No,DSL,No,No,No,No,Yes,Yes,Month-to-month,Yes,Electronic check,80.3,2315.1,1
7943-['J' 'V' 'I' 'Z' 'A'],Female,1,No,Yes,23,Yes,Yes,DSL,No,No,No,No,No,No,One year,No,Electronic check,73.2,1689.7,1
2752-['T' 'Z' 'C' 'M' 'F'],Female,0,No,No,65,Yes,No,No,No,No,No,No,No,No,Month-to-month,Yes,Credit card (automatic),35.44,2295.47,1
4013-['R' 'E' 'Q' 'Y' 'Y'],Female,1,Yes,No,20,No,No,DSL,Yes,No,No,No,Yes,Yes,One year,Yes,Bank transfer (automatic),71.02,1422.15,0
5866-['E' 'C' 'W' 'M' 'O'],Female,0,Yes,No,41,Yes,Yes,Fiber optic,Yes,No,No,No,Yes,Yes,Month-to-month,Yes,Electronic check,112.46,4595.86,1
2540-['V' 'N' 'K' 'N' 'G'],Female,0,No,No,57,Yes,Yes,Fiber optic,No,Yes,Yes,Yes,Yes,No,One year,No,Electronic check,111.1,6337.52,1
2738-['F' 'E' 'T' 'V' 'M'],Female,0,No,No,1,No,No,DSL,No,No,No,No,No,No,Two year,Yes,Bank transfer (automatic),42.92,30.45,1
9690-['S' 'U' 'E' 'Y' 'T'],Female,0,Yes,Yes,15,Yes,No,DSL,No,Yes,No,No,Yes,Yes,Month-to-month,Yes,Bank transfer (automatic),85.79,1300.54,1
9923-['I' 'D' 'O' 'C' 'W'],Male,0,No,No,6,Yes,No,No,No,No,No,No,No,No,Month-to-month,No,Electronic check,34.48,201.8,1
5540-['I' 'U' 'D' 'Q' 'Y'],Male,1,Yes,No,54,No,No,Fiber optic,No,No,No,No,No,No,Month-to-month,Yes,Electronic check,57.7,3131.53,1
1047-['R' 'M' 'G' 'C' 'F'],Female,0,No,No,14,Yes,No,Fiber optic,Yes,No,Yes,No,Yes,No,Month-to-month,No,Electronic check,95.26,1334.0,1
1567-['C' 'L' 'E' 'V' 'Q'],Male,0,No,Yes,22,Yes,No,Fiber optic,No,Yes,No,No,No,No,Month-to-month,Yes,Credit card (automatic),79.36,1750.43,1
6513-['G' 'D' 'J' 'G' 'W'],Male,1,No,No,68,Yes,No,Fiber optic,No,Yes,Yes,No,Yes,Yes,Month-to-month,Yes,Mailed check,105.7,7181.22,1
2652-['H' 'H' 'E' 'E' 'G'],Male,0,No,No,0,Yes,Yes,Fiber optic,Yes,Yes,No,Yes,No,Yes,Month-to-month,No,Electronic check,109.82,0.0,0
6859-['B' 'X' 'S' 'B' 'P'],Female,1,No,No,68,Yes,No,Fiber optic,Yes,Yes,No,Yes,Yes,Yes,Month-to-month,Yes,Electronic check,109.36,7441.75,0
4595-['O' 'J' 'W' 'Z' 'F'],Female,0,Yes,No,12,Yes,Yes,Fiber optic,No,No,No,Yes,No,Yes,Two year,Yes,Bank transfer (automatic),100.92,1208.88,1
3423-['M' 'F' 'W' 'B' 'Z'],Male,0,Yes,No,25,Yes,Yes,DSL,No,No,No,Yes,Yes,Yes,One year,Yes,Credit card (automatic),91.95,2285.76,1
5877-['R' 'F' 'Y' 'S' 'Z'],Female,0,No,Yes,51,Yes,Yes,No,No,No,No,No,No,No,Two year,No,Credit card (automatic),48.01,2451.02,0
2932-['H' 'E' 'M' 'F' 'V'],Male,0,No,No,12,Yes,Yes,Fiber optic,No,No,No,No,Yes,No,Two year,Yes,Electronic check,97.2,1177.09,0
2338-['Z' 'S' 'K' 'P' 'E'],Female,0,No,No,54,Yes,No,DSL,No,No,No,Yes,No,Yes,Month-to-month,No,Electronic check,73.97,3983.54,0
6931-['Q' 'B' 'J' 'O' 'S'],Male,0,Yes,No,28,Yes,Yes,No,No,No,No,No,No,No,Two year,Yes,Bank transfer (automatic),49.14,1376.56,0
6971-['Y' 'Q' 'S' 'S' 'M'],Female,0,Yes,Yes,17,Yes,Yes,No,No,No,No,No,No,No,One year,No,Credit card (automatic),45.61,774.5,0
6310-['M' 'P' 'V' 'U' 'C'],Female,0,No,No,1,Yes,No,Fiber optic,No,Yes,No,No,No,No,Two year,Yes,Electronic check,81.88,89.17,1
1294-['C' 'I' 'H' 'R' 'U'],Male,1,No,No,26,Yes,Yes,DSL,No,No,Yes,No,Yes,Yes,Month-to-month,No,Mailed check,93.54,2432.8,1
6427-['E' 'C' 'J' 'K' 'Q'],Male,0,No,No,49,Yes,No,DSL,Yes,Yes,No,No,Yes,Yes,One year,Yes,Credit card (automatic),86.7,4264.36,0
7343-['T' 'B' 'D' 'P' 'I'],Male,1,No,Yes,41,Yes,No,Fiber optic,No,No,No,Yes,Yes,Yes,Month-to-month,No,Bank transfer (automatic),101.27,4155.01,1
8636-['E' 'Z' 'C' 'N' 'O'],Male,0,Yes,No,66,Yes,No,DSL,Yes,No,Yes,No,Yes,No,Month-to-month,Yes,Credit card (automatic),79.71,5256.43,0
5367-['W' 'J' 'N' 'L' 'I'],Female,0,No,No,9,Yes,Yes,No,No,No,No,No,No,No,Two year,No,Mailed check,46.53,417.45,0
6238-['S' 'L' 'M' 'W' 'M'],Female,0,Yes,No,8,Yes,Yes,Fiber optic,No,No,No,No,Yes,Yes,One year,Yes,Electronic check,104.93,838.77,1
3928-['B' 'T' 'W' 'I' 'U'],Male,1,No,No,2,Yes,No,Fiber optic,No,No,No,Yes,No,Yes,One year,Yes,Credit card (automatic),91.05,183.68,1
5350-['H' 'G' 'E' 'S' 'C'],Male,0,No,Yes,37,Yes,Yes,Fiber optic,No,Yes,Yes,No,Yes,Yes,Two year,Yes,Electronic check,114.61,4237.98,1
9793-['K' 'D' 'C' 'D' 'C'],Female,0,Yes,No,69,Yes,Yes,Fiber optic,Yes,No,No,Yes,No,Yes,One year,No,Credit card (automatic),104.95,7243.85,0
9044-['O' 'L' 'O' 'Z' 'K'],Female,1,No,No,68,Yes,No,Fiber optic,No,No,Yes,No,No,Yes,Month-to-month,Yes,Bank transfer (automatic),90.45,6156.11,1
5970-['M' 'L' 'F' 'W' 'T'],Female,0,Yes,No,29,No,No,DSL,Yes,No,No,No,Yes,No,Month-to-month,Yes,Mailed check,56.83,1650.4,1
8794-['S' 'C' 'P' 'I' 'N'],Female,1,No,No,13,Yes,No,No,No,No,No,No,No,No,One year,Yes,Mailed check,36.92,477.03,1
5861-['C' 'C' 'X' 'T' 'G'],Male,1,Yes,No,1,Yes,No,Fiber optic,No,No,No,No,Yes,No,Month-to-month,Yes,Bank transfer (automatic),84.21,67.66,1
7450-['X' 'C' 'U' 'A' 'L'],Male,1,No,No,7,Yes,Yes,DSL,No,No,No,No,No,No,Month-to-month,Yes,Bank transfer (automatic),71.24,493.3,1
5065-['R' 'Y' 'O' 'O' 'J'],Female,0,Yes,No,17,Yes,Yes,DSL,Yes,Yes,No,No,Yes,Yes,Month-to-month,Yes,Mailed check,96.88,1631.77,1
9944-['R' 'R' 'O' 'Z' 'W'],Female,0,No,Yes,70,Yes,No,Fiber optic,No,No,Yes,No,No,Yes,Month-to-month,Yes,Bank transfer (automatic),89.33,6247.26,0
9101-['I' 'K' 'O' 'W' 'C'],Male,0,No,No,12,Yes,Yes,Fiber optic,No,No,Yes,No,No,Yes,Month-to-month,No,Electronic check,102.89,1245.11,1
4794-['A' 'X' 'Q' 'K' 'R'],Male,0,Yes,No,45,Yes,Yes,No,No,No,No,No,No,No,One year,Yes,Electronic check,43.56,1960.15,0
8050-['G' 'A' 'L' 'D' 'Y'],Female,0,No,Yes,53,Yes,No,DSL,Yes,Yes,Yes,Yes,Yes,No,One year,Yes,Electronic check,92.61,4895.65,0
4271-['O' 'K' 'H' 'L' 'C'],Male,0,No,Yes,11,Yes,Yes,Fiber optic,Yes,Yes,No,No,Yes,Yes,Month-to-month,Yes,Bank transfer (automatic),114.48,1267.33,0
3516-['D' 'L' 'H' 'W' 'W'],Male,0,No,No,39,Yes,Yes,DSL,Yes,No,No,No,Yes,Yes,Month-to-month,No,Electronic check,96.57,3756.79,1
4305-['Z' 'W' 'A' 'M' 'G'],Female,0,Yes,No,37,Yes,Yes,DSL,Yes,No,Yes,No,No,Yes,Month-to-month,Yes,Electronic check,91.64,3373.5,1
3547-['C' 'P' 'L' 'E' 'R'],Male,1,No,Yes,11,Yes,No,Fiber optic,No,No,No,No,No,No,Two year,Yes,Bank transfer (automatic),76.85,856.37,0
5715-['Y' 'U' 'C' 'P' 'J'],Female,0,Yes,No,66,Yes,No,DSL,No,No,Yes,Yes,Yes,Yes,Two year,Yes,Bank transfer (automatic),90.94,6011.96,0
3902-['Q' 'J' 'C' 'Y' 'B'],Female,0,No,No,24,Yes,No,Fiber optic,No,No,No,No,No,Yes,Month-to-month,Yes,Electronic check,85.06,2036.0,1
1858-['N' 'I' 'Q' 'D' 'Z'],Female,0,Yes,No,34,Yes,Yes,Fiber optic,No,No,No,No,No,No,Month-to-month,No,Electronic check,86.88,2971.58,1
2375-['V' 'O' 'M' 'W' 'S'],Male,1,Yes,No,15,No,No,DSL,No,Yes,No,No,No,No,Month-to-month,Yes,Mailed check,48.9,739.62,0
8848-['D' 'U' 'H' 'O' 'N'],Male,0,Yes,No,44,Yes,Yes,No,No,No,No,No,No,No,Two year,Yes,Bank transfer (automatic),41.03,1809.53,0
5578-['X' 'Q' 'H' 'N' 'M'],Male,0,No,No,12,Yes,No,Fiber optic,Yes,No,No,No,No,Yes,Month-to-month,Yes,Credit card (automatic),86.92,1048.91,1
5042-['O' 'L' 'Z' 'X' 'V'],Female,0,No,No,23,Yes,No,Fiber optic,No,Yes,No,No,No,No,Month-to-month,No,Credit card (automatic),82.87,1912.97,0
7005-['O' 'A' 'L' 'F' 'A'],Male,0,No,Yes,1,Yes,Yes,DSL,No,No,No,Yes,No,Yes,One year,No,Electronic check,86.45,83.89,1
3261-['S' 'V' 'M' 'F' 'Q'],Male,0,No,Yes,9,Yes,No,Fiber optic,Yes,Yes,No,No,Yes,No,Two year,Yes,Mailed check,94.75,861.05,1
9296-['H' 'O' 'R' 'B' 'U'],Female,1,No,No,18,Yes,No,Fiber optic,Yes,No,Yes,Yes,No,Yes,One year,No,Mailed check,98.73,1781.95,1
4038-['Z' 'B' 'K' 'A' 'R'],Male,0,No,Yes,23,Yes,No,Fiber optic,No,No,Yes,No,Yes,Yes,One year,Yes,Credit card (automatic),100.14,2309.94,0
1058-['Z' 'G' 'U' 'Q' 'P'],Male,0,No,No,60,Yes,Yes,DSL,No,No,Yes,No,Yes,No,Two year,Yes,Credit card (automatic),84.59,5086.17,0
5644-['N' 'H' 'L' 'G' 'F'],Female,0,No,No,4,Yes,Yes,DSL,No,Yes,No,Yes,Yes,No,Month-to-month,Yes,Bank transfer (automatic),89.68,365.3,1
2196-['V' 'L' 'Q' 'P' 'A'],Male,0,No,No,33,Yes,No,DSL,No,No,Yes,Yes,Yes,Yes,One year,No,Electronic check,88.63,2918.23,0
8014-['C' 'F' 'U' 'C' 'V'],Male,1,No,No,63,Yes,No,DSL,No,No,No,No,No,No,Two year,Yes,Mailed check,58.63,3696.07,0
8111-['N' 'W' 'I' 'E' 'O'],Male,0,No,No,11,Yes,Yes,Fiber optic,No,No,No,No,Yes,Yes,Month-to-month,No,Electronic check,106.32,1174.34,1
9560-['J' 'H' 'R' 'F' 'Q'],Male,1,No,Yes,58,No,No,Fiber optic,No,Yes,Yes,No,Yes,No,Two year,Yes,Electronic check,81.67,4719.97,0
6685-['D' 'U' 'O' 'J' 'W'],Male,1,Yes,Yes,20,Yes,No,Fiber optic,No,Yes,No,No,No,Yes,One year,Yes,Credit card (automatic),90.57,1796.66,1
6484-['V' 'A' 'Y' 'V' 'V'],Male,0,Yes,Yes,46,Yes,No,Fiber optic,Yes,No,No,No,No,No,One year,Yes,Credit card (automatic),79.43,3656.05,0
1228-['K' 'V' 'V' 'W' 'Y'],Female,0,No,No,52,Yes,No,DSL,No,Yes,No,Yes,Yes,Yes,Month-to-month,Yes,Bank transfer (automatic),91.56,4762.18,0
9660-['D' 'Z' 'T' 'P' 'X'],Female,1,Yes,No,72,Yes,Yes,Fiber optic,No,No,No,No,No,Yes,Month-to-month,No,Bank transfer (automatic),97.19,6999.29,1
9028-['R' 'Z' 'H' 'B' 'Q'],Female,0,No,Yes,38,Yes,No,DSL,Yes,No,No,No,Yes,No,Month-to-month,Yes,Electronic check,76.75,2915.79,1
4145-['M' 'O' 'I' 'H' 'F'],Male,0,No,No,30,Yes,Yes,DSL,Yes,Yes,No,No,Yes,Yes,Month-to-month,No,Mailed check,98.25,2941.55,1
5067-['R' 'X' 'C' 'Z' 'D'],Female,0,No,No,45,Yes,No,Fiber optic,No,No,No,Yes,Yes,Yes,Month-to-month,Yes,Mailed check,102.93,4608.32,1
3252-['T' 'K' 'H' 'Y' 'N'],Female,0,No,No,56,Yes,Yes,Fiber optic,Yes,Yes,No,Yes,No,Yes,Month-to-month,No,Mailed check,107.79,6028.0,0
9416-['B' 'T' 'A' 'K' 'F'],Female,1,Yes,No,36,Yes,Yes,DSL,No,No,No,No,No,Yes,Month-to-month,Yes,Mailed check,80.44,2890.52,1
4915-['E' 'W' 'L' 'V' 'N'],Male,0,No,No,26,Yes,No,Fiber optic,No,No,Yes,No,Yes,Yes,Month-to-month,No,Electronic check,101.76,2631.4,1
2677-['S' 'E' 'C' 'Y' 'R'],Female,0,No,No,28,Yes,Yes,DSL,No,No,Yes,No,No,No,Month-to-month,Yes,Mailed check,73.64,2046.37,0
5936-['Z' 'G' 'U' 'R' 'B'],Male,0,Yes,Yes,17,Yes,No,DSL,No,Yes,No,Yes,Yes,Yes,One year,Yes,Credit card (automatic),89.47,1515.66,1
5587-['B' 'M' 'H' 'Z' 'W'],Female,1,Yes,Yes,3,Yes,No,Fiber optic,No,No,Yes,No,No,No,Month-to-month,No,Credit card (automatic),79.45,247.33,1
2798-['C' 'W' 'H' 'U' 'A'],Female,0,Yes,No,0,Yes,No,DSL,No,No,Yes,No,Yes,Yes,Two year,Yes,Electronic check,84.74,0.0,1
8051-['K' 'P' 'D' 'B' 'W'],Female,1,No,Yes,23,Yes,No,DSL,No,No,Yes,No,Yes,Yes,Month-to-month,Yes,Bank transfer (automatic),82.97,1927.59,1
3044-['C' 'D' 'Y' 'R' 'L'],Female,1,Yes,No,41,Yes,No,Fiber optic,Yes,Yes,No,No,No,No,One year,Yes,Mailed check,84.63,3477.16,0
7176-['C' 'D' 'F' 'Q' 'H'],Male,0,Yes,No,59,Yes,No,DSL,No,No,No,No,Yes,No,One year,No,Credit card (automatic),70.09,4145.3,0
6713-['P' 'U' 'F' 'X' 'S'],Female,0,Yes,No,23,Yes,Yes,No,No,No,No,No,No,No,One year,No,Electronic check,45.78,1059.52,0
5312-['U' 'H' 'D' 'I' 'H'],Female,0,No,Yes,55,Yes,No,Fiber optic,Yes,No,No,No,Yes,No,Month-to-month,Yes,Bank transfer (automatic),91.52,5036.66,1
8102-['U' 'U' 'D' 'J' 'Z'],Female,0,No,No,68,Yes,No,Fiber optic,No,Yes,No,No,Yes,No,Month-to-month,Yes,Credit card (automatic),89.53,6085.09,1
2447-['C' 'L' 'Z' 'I' 'C'],Male,0,No,No,17,Yes,Yes,No,No,No,No,No,No,No,Two year,Yes,Mailed check,44.87,766.75,0
9965-['I' 'Z' 'B' 'B' 'R'],Female,0,No,Yes,64,Yes,No,Fiber optic,No,No,Yes,No,No,No,Month-to-month,Yes,Mailed check,79.3,5072.27,1
6973-['C' 'C' 'R' 'F' 'A'],Female,0,Yes,No,9,Yes,Yes,Fiber optic,No,No,Yes,No,Yes,Yes,Month-to-month,No,Electronic check,109.75,984.03,0
5472-['O' 'K' 'J' 'D' 'N'],Male,0,No,No,16,Yes,No,No,No,No,No,No,No,No,Month-to-month,No,Electronic check,33.77,541.86,0
6932-['P' 'L' 'V' 'E' 'S'],Male,0,Yes,No,57,Yes,Yes,DSL,No,No,No,No,No,Yes,Month-to-month,Yes,Credit card (automatic),80.33,4577.5,1
5636-['C' 'U' 'T' 'U' 'B'],Female,0,Yes,No,34,Yes,No,No,No,No,No,No,No,No,Month-to-month,Yes,Electronic check,35.02,1173.26,1
5208-['U' 'K' 'A' 'S' 'H'],Female,0,Yes,No,3,Yes,Yes,No,No,No,No,No,No,No,Two year,Yes,Credit card (automatic),45.39,128.8,0
5766-['K' 'H' 'Y' 'Q' 'T'],Female,0,Yes,No,43,Yes,No,DSL,No,Yes,Yes,Yes,No,No,Two year,Yes,Bank transfer (automatic),79.66,3424.13,0
8302-['U' 'M' 'G' 'K' 'J'],Female,0,Yes,No,66,Yes,No,Fiber optic,Yes,No,No,No,Yes,Yes,One year,Yes,Mailed check,97.5,6423.12,0
1361-['V' 'K' 'T' 'Q' 'K'],Male,0,No,No,27,Yes,No,DSL,No,Yes,Yes,No,Yes,Yes,Month-to-month,No,Bank transfer (automatic),87.93,2389.52,0
6092-['J' 'Z' 'Z' 'T' 'E'],Female,0,Yes,No,10,Yes,No,No,No,No,No,No,No,No,One year,Yes,Mailed check,35.88,370.08,0
7451-['I' 'C' 'C' 'J' 'G'],Female,0,No,Yes,2,Yes,Yes,DSL,No,No,No,Yes,Yes,Yes,One year,Yes,Mailed check,91.79,189.13,1
8425-['Y' 'H' 'L' 'V' 'I'],Female,1,No,Yes,2,Yes,No,Fiber optic,No,Yes,Yes,No,Yes,Yes,Month-to-month,No,Credit card (automatic),106.71,200.5,1
8154-['T' 'W' 'Q' 'M' 'A'],Male,0,No,No,24,Yes,No,No,No,No,No,No,No,No,Month-to-month,No,Credit card (automatic),40.41,964.78,0
6669-['C' 'P' 'J' 'G' 'V'],Male,1,No,Yes,11,Yes,No,Fiber optic,No,No,No,Yes,Yes,No,Two year,Yes,Bank transfer (automatic),88.8,995.55,1
2855-['P' 'D' 'M' 'A' 'Y'],Female,0,No,No,48,Yes,Yes,No,No,No,No,No,No,No,Two year,No,Credit card (automatic),46.34,2206.79,0
7436-['R' 'L' 'K' 'I' 'G'],Male,0,Yes,No,55,No,No,Fiber optic,Yes,Yes,Yes,Yes,No,Yes,Month-to-month,No,Electronic check,89.79,4938.55,0
6725-['X' 'C' 'P' 'G' 'A'],Female,0,No,No,52,Yes,No,No,No,No,No,No,No,No,One year,No,Bank transfer (automatic),38.15,1983.82,0
1837-['J' 'L' 'V' 'S' 'F'],Female,0,Yes,No,9,Yes,Yes,No,No,No,No,No,No,No,Month-to-month,Yes,Electronic check,44.13,398.17,1
3733-['C' 'J' 'I' 'W' 'T'],Male,0,Yes,No,18,Yes,Yes,DSL,No,Yes,Yes,No,No,Yes,Month-to-month,Yes,Bank transfer (automatic),90.29,1609.32,1
4349-['O' 'I' 'S' 'H' 'V'],Male,1,Yes,No,46,Yes,Yes,Fiber optic,No,Yes,No,No,No,No,Month-to-month,Yes,Electronic check,89.35,4102.15,1
5675-['E' 'S' 'N' 'R' 'Y'],Male,1,Yes,No,53,No,No,No,No,No,No,No,No,No,Month-to-month,Yes,Bank transfer (automatic),20.16,1063.0,0
6532-['S' 'F' 'E' 'Z' 'K'],Female,1,No,No,6,Yes,No,No,No,No,No,No,No,No,One year,Yes,Electronic check,37.05,219.39,1
6623-['E' 'H' 'E' 'K' 'Z'],Male,0,Yes,Yes,38,Yes,Yes,DSL,Yes,No,No,No,Yes,Yes,Month-to-month,No,Credit card (automatic),92.39,3510.4,0
4045-['E' 'R' 'Z' 'J' 'P'],Female,0,No,No,31,Yes,Yes,No,No,No,No,No,No,No,Month-to-month,Yes,Credit card (automatic),45.74,1401.46,1
8277-['W' 'O' 'C' 'C' 'L'],Male,0,No,No,22,Yes,Yes,DSL,No,Yes,No,Yes,No,No,Two year,No,Mailed check,79.52,1780.03,0
7166-['O' 'K' 'J' 'T' 'O'],Female,0,No,Yes,49,Yes,No,No,No,No,No,No,No,No,Month-to-month,Yes,Electronic check,33.02,1623.72,1
4198-['N' 'Y' 'F' 'N' 'P'],Female,0,No,No,18,Yes,No,DSL,No,No,Yes,Yes,No,No,Month-to-month,No,Mailed check,71.66,1289.2,1
3529-['S' 'E' 'K' 'K' 'U'],Female,0,Yes,Yes,66,Yes,No,No,No,No,No,No,No,No,One year,No,Electronic check,34.59,2287.95,0
3904-['Z' 'S' 'R' 'Z' 'H'],Male,1,No,No,24,Yes,Yes,DSL,Yes,Yes,Yes,No,No,No,Month-to-month,Yes,Mailed check,81.98,1951.34,0
7603-['I' 'C' 'F' 'U' 'U'],Male,0,No,No,24,No,No,DSL,Yes,No,No,No,Yes,Yes,Month-to-month,No,Mailed check,69.99,1682.56,0
5121-['X' 'A' 'Q' 'C' 'R'],Male,1,No,Yes,5,Yes,No,Fiber optic,No,Yes,Yes,No,No,No,One year,No,Electronic check,84.34,434.22,1
2729-['D' 'A' 'J' 'Y' 'E'],Female,1,No,Yes,14,Yes,Yes,DSL,No,Yes,No,No,No,No,Month-to-month,No,Bank transfer (automatic),75.3,1071.48,1
8668-['M' 'M' 'X' 'A' 'Q'],Male,0,No,No,62,Yes,Yes,Fiber optic,No,No,No,No,Yes,No,Month-to-month,Yes,Electronic check,94.01,5831.28,1
3899-['H' 'C' 'Q' 'L' 'Y'],Male,0,No,No,19,No,No,DSL,No,No,No,No,Yes,Yes,Month-to-month,Yes,Credit card (automatic),64.72,1228.18,1
4832-['Y' 'Y' 'R' 'N' 'K'],Male,0,Yes,No,42,Yes,Yes,Fiber optic,Yes,Yes,Yes,No,Yes,No,Month-to-month,Yes,Electronic check,110.54,4648.97,1
9287-['D' 'R' 'G' 'K' 'P'],Male,0,No,No,66,Yes,No,Fiber optic,Yes,No,No,No,No,Yes,Two year,No,Electronic check,88.35,5831.08,0
2327-['C' 'Y' 'W' 'X' 'I'],Female,0,No,Yes,3,Yes,Yes,DSL,No,No,No,No,No,Yes,Month-to-month,Yes,Bank transfer (automatic),77.44,234.41,1
2415-['G' 'Y' 'Q' 'K' 'D'],Male,0,Yes,Yes,5,No,No,DSL,Yes,No,No,No,No,No,Month-to-month,Yes,Bank transfer (automatic),48.93,247.74,0
9548-['H' 'J' 'Q' 'F' 'I'],Female,0,No,No,58,Yes,Yes,Fiber optic,No,Yes,No,Yes,No,Yes,Two year,Yes,Mailed check,106.03,6162.55,0
4241-['H' 'O' 'R' 'W' 'E'],Female,0,Yes,No,51,Yes,Yes,DSL,Yes,No,Yes,Yes,Yes,Yes,Month-to-month,Yes,Mailed check,103.54,5263.35,1
1881-['A' 'B' 'J' 'F' 'X'],Female,0,No,No,18,Yes,No,Fiber optic,No,No,Yes,No,No,No,Two year,Yes,Electronic check,81.9,1459.04,0
3196-['K' 'R' 'P' 'H' 'D'],Female,1,No,Yes,25,Yes,No,DSL,No,Yes,Yes,No,Yes,No,Month-to-month,No,Bank transfer (automatic),76.73,1904.81,1
5751-['L' 'V' 'C' 'K' 'X'],Female,0,No,Yes,47,Yes,No,Fiber optic,Yes,No,No,No,Yes,Yes,Month-to-month,Yes,Bank transfer (automatic),95.82,4503.83,1
9783-['X' 'C' 'Y' 'J' 'U'],Male,0,No,Yes,54,Yes,Yes,No,No,No,No,No,No,No,One year,Yes,Electronic check,49.49,2670.53,0
3022-['O' 'O' 'J' 'C' 'F'],Male,0,No,No,58,Yes,Yes,No,No,No,No,No,No,No,Two year,No,Electronic check,45.89,2665.74,0
4321-['R' 'V' 'E' 'P' 'M'],Female,0,Yes,No,37,Yes,No,DSL,No,No,Yes,Yes,No,Yes,One year,No,Electronic check,80.01,2980.21,1
4359-['C' 'O' 'W' 'T' 'F'],Male,0,Yes,Yes,4,No,No,DSL,Yes,No,No,No,No,Yes,Month-to-month,Yes,Electronic check,62.08,247.48,1
1411-['V' 'D' 'O' 'Z' 'R'],Female,0,No,Yes,41,Yes,Yes,DSL,No,Yes,Yes,Yes,No,Yes,Month-to-month,Yes,Electronic check,97.75,4005.08,1
5680-['T' 'D' 'P' 'R' 'E'],Female,0,Yes,No,34,Yes,No,No,No,No,No,No,No,No,One year,Yes,Mailed check,32.32,1111.66,0
6612-['F' 'Z' 'V' 'S' 'L'],Female,0,No,No,68,Yes,No,No,No,No,No,No,No,No,Month-to-month,Yes,Bank transfer (automatic),36.02,2448.55,0
8086-['I' 'G' 'N' 'S' 'T'],Female,0,Yes,Yes,2,Yes,Yes,DSL,No,No,No,Yes,No,No,Month-to-month,No,Credit card (automatic),76.08,165.62,0
8663-['W' 'X' 'V' 'D' 'L'],Male,0,No,Yes,40,No,No,DSL,No,No,Yes,No,Yes,Yes,Two year,Yes,Mailed check,68.6,2736.17,1
8737-['H' 'Q' 'Y' 'X' 'C'],Female,0,Yes,No,31,Yes,Yes,Fiber optic,Yes,No,No,Yes,Yes,Yes,Two year,Yes,Electronic check,113.6,3518.9,0
1025-['D' 'J' 'P' 'T' 'B'],Male,0,Yes,No,35,Yes,Yes,Fiber optic,Yes,Yes,No,No,No,Yes,Month-to-month,Yes,Electronic check,105.82,3697.82,0
9523-['P' 'J' 'E' 'L' 'C'],Male,0,Yes,No,29,Yes,No,No,No,No,No,No,No,No,One year,No,Mailed check,33.63,967.29,0
4584-['B' 'K' 'L' 'G' 'A'],Male,0,Yes,No,38,Yes,Yes,No,No,No,No,No,No,No,Month-to-month,No,Electronic check,45.21,1710.61,1
7238-['M' 'M' 'B' 'J' 'W'],Male,0,Yes,No,59,Yes,No,Fiber optic,Yes,No,No,Yes,Yes,No,Month-to-month,No,Electronic check,97.37,5742.46,1
3656-['G' 'M' 'X' 'B' 'T'],Female,0,No,Yes,55,Yes,Yes,No,No,No,No,No,No,No,One year,No,Bank transfer (automatic),43.3,2391.45,1
7148-['K' 'V' 'X' 'K' 'K'],Male,0,Yes,No,57,No,No,Fiber optic,No,Yes,No,No,Yes,No,Month-to-month,No,Electronic check,76.3,4353.44,0
3719-['S' 'Y' 'H' 'T' 'N'],Female,0,Yes,No,25,Yes,No,Fiber optic,Yes,No,Yes,Yes,No,No,One year,No,Bank transfer (automatic),88.6,2221.3,0
9191-['J' 'Y' 'G' 'B' 'Q'],Male,0,No,No,4,Yes,Yes,No,No,No,No,No,No,No,One year,No,Credit card (automatic),43.09,157.95,1
3048-['M' 'S' 'N' 'Z' 'R'],Female,0,Yes,No,55,No,No,Fiber optic,Yes,Yes,Yes,No,No,No,Month-to-month,Yes,Electronic check,74.28,4068.07,1
4315-['N' 'O' 'N' 'X' 'E'],Female,0,No,No,32,Yes,No,DSL,Yes,No,No,No,No,Yes,One year,No,Credit card (automatic),72.79,2330.48,0
4012-['V' 'M' 'P' 'O' 'E'],Male,0,No,No,8,Yes,No,No,No,No,No,No,No,No,Month-to-month,Yes,Bank transfer (automatic),34.9,276.72,1
5734-['W' 'F' 'M' 'P' 'J'],Male,0,No,No,31,Yes,Yes,No,No,No,No,No,No,No,One year,No,Electronic check,45.34,1413.75,0
6985-['M' 'Q' 'A' 'D' 'R'],Male,0,No,No,27,Yes,Yes,No,No,No,No,No,No,No,One year,Yes,Mailed check,46.76,1275.54,0
2733-['L' 'Y' 'Z' 'Z' 'X'],Female,0,Yes,No,22,No,No,Fiber optic,No,No,No,No,No,No,One year,No,Mailed check,56.83,1249.05,0
5684-['B' 'Q' 'W' 'J' 'S'],Male,0,No,No,68,Yes,No,DSL,Yes,Yes,No,No,No,Yes,Month-to-month,No,Electronic check,80.37,5462.28,0
2117-['V' 'E' 'U' 'L' 'R'],Male,0,No,No,61,Yes,Yes,DSL,Yes,Yes,Yes,No,Yes,No,Month-to-month,Yes,Bank transfer (automatic),94.17,5751.72,0
7141-['I' 'K' 'D' 'J' 'A'],Male,0,No,No,47,No,No,Fiber optic,No,Yes,No,No,No,No,One year,Yes,Credit card (automatic),66.12,3111.64,0
8265-['I' 'W' 'Z' 'R' 'P'],Female,0,Yes,No,65,Yes,No,Fiber optic,Yes,No,No,Yes,No,Yes,Month-to-month,Yes,Credit card (automatic),93.79,6079.55,0
8510-['N' 'D' 'Z' 'B' 'L'],Male,0,Yes,Yes,61,Yes,No,Fiber optic,Yes,No,No,Yes,No,Yes,Month-to-month,Yes,Mailed check,94.59,5767.2,1
5380-['D' 'O' 'C' 'V' 'Q'],Male,0,No,Yes,68,Yes,No,Fiber optic,No,Yes,No,Yes,Yes,No,Month-to-month,Yes,Electronic check,99.02,6747.18,1
1199-['L' 'U' 'H' 'Z' 'T'],Female,1,Yes,No,55,Yes,Yes,No,No,No,No,No,No,No,Month-to-month,No,Credit card (automatic),44.65,2456.87,0
5036-['U' 'F' 'E' 'U' 'H'],Male,0,Yes,Yes,35,No,No,Fiber optic,No,No,No,No,No,No,Month-to-month,No,Electronic check,59.63,2075.7,1
9579-['D' 'E' 'O' 'F' 'U'],Female,0,Yes,No,35,Yes,No,Fiber optic,No,No,No,Yes,No,Yes,Month-to-month,Yes,Bank transfer (automatic),91.23,3185.69,1
5655-['N' 'N' 'P' 'V' 'X'],Female,0,No,No,55,Yes,Yes,Fiber optic,No,No,No,No,No,No,One year,No,Electronic check,86.96,4783.98,1
3691-['K' 'S' 'Y' 'S' 'H'],Female,0,No,No,6,Yes,No,No,No,No,No,No,No,No,Two year,Yes,Credit card (automatic),37.74,228.83,0
9233-['E' 'P' 'Y' 'C' 'Z'],Female,0,No,No,31,Yes,Yes,Fiber optic,No,No,No,No,No,No,Month-to-month,Yes,Credit card (automatic),85.75,2664.65,1
5823-['M' 'G' 'L' 'W' 'N'],Female,0,No,No,0,Yes,No,Fiber optic,Yes,No,Yes,Yes,Yes,No,Month-to-month,Yes,Mailed check,97.98,0.0,1
7298-['J' 'I' 'L' 'X' 'C'],Female,0,Yes,No,57,Yes,No,Fiber optic,Yes,No,No,No,Yes,Yes,Two year,No,Mailed check,101.51,5773.21,0
5989-['M' 'F' 'F' 'U' 'S'],Female,0,Yes,No,19,Yes,No,Fiber optic,Yes,No,No,Yes,Yes,Yes,One year,Yes,Credit card (automatic),104.71,1985.29,0
9422-['D' 'V' 'E' 'A' 'R'],Female,0,Yes,No,33,Yes,No,DSL,No,No,Yes,No,No,Yes,Two year,Yes,Bank transfer (automatic),74.0,2450.59,0
5304-['I' 'I' 'U' 'X' 'J'],Female,0,No,No,50,Yes,No,Fiber optic,Yes,No,No,No,Yes,Yes,Two year,Yes,Electronic check,98.48,4934.33,1
8763-['Q' 'M' 'D' 'W' 'R'],Female,0,No,Yes,35,Yes,No,DSL,No,No,Yes,No,No,Yes,Two year,No,Electronic check,74.84,2628.49,0
3065-['V' 'I' 'C' 'G' 'Z'],Female,0,Yes,No,25,Yes,No,No,No,No,No,No,No,No,Two year,No,Electronic check,34.55,883.16,0
1122-['I' 'D' 'R' 'Q' 'V'],Female,0,No,No,32,Yes,Yes,Fiber optic,No,No,Yes,No,Yes,Yes,One year,No,Credit card (automatic),108.54,3478.11,1
6556-['F' 'G' 'Y' 'J' 'J'],Female,0,No,No,0,No,No,Fiber optic,Yes,No,Yes,No,Yes,No,Two year,No,Electronic check,80.98,0.0,1
5709-['F' 'S' 'H' 'I' 'A'],Female,0,No,Yes,66,Yes,No,DSL,Yes,No,No,No,Yes,No,Month-to-month,No,Electronic check,72.97,4815.94,0
7095-['F' 'W' 'H' 'O' 'L'],Male,0,Yes,No,49,Yes,Yes,Fiber optic,No,No,No,No,Yes,No,Two year,Yes,Credit card (automatic),89.92,4414.31,0
7153-['P' 'O' 'K' 'X' 'G'],Female,1,Yes,No,34,Yes,No,DSL,Yes,No,No,Yes,Yes,Yes,Month-to-month,No,Mailed check,87.53,2992.87,1
4207-['K' 'I' 'Z' 'G' 'O'],Male,0,Yes,No,34,Yes,Yes,Fiber optic,Yes,Yes,No,No,Yes,Yes,Month-to-month,Yes,Electronic check,115.01,3915.23,1
6551-['C' 'P' 'O' 'Y' 'A'],Male,0,Yes,No,58,Yes,No,No,No,No,No,No,No,No,Month-to-month,No,Bank transfer (automatic),33.98,1967.68,1
2482-['C' 'I' 'F' 'W' 'P'],Male,0,No,No,12,Yes,Yes,No,No,No,No,No,No,No,Month-to-month,No,Bank transfer (automatic),44.74,540.03,1
5170-['R' 'Q' 'Q' 'C' 'S'],Male,0,Yes,Yes,21,Yes,No,No,No,No,No,No,No,No,One year,No,Credit card (automatic),35.56,744.87,0
9151-['W' 'O' 'J' 'H' 'Q'],Male,0,No,No,55,Yes,No,DSL,No,No,No,No,Yes,No,Two year,No,Electronic check,73.6,4048.03,0
9035-['H' 'Z' 'B' 'W' 'H'],Male,0,Yes,No,4,Yes,Yes,DSL,No,Yes,No,No,No,Yes,Month-to-month,Yes,Electronic check,84.37,332.07,0
2821-['Y' 'G' 'I' 'R' 'Q'],Female,0,Yes,No,42,Yes,No,Fiber optic,Yes,No,No,Yes,Yes,No,Month-to-month,No,Credit card (automatic),95.15,3993.47,1
4679-['A' 'L' 'D' 'Q' 'G'],Male,0,No,Yes,54,Yes,Yes,DSL,No,Yes,Yes,No,Yes,No,One year,No,Bank transfer (automatic),89.46,4839.68,1
7263-['C' 'A' 'S' 'B' 'F'],Female,0,No,No,14,Yes,No,DSL,Yes,No,Yes,No,Yes,Yes,One year,Yes,Bank transfer (automatic),88.73,1246.27,1
6162-['W' 'Y' 'U' 'D' 'A'],Female,1,Yes,No,41,Yes,No,No,No,No,No,No,No,No,One year,Yes,Bank transfer (automatic),35.71,1457.27,0
4306-['P' 'F' 'K' 'H' 'T'],Male,0,No,Yes,8,Yes,No,DSL,Yes,No,No,No,No,Yes,One year,Yes,Credit card (automatic),72.76,585.03,0
9704-['N' 'U' 'Z' 'U' 'B'],Female,0,Yes,No,70,Yes,No,Fiber optic,Yes,No,No,Yes,Yes,Yes,Month-to-month,No,Mailed check,104.57,7322.41,0
3533-['Z' 'I' 'N' 'V' 'H'],Female,0,No,Yes,56,Yes,Yes,DSL,No,No,No,Yes,No,Yes,One year,Yes,Bank transfer (automatic),85.86,4815.86,0
5985-['C' 'J' 'R' 'T' 'I'],Male,0,Yes,Yes,9,Yes,No,DSL,Yes,No,No,No,Yes,No,Month-to-month,Yes,Mailed check,75.5,685.34,1
2275-['M' 'A' 'Q' 'D' 'D'],Female,0,Yes,No,63,No,No,No,No,No,No,No,No,No,Month-to-month,No,Credit card (automatic),20.46,1291.6,1
5783-['P' 'O' 'Z' 'F' 'E'],Male,0,No,No,40,Yes,Yes,DSL,No,Yes,No,Yes,No,No,Month-to-month,No,Electronic check,78.91,3152.08,0
8573-['J' 'G' 'G' 'J' 'J'],Male,0,No,Yes,12,Yes,Yes,Fiber optic,Yes,No,No,Yes,Yes,No,Month-to-month,Yes,Bank transfer (automatic),102.09,1222.74,1
2144-['O' 'F' 'X' 'B' 'H'],Male,0,Yes,No,15,Yes,No,Fiber optic,No,Yes,Yes,No,No,Yes,Month-to-month,No,Electronic check,96.46,1434.32,1
3424-['T' 'O' 'U' 'U' 'R'],Male,0,No,No,71,Yes,Yes,DSL,Yes,No,No,No,No,No,Month-to-month,No,Electronic check,76.13,5392.98,1
6764-['Y' 'D' 'J' 'S' 'N'],Male,0,Yes,No,59,Yes,Yes,Fiber optic,Yes,No,Yes,No,Yes,Yes,Month-to-month,No,Electronic check,112.91,6657.25,1
6628-['J' 'V' 'F' 'M' 'U'],Female,0,No,No,30,No,No,Fiber optic,No,Yes,No,No,No,Yes,Month-to-month,No,Credit card (automatic),74.59,2248.39,0
4114-['V' 'Y' 'O' 'B' 'Z'],Male,0,No,Yes,54,Yes,Yes,No,No,No,No,No,No,No,Two year,No,Bank transfer (automatic),46.7,2519.02,0
3674-['Q' 'T' 'R' 'F' 'O'],Male,0,Yes,No,70,Yes,No,Fiber optic,No,No,No,No,Yes,No,Two year,No,Credit card (automatic),86.76,6080.19,0
8056-['X' 'Z' 'V' 'I' 'L'],Female,0,No,No,33,Yes,Yes,Fiber optic,No,No,No,No,No,Yes,Month-to-month,No,Credit card (automatic),92.12,3042.95,1
2613-['X' 'H' 'Z' 'Y' 'V'],Male,0,No,Yes,3,Yes,No,Fiber optic,No,Yes,No,Yes,No,Yes,Month-to-month,Yes,Mailed check,94.75,286.21,1
6067-['C' 'I' 'N' 'W' 'W'],Male,1,Yes,No,54,Yes,Yes,Fiber optic,No,Yes,No,No,Yes,Yes,Two year,Yes,Bank transfer (automatic),111.07,5993.62,0
5490-['D' 'Z' 'H' 'R' 'M'],Male,0,Yes,No,65,Yes,No,DSL,No,No,No,Yes,No,No,Month-to-month,No,Electronic check,62.96,4106.28,1
9867-['J' 'H' 'L' 'S' 'L'],Male,0,No,No,58,Yes,No,DSL,No,No,No,No,Yes,Yes,Two year,Yes,Bank transfer (automatic),76.55,4444.21,0
1059-['B' 'X' 'H' 'M' 'A'],Male,0,No,No,40,Yes,Yes,DSL,No,No,Yes,No,No,Yes,Month-to-month,Yes,Credit card (automatic),88.0,3522.66,1
2794-['B' 'W' 'W' 'T' 'H'],Male,1,Yes,No,65,Yes,No,No,No,No,No,No,No,No,One year,Yes,Credit card (automatic),33.06,2160.18,0
4421-['Y' 'U' 'O' 'B' 'Y'],Male,0,Yes,Yes,46,Yes,Yes,DSL,No,No,No,No,No,Yes,One year,Yes,Electronic check,81.36,3733.5,0
9144-['X' 'F' 'A' 'D' 'S'],Female,0,Yes,No,26,Yes,No,Fiber optic,No,No,Yes,Yes,No,No,Month-to-month,Yes,Mailed check,87.4,2265.72,1
8446-['V' 'N' 'Z' 'N' 'J'],Male,0,Yes,Yes,20,Yes,Yes,DSL,No,Yes,Yes,No,Yes,Yes,Two year,Yes,Electronic check,101.37,2021.99,0
6915-['X' 'G' 'P' 'D' 'G'],Female,0,Yes,Yes,10,No,No,Fiber optic,No,No,Yes,Yes,Yes,No,One year,No,Bank transfer (automatic),78.73,795.56,1
3382-['Q' 'C' 'P' 'B' 'G'],Male,0,No,No,21,Yes,No,DSL,Yes,Yes,Yes,No,No,Yes,Month-to-month,Yes,Electronic check,83.81,1759.16,1
9312-['P' 'U' 'I' 'L' 'X'],Male,0,Yes,No,22,Yes,No,DSL,No,Yes,No,No,Yes,No,Month-to-month,Yes,Mailed check,74.7,1629.95,1
6408-['N' 'K' 'R' 'V' 'E'],Male,0,Yes,Yes,64,Yes,No,No,No,No,No,No,No,No,Month-to-month,No,Electronic check,33.06,2102.6,0
7778-['G' 'Y' 'N' 'T' 'H'],Female,0,No,No,58,No,No,Fiber optic,No,No,No,No,No,Yes,Two year,No,Electronic check,68.41,3963.42,0
4235-['C' 'L' 'R' 'X' 'O'],Female,0,Yes,Yes,69,No,No,DSL,Yes,No,Yes,Yes,No,Yes,Two year,Yes,Credit card (automatic),70.38,4848.76,0
3122-['L' 'S' 'Q' 'F' 'U'],Female,1,No,No,27,Yes,Yes,Fiber optic,No,Yes,No,Yes,Yes,No,One year,Yes,Bank transfer (automatic),107.01,2885.28,1
1775-['O' 'V' 'T' 'Z' 'J'],Male,1,Yes,No,24,Yes,No,DSL,Yes,No,Yes,No,No,Yes,Month-to-month,Yes,Electronic check,81.44,1951.57,1
6147-['O' 'L' 'K' 'R' 'X'],Male,0,No,Yes,0,Yes,Yes,No,No,No,No,No,No,No,Two year,Yes,Electronic check,46.3,0.0,1
9555-['X' 'E' 'V' 'J' 'N'],Female,1,No,No,31,No,No,Fiber optic,Yes,No,No,No,Yes,No,Month-to-month,No,Bank transfer (automatic),78.66,2447.43,1
7180-['K' 'S' 'Z' 'H' 'S'],Female,0,Yes,Yes,28,Yes,Yes,DSL,Yes,No,Yes,Yes,No,No,Two year,Yes,Credit card (automatic),84.42,2347.14,0
1373-['R' 'W' 'U' 'L' 'Z'],Male,0,No,No,19,No,No,DSL,Yes,Yes,Yes,No,No,No,Month-to-month,No,Bank transfer (automatic),61.32,1164.57,0
4020-['U' 'U' 'R' 'O' 'O'],Male,0,No,No,45,No,No,DSL,No,Yes,Yes,Yes,No,Yes,Two year,No,Mailed check,69.82,3141.65,1
1057-['I' 'S' 'L' 'W' 'E'],Male,1,Yes,No,56,Yes,Yes,DSL,No,No,No,Yes,Yes,Yes,Month-to-month,Yes,Credit card (automatic),94.69,5293.61,0
5473-['Z' 'U' 'T' 'J' 'V'],Female,0,No,No,11,Yes,Yes,DSL,No,No,No,Yes,Yes,Yes,Two year,Yes,Mailed check,97.21,1071.15,0
5262-['W' 'K' 'H' 'U' 'G'],Female,0,No,No,71,Yes,Yes,Fiber optic,No,No,No,No,Yes,No,One year,No,Credit card (automatic),93.75,6642.43,1
9751-['P' 'N' 'O' 'T' 'I'],Male,1,No,Yes,38,Yes,Yes,No,No,No,No,No,No,No,Month-to-month,Yes,Bank transfer (automatic),46.06,1747.99,0
5655-['P' 'E' 'C' 'U' 'Y'],Male,0,Yes,No,7,Yes,Yes,Fiber optic,Yes,Yes,Yes,No,No,Yes,Month-to-month,No,Electronic check,112.68,777.12,1
8004-['H' 'Q' 'E' 'F' 'Z'],Male,0,Yes,No,27,Yes,No,Fiber optic,Yes,No,No,Yes,No,No,Month-to-month,Yes,Bank transfer (automatic),86.11,2332.25,1
7908-['B' 'V' 'N' 'Y' 'D'],Female,0,No,No,30,Yes,No,DSL,Yes,No,Yes,No,Yes,Yes,Month-to-month,Yes,Mailed check,88.27,2624.12,0
3993-['L' 'I' 'Z' 'R' 'M'],Male,0,Yes,No,14,Yes,Yes,DSL,No,Yes,No,No,No,Yes,Month-to-month,No,Mailed check,85.61,1185.01,1
5154-['N' 'J' 'C' 'G' 'R'],Female,0,No,Yes,59,Yes,Yes,No,No,No,No,No,No,No,Month-to-month,Yes,Bank transfer (automatic),43.39,2550.98,1
4120-['Y' 'F' 'Y' 'L' 'S'],Female,0,No,No,38,Yes,Yes,Fiber optic,No,No,No,Yes,No,No,Two year,Yes,Credit card (automatic),89.11,3397.59,0
2026-['Z' 'C' 'R' 'K' 'F'],Female,0,No,No,20,Yes,Yes,Fiber optic,No,Yes,No,Yes,Yes,Yes,Two year,No,Electronic check,114.39,2299.72,0
1684-['E' 'Z' 'C' 'S' 'Q'],Male,0,No,No,7,Yes,Yes,No,No,No,No,No,No,No,Month-to-month,Yes,Mailed check,48.06,320.55,1
2525-['C' 'O' 'Q' 'M' 'N'],Male,0,No,No,41,No,No,DSL,No,Yes,No,No,No,Yes,Month-to-month,No,Electronic check,59.86,2438.26,1
6789-['Z' 'P' 'Y' 'K' 'Q'],Female,0,No,Yes,58,Yes,No,DSL,No,Yes,No,No,No,Yes,Month-to-month,Yes,Mailed check,72.1,4190.4,1
6108-['O' 'R' 'P' 'N' 'N'],Female,0,Yes,No,19,Yes,No,Fiber optic,No,No,No,No,No,No,Month-to-month,No,Bank transfer (automatic),77.29,1466.29,0
5268-['A' 'F' 'W' 'K' 'K'],Male,0,Yes,No,60,Yes,No,DSL,No,No,No,No,Yes,No,Month-to-month,No,Electronic check,72.35,4342.93,0
1760-['P' 'X' 'Z' 'C' 'Y'],Female,0,No,Yes,10,Yes,No,DSL,No,Yes,No,Yes,No,Yes,One year,Yes,Mailed check,80.65,801.17,0
3492-['V' 'N' 'Z' 'B' 'Z'],Male,0,Yes,No,31,Yes,Yes,No,No,No,No,No,No,No,Month-to-month,No,Electronic check,46.33,1427.04,0
3552-['I' 'H' 'K' 'G' 'V'],Male,1,Yes,No,3,Yes,No,DSL,Yes,Yes,No,No,No,Yes,Two year,Yes,Mailed check,76.99,222.53,0
8617-['D' 'Z' 'W' 'N' 'M'],Male,1,No,No,28,Yes,No,DSL,Yes,No,No,No,No,Yes,Month-to-month,Yes,Bank transfer (automatic),75.45,2110.64,1
6237-['Y' 'M' 'M' 'E' 'L'],Male,0,No,No,4,Yes,No,Fiber optic,No,Yes,Yes,No,Yes,Yes,Two year,No,Bank transfer (automatic),107.95,423.97,0
4097-['V' 'N' 'H' 'X' 'V'],Female,1,No,No,38,Yes,Yes,No,No,No,No,No,No,No,Two year,No,Electronic check,47.1,1793.44,0
9935-['G' 'Q' 'U' 'K' 'Z'],Male,0,Yes,No,22,Yes,No,DSL,No,No,No,No,No,Yes,Two year,Yes,Mailed check,71.78,1558.14,0
6068-['J' 'U' 'Z' 'N' 'I'],Female,0,No,No,15,Yes,No,Fiber optic,No,No,Yes,No,Yes,Yes,Two year,No,Mailed check,97.03,1455.39,0
2318-['Z' 'R' 'P' 'H' 'P'],Female,0,No,No,49,Yes,Yes,DSL,Yes,No,No,Yes,No,No,Month-to-month,No,Bank transfer (automatic),79.54,3896.97,0
9498-['O' 'Y' 'O' 'F' 'I'],Female,0,No,Yes,10,Yes,Yes,No,No,No,No,No,No,No,Two year,No,Electronic check,45.96,477.03,0
6976-['G' 'Z' 'H' 'R' 'U'],Male,0,Yes,No,71,Yes,No,Fiber optic,Yes,Yes,No,No,Yes,No,Two year,No,Credit card (automatic),94.59,6711.15,0
2039-['O' 'C' 'A' 'M' 'V'],Male,0,Yes,Yes,47,Yes,No,Fiber optic,No,No,No,No,No,Yes,Month-to-month,Yes,Electronic check,84.78,4006.98,1
1703-['L' 'I' 'B' 'I' 'H'],Female,0,Yes,No,33,No,No,Fiber optic,No,No,No,Yes,Yes,No,Month-to-month,No,Electronic check,74.8,2445.86,1
5996-['M' 'B' 'J' 'Z' 'F'],Male,0,No,No,20,No,No,No,No,No,No,No,No,No,One year,Yes,Electronic check,20.35,382.13,0
6862-['C' 'N' 'P' 'F' 'V'],Male,0,No,Yes,62,No,No,DSL,Yes,Yes,No,No,No,No,Month-to-month,No,Mailed check,55.51,3433.27,0
1243-['O' 'Q' 'X' 'R' 'X'],Male,0,No,Yes,16,Yes,No,No,No,No,No,No,No,No,Two year,No,Electronic check,35.59,572.24,0
8938-['X' 'F' 'Q' 'W' 'M'],Male,0,No,No,33,Yes,Yes,Fiber optic,Yes,No,No,No,No,No,Month-to-month,Yes,Electronic check,90.7,3005.53,1
2141-['Q' 'U' 'P' 'Q' 'A'],Male,0,No,Yes,50,Yes,Yes,Fiber optic,No,Yes,Yes,No,No,No,Two year,Yes,Credit card (automatic),97.58,4872.66,0
6999-['F' 'H' 'A' 'B' 'O'],Female,0,No,No,66,Yes,No,No,No,No,No,No,No,No,Two year,Yes,Electronic check,37.1,2440.18,0
3852-['X' 'T' 'O' 'U' 'J'],Male,0,No,No,23,Yes,No,DSL,No,No,No,Yes,Yes,Yes,Two year,Yes,Credit card (automatic),82.9,1909.41,0
3469-['U' 'O' 'R' 'N' 'J'],Male,0,No,No,21,Yes,No,No,No,No,No,No,No,No,One year,No,Mailed check,35.19,735.29,1
4165-['D' 'K' 'T' 'G' 'O'],Female,0,No,No,9,Yes,No,Fiber optic,No,No,Yes,No,No,No,Month-to-month,No,Credit card (automatic),81.02,725.83,1
6992-['O' 'Z' 'L' 'R' 'F'],Male,1,Yes,No,4,Yes,Yes,DSL,Yes,Yes,No,No,No,No,Two year,No,Bank transfer (automatic),83.86,354.73,1
2407-['R' 'Y' 'R' 'V' 'X'],Female,0,No,No,30,No,No,No,No,No,No,No,No,No,One year,Yes,Electronic check,21.75,641.25,0
8589-['O' 'S' 'E' 'D' 'Q'],Female,0,Yes,No,23,No,No,DSL,Yes,No,No,Yes,No,Yes,Month-to-month,Yes,Bank transfer (automatic),66.84,1541.18,1
2545-['L' 'E' 'G' 'L' 'W'],Male,0,No,No,10,Yes,No,Fiber optic,No,No,No,No,No,Yes,Month-to-month,Yes,Mailed check,85.48,842.73,1
7003-['Q' 'M' 'E' 'E' 'T'],Female,0,No,Yes,50,Yes,Yes,DSL,No,No,Yes,Yes,Yes,Yes,Month-to-month,Yes,Mailed check,97.14,4858.65,1
9811-['G' 'F' 'J' 'S' 'P'],Female,1,Yes,No,47,Yes,Yes,DSL,No,Yes,Yes,No,Yes,Yes,Two year,No,Mailed check,99.43,4682.5,0
7814-['D' 'I' 'Z' 'E' 'A'],Male,0,Yes,Yes,3,Yes,No,DSL,Yes,No,Yes,No,No,No,Month-to-month,No,Electronic check,66.41,204.66,1
8594-['S' 'Y' 'W' 'C' 'A'],Female,1,No,Yes,7,Yes,Yes,No,No,No,No,No,No,No,Two year,Yes,Credit card (automatic),40.37,275.96,0
7619-['P' 'G' 'E' 'M' 'K'],Male,0,No,No,6,Yes,Yes,Fiber optic,No,No,No,Yes,No,Yes,Month-to-month,No,Mailed check,101.21,607.75,1
1789-['Q' 'W' 'L' 'U' 'W'],Female,0,No,No,31,Yes,No,DSL,No,No,No,No,Yes,Yes,Month-to-month,Yes,Bank transfer (automatic),79.51,2476.06,0
1820-['U' 'S' 'E' 'X' 'H'],Male,0,No,No,21,Yes,Yes,Fiber optic,No,No,Yes,Yes,No,Yes,Month-to-month,No,Credit card (automatic),101.25,2122.87,1
3369-['Q' 'B' 'W' 'C' 'X'],Female,0,No,No,35,Yes,Yes,No,No,No,No,No,No,No,Two year,Yes,Mailed check,46.34,1622.1,0
2907-['Z' 'Z' 'X' 'R' 'O'],Male,0,No,No,28,No,No,Fiber optic,No,Yes,Yes,Yes,No,Yes,Month-to-month,No,Bank transfer (automatic),85.98,2414.54,1
1181-['Q' 'N' 'A' 'N' 'I'],Male,0,Yes,Yes,67,Yes,Yes,DSL,Yes,Yes,No,Yes,No,No,One year,Yes,Credit card (automatic),85.95,5751.82,0
1989-['D' 'A' 'C' 'T' 'K'],Female,0,Yes,No,60,No,No,No,No,No,No,No,No,No,Month-to-month,No,Electronic check,18.25,1094.07,0
5847-['K' 'U' 'J' 'L' 'E'],Female,0,Yes,No,52,Yes,Yes,Fiber optic,Yes,Yes,No,Yes,Yes,No,Two year,No,Electronic check,112.75,5875.78,0
5681-['X' 'M' 'S' 'G' 'P'],Male,0,Yes,Yes,71,Yes,Yes,DSL,No,No,Yes,No,Yes,No,Month-to-month,Yes,Electronic check,84.43,5999.1,1
4196-['F' 'J' 'J' 'Z' 'K'],Female,0,No,Yes,14,Yes,No,Fiber optic,No,No,No,No,No,No,Month-to-month,Yes,Electronic check,75.97,1070.29,1
7665-['Y' 'N' 'O' 'G' 'M'],Female,0,No,Yes,47,Yes,No,Fiber optic,No,Yes,No,Yes,No,Yes,Month-to-month,No,Electronic check,90.88,4264.89,1
7090-['G' 'K' 'N' 'Q' 'P'],Female,0,No,No,53,Yes,No,DSL,No,Yes,Yes,No,Yes,Yes,Month-to-month,No,Bank transfer (automatic),86.61,4606.99,0
3536-['J' 'S' 'O' 'P' 'K'],Male,1,No,No,67,Yes,Yes,Fiber optic,No,Yes,No,No,Yes,Yes,One year,Yes,Mailed check,110.95,7412.84,0
5634-['X' 'Y' 'Q' 'S' 'M'],Male,0,No,Yes,68,Yes,No,Fiber optic,Yes,No,No,No,Yes,Yes,Month-to-month,No,Electronic check,101.06,6854.89,0
5063-['F' 'O' 'P' 'D' 'H'],Male,0,Yes,No,63,Yes,Yes,No,No,No,No,No,No,No,Month-to-month,Yes,Credit card (automatic),45.27,2853.55,0
1958-['Y' 'G' 'Q' 'P' 'B'],Female,0,No,No,65,Yes,No,DSL,Yes,Yes,No,No,Yes,Yes,One year,Yes,Mailed check,92.03,5993.88,1
7520-['D' 'Z' 'N' 'H' 'E'],Female,0,No,Yes,49,Yes,Yes,Fiber optic,No,No,Yes,No,No,Yes,Month-to-month,Yes,Electronic check,101.57,4971.65,1
8807-['E' 'E' 'C' 'F' 'A'],Female,0,Yes,Yes,71,Yes,No,DSL,Yes,No,Yes,No,No,Yes,Two year,Yes,Electronic check,81.74,5796.64,0
1135-['M' 'T' 'F' 'R' 'R'],Male,0,No,No,46,Yes,Yes,DSL,Yes,Yes,No,No,No,No,One year,Yes,Mailed check,80.8,3726.38,0
9560-['H' 'O' 'Z' 'J' 'A'],Male,0,Yes,No,67,Yes,No,Fiber optic,No,Yes,No,Yes,Yes,No,Month-to-month,No,Bank transfer (automatic),95.57,6402.18,0
5808-['Q' 'T' 'Y' 'A' 'I'],Male,0,Yes,No,12,Yes,Yes,Fiber optic,No,Yes,Yes,No,Yes,Yes,Month-to-month,No,Electronic check,111.59,1343.51,1
8117-['X' 'E' 'F' 'E' 'D'],Male,0,No,No,13,Yes,No,Fiber optic,No,No,No,Yes,Yes,No,One year,Yes,Credit card (automatic),90.88,1180.63,1
7971-['P' 'P' 'J' 'N' 'M'],Female,0,Yes,Yes,8,Yes,Yes,DSL,No,No,No,No,Yes,Yes,Month-to-month,Yes,Electronic check,91.8,730.26,1
6435-['D' 'N' 'Z' 'X' 'X'],Female,1,No,No,27,No,No,No,No,No,No,No,No,No,One year,No,Bank transfer (automatic),21.74,579.07,0
6768-['C' 'J' 'O' 'X' 'S'],Female,0,No,No,37,Yes,No,Fiber optic,No,No,Yes,No,Yes,Yes,One year,No,Electronic check,100.05,3684.53,1
8105-['B' 'I' 'D' 'E' 'B'],Male,0,No,No,11,Yes,No,Fiber optic,Yes,Yes,No,No,No,Yes,One year,No,Mailed check,94.75,1062.81,1
1741-['W' 'P' 'N' 'L' 'F'],Female,0,Yes,No,12,Yes,No,DSL,Yes,No,Yes,No,No,No,One year,Yes,Mailed check,73.1,894.71,0
9725-['M' 'O' 'X' 'N' 'H'],Female,1,No,Yes,20,Yes,Yes,DSL,No,No,No,No,No,Yes,Month-to-month,Yes,Credit card (automatic),78.68,1589.47,1
8508-['T' 'K' 'U' 'I' 'L'],Male,0,No,No,54,Yes,No,DSL,No,No,No,Yes,Yes,Yes,Two year,Yes,Electronic check,84.84,4584.45,0
3034-['C' 'A' 'O' 'O' 'E'],Male,0,Yes,No,37,Yes,No,No,No,No,No,No,No,No,Two year,No,Electronic check,34.11,1253.98,0
7197-['X' 'K' 'Y' 'W' 'A'],Female,0,Yes,Yes,51,Yes,No,DSL,No,Yes,No,No,No,Yes,One year,Yes,Credit card (automatic),75.28,3832.63,1
4256-['T' 'K' 'G' 'Y' 'Q'],Male,0,Yes,No,25,Yes,No,Fiber optic,Yes,No,No,No,Yes,No,Month-to-month,No,Electronic check,89.01,2229.52,1
3859-['Z' 'Y' 'D' 'L' 'X'],Female,1,No,No,21,Yes,No,Fiber optic,No,Yes,No,No,No,No,Two year,Yes,Bank transfer (automatic),81.22,1712.99,1
3050-['R' 'L' 'X' 'X' 'S'],Female,1,Yes,No,50,Yes,No,DSL,Yes,Yes,No,No,No,Yes,Month-to-month,Yes,Mailed check,79.39,3989.23,0
8695-['H' 'F' 'J' 'Y' 'J'],Male,0,No,No,71,Yes,No,Fiber optic,Yes,No,Yes,No,Yes,Yes,Month-to-month,Yes,Electronic check,105.92,7494.93,1
3981-['H' 'R' 'Q' 'Z' 'J'],Male,0,No,No,36,Yes,Yes,Fiber optic,No,No,No,Yes,Yes,Yes,One year,Yes,Electronic check,112.17,4044.24,0
7209-['L' 'T' 'J' 'I' 'P'],Female,0,No,Yes,44,Yes,No,Fiber optic,No,No,No,No,Yes,No,One year,No,Electronic check,83.44,3674.89,1
7054-['I' 'Y' 'Y' 'X' 'F'],Male,0,No,No,36,Yes,No,DSL,No,No,No,No,No,Yes,Two year,Yes,Bank transfer (automatic),68.72,2479.23,0
8546-['J' 'G' 'R' 'K' 'A'],Male,0,No,No,13,No,No,No,No,No,No,No,No,No,Month-to-month,No,Credit card (automatic),18.25,242.76,1
7652-['U' 'X' 'S' 'W' 'E'],Female,0,Yes,No,17,Yes,Yes,Fiber optic,No,Yes,Yes,Yes,Yes,Yes,Month-to-month,No,Credit card (automatic),117.91,1983.14,1
4451-['Z' 'X' 'F' 'V' 'G'],Female,0,No,No,6,No,No,Fiber optic,No,Yes,Yes,No,No,Yes,Two year,Yes,Electronic check,80.42,491.38,1
4062-['D' 'Z' 'P' 'J' 'Z'],Female,0,Yes,No,59,Yes,No,Fiber optic,No,No,Yes,Yes,No,Yes,Month-to-month,Yes,Mailed check,98.84,5826.78,1
1718-['M' 'H' 'V' 'M' 'X'],Male,0,No,Yes,57,Yes,No,Fiber optic,Yes,No,No,No,Yes,Yes,One year,No,Mailed check,98.84,5652.75,1
3854-['Q' 'D' 'G' 'P' 'Y'],Male,1,No,No,54,Yes,No,No,No,No,No,No,No,No,Month-to-month,No,Electronic check,35.12,1875.22,0
3977-['U' 'Y' 'Y' 'V' 'W'],Male,0,Yes,No,33,Yes,No,Fiber optic,Yes,Yes,No,No,Yes,Yes,Month-to-month,No,Bank transfer (automatic),100.81,3338.81,1
4480-['N' 'N' 'Z' 'H' 'Z'],Female,0,No,No,44,Yes,No,Fiber optic,No,Yes,Yes,Yes,Yes,Yes,Month-to-month,Yes,Mailed check,110.72,4872.69,1
4493-['V' 'G' 'G' 'B' 'Y'],Male,0,Yes,No,2,No,No,DSL,No,Yes,No,Yes,Yes,No,Month-to-month,Yes,Credit card (automatic),62.28,144.27,1
2251-['M' 'J' 'I' 'O' 'L'],Female,0,No,No,39,Yes,Yes,Fiber optic,No,Yes,No,Yes,No,Yes,Month-to-month,Yes,Electronic check,107.46,4197.58,1
4166-['J' 'S' 'U' 'E' 'G'],Male,0,No,No,52,Yes,Yes,Fiber optic,No,No,No,No,No,Yes,Month-to-month,Yes,Bank transfer (automatic),92.73,4822.77,1
2147-['T' 'K' 'P' 'M' 'D'],Female,0,Yes,No,30,Yes,No,Fiber optic,Yes,Yes,Yes,Yes,Yes,Yes,Month-to-month,No,Electronic check,114.5,3430.21,1
8215-['M' 'A' 'V' 'D' 'O'],Male,0,No,No,22,Yes,Yes,No,No,No,No,No,No,No,Month-to-month,Yes,Mailed check,44.41,970.55,0
1121-['Z' 'U' 'Y' 'P' 'D'],Female,0,No,No,71,Yes,No,DSL,Yes,No,No,Yes,No,Yes,Month-to-month,Yes,Credit card (automatic),75.49,5367.56,0
8326-['K' 'Y' 'E' 'Z' 'M'],Female,0,Yes,Yes,64,No,No,Fiber optic,No,No,No,No,Yes,No,One year,Yes,Mailed check,68.8,4382.57,0
4499-['W' 'C' 'D' 'J' 'I'],Female,0,Yes,Yes,54,Yes,Yes,Fiber optic,Yes,No,No,No,Yes,No,Two year,Yes,Mailed check,98.88,5335.62,0
4468-['A' 'L' 'K' 'U' 'H'],Female,0,Yes,No,11,Yes,Yes,No,No,No,No,No,No,No,Month-to-month,Yes,Electronic check,45.44,507.97,1
8769-['W' 'N' 'N' 'T' 'W'],Male,0,Yes,Yes,0,Yes,Yes,No,No,No,No,No,No,No,Two year,Yes,Electronic check,50.06,0.0,0
2904-['V' 'Y' 'S' 'T' 'X'],Male,0,Yes,No,10,Yes,Yes,Fiber optic,Yes,Yes,No,Yes,Yes,No,Month-to-month,Yes,Bank transfer (automatic),110.67,1104.89,1
1027-['U' 'U' 'Q' 'F' 'N'],Male,0,No,Yes,50,Yes,No,DSL,No,Yes,Yes,No,No,No,Month-to-month,No,Electronic check,72.78,3654.03,1
3832-['F' 'E' 'M' 'P' 'U'],Male,0,Yes,Yes,65,Yes,No,Fiber optic,No,Yes,No,No,Yes,Yes,Month-to-month,Yes,Electronic check,102.82,6657.35,1
6758-['J' 'Z' 'M' 'S' 'P'],Male,0,Yes,Yes,44,Yes,Yes,Fiber optic,Yes,No,No,No,No,No,Month-to-month,Yes,Electronic check,91.53,4026.2,1
4536-['P' 'N' 'P' 'X' 'O'],Female,0,No,No,71,Yes,No,No,No,No,No,No,No,No,Month-to-month,Yes,Credit card (automatic),35.09,2481.06,0
4914-['E' 'X' 'X' 'K' 'B'],Male,0,Yes,No,30,Yes,Yes,No,No,No,No,No,No,No,Month-to-month,No,Mailed check,44.62,1331.92,1
3642-['Z' 'Z' 'Q' 'S' 'L'],Male,0,Yes,No,52,Yes,Yes,Fiber optic,No,Yes,No,Yes,No,No,Two year,Yes,Mailed check,93.75,4876.6,0
2619-['W' 'Y' 'E' 'L' 'P'],Female,0,Yes,No,44,Yes,No,No,No,No,No,No,No,No,Two year,No,Bank transfer (automatic),37.33,1639.22,0
2728-['B' 'J' 'B' 'Y' 'J'],Male,1,Yes,No,66,Yes,No,DSL,Yes,Yes,No,No,No,Yes,Month-to-month,No,Electronic check,82.95,5492.73,1
2713-['A' 'E' 'L' 'Q' 'Y'],Male,0,No,No,40,No,No,No,No,No,No,No,No,No,Month-to-month,Yes,Bank transfer (automatic),18.25,704.03,0
1114-['R' 'M' 'V' 'C' 'U'],Male,1,Yes,No,27,Yes,No,No,No,No,No,No,No,No,Month-to-month,Yes,Credit card (automatic),35.44,965.68,1
1425-['N' 'H' 'J' 'B' 'M'],Female,0,No,No,61,Yes,Yes,No,No,No,No,No,No,No,Month-to-month,No,Credit card (automatic),45.09,2751.13,0
5106-['X' 'A' 'Z' 'J' 'M'],Female,0,Yes,No,1,Yes,No,Fiber optic,No,Yes,No,Yes,No,Yes,One year,Yes,Electronic check,96.3,102.08,1
9795-['D' 'U' 'J' 'L' 'N'],Male,0,No,No,71,Yes,No,DSL,No,No,Yes,No,Yes,Yes,One year,Yes,Electronic check,84.01,5951.64,0
5801-['S' 'K' 'U' 'G' 'R'],Female,0,No,No,64,Yes,No,No,No,No,No,No,No,No,One year,No,Electronic check,33.7,2155.95,0
9973-['G' 'V' 'G' 'W' 'I'],Male,1,Yes,No,20,Yes,Yes,Fiber optic,Yes,Yes,Yes,No,No,Yes,Month-to-month,Yes,Mailed check,111.45,2206.31,1
2341-['L' 'F' 'Z' 'X' 'G'],Female,0,No,No,14,Yes,No,Fiber optic,No,Yes,Yes,No,Yes,Yes,One year,No,Electronic check,104.41,1468.62,1
9707-['P' 'G' 'H' 'H' 'T'],Female,0,No,No,54,Yes,No,DSL,Yes,Yes,No,No,Yes,Yes,Month-to-month,No,Electronic check,90.88,4910.41,0
7457-['Y' 'C' 'I' 'S' 'M'],Male,0,Yes,No,7,No,No,Fiber optic,No,Yes,Yes,No,No,No,Two year,Yes,Electronic check,70.59,476.16,1
3086-['T' 'U' 'O' 'S' 'B'],Female,0,No,No,19,Yes,No,DSL,No,Yes,Yes,Yes,Yes,No,Two year,Yes,Mailed check,86.25,1658.45,0
4047-['W' 'W' 'H' 'M' 'A'],Male,0,Yes,No,63,Yes,No,Fiber optic,No,No,Yes,No,No,Yes,Two year,No,Mailed check,89.22,5603.76,0
9471-['J' 'U' 'X' 'I' 'B'],Female,0,No,No,38,Yes,No,DSL,No,Yes,No,Yes,Yes,Yes,Two year,Yes,Electronic check,96.23,3648.11,0
8602-['V' 'Y' 'N' 'J' 'J'],Male,0,Yes,Yes,6,Yes,Yes,Fiber optic,Yes,No,Yes,Yes,No,No,Month-to-month,Yes,Mailed check,97.39,581.78,1
8181-['M' 'F' 'U' 'M' 'C'],Female,0,No,Yes,56,Yes,No,DSL,No,No,No,No,Yes,Yes,Month-to-month,Yes,Electronic check,82.97,4651.35,1
6371-['T' 'M' 'W' 'W' 'S'],Male,0,No,No,30,Yes,Yes,No,No,No,No,No,No,No,Month-to-month,Yes,Credit card (automatic),40.84,1219.57,0
7223-['D' 'C' 'O' 'O' 'R'],Male,0,No,No,33,Yes,Yes,Fiber optic,No,No,Yes,Yes,No,No,Two year,Yes,Bank transfer (automatic),95.44,3144.06,1
8091-['E' 'H' 'Y' 'W' 'J'],Male,1,No,No,50,No,No,No,No,No,No,No,No,No,Month-to-month,No,Mailed check,20.5,1017.8,0
2248-['K' 'C' 'U' 'C' 'O'],Male,0,Yes,No,55,Yes,No,DSL,No,Yes,Yes,Yes,No,No,Month-to-month,Yes,Electronic check,75.81,4164.0,0
5848-['R' 'H' 'W' 'M' 'J'],Female,1,No,No,28,Yes,Yes,No,No,No,No,No,No,No,Month-to-month,No,Electronic check,42.84,1186.44,0
4138-['T' 'N' 'M' 'C' 'M'],Male,1,No,No,62,Yes,Yes,DSL,No,No,No,No,No,No,Month-to-month,Yes,Bank transfer (automatic),66.99,4157.69,0
4768-['W' 'I' 'Y' 'P' 'W'],Female,0,Yes,Yes,32,Yes,Yes,Fiber optic,No,Yes,Yes,No,Yes,No,Month-to-month,Yes,Electronic check,104.81,3351.8,1
6558-['H' 'L' 'Z' 'L' 'S'],Female,0,No,Yes,44,Yes,Yes,No,No,No,No,No,No,No,One year,Yes,Bank transfer (automatic),46.34,2020.47,1
6335-['Q' 'O' 'V' 'R' 'G'],Male,0,Yes,Yes,5,Yes,No,DSL,Yes,No,Yes,No,No,Yes,Month-to-month,No,Electronic check,80.75,394.25,1
4660-['S' 'P' 'K' 'Z' 'E'],Male,0,No,No,36,Yes,Yes,No,No,No,No,No,No,No,One year,No,Electronic check,44.76,1614.84,0
3720-['P' 'E' 'Y' 'Y' 'G'],Male,1,Yes,No,52,Yes,Yes,Fiber optic,No,Yes,No,No,No,Yes,Month-to-month,No,Credit card (automatic),96.17,5003.54,1
4357-['I' 'D' 'S' 'T' 'O'],Male,0,Yes,No,1,Yes,Yes,Fiber optic,Yes,Yes,Yes,No,No,Yes,Two year,No,Credit card (automatic),105.68,89.06,0
2958-['X' 'R' 'E' 'U' 'Y'],Female,0,No,Yes,56,Yes,No,No,No,No,No,No,No,No,Month-to-month,No,Bank transfer (automatic),36.74,2063.7,1
9540-['M' 'C' 'F' 'Z' 'L'],Male,0,No,No,50,Yes,No,No,No,No,No,No,No,No,One year,Yes,Credit card (automatic),34.2,1715.35,0
2204-['R' 'R' 'D' 'T' 'W'],Male,0,No,Yes,38,Yes,No,No,No,No,No,No,No,No,Two year,No,Credit card (automatic),34.98,1340.72,0
9923-['N' 'A' 'K' 'V' 'I'],Male,0,Yes,No,21,Yes,Yes,Fiber optic,No,No,Yes,No,Yes,No,Month-to-month,Yes,Mailed check,99.88,2105.11,1
6905-['E' 'J' 'O' 'J' 'P'],Male,0,Yes,No,42,Yes,No,DSL,No,Yes,No,No,Yes,No,Month-to-month,Yes,Electronic check,73.01,3065.61,1
6859-['D' 'H' 'F' 'W' 'K'],Female,1,No,No,37,No,No,DSL,No,No,No,No,No,No,Two year,Yes,Bank transfer (automatic),41.7,1548.23,0
8320-['M' 'S' 'K' 'B' 'C'],Female,0,Yes,Yes,63,Yes,No,DSL,Yes,No,Yes,No,No,Yes,Month-to-month,Yes,Mailed check,83.42,5273.85,1
1535-['M' 'Y' 'J' 'E' 'X'],Female,0,Yes,No,36,Yes,Yes,DSL,Yes,No,Yes,Yes,No,Yes,One year,No,Bank transfer (automatic),92.7,3334.78,0
8114-['W' 'N' 'Y' 'T' 'O'],Male,1,No,Yes,37,Yes,No,Fiber optic,No,No,No,Yes,Yes,No,One year,Yes,Electronic check,92.13,3414.45,0
1712-['H' 'O' 'W' 'A' 'B'],Female,0,Yes,Yes,70,Yes,Yes,No,No,No,No,No,No,No,Month-to-month,No,Credit card (automatic),46.45,3273.0,0
7472-['U' 'Q' 'I' 'A' 'H'],Male,0,Yes,Yes,30,Yes,No,No,No,No,No,No,No,No,Month-to-month,No,Bank transfer (automatic),34.74,1054.2,0
6124-['K' 'F' 'Q' 'R' 'W'],Female,0,No,No,43,No,No,Fiber optic,Yes,No,No,Yes,Yes,No,Month-to-month,Yes,Electronic check,83.77,3595.31,1
3449-['E' 'Y' 'E' 'S' 'M'],Male,0,Yes,Yes,13,Yes,Yes,DSL,Yes,Yes,Yes,No,No,Yes,Month-to-month,No,Bank transfer (automatic),92.16,1183.62,1
3253-['Z' 'H' 'C' 'D' 'J'],Female,0,Yes,No,51,Yes,No,Fiber optic,No,No,No,Yes,No,No,Month-to-month,No,Credit card (automatic),83.1,4254.05,1
2086-['W' 'L' 'T' 'T' 'O'],Male,0,Yes,Yes,66,Yes,Yes,DSL,Yes,No,No,Yes,Yes,No,Month-to-month,No,Mailed check,91.22,6034.07,1
8084-['L' 'H' 'V' 'V' 'I'],Male,0,Yes,No,4,Yes,Yes,Fiber optic,No,No,No,No,Yes,Yes,One year,No,Mailed check,104.11,399.6,1
5467-['I' 'Q' 'Y' 'A' 'W'],Female,0,No,No,41,Yes,No,DSL,No,Yes,Yes,Yes,Yes,No,Month-to-month,Yes,Electronic check,87.56,3586.37,1
9709-['G' 'I' 'J' 'D' 'P'],Male,0,No,No,6,Yes,Yes,DSL,No,Yes,Yes,No,Yes,No,One year,Yes,Credit card (automatic),88.89,521.37,1
6928-['C' 'Z' 'I' 'Q' 'N'],Female,0,No,No,17,Yes,No,Fiber optic,No,No,No,No,No,Yes,Month-to-month,Yes,Mailed check,85.33,1434.09,1
7532-['Z' 'U' 'A' 'A' 'C'],Female,1,No,Yes,56,Yes,Yes,Fiber optic,No,No,Yes,No,No,Yes,Month-to-month,Yes,Credit card (automatic),99.23,5547.68,0
6384-['W' 'F' 'I' 'D' 'T'],Female,0,Yes,No,43,Yes,Yes,DSL,No,No,No,Yes,No,Yes,Month-to-month,No,Credit card (automatic),85.28,3668.68,1
1303-['W' 'F' 'T' 'W' 'N'],Male,0,Yes,No,60,Yes,Yes,Fiber optic,No,Yes,Yes,Yes,No,Yes,Month-to-month,Yes,Mailed check,109.59,6580.63,0
6724-['I' 'G' 'R' 'J' 'B'],Female,0,Yes,Yes,62,Yes,Yes,No,No,No,No,No,No,No,Month-to-month,Yes,Electronic check,44.8,2785.57,1
5133-['W' 'I' 'T' 'H' 'J'],Male,0,No,Yes,31,Yes,Yes,Fiber optic,No,No,Yes,No,Yes,No,Month-to-month,No,Electronic check,97.41,3036.63,0
7671-['O' 'M' 'R' 'F' 'T'],Male,0,No,No,27,Yes,Yes,Fiber optic,No,Yes,Yes,Yes,No,Yes,Month-to-month,Yes,Bank transfer (automatic),109.15,2939.14,1
9855-['I' 'R' 'G' 'W' 'X'],Female,0,No,Yes,3,Yes,No,Fiber optic,No,No,No,Yes,No,No,Month-to-month,No,Credit card (automatic),79.59,246.18,1
3588-['E' 'K' 'M' 'C' 'A'],Female,0,No,No,14,Yes,Yes,Fiber optic,No,No,Yes,No,Yes,Yes,Two year,Yes,Credit card (automatic),112.66,1569.38,1
4186-['R' 'F' 'W' 'J' 'G'],Male,0,Yes,Yes,1,Yes,No,DSL,No,No,Yes,Yes,Yes,Yes,Month-to-month,Yes,Mailed check,90.46,98.15,1
3987-['H' 'M' 'R' 'N' 'K'],Male,1,No,No,22,Yes,No,Fiber optic,No,No,No,Yes,No,Yes,Two year,Yes,Electronic check,89.11,1974.12,0
1780-['V' 'J' 'L' 'A' 'R'],Female,0,Yes,No,58,Yes,No,No,No,No,No,No,No,No,Month-to-month,Yes,Electronic check,35.38,2052.7,0
5492-['Y' 'X' 'D' 'F' 'R'],Male,0,No,No,22,Yes,No,No,No,No,No,No,No,No,Month-to-month,Yes,Electronic check,36.1,805.98,1
6979-['E' 'R' 'E' 'G' 'W'],Male,0,No,Yes,25,Yes,Yes,No,No,No,No,No,No,No,Two year,Yes,Electronic check,40.85,1035.16,0
9392-['C' 'L' 'T' 'Y' 'N'],Male,0,Yes,Yes,33,Yes,Yes,Fiber optic,Yes,No,No,No,Yes,No,One year,No,Bank transfer (automatic),98.68,3280.0,1
7664-['L' 'D' 'E' 'I' 'G'],Female,0,No,No,12,Yes,Yes,Fiber optic,Yes,Yes,No,Yes,No,Yes,Two year,No,Electronic check,111.23,1344.48,0
1365-['T' 'V' 'Q' 'A' 'Y'],Female,0,No,No,39,Yes,Yes,Fiber optic,No,No,No,Yes,No,Yes,Month-to-month,Yes,Electronic check,99.09,3869.87,0
9366-['X' 'O' 'A' 'O' 'B'],Female,0,Yes,Yes,50,Yes,No,Fiber optic,No,Yes,No,Yes,Yes,Yes,Month-to-month,No,Mailed check,103.98,5217.02,0
1956-['D' 'Q' 'P' 'R' 'U'],Male,0,Yes,No,9,Yes,No,Fiber optic,No,Yes,Yes,Yes,Yes,Yes,Month-to-month,Yes,Bank transfer (automatic),109.58,990.69,1
5911-['H' 'F' 'V' 'T' 'B'],Female,1,Yes,Yes,38,Yes,No,No,No,No,No,No,No,No,Month-to-month,Yes,Mailed check,35.18,1341.83,0
7005-['U' 'F' 'F' 'M' 'A'],Female,1,Yes,No,3,Yes,Yes,No,No,No,No,No,No,No,One year,No,Bank transfer (automatic),44.93,139.92,0
2140-['X' 'I' 'V' 'L' 'L'],Male,1,No,No,51,No,No,Fiber optic,No,No,No,Yes,No,No,Month-to-month,Yes,Mailed check,64.63,3293.32,0
6209-['D' 'S' 'P' 'Z' 'L'],Female,0,Yes,Yes,55,Yes,Yes,No,No,No,No,No,No,No,Month-to-month,Yes,Credit card (automatic),44.51,2435.67,0
5735-['D' 'I' 'G' 'J' 'M'],Female,0,Yes,No,26,Yes,No,DSL,No,No,Yes,No,No,No,Two year,Yes,Mailed check,61.71,1585.76,0
7471-['T' 'J' 'J' 'H' 'T'],Female,0,No,No,7,Yes,Yes,Fiber optic,No,Yes,No,No,No,No,One year,Yes,Credit card (automatic),91.62,653.04,1
5270-['A' 'O' 'X' 'Q' 'M'],Male,0,No,No,52,Yes,Yes,Fiber optic,No,Yes,No,No,Yes,Yes,Month-to-month,Yes,Credit card (automatic),106.6,5561.29,1
1034-['W' 'S' 'X' 'E' 'C'],Male,0,Yes,Yes,12,Yes,No,DSL,Yes,No,No,No,No,Yes,Two year,No,Bank transfer (automatic),73.69,874.17,0
4380-['E' 'X' 'I' 'F' 'P'],Female,0,Yes,Yes,45,Yes,No,No,No,No,No,No,No,No,Month-to-month,No,Mailed check,35.88,1610.77,0
3153-['P' 'C' 'R' 'K' 'S'],Male,0,Yes,No,35,Yes,Yes,DSL,No,Yes,No,Yes,Yes,Yes,Two year,No,Bank transfer (automatic),99.54,3481.17,0
9056-['W' 'O' 'K' 'Y' 'V'],Female,0,No,No,42,Yes,Yes,No,No,No,No,No,No,No,Month-to-month,No,Electronic check,47.73,2004.01,1
3871-['J' 'I' 'C' 'W' 'I'],Female,0,No,No,34,Yes,Yes,Fiber optic,No,Yes,No,No,Yes,No,Two year,Yes,Electronic check,100.26,3417.73,0
3970-['M' 'Z' 'H' 'F' 'H'],Female,0,Yes,No,50,Yes,No,No,No,No,No,No,No,No,Month-to-month,No,Mailed check,32.97,1651.25,0
9791-['X' 'L' 'A' 'D' 'W'],Female,1,Yes,Yes,62,Yes,No,Fiber optic,Yes,No,Yes,Yes,No,Yes,Month-to-month,No,Electronic check,97.81,6071.79,0
6626-['Q' 'S' 'S' 'V' 'E'],Male,1,Yes,Yes,67,Yes,Yes,DSL,Yes,No,Yes,No,No,No,Month-to-month,Yes,Credit card (automatic),77.35,5178.07,0
3811-['K' 'G' 'C' 'K' 'Q'],Female,0,Yes,No,12,Yes,Yes,No,No,No,No,No,No,No,Month-to-month,No,Electronic check,45.32,528.31,0
2386-['O' 'S' 'H' 'P' 'U'],Male,1,Yes,No,46,Yes,No,No,No,No,No,No,No,No,Month-to-month,Yes,Electronic check,34.49,1583.94,1
4842-['X' 'F' 'C' 'E' 'A'],Male,0,No,No,5,Yes,Yes,Fiber optic,Yes,No,Yes,No,No,No,One year,Yes,Credit card (automatic),96.43,498.29,1
2685-['N' 'L' 'M' 'N' 'Y'],Female,0,Yes,No,17,Yes,No,DSL,No,No,No,No,No,No,Month-to-month,Yes,Electronic check,60.2,1015.06,1
3422-['M' 'X' 'F' 'U' 'O'],Female,1,No,No,7,Yes,No,Fiber optic,Yes,No,No,No,No,Yes,Month-to-month,No,Bank transfer (automatic),88.61,616.36,1
9827-['V' 'W' 'P' 'I' 'H'],Female,0,No,No,40,No,No,DSL,No,No,No,No,No,No,One year,No,Electronic check,45.39,1818.36,0
6390-['G' 'X' 'Q' 'P' 'X'],Female,1,Yes,Yes,60,Yes,Yes,Fiber optic,No,No,No,No,No,Yes,Two year,No,Mailed check,96.56,5784.98,0
9618-['G' 'K' 'B' 'B' 'F'],Male,0,No,No,19,Yes,Yes,Fiber optic,No,Yes,No,No,Yes,Yes,Two year,Yes,Electronic check,108.08,2032.96,0
5254-['X' 'W' 'T' 'P' 'N'],Male,0,Yes,No,55,Yes,Yes,DSL,Yes,No,No,No,Yes,Yes,Two year,Yes,Mailed check,94.85,5217.19,0
2041-['Y' 'D' 'C' 'H' 'D'],Male,0,Yes,Yes,1,No,No,Fiber optic,No,No,Yes,No,No,Yes,Month-to-month,No,Electronic check,77.19,70.06,1
2302-['O' 'M' 'N' 'N' 'E'],Male,0,Yes,No,65,Yes,No,DSL,Yes,No,No,No,No,No,Month-to-month,Yes,Bank transfer (automatic),61.88,4030.03,0
3564-['V' 'M' 'D' 'R' 'F'],Female,0,Yes,No,31,Yes,No,DSL,Yes,No,No,No,Yes,Yes,Month-to-month,Yes,Bank transfer (automatic),86.43,2676.01,1
6404-['E' 'C' 'T' 'C' 'C'],Female,0,Yes,No,21,Yes,No,DSL,No,No,Yes,No,Yes,No,One year,Yes,Mailed check,75.29,1578.88,1
6587-['B' 'T' 'Z' 'R' 'J'],Male,0,No,No,40,Yes,Yes,Fiber optic,No,No,No,No,Yes,No,One year,Yes,Mailed check,97.15,3895.65,1
1244-['G' 'T' 'Z' 'V' 'N'],Male,0,No,No,9,Yes,No,Fiber optic,Yes,No,Yes,No,Yes,No,One year,Yes,Electronic check,92.39,830.64,1
6971-['P' 'F' 'Q' 'F' 'V'],Male,0,No,Yes,38,Yes,No,No,No,No,No,No,No,No,Month-to-month,No,Bank transfer (automatic),36.78,1383.78,0
8505-['J' 'J' 'I' 'V' 'O'],Female,0,No,No,44,Yes,No,DSL,Yes,Yes,Yes,No,No,Yes,One year,Yes,Electronic check,84.18,3724.27,0
3204-['G' 'R' 'B' 'B' 'Z'],Female,0,No,No,4,Yes,No,Fiber optic,No,No,No,No,No,No,Month-to-month,Yes,Electronic check,76.35,302.79,1
1984-['S' 'T' 'A' 'Q' 'T'],Male,0,No,No,11,Yes,No,DSL,Yes,No,Yes,No,Yes,No,One year,No,Bank transfer (automatic),81.29,899.01,1
6713-['H' 'M' 'D' 'S' 'C'],Female,0,Yes,Yes,31,Yes,No,DSL,Yes,Yes,No,No,Yes,No,Month-to-month,Yes,Electronic check,84.39,2619.51,1
4045-['F' 'V' 'F' 'X' 'H'],Male,0,No,No,39,Yes,No,Fiber optic,No,Yes,No,No,No,Yes,Month-to-month,Yes,Bank transfer (automatic),89.19,3482.82,1
1376-['Q' 'J' 'X' 'E' 'S'],Male,0,Yes,No,17,Yes,No,Fiber optic,No,Yes,No,No,Yes,No,Month-to-month,No,Bank transfer (automatic),90.38,1536.63,1
3794-['J' 'C' 'V' 'X' 'J'],Female,1,No,Yes,63,Yes,Yes,No,No,No,No,No,No,No,One year,Yes,Electronic check,45.85,2891.62,0
2051-['I' 'E' 'U' 'Q' 'F'],Female,0,Yes,No,0,Yes,No,Fiber optic,Yes,Yes,No,Yes,Yes,No,Month-to-month,Yes,Electronic check,98.28,0.0,0
7762-['E' 'G' 'G' 'D' 'U'],Male,0,Yes,Yes,52,Yes,No,No,No,No,No,No,No,No,Month-to-month,No,Bank transfer (automatic),35.82,1855.01,1
5841-['X' 'R' 'A' 'N' 'F'],Female,0,Yes,No,41,Yes,No,DSL,Yes,No,No,No,No,No,Two year,Yes,Credit card (automatic),63.85,2597.63,0
2171-['Z' 'C' 'P' 'P' 'G'],Female,0,No,No,37,Yes,Yes,Fiber optic,No,No,Yes,Yes,No,Yes,One year,No,Mailed check,105.49,3903.56,0
3343-['D' 'L' 'L' 'J' 'L'],Female,0,No,Yes,16,Yes,No,Fiber optic,Yes,No,No,Yes,Yes,Yes,Month-to-month,No,Credit card (automatic),101.88,1611.7,1
3602-['O' 'F' 'K' 'B' 'X'],Female,0,No,No,61,Yes,Yes,DSL,Yes,Yes,No,Yes,No,Yes,Month-to-month,No,Credit card (automatic),94.48,5757.44,0
9277-['I' 'K' 'P' 'M' 'M'],Female,0,Yes,No,27,Yes,Yes,DSL,Yes,Yes,Yes,No,Yes,No,Month-to-month,Yes,Electronic check,93.21,2505.3,1
9821-['R' 'U' 'Y' 'A' 'T'],Female,0,No,No,21,Yes,Yes,DSL,No,No,No,Yes,No,No,Month-to-month,Yes,Credit card (automatic),74.26,1579.83,1
4613-['S' 'Q' 'A' 'A' 'Q'],Male,0,Yes,No,45,Yes,No,No,No,No,No,No,No,No,Two year,No,Electronic check,37.57,1681.65,0
3588-['B' 'K' 'U' 'B' 'T'],Male,0,No,No,37,Yes,No,DSL,No,Yes,No,No,Yes,Yes,Two year,Yes,Electronic check,83.31,3057.6,0
1833-['P' 'T' 'I' 'T' 'U'],Male,0,No,No,31,No,No,No,No,No,No,No,No,No,Two year,No,Mailed check,18.41,581.66,0
2347-['X' 'M' 'O' 'T' 'B'],Male,0,Yes,No,54,Yes,No,Fiber optic,Yes,Yes,No,No,No,No,Month-to-month,Yes,Electronic check,81.95,4420.93,1
1403-['R' 'Y' 'X' 'I' 'T'],Female,0,Yes,Yes,8,Yes,No,Fiber optic,No,No,No,Yes,Yes,No,One year,No,Credit card (automatic),87.7,704.69,1
5288-['C' 'W' 'Q' 'K' 'X'],Male,1,Yes,No,49,Yes,No,No,No,No,No,No,No,No,Month-to-month,Yes,Electronic check,34.42,1675.29,1
9116-['L' 'K' 'M' 'O' 'Y'],Female,0,No,Yes,36,Yes,No,DSL,Yes,No,Yes,No,No,No,Month-to-month,Yes,Credit card (automatic),74.65,2684.12,0
4571-['Y' 'Q' 'L' 'S' 'T'],Male,1,No,No,64,Yes,Yes,Fiber optic,Yes,No,Yes,Yes,Yes,No,Month-to-month,Yes,Credit card (automatic),113.14,7256.2,0
1592-['V' 'M' 'P' 'T' 'T'],Male,0,Yes,No,43,Yes,No,DSL,No,Yes,Yes,No,Yes,Yes,Month-to-month,No,Bank transfer (automatic),92.39,3965.55,0
1496-['E' 'I' 'V' 'X' 'D'],Female,0,Yes,No,59,No,No,DSL,No,Yes,No,Yes,No,No,Month-to-month,Yes,Bank transfer (automatic),52.53,3105.39,0
8016-['P' 'G' 'N' 'N' 'G'],Female,1,Yes,Yes,28,Yes,Yes,Fiber optic,No,No,Yes,No,Yes,No,Two year,Yes,Bank transfer (automatic),99.83,2803.68,0
9559-['R' 'F' 'G' 'S' 'H'],Male,0,Yes,No,62,Yes,No,Fiber optic,Yes,Yes,No,No,No,Yes,Month-to-month,Yes,Bank transfer (automatic),96.01,5950.03,0
2728-['Q' 'Z' 'S' 'V' 'G'],Female,0,No,No,25,Yes,No,Fiber optic,No,No,No,No,No,No,One year,No,Credit card (automatic),75.07,1875.28,1
3173-['F' 'U' 'F' 'A' 'J'],Female,0,No,Yes,44,Yes,No,Fiber optic,No,No,Yes,Yes,Yes,Yes,Month-to-month,No,Bank transfer (automatic),103.56,4545.0,1
9839-['G' 'I' 'A' 'Z' 'Y'],Female,0,Yes,No,34,Yes,Yes,No,No,No,No,No,No,No,Month-to-month,Yes,Credit card (automatic),45.0,1533.38,0
6873-['F' 'K' 'E' 'T' 'D'],Female,0,Yes,No,6,Yes,Yes,Fiber optic,No,No,No,No,Yes,No,One year,Yes,Electronic check,96.23,577.61,1
4847-['J' 'C' 'M' 'Q' 'E'],Male,1,No,No,66,Yes,No,Fiber optic,No,No,Yes,No,Yes,No,One year,No,Credit card (automatic),86.6,5715.14,0
4964-['D' 'R' 'N' 'X' 'K'],Female,0,Yes,No,52,No,No,No,No,No,No,No,No,No,One year,Yes,Electronic check,18.48,966.63,0
5188-['Z' 'I' 'M' 'Z' 'Q'],Male,0,No,No,40,Yes,Yes,No,No,No,No,No,No,No,Month-to-month,No,Electronic check,44.58,1776.81,1
4329-['F' 'Z' 'G' 'B' 'X'],Male,0,No,No,3,Yes,No,Fiber optic,No,Yes,Yes,No,Yes,No,One year,No,Mailed check,97.63,288.19,1
2260-['J' 'P' 'I' 'H' 'Y'],Male,0,Yes,No,1,Yes,No,Fiber optic,No,No,Yes,No,No,No,Month-to-month,No,Mailed check,81.94,99.15,1
5270-['V' 'G' 'V' 'W' 'S'],Male,1,Yes,No,34,Yes,No,No,No,No,No,No,No,No,Month-to-month,Yes,Electronic check,31.34,1055.22,1
3312-['S' 'B' 'G' 'V' 'S'],Male,0,No,No,32,Yes,No,DSL,No,No,Yes,Yes,Yes,No,Month-to-month,Yes,Electronic check,78.68,2522.97,1
2350-['F' 'A' 'N' 'A' 'Y'],Male,0,No,Yes,49,Yes,No,DSL,No,No,No,No,Yes,Yes,Month-to-month,No,Mailed check,80.37,3932.7,1
8323-['R' 'Q' 'B' 'H' 'U'],Male,0,Yes,No,12,Yes,Yes,DSL,No,Yes,Yes,Yes,No,Yes,Month-to-month,No,Bank transfer (automatic),92.88,1116.04,0
7486-['W' 'B' 'P' 'D' 'B'],Female,0,Yes,Yes,6,Yes,Yes,Fiber optic,Yes,No,Yes,No,Yes,No,Month-to-month,No,Credit card (automatic),104.22,619.02,1
8664-['B' 'V' 'N' 'T' 'G'],Male,1,Yes,No,38,Yes,No,Fiber optic,Yes,No,No,Yes,Yes,Yes,One year,Yes,Mailed check,106.99,4069.17,0
2009-['M' 'L' 'B' 'L' 'F'],Female,0,Yes,Yes,48,Yes,Yes,DSL,No,No,Yes,No,No,No,One year,Yes,Electronic check,73.25,3536.72,0
3272-['U' 'A' 'O' 'P' 'V'],Female,0,Yes,No,2,Yes,No,DSL,Yes,Yes,Yes,No,No,No,Month-to-month,No,Electronic check,70.0,145.02,1
2542-['V' 'N' 'Y' 'S' 'X'],Male,0,No,No,16,Yes,Yes,No,No,No,No,No,No,No,One year,Yes,Electronic check,44.68,711.8,1
1282-['W' 'M' 'U' 'L' 'A'],Male,0,No,Yes,24,Yes,No,Fiber optic,No,Yes,Yes,No,Yes,No,One year,No,Credit card (automatic),89.41,2138.31,1
2882-['L' 'D' 'O' 'Y' 'P'],Male,0,No,No,13,Yes,Yes,Fiber optic,No,No,No,No,No,No,Month-to-month,No,Electronic check,82.95,1076.79,1
4790-['H' 'S' 'O' 'R' 'K'],Female,0,Yes,No,4,Yes,No,Fiber optic,No,Yes,No,No,Yes,No,Two year,No,Electronic check,86.85,349.04,0
3592-['I' 'W' 'L' 'B' 'K'],Female,0,Yes,Yes,70,Yes,No,No,No,No,No,No,No,No,One year,No,Mailed check,34.68,2437.67,0
5749-['B' 'O' 'U' 'W' 'U'],Female,0,No,No,32,Yes,No,DSL,No,No,Yes,Yes,No,Yes,One year,Yes,Electronic check,81.46,2617.09,0
9497-['N' 'U' 'L' 'J' 'N'],Male,1,No,No,50,Yes,No,Fiber optic,No,No,No,Yes,No,No,Month-to-month,Yes,Electronic check,82.5,4107.47,0
4957-['O' 'E' 'B' 'V' 'F'],Female,0,No,No,16,Yes,No,DSL,Yes,Yes,No,No,Yes,No,One year,Yes,Mailed check,76.44,1211.38,0
8531-['B' 'D' 'G' 'P' 'A'],Male,0,No,No,60,Yes,No,Fiber optic,No,No,Yes,No,No,Yes,One year,No,Credit card (automatic),90.83,5447.61,1
3346-['L' 'K' 'F' 'W' 'L'],Female,0,Yes,Yes,30,Yes,No,Fiber optic,Yes,Yes,No,Yes,Yes,No,Month-to-month,No,Credit card (automatic),99.78,2983.56,1
5852-['L' 'J' 'H' 'T' 'S'],Male,0,No,No,14,Yes,No,DSL,No,Yes,No,No,Yes,No,Two year,Yes,Bank transfer (automatic),73.45,1016.79,1
7918-['N' 'D' 'A' 'H' 'E'],Male,0,No,Yes,39,Yes,No,Fiber optic,No,No,Yes,No,Yes,Yes,Month-to-month,No,Electronic check,100.23,3905.87,1
5668-['H' 'H' 'U' 'X' 'G'],Male,0,Yes,No,64,Yes,Yes,Fiber optic,No,Yes,No,No,No,Yes,Two year,No,Mailed check,100.51,6422.64,0
5003-['W' 'T' 'F' 'L' 'R'],Female,0,No,Yes,19,Yes,No,No,No,No,No,No,No,No,One year,No,Electronic check,38.58,727.17,0
4659-['R' 'C' 'J' 'G' 'C'],Female,1,No,No,33,Yes,No,No,No,No,No,No,No,No,Month-to-month,No,Electronic check,33.98,1134.75,0
3683-['S' 'M' 'D' 'J' 'F'],Female,0,No,No,64,Yes,No,Fiber optic,No,No,No,No,No,No,Month-to-month,Yes,Bank transfer (automatic),75.87,4856.67,1
6600-['F' 'H' 'O' 'H' 'V'],Female,0,No,Yes,31,Yes,Yes,No,No,No,No,No,No,No,Month-to-month,Yes,Electronic check,42.65,1312.77,1
2057-['G' 'H' 'J' 'M' 'V'],Female,0,Yes,Yes,21,Yes,No,Fiber optic,No,No,Yes,Yes,No,No,Month-to-month,Yes,Credit card (automatic),88.29,1851.92,1
8283-['A' 'I' 'J' 'T' 'B'],Male,1,No,No,61,Yes,No,No,No,No,No,No,No,No,Month-to-month,No,Credit card (automatic),36.43,2202.74,0
4699-['K' 'E' 'R' 'G' 'C'],Male,0,No,No,44,Yes,Yes,Fiber optic,No,No,Yes,No,Yes,Yes,Month-to-month,Yes,Credit card (automatic),108.27,4763.53,1
4549-['P' 'O' 'H' 'T' 'E'],Male,0,No,No,10,Yes,No,Fiber optic,No,No,No,Yes,Yes,No,Two year,Yes,Bank transfer (automatic),90.09,911.04,0
6378-['E' 'I' 'P' 'N' 'R'],Male,0,Yes,No,32,Yes,Yes,DSL,Yes,No,No,No,No,Yes,Month-to-month,Yes,Electronic check,83.62,2661.14,1
3278-['O' 'Z' 'H' 'C' 'K'],Female,0,No,No,37,Yes,No,No,No,No,No,No,No,No,One year,Yes,Electronic check,31.71,1170.23,0
1924-['Z' 'R' 'O' 'J' 'Y'],Female,1,No,No,64,Yes,Yes,Fiber optic,Yes,Yes,No,Yes,Yes,No,One year,No,Electronic check,111.9,7169.13,0
5578-['O' 'Y' 'W' 'F' 'K'],Male,0,No,No,62,Yes,No,No,No,No,No,No,No,No,Two year,Yes,Mailed check,36.72,2280.27,0
2723-['K' 'S' 'W' 'C' 'M'],Male,0,Yes,No,37,Yes,Yes,Fiber optic,No,No,Yes,No,No,Yes,Month-to-month,Yes,Electronic check,100.39,3712.99,1
4898-['V' 'H' 'U' 'K' 'K'],Female,0,No,No,72,Yes,Yes,DSL,No,Yes,Yes,Yes,Yes,No,Two year,Yes,Bank transfer (automatic),96.45,6960.23,0
1677-['X' 'J' 'S' 'L' 'N'],Female,0,No,Yes,12,Yes,No,Fiber optic,No,Yes,No,Yes,Yes,Yes,Month-to-month,Yes,Credit card (automatic),104.7,1252.19,1
9986-['U' 'Y' 'Z' 'J' 'C'],Male,0,No,Yes,47,Yes,Yes,Fiber optic,Yes,No,No,No,Yes,No,One year,Yes,Bank transfer (automatic),98.82,4631.31,1
4866-['R' 'M' 'X' 'N' 'N'],Male,0,Yes,Yes,23,Yes,No,DSL,Yes,No,No,Yes,Yes,Yes,Two year,No,Credit card (automatic),90.3,2089.11,0
7315-['Y' 'D' 'P' 'S' 'J'],Female,0,Yes,No,35,Yes,No,DSL,Yes,Yes,No,No,No,Yes,One year,Yes,Credit card (automatic),80.47,2815.48,0
4951-['E' 'P' 'A' 'E' 'M'],Female,1,No,No,19,Yes,No,DSL,No,No,No,No,No,Yes,One year,Yes,Credit card (automatic),71.1,1349.86,0
8980-['C' 'Q' 'S' 'E' 'E'],Female,0,Yes,Yes,42,Yes,No,DSL,No,Yes,No,No,Yes,Yes,Month-to-month,No,Electronic check,86.96,3647.35,1
3222-['J' 'L' 'X' 'K' 'A'],Male,0,No,No,56,Yes,No,Fiber optic,No,Yes,Yes,No,Yes,No,Month-to-month,Yes,Bank transfer (automatic),96.15,5397.18,1
3883-['S' 'X' 'T' 'C' 'R'],Male,1,Yes,No,64,Yes,Yes,No,No,No,No,No,No,No,Month-to-month,No,Bank transfer (automatic),44.94,2898.98,1
1102-['V' 'Z' 'U' 'X' 'A'],Female,0,No,Yes,59,Yes,Yes,Fiber optic,No,No,Yes,Yes,No,Yes,One year,No,Bank transfer (automatic),107.9,6361.46,1
8537-['B' 'L' 'Q' 'U' 'U'],Male,0,No,No,42,No,No,No,No,No,No,No,No,No,Two year,Yes,Electronic check,20.29,867.79,1
5802-['L' 'Y' 'L' 'F' 'J'],Male,0,Yes,Yes,64,Yes,No,Fiber optic,No,Yes,No,Yes,No,No,Month-to-month,Yes,Mailed check,83.57,5351.43,0
5189-['V' 'Z' 'F' 'N' 'B'],Female,0,Yes,No,45,Yes,No,No,No,No,No,No,No,No,Month-to-month,Yes,Electronic check,33.23,1487.02,1
7254-['Z' 'Z' 'H' 'V' 'M'],Male,0,No,No,61,Yes,Yes,DSL,No,No,No,No,Yes,No,Month-to-month,No,Credit card (automatic),78.42,4795.28,0
2150-['S' 'J' 'I' 'R' 'G'],Male,1,Yes,No,69,No,No,Fiber optic,Yes,No,Yes,No,Yes,Yes,Month-to-month,Yes,Electronic check,90.57,6247.56,1
4915-['O' 'V' 'U' 'M' 'F'],Male,0,Yes,No,25,Yes,Yes,Fiber optic,No,Yes,No,No,Yes,No,Month-to-month,Yes,Credit card (automatic),103.51,2582.79,1
9935-['N' 'C' 'P' 'R' 'X'],Female,0,No,No,28,Yes,Yes,DSL,No,No,No,No,No,Yes,Two year,No,Electronic check,81.13,2263.02,0
3192-['P' 'U' 'X' 'B' 'T'],Female,1,No,No,40,Yes,No,DSL,No,No,No,Yes,Yes,No,One year,No,Electronic check,73.0,2939.84,0
9298-['G' 'Q' 'Y' 'S' 'F'],Male,0,Yes,No,14,Yes,No,Fiber optic,No,No,No,Yes,No,Yes,One year,No,Credit card (automatic),90.11,1263.6,0
3857-['U' 'D' 'Y' 'Y' 'A'],Male,0,Yes,No,18,No,No,Fiber optic,No,Yes,Yes,Yes,Yes,Yes,Month-to-month,Yes,Bank transfer (automatic),96.28,1723.16,1
8856-['X' 'E' 'V' 'W' 'J'],Male,1,No,Yes,72,Yes,No,No,No,No,No,No,No,No,One year,No,Electronic check,33.84,2439.74,0
9166-['M' 'G' 'O' 'Q' 'W'],Male,0,No,No,58,No,No,Fiber optic,No,No,Yes,No,Yes,No,One year,Yes,Electronic check,77.69,4505.56,0
2321-['E' 'X' 'G' 'G' 'V'],Female,0,Yes,No,27,Yes,Yes,DSL,No,No,No,Yes,No,No,Month-to-month,No,Electronic check,70.3,1909.47,1
9886-['N' 'W' 'O' 'E' 'E'],Male,0,No,No,14,Yes,No,DSL,No,Yes,Yes,No,No,Yes,Two year,Yes,Bank transfer (automatic),79.05,1097.26,0
4027-['U' 'Z' 'I' 'L' 'P'],Male,0,Yes,Yes,57,Yes,Yes,Fiber optic,No,No,No,No,Yes,Yes,Two year,No,Electronic check,105.89,6036.52,0
4285-['H' 'I' 'L' 'T' 'G'],Male,0,No,No,52,Yes,No,Fiber optic,Yes,Yes,No,No,Yes,Yes,Month-to-month,Yes,Mailed check,107.79,5594.56,1
5918-['C' 'A' 'G' 'I' 'B'],Male,0,No,No,41,Yes,Yes,Fiber optic,No,No,Yes,Yes,No,Yes,Two year,No,Credit card (automatic),105.33,4291.89,0
6375-['G' 'J' 'B' 'M' 'C'],Female,1,Yes,No,27,No,No,Fiber optic,Yes,No,No,No,Yes,Yes,Month-to-month,Yes,Bank transfer (automatic),84.22,2284.05,0
2964-['J' 'L' 'Z' 'C' 'T'],Male,0,No,No,72,Yes,No,Fiber optic,Yes,Yes,Yes,No,No,No,Month-to-month,No,Mailed check,93.47,6733.02,0
5037-['C' 'Y' 'B' 'W' 'V'],Female,0,No,No,18,Yes,No,No,No,No,No,No,No,No,One year,Yes,Bank transfer (automatic),33.33,615.95,0
8701-['J' 'T' 'Q' 'Q' 'S'],Female,0,No,Yes,70,Yes,Yes,Fiber optic,No,No,No,Yes,Yes,No,Two year,Yes,Bank transfer (automatic),97.52,6818.89,0
2047-['D' 'K' 'Q' 'X' 'J'],Male,0,Yes,No,1,Yes,No,Fiber optic,No,No,Yes,No,Yes,Yes,Month-to-month,No,Bank transfer (automatic),98.92,98.08,1
8221-['Q' 'L' 'J' 'J' 'F'],Female,0,No,No,17,Yes,Yes,DSL,No,No,No,No,No,No,One year,No,Bank transfer (automatic),70.71,1203.42,0
7992-['Z' 'Z' 'S' 'B' 'D'],Female,0,Yes,No,39,Yes,No,Fiber optic,No,No,No,Yes,Yes,No,Two year,No,Credit card (automatic),87.26,3383.23,0
5570-['U' 'D' 'F' 'N' 'G'],Female,0,No,No,52,Yes,Yes,Fiber optic,Yes,No,No,Yes,No,No,One year,No,Credit card (automatic),96.25,4996.77,0
6163-['B' 'R' 'X' 'M' 'M'],Male,1,No,Yes,7,Yes,No,Fiber optic,No,No,No,Yes,Yes,No,Month-to-month,Yes,Electronic check,87.74,616.19,1
4844-['G' 'L' 'Y' 'N' 'A'],Female,0,No,No,8,Yes,No,Fiber optic,No,Yes,Yes,No,No,No,One year,Yes,Bank transfer (automatic),87.63,709.04,1
9151-['J' 'Z' 'Y' 'I' 'J'],Female,0,Yes,No,20,No,No,No,No,No,No,No,No,No,One year,Yes,Credit card (automatic),19.38,398.15,0
2318-['P' 'L' 'L' 'Z' 'S'],Male,0,Yes,No,43,Yes,No,DSL,Yes,No,No,No,Yes,Yes,One year,Yes,Electronic check,82.59,3552.7,1
2324-['U' 'R' 'Z' 'C' 'Z'],Female,1,No,No,59,Yes,No,DSL,No,No,No,No,Yes,Yes,Month-to-month,No,Credit card (automatic),83.86,4949.54,1
9384-['C' 'U' 'N' 'D' 'S'],Male,1,Yes,No,70,Yes,No,Fiber optic,Yes,Yes,No,Yes,Yes,Yes,Month-to-month,No,Electronic check,111.61,7833.96,0
3437-['T' 'I' 'K' 'V' 'O'],Male,0,Yes,Yes,30,Yes,Yes,Fiber optic,Yes,Yes,No,Yes,Yes,Yes,Month-to-month,Yes,Bank transfer (automatic),118.75,3561.35,0
4400-['K' 'Z' 'J' 'B' 'V'],Male,0,No,No,12,Yes,No,Fiber optic,No,Yes,No,No,Yes,No,One year,Yes,Bank transfer (automatic),89.6,1078.26,1
2837-['D' 'B' 'E' 'N' 'O'],Male,0,Yes,No,44,Yes,Yes,Fiber optic,No,No,Yes,No,Yes,Yes,One year,No,Electronic check,110.16,4846.72,1
1658-['F' 'O' 'N' 'H' 'T'],Male,0,Yes,No,1,No,No,DSL,Yes,Yes,No,No,Yes,No,Two year,Yes,Mailed check,66.39,95.55,1
7859-['D' 'U' 'F' 'K' 'W'],Female,0,No,Yes,33,Yes,No,DSL,Yes,No,No,Yes,No,No,Month-to-month,Yes,Electronic check,67.87,2233.89,1
1245-['G' 'Y' 'D' 'Z' 'O'],Male,1,Yes,No,68,Yes,Yes,Fiber optic,No,Yes,Yes,No,Yes,Yes,One year,No,Electronic check,118.64,8075.7,1
9192-['I' 'W' 'T' 'Z' 'H'],Female,0,Yes,No,65,Yes,No,DSL,No,No,Yes,No,No,No,Month-to-month,No,Bank transfer (automatic),64.21,4163.14,0
4051-['G' 'R' 'A' 'I' 'G'],Female,0,No,No,61,Yes,Yes,No,No,No,No,No,No,No,Month-to-month,Yes,Electronic check,44.42,2718.34,0
9889-['A' 'M' 'T' 'O' 'E'],Male,0,No,No,46,Yes,Yes,No,No,No,No,No,No,No,One year,Yes,Mailed check,44.58,2065.07,0
3628-['N' 'N' 'N' 'E' 'K'],Female,0,No,No,1,Yes,Yes,Fiber optic,Yes,Yes,Yes,Yes,No,No,Month-to-month,No,Credit card (automatic),103.53,85.36,0
6023-['S' 'E' 'D' 'O' 'U'],Female,0,No,No,71,Yes,No,Fiber optic,Yes,Yes,Yes,Yes,Yes,Yes,Month-to-month,Yes,Electronic check,113.46,8048.53,0
1710-['E' 'O' 'N' 'X' 'X'],Male,0,Yes,No,36,Yes,Yes,No,No,No,No,No,No,No,One year,Yes,Electronic check,44.86,1614.58,1
3594-['E' 'L' 'T' 'N' 'E'],Male,0,Yes,No,62,Yes,Yes,Fiber optic,No,No,Yes,No,No,Yes,Month-to-month,Yes,Electronic check,97.98,6072.73,1
5143-['G' 'C' 'V' 'Y' 'D'],Male,1,No,No,55,Yes,Yes,DSL,No,No,Yes,No,No,No,Month-to-month,No,Electronic check,74.38,4088.04,1
4605-['F' 'C' 'A' 'C' 'X'],Female,0,No,Yes,45,Yes,No,DSL,No,Yes,Yes,No,Yes,No,Two year,No,Credit card (automatic),78.07,3527.94,0
7673-['I' 'C' 'R' 'P' 'U'],Female,0,No,No,62,No,No,DSL,Yes,Yes,Yes,Yes,Yes,No,Month-to-month,Yes,Credit card (automatic),75.1,4653.36,1
2024-['U' 'Z' 'T' 'P' 'L'],Female,0,No,No,7,Yes,Yes,No,No,No,No,No,No,No,One year,No,Electronic check,48.7,351.88,0
1507-['U' 'I' 'U' 'M' 'X'],Female,0,No,No,54,Yes,No,Fiber optic,Yes,No,Yes,No,No,Yes,Month-to-month,No,Credit card (automatic),94.13,5076.92,0
5223-['L' 'M' 'R' 'S' 'S'],Male,1,No,No,42,Yes,No,DSL,Yes,No,No,No,No,No,One year,Yes,Credit card (automatic),62.26,2596.62,1
3546-['F' 'P' 'G' 'G' 'W'],Female,1,No,No,22,Yes,No,Fiber optic,No,Yes,Yes,No,Yes,No,Two year,Yes,Bank transfer (automatic),94.0,2075.86,1
6723-['S' 'P' 'Q' 'V' 'S'],Female,0,No,Yes,15,Yes,Yes,No,No,No,No,No,No,No,Month-to-month,No,Mailed check,42.5,651.61,1
1540-['P' 'S' 'O' 'C' 'O'],Male,1,Yes,No,51,Yes,No,DSL,No,No,No,No,Yes,Yes,Month-to-month,Yes,Mailed check,81.73,4179.15,1
1344-['P' 'T' 'E' 'S' 'J'],Female,0,Yes,Yes,53,Yes,No,Fiber optic,No,No,No,Yes,Yes,No,Two year,Yes,Electronic check,89.75,4749.13,0
3480-['O' 'D' 'O' 'Q' 'K'],Male,0,No,No,36,Yes,No,DSL,No,No,Yes,No,No,Yes,One year,Yes,Mailed check,74.56,2684.56,0
7742-['O' 'T' 'U' 'Z' 'G'],Female,0,No,No,66,Yes,Yes,No,No,No,No,No,No,No,Month-to-month,No,Bank transfer (automatic),46.28,3035.0,0
6900-['V' 'M' 'T' 'T' 'B'],Male,1,No,Yes,17,No,No,DSL,Yes,No,Yes,No,No,Yes,One year,Yes,Bank transfer (automatic),66.99,1123.56,0
4849-['R' 'T' 'E' 'T' 'S'],Female,0,No,Yes,58,No,No,No,No,No,No,No,No,No,Month-to-month,No,Electronic check,18.91,1081.57,0
3465-['D' 'P' 'U' 'P' 'Q'],Male,0,No,Yes,0,Yes,Yes,No,No,No,No,No,No,No,Two year,No,Mailed check,43.52,0.0,0
8948-['A' 'V' 'E' 'T' 'A'],Female,0,No,No,18,Yes,No,Fiber optic,Yes,Yes,No,Yes,Yes,Yes,Month-to-month,Yes,Credit card (automatic),109.14,1963.07,1
9093-['W' 'O' 'D' 'S' 'P'],Female,0,No,Yes,12,Yes,No,No,No,No,No,No,No,No,Month-to-month,Yes,Credit card (automatic),30.98,366.27,0
3486-['R' 'Z' 'Q' 'K' 'T'],Male,1,Yes,No,32,Yes,Yes,Fiber optic,No,No,No,No,No,Yes,Two year,No,Electronic check,95.05,3055.91,1
6292-['X' 'V' 'I' 'Q' 'Q'],Male,0,No,No,21,No,No,DSL,No,No,Yes,No,No,No,Month-to-month,Yes,Mailed check,52.74,1111.68,0
5890-['E' 'V' 'H' 'C' 'F'],Male,0,Yes,Yes,26,Yes,No,Fiber optic,No,Yes,No,Yes,Yes,No,Month-to-month,No,Bank transfer (automatic),96.35,2516.35,1
4039-['H' 'L' 'D' 'B' 'Y'],Female,0,No,No,49,No,No,No,No,No,No,No,No,No,One year,Yes,Electronic check,19.22,950.11,1
9447-['M' 'X' 'O' 'V' 'S'],Male,0,No,No,71,Yes,No,Fiber optic,No,Yes,Yes,No,Yes,Yes,One year,Yes,Electronic check,103.28,7338.51,0
1689-['M' 'T' 'T' 'A' 'Y'],Male,0,No,Yes,52,Yes,Yes,DSL,No,Yes,No,No,Yes,Yes,Month-to-month,Yes,Bank transfer (automatic),95.65,4974.64,1
1825-['H' 'W' 'F' 'C' 'T'],Female,0,No,No,59,Yes,No,DSL,No,No,No,No,No,Yes,Two year,Yes,Bank transfer (automatic),68.32,4027.44,0
6647-['B' 'W' 'B' 'O' 'J'],Male,0,No,No,49,Yes,Yes,Fiber optic,Yes,No,Yes,No,Yes,Yes,One year,No,Electronic check,111.69,5454.37,0
1533-['T' 'O' 'X' 'A' 'Y'],Male,0,Yes,No,65,Yes,No,No,No,No,No,No,No,No,Month-to-month,Yes,Mailed check,32.43,2112.73,0
2237-['P' 'R' 'X' 'E' 'U'],Male,0,No,Yes,23,Yes,Yes,No,No,No,No,No,No,No,Month-to-month,No,Electronic check,44.92,1040.89,1
5836-['W' 'W' 'J' 'W' 'L'],Female,0,No,Yes,68,Yes,Yes,No,No,No,No,No,No,No,Month-to-month,No,Electronic check,44.06,2999.4,1
9841-['B' 'X' 'A' 'P' 'R'],Female,0,No,No,7,Yes,Yes,Fiber optic,Yes,Yes,No,Yes,No,No,Month-to-month,Yes,Electronic check,97.73,676.71,1
7298-['G' 'D' 'J' 'J' 'Y'],Female,0,Yes,Yes,19,Yes,Yes,Fiber optic,No,Yes,No,No,Yes,Yes,One year,No,Credit card (automatic),109.27,2075.29,1
6378-['N' 'M' 'S' 'Y' 'J'],Male,0,No,Yes,65,Yes,Yes,No,No,No,No,No,No,No,One year,No,Mailed check,44.68,2891.67,0
3267-['H' 'Q' 'F' 'G' 'N'],Female,0,Yes,No,69,Yes,No,No,No,No,No,No,No,No,Month-to-month,No,Electronic check,37.7,2596.91,0
4834-['H' 'L' 'R' 'N' 'A'],Female,0,No,No,58,Yes,No,Fiber optic,No,No,No,No,No,No,Two year,No,Electronic check,73.9,4285.67,0
4907-['Q' 'R' 'S' 'D' 'F'],Female,0,Yes,No,46,Yes,No,Fiber optic,Yes,No,Yes,Yes,Yes,Yes,Month-to-month,Yes,Electronic check,109.36,5009.07,1
7168-['O' 'T' 'A' 'E' 'P'],Male,0,No,No,35,Yes,No,No,No,No,No,No,No,No,Month-to-month,Yes,Mailed check,36.99,1277.37,1
8092-['Y' 'F' 'U' 'J' 'J'],Female,0,No,Yes,1,Yes,Yes,Fiber optic,No,No,No,Yes,No,Yes,One year,Yes,Mailed check,101.3,102.05,1
9260-['H' 'A' 'E' 'A' 'G'],Female,0,Yes,No,63,Yes,No,Fiber optic,Yes,No,No,Yes,Yes,Yes,One year,No,Mailed check,102.22,6432.02,1
9377-['X' 'N' 'W' 'I' 'H'],Female,0,No,No,37,Yes,Yes,DSL,No,Yes,No,No,Yes,No,Month-to-month,Yes,Bank transfer (automatic),82.89,3086.02,1
7719-['H' 'C' 'Z' 'T' 'D'],Female,1,No,Yes,25,Yes,No,No,No,No,No,No,No,No,Two year,Yes,Bank transfer (automatic),32.89,825.67,0
1560-['F' 'B' 'I' 'N' 'A'],Male,0,Yes,Yes,19,Yes,Yes,No,No,No,No,No,No,No,Month-to-month,No,Bank transfer (automatic),46.91,886.92,0
5953-['F' 'A' 'S' 'P' 'Z'],Female,1,No,No,3,Yes,No,Fiber optic,No,Yes,Yes,No,Yes,No,Month-to-month,No,Credit card (automatic),98.49,299.84,1
3588-['K' 'I' 'U' 'F' 'B'],Female,0,No,No,64,Yes,No,Fiber optic,No,Yes,Yes,Yes,No,No,Two year,Yes,Credit card (automatic),91.65,5874.83,0
5309-['P' 'H' 'H' 'N' 'A'],Female,0,No,No,13,Yes,No,No,No,No,No,No,No,No,One year,No,Electronic check,38.29,505.97,1
2249-['O' 'X' 'R' 'D' 'R'],Male,0,No,No,34,Yes,Yes,DSL,No,No,Yes,No,Yes,No,Month-to-month,Yes,Electronic check,84.59,2884.77,1
8702-['E' 'P' 'M' 'I' 'E'],Male,0,Yes,No,51,No,No,Fiber optic,Yes,No,No,No,Yes,Yes,Two year,Yes,Mailed check,86.1,4393.33,0
2466-['H' 'R' 'C' 'F' 'K'],Female,1,No,Yes,22,Yes,Yes,Fiber optic,No,Yes,Yes,Yes,No,Yes,Two year,Yes,Bank transfer (automatic),108.06,2365.67,0
2709-['Z' 'X' 'S' 'G' 'X'],Male,0,No,No,19,Yes,No,No,No,No,No,No,No,No,One year,No,Credit card (automatic),34.69,648.19,0
7025-['O' 'F' 'T' 'F' 'P'],Female,0,No,Yes,26,Yes,No,Fiber optic,Yes,No,No,No,No,Yes,Two year,Yes,Mailed check,90.33,2339.63,1
2713-['E' 'P' 'G' 'S' 'E'],Male,1,Yes,No,40,Yes,No,Fiber optic,Yes,Yes,No,No,No,No,One year,Yes,Electronic check,85.38,3430.44,1
1595-['K' 'W' 'R' 'G' 'R'],Male,0,No,Yes,35,Yes,Yes,DSL,Yes,Yes,No,No,No,No,Two year,Yes,Mailed check,83.15,2898.03,0
3626-['E' 'W' 'M' 'P' 'V'],Female,0,No,No,3,Yes,No,Fiber optic,No,No,Yes,No,No,Yes,Month-to-month,No,Electronic check,90.83,267.37,1
8179-['G' 'V' 'M' 'A' 'O'],Male,0,Yes,No,25,Yes,No,DSL,No,No,No,No,Yes,No,Two year,No,Electronic check,69.14,1724.67,0
2643-['Q' 'W' 'T' 'E' 'Q'],Male,0,Yes,No,39,Yes,Yes,DSL,No,Yes,No,Yes,Yes,Yes,Month-to-month,Yes,Mailed check,99.99,3896.57,0
4411-['S' 'A' 'D' 'C' 'H'],Female,0,No,No,65,Yes,No,DSL,Yes,Yes,No,Yes,No,Yes,Month-to-month,No,Electronic check,84.57,5507.41,1
3440-['A' 'W' 'K' 'G' 'V'],Female,0,No,No,72,Yes,No,DSL,No,Yes,No,No,Yes,Yes,Month-to-month,No,Electronic check,85.76,6176.49,1
9796-['Y' 'N' 'C' 'K' 'Q'],Male,0,Yes,Yes,2,Yes,No,Fiber optic,Yes,Yes,Yes,No,No,No,Month-to-month,Yes,Bank transfer (automatic),92.41,181.83,1
3078-['R' 'S' 'R' 'F' 'O'],Male,0,No,No,63,Yes,Yes,Fiber optic,Yes,Yes,Yes,No,No,Yes,One year,Yes,Electronic check,109.07,6877.0,1
4300-['E' 'G' 'V' 'L' 'H'],Male,0,No,Yes,28,Yes,Yes,DSL,Yes,No,No,No,No,Yes,Month-to-month,Yes,Bank transfer (automatic),87.62,2440.82,1
9475-['R' 'Q' 'W' 'K' 'O'],Male,0,Yes,Yes,53,No,No,No,No,No,No,No,No,No,Month-to-month,No,Bank transfer (automatic),21.04,1110.31,0
6363-['Y' 'F' 'L' 'W' 'G'],Female,0,No,Yes,6,Yes,No,No,No,No,No,No,No,No,Month-to-month,Yes,Bank transfer (automatic),37.07,221.41,0
2639-['D' 'C' 'C' 'J' 'X'],Male,0,No,No,24,Yes,Yes,No,No,No,No,No,No,No,Month-to-month,Yes,Electronic check,43.39,1065.1,0
5955-['O' 'M' 'S' 'H' 'R'],Female,0,No,No,23,Yes,Yes,Fiber optic,No,Yes,No,Yes,Yes,Yes,Month-to-month,No,Electronic check,114.75,2636.03,1
4796-['G' 'E' 'Y' 'S' 'Y'],Female,0,Yes,No,42,No,No,Fiber optic,No,No,Yes,Yes,No,No,One year,No,Electronic check,67.92,2835.27,1
5306-['D' 'V' 'Z' 'X' 'G'],Female,0,Yes,No,5,Yes,Yes,Fiber optic,Yes,No,No,No,Yes,No,Month-to-month,Yes,Mailed check,101.85,503.83,1
1951-['V' 'F' 'N' 'V' 'S'],Male,0,No,No,14,Yes,No,Fiber optic,Yes,No,Yes,Yes,Yes,No,Month-to-month,No,Electronic check,101.6,1428.33,1
4805-['Z' 'T' 'K' 'V' 'G'],Male,0,No,No,39,Yes,Yes,DSL,No,Yes,No,No,No,Yes,One year,Yes,Credit card (automatic),85.08,3296.19,0
7594-['T' 'V' 'Q' 'K' 'O'],Female,0,Yes,Yes,60,Yes,Yes,Fiber optic,No,Yes,Yes,No,Yes,No,Month-to-month,Yes,Bank transfer (automatic),105.57,6348.45,1
6755-['L' 'M' 'Z' 'K' 'K'],Female,0,No,No,20,Yes,Yes,DSL,No,Yes,No,No,No,Yes,Two year,Yes,Electronic check,86.33,1731.0,0
5473-['I' 'K' 'Y' 'D' 'B'],Female,0,No,No,57,Yes,No,Fiber optic,No,No,No,No,Yes,No,Month-to-month,No,Bank transfer (automatic),87.34,4967.67,1
9764-['D' 'N' 'E' 'Q' 'L'],Female,0,No,Yes,31,Yes,No,Fiber optic,No,No,No,Yes,Yes,Yes,Month-to-month,No,Credit card (automatic),100.52,3114.32,1
3233-['F' 'L' 'O' 'W' 'S'],Female,0,No,No,11,Yes,Yes,DSL,No,No,No,No,No,Yes,Month-to-month,No,Electronic check,81.94,891.48,1
5041-['B' 'L' 'L' 'Z' 'G'],Male,0,Yes,Yes,8,Yes,No,No,No,No,No,No,No,No,Month-to-month,No,Electronic check,36.31,308.31,1
6535-['A' 'R' 'C' 'T' 'E'],Male,0,No,No,19,Yes,No,DSL,Yes,No,No,No,Yes,Yes,Two year,No,Electronic check,85.12,1606.65,1
1991-['T' 'O' 'J' 'S' 'A'],Male,0,No,No,14,Yes,No,No,No,No,No,No,No,No,Two year,Yes,Electronic check,34.16,490.86,1
9894-['G' 'Z' 'V' 'R' 'B'],Male,0,Yes,No,7,Yes,Yes,Fiber optic,No,Yes,No,Yes,Yes,Yes,Month-to-month,Yes,Bank transfer (automatic),112.2,789.42,1
9754-['X' 'X' 'J' 'O' 'J'],Female,0,Yes,Yes,20,Yes,No,Fiber optic,No,Yes,No,No,Yes,No,Month-to-month,Yes,Credit card (automatic),89.38,1781.36,1
1793-['J' 'L' 'H' 'W' 'N'],Female,0,Yes,No,44,Yes,No,DSL,Yes,No,Yes,No,No,No,Two year,Yes,Credit card (automatic),72.14,3193.58,0
2569-['Q' 'F' 'H' 'A' 'C'],Male,0,No,Yes,39,Yes,Yes,Fiber optic,No,Yes,Yes,No,Yes,Yes,Two year,Yes,Credit card (automatic),111.82,4375.23,0
5176-['Z' 'Y' 'G' 'N' 'X'],Female,0,No,Yes,5,Yes,Yes,Fiber optic,No,Yes,No,No,No,No,One year,No,Credit card (automatic),90.38,462.54,1
8906-['Z' 'R' 'V' 'E' 'T'],Female,0,No,No,10,Yes,Yes,No,No,No,No,No,No,No,Two year,Yes,Bank transfer (automatic),42.68,418.71,1
1814-['F' 'C' 'R' 'Y' 'X'],Female,0,Yes,No,63,Yes,Yes,No,No,No,No,No,No,No,Month-to-month,Yes,Electronic check,45.99,2897.32,1
9989-['T' 'V' 'C' 'H' 'S'],Male,0,No,Yes,41,Yes,No,DSL,No,No,No,Yes,Yes,No,One year,Yes,Bank transfer (automatic),75.48,3097.88,0
6041-['O' 'W' 'N' 'P' 'C'],Male,0,No,Yes,58,No,No,Fiber optic,Yes,Yes,No,Yes,No,Yes,Month-to-month,No,Bank transfer (automatic),82.73,4805.33,0
4406-['S' 'H' 'B' 'Y' 'Q'],Male,0,No,No,7,No,No,Fiber optic,No,No,Yes,No,Yes,No,Month-to-month,No,Electronic check,72.07,517.69,1
1554-['R' 'M' 'N' 'L' 'O'],Male,0,Yes,No,71,Yes,Yes,Fiber optic,No,Yes,Yes,No,No,Yes,One year,Yes,Credit card (automatic),106.85,7605.02,0
2366-['U' 'H' 'B' 'H' 'W'],Male,0,Yes,No,54,Yes,Yes,DSL,Yes,Yes,Yes,Yes,No,Yes,Month-to-month,No,Bank transfer (automatic),101.29,5466.85,0
8419-['E' 'B' 'J' 'W' 'J'],Male,0,Yes,Yes,38,Yes,Yes,No,No,No,No,No,No,No,Month-to-month,No,Mailed check,43.01,1628.17,0
4271-['F' 'Y' 'O' 'R' 'U'],Female,0,Yes,No,50,No,No,No,No,No,No,No,No,No,Month-to-month,Yes,Mailed check,21.6,1098.94,0
4334-['W' 'T' 'Q' 'S' 'B'],Male,0,Yes,No,54,Yes,No,Fiber optic,No,No,No,No,No,Yes,One year,Yes,Bank transfer (automatic),87.51,4731.43,0
9892-['L' 'S' 'E' 'L' 'Q'],Female,0,No,No,2,No,No,No,No,No,No,No,No,No,One year,Yes,Mailed check,19.34,35.47,0
1801-['D' 'F' 'I' 'Z' 'V'],Male,1,Yes,Yes,42,Yes,No,DSL,No,No,Yes,No,Yes,Yes,One year,Yes,Bank transfer (automatic),84.16,3534.38,1
4337-['K' 'B' 'X' 'U' 'Y'],Male,0,No,No,44,Yes,No,DSL,No,Yes,No,No,No,Yes,Month-to-month,No,Electronic check,73.02,3222.74,1
6982-['Z' 'I' 'T' 'Q' 'I'],Female,0,Yes,No,15,Yes,Yes,Fiber optic,No,Yes,No,No,Yes,No,Two year,No,Electronic check,99.67,1488.42,1
5856-['H' 'E' 'E' 'Z' 'F'],Male,0,No,Yes,4,Yes,No,Fiber optic,No,No,Yes,No,No,No,Month-to-month,Yes,Electronic check,82.2,309.27,1
1079-['A' 'I' 'U' 'G' 'K'],Female,0,No,Yes,39,Yes,Yes,DSL,No,Yes,No,Yes,No,Yes,Two year,Yes,Electronic check,91.49,3562.95,0
1959-['O' 'X' 'E' 'S' 'F'],Male,0,Yes,No,66,No,No,DSL,No,Yes,Yes,No,No,Yes,Two year,Yes,Electronic check,65.17,4286.85,0
3168-['N' 'K' 'D' 'J' 'B'],Female,1,Yes,No,44,Yes,Yes,No,No,No,No,No,No,No,One year,No,Bank transfer (automatic),45.57,1991.06,0
3040-['D' 'T' 'J' 'A' 'N'],Male,0,Yes,No,2,Yes,Yes,Fiber optic,No,No,No,No,No,Yes,Month-to-month,Yes,Electronic check,96.3,205.99,1
6649-['L' 'S' 'W' 'L' 'Y'],Female,0,No,No,30,Yes,No,No,No,No,No,No,No,No,Month-to-month,Yes,Electronic check,31.24,937.16,1
8483-['E' 'D' 'M' 'R' 'L'],Male,1,No,No,23,Yes,No,Fiber optic,Yes,No,No,No,No,No,Month-to-month,Yes,Electronic check,80.5,1857.34,1
2263-['W' 'F' 'G' 'X' 'I'],Female,1,No,No,28,Yes,No,No,No,No,No,No,No,No,Month-to-month,Yes,Bank transfer (automatic),33.81,948.06,1
3340-['U' 'D' 'K' 'S' 'G'],Male,1,Yes,No,54,No,No,No,No,No,No,No,No,No,Month-to-month,No,Mailed check,21.23,1150.11,0
6334-['R' 'Y' 'Y' 'I' 'M'],Male,0,No,No,32,Yes,Yes,DSL,Yes,Yes,No,No,No,Yes,Month-to-month,Yes,Credit card (automatic),89.19,2848.79,1
4345-['Z' 'U' 'U' 'V' 'X'],Male,0,No,Yes,50,Yes,Yes,Fiber optic,No,No,No,No,No,Yes,One year,Yes,Electronic check,95.48,4765.95,1
3448-['J' 'I' 'T' 'H' 'O'],Male,1,Yes,No,29,No,No,DSL,No,No,No,No,Yes,No,Month-to-month,Yes,Credit card (automatic),55.39,1604.84,1
1844-['U' 'Q' 'I' 'X' 'U'],Male,1,Yes,No,60,Yes,No,DSL,No,Yes,Yes,No,No,No,One year,Yes,Bank transfer (automatic),70.2,4217.89,1
4530-['D' 'X' 'Y' 'G' 'T'],Male,0,Yes,No,59,No,No,No,No,No,No,No,No,No,Month-to-month,No,Electronic check,18.81,1119.33,0
2781-['C' 'J' 'C' 'A' 'N'],Female,0,No,No,34,Yes,No,No,No,No,No,No,No,No,Month-to-month,Yes,Bank transfer (automatic),33.4,1124.36,0
9748-['E' 'H' 'L' 'F' 'X'],Female,0,No,No,6,Yes,No,DSL,No,No,No,Yes,Yes,No,Two year,Yes,Mailed check,74.25,450.06,0
6366-['B' 'X' 'D' 'E' 'K'],Female,0,Yes,No,5,Yes,No,DSL,No,No,No,No,Yes,Yes,One year,Yes,Mailed check,80.21,389.96,1
3828-['H' 'U' 'E' 'F' 'O'],Female,0,Yes,No,14,Yes,Yes,Fiber optic,No,No,No,Yes,No,No,One year,No,Electronic check,88.91,1237.57,1
3038-['Y' 'P' 'K' 'G' 'F'],Female,0,Yes,No,65,Yes,No,DSL,No,No,No,Yes,Yes,Yes,Two year,No,Electronic check,86.65,5644.11,0
5761-['D' 'N' 'K' 'Z' 'L'],Female,0,Yes,Yes,16,Yes,Yes,DSL,No,No,No,No,Yes,Yes,Month-to-month,No,Mailed check,91.44,1464.17,1
1641-['K' 'M' 'K' 'I' 'Z'],Male,0,No,No,18,No,No,No,No,No,No,No,No,No,Month-to-month,Yes,Mailed check,19.87,372.12,1
8796-['P' 'E' 'L' 'C' 'P'],Male,0,Yes,No,13,Yes,Yes,Fiber optic,Yes,No,No,Yes,Yes,No,Month-to-month,No,Bank transfer (automatic),106.28,1380.74,1
5690-['Q' 'K' 'U' 'S' 'R'],Male,0,Yes,No,48,Yes,No,Fiber optic,No,No,No,No,No,Yes,Month-to-month,Yes,Mailed check,82.72,3978.58,1
1831-['I' 'M' 'Z' 'F' 'C'],Female,1,No,No,50,Yes,No,DSL,No,No,No,No,No,Yes,Month-to-month,Yes,Bank transfer (automatic),71.17,3556.81,1
3006-['L' 'I' 'I' 'O' 'A'],Male,0,Yes,Yes,33,Yes,Yes,Fiber optic,No,Yes,No,No,No,Yes,Two year,Yes,Electronic check,99.6,3269.91,0
6694-['R' 'O' 'H' 'K' 'Q'],Female,0,Yes,No,20,Yes,No,Fiber optic,No,No,Yes,Yes,No,Yes,Month-to-month,No,Electronic check,93.17,1877.64,1
1410-['N' 'S' 'W' 'X' 'E'],Female,0,No,No,47,Yes,No,DSL,No,Yes,Yes,No,No,No,Month-to-month,Yes,Electronic check,67.69,3164.61,1
6217-['O' 'S' 'Y' 'P' 'M'],Female,0,No,Yes,66,Yes,No,No,No,No,No,No,No,No,Month-to-month,Yes,Electronic check,35.02,2296.92,1
3492-['Z' 'G' 'Q' 'S' 'Y'],Male,1,No,Yes,57,Yes,Yes,Fiber optic,Yes,Yes,No,No,No,Yes,Month-to-month,No,Mailed check,102.32,5836.95,0
1043-['M' 'M' 'N' 'O' 'B'],Male,0,No,No,20,Yes,Yes,Fiber optic,No,Yes,No,No,Yes,Yes,Two year,Yes,Mailed check,111.15,2231.71,0
6384-['O' 'T' 'P' 'Z' 'B'],Female,0,Yes,No,26,No,No,Fiber optic,Yes,Yes,No,No,Yes,No,One year,Yes,Mailed check,77.72,2017.47,0
6506-['W' 'T' 'W' 'U' 'H'],Male,0,Yes,No,70,Yes,Yes,DSL,Yes,No,Yes,No,Yes,No,One year,Yes,Electronic check,89.76,6279.44,0
4284-['G' 'K' 'V' 'M' 'H'],Male,0,No,Yes,28,Yes,Yes,No,No,No,No,No,No,No,Month-to-month,No,Electronic check,45.58,1269.44,1
1616-['P' 'E' 'W' 'N' 'A'],Female,1,Yes,No,8,Yes,Yes,No,No,No,No,No,No,No,Month-to-month,Yes,Electronic check,47.2,374.9,1
5887-['S' 'Q' 'V' 'N' 'M'],Male,0,No,No,43,No,No,Fiber optic,Yes,Yes,Yes,No,Yes,No,Two year,Yes,Bank transfer (automatic),85.59,3680.01,0
5999-['C' 'A' 'S' 'O' 'U'],Male,0,Yes,No,27,Yes,No,Fiber optic,No,No,Yes,Yes,No,No,One year,No,Bank transfer (automatic),87.68,2376.82,1
3207-['H' 'I' 'M' 'L' 'I'],Female,0,No,No,37,Yes,Yes,Fiber optic,No,No,Yes,Yes,No,No,One year,Yes,Electronic check,97.36,3604.24,1
6471-['T' 'X' 'K' 'E' 'S'],Female,1,No,No,14,Yes,Yes,No,No,No,No,No,No,No,Month-to-month,Yes,Electronic check,45.22,636.4,0
5380-['U' 'I' 'G' 'F' 'W'],Male,0,Yes,Yes,14,Yes,Yes,Fiber optic,No,No,Yes,Yes,Yes,Yes,One year,Yes,Mailed check,117.39,1651.06,0
5612-['A' 'O' 'Y' 'E' 'T'],Male,0,Yes,No,29,Yes,No,Fiber optic,No,Yes,Yes,No,Yes,No,One year,Yes,Bank transfer (automatic),95.67,2757.1,0
6233-['D' 'X' 'U' 'W' 'B'],Male,0,No,No,31,Yes,Yes,Fiber optic,Yes,No,Yes,Yes,No,No,One year,No,Mailed check,99.85,3093.87,1
9487-['E' 'D' 'Y' 'V' 'N'],Female,1,No,Yes,39,Yes,No,No,No,No,No,No,No,No,One year,Yes,Mailed check,36.83,1420.16,0
2987-['H' 'C' 'N' 'Z' 'R'],Female,0,No,No,1,Yes,Yes,Fiber optic,No,Yes,No,Yes,No,No,One year,Yes,Credit card (automatic),94.4,95.41,1
2547-['O' 'T' 'T' 'Z' 'I'],Female,0,Yes,No,21,Yes,No,DSL,No,Yes,Yes,Yes,Yes,Yes,Two year,Yes,Mailed check,93.71,1964.58,0
1513-['A' 'O' 'W' 'O' 'H'],Male,0,No,No,25,Yes,No,No,No,No,No,No,No,No,One year,Yes,Electronic check,31.16,768.76,1
4938-['B' 'D' 'R' 'L' 'R'],Male,0,Yes,No,39,Yes,No,Fiber optic,Yes,No,No,No,Yes,No,One year,Yes,Bank transfer (automatic),89.37,3468.47,1
8444-['J' 'U' 'H' 'Y' 'R'],Female,0,Yes,Yes,7,Yes,No,DSL,No,Yes,No,No,No,Yes,Month-to-month,Yes,Mailed check,76.35,531.5,1
1976-['S' 'F' 'N' 'E' 'H'],Female,0,Yes,No,35,Yes,No,Fiber optic,No,No,No,No,Yes,Yes,Month-to-month,Yes,Mailed check,90.64,3174.38,1
1871-['R' 'I' 'N' 'N' 'T'],Female,0,Yes,Yes,25,Yes,Yes,DSL,Yes,No,No,Yes,No,No,Month-to-month,Yes,Credit card (automatic),79.78,2004.76,0
5461-['Q' 'B' 'N' 'V' 'U'],Male,0,No,No,6,Yes,No,Fiber optic,Yes,No,No,No,Yes,Yes,One year,Yes,Bank transfer (automatic),97.47,596.48,1
9351-['L' 'W' 'Y' 'P' 'V'],Male,0,Yes,Yes,0,Yes,Yes,Fiber optic,No,No,Yes,Yes,No,Yes,Two year,Yes,Mailed check,105.12,0.0,0
7565-['R' 'G' 'B' 'M' 'W'],Male,0,Yes,No,31,Yes,No,DSL,No,No,Yes,No,No,Yes,Month-to-month,Yes,Mailed check,74.13,2299.73,0
3311-['L' 'A' 'I' 'H' 'I'],Male,0,No,Yes,8,Yes,No,DSL,Yes,No,Yes,No,No,Yes,Month-to-month,No,Mailed check,76.22,617.27,0
4588-['M' 'N' 'D' 'Q' 'I'],Female,0,Yes,Yes,58,Yes,Yes,Fiber optic,Yes,Yes,No,No,No,No,Month-to-month,Yes,Credit card (automatic),96.62,5603.42,1
2459-['O' 'T' 'D' 'B' 'M'],Male,0,No,No,43,Yes,Yes,No,No,No,No,No,No,No,Two year,No,Mailed check,44.55,1915.08,0
9963-['R' 'X' 'P' 'W' 'J'],Male,0,Yes,Yes,64,Yes,Yes,Fiber optic,No,No,No,No,Yes,No,Month-to-month,Yes,Credit card (automatic),94.64,6067.21,0
4585-['R' 'A' 'M' 'F' 'V'],Female,0,No,No,20,No,No,DSL,No,No,No,Yes,No,Yes,Two year,No,Electronic check,57.68,1158.47,0
7842-['Q' 'V' 'K' 'F' 'T'],Female,0,Yes,Yes,19,Yes,Yes,No,No,No,No,No,No,No,Month-to-month,Yes,Bank transfer (automatic),39.8,767.83,1
3818-['N' 'Y' 'F' 'Q' 'C'],Female,0,Yes,Yes,48,No,No,DSL,No,Yes,Yes,No,No,Yes,Month-to-month,No,Bank transfer (automatic),68.36,3270.77,1
5590-['C' 'W' 'H' 'G' 'R'],Male,1,No,No,32,Yes,No,No,No,No,No,No,No,No,One year,Yes,Credit card (automatic),33.19,1060.65,1
9201-['Z' 'W' 'J' 'S' 'W'],Female,0,No,No,17,Yes,Yes,DSL,Yes,Yes,No,No,No,No,Month-to-month,No,Electronic check,79.03,1354.06,0
5000-['B' 'Z' 'A' 'I' 'O'],Male,1,No,No,40,Yes,Yes,No,No,No,No,No,No,No,Month-to-month,Yes,Mailed check,45.85,1832.29,1
2809-['R' 'V' 'G' 'N' 'R'],Female,0,Yes,No,16,Yes,Yes,Fiber optic,No,No,Yes,No,Yes,Yes,Month-to-month,Yes,Mailed check,109.48,1748.45,1
3931-['S' 'E' 'I' 'R' 'M'],Male,0,Yes,No,12,Yes,Yes,Fiber optic,No,No,No,No,No,Yes,Two year,Yes,Credit card (automatic),96.93,1176.27,1
8748-['X' 'V' 'T' 'O' 'Z'],Male,0,No,No,42,Yes,Yes,DSL,Yes,No,No,Yes,Yes,Yes,Month-to-month,Yes,Electronic check,97.41,4104.18,1
6202-['T' 'K' 'I' 'U' 'V'],Female,0,Yes,No,72,Yes,No,No,No,No,No,No,No,No,Two year,Yes,Mailed check,34.51,2484.76,0
5443-['P' 'K' 'B' 'Y' 'H'],Female,0,Yes,No,64,Yes,Yes,Fiber optic,No,No,Yes,Yes,Yes,No,Month-to-month,Yes,Credit card (automatic),104.18,6670.33,0
4958-['Y' 'U' 'E' 'K' 'K'],Male,0,No,No,22,No,No,DSL,Yes,No,No,No,Yes,Yes,Month-to-month,No,Electronic check,69.72,1544.03,1
3184-['K' 'E' 'I' 'A' 'Z'],Female,0,No,Yes,39,No,No,DSL,No,No,No,No,Yes,No,Two year,Yes,Electronic check,57.15,2230.74,0
6321-['H' 'S' 'P' 'M' 'X'],Male,0,No,No,33,Yes,Yes,Fiber optic,No,No,Yes,No,Yes,No,Month-to-month,Yes,Mailed check,101.99,3372.59,1
3024-['D' 'N' 'G' 'L' 'X'],Female,0,No,No,35,Yes,No,DSL,Yes,Yes,Yes,No,Yes,Yes,Month-to-month,Yes,Mailed check,90.57,3164.3,1
8018-['V' 'O' 'G' 'T' 'Z'],Male,0,Yes,No,49,Yes,No,DSL,No,Yes,No,No,Yes,Yes,Month-to-month,Yes,Mailed check,84.45,4126.77,1
8216-['E' 'H' 'J' 'F' 'U'],Male,0,Yes,Yes,29,Yes,Yes,Fiber optic,No,Yes,No,No,Yes,Yes,One year,Yes,Mailed check,110.46,3216.58,1
4873-['Z' 'E' 'J' 'C' 'M'],Female,0,No,No,39,No,No,DSL,No,Yes,No,Yes,No,No,Month-to-month,Yes,Mailed check,52.63,2045.77,1
1431-['O' 'B' 'C' 'T' 'R'],Male,0,Yes,Yes,11,Yes,No,Fiber optic,No,Yes,Yes,No,Yes,Yes,Two year,Yes,Credit card (automatic),102.41,1145.08,1
2085-['T' 'T' 'O' 'V' 'E'],Male,0,No,No,0,Yes,No,Fiber optic,Yes,No,No,No,No,No,Month-to-month,No,Mailed check,81.78,0.0,1
6398-['K' 'W' 'C' 'I' 'G'],Male,0,Yes,Yes,15,Yes,Yes,DSL,No,Yes,No,Yes,Yes,Yes,Two year,No,Electronic check,98.2,1470.53,0
1799-['B' 'O' 'L' 'P' 'Z'],Male,0,No,No,49,Yes,Yes,Fiber optic,Yes,No,No,Yes,Yes,Yes,Two year,Yes,Credit card (automatic),114.06,5577.93,0
6263-['S' 'C' 'V' 'T' 'D'],Female,1,No,No,42,Yes,Yes,Fiber optic,No,No,No,Yes,Yes,Yes,Month-to-month,Yes,Credit card (automatic),109.14,4584.73,1
5640-['V' 'H' 'X' 'O' 'X'],Male,0,No,No,59,Yes,No,Fiber optic,Yes,No,No,No,No,Yes,One year,No,Electronic check,91.19,5373.35,0
6172-['Z' 'V' 'E' 'T' 'L'],Male,0,No,Yes,4,Yes,No,No,No,No,No,No,No,No,Month-to-month,Yes,Electronic check,34.01,158.23,1
9275-['D' 'V' 'O' 'F' 'E'],Female,0,No,No,20,Yes,No,Fiber optic,Yes,Yes,Yes,No,Yes,Yes,Two year,No,Electronic check,107.8,2148.85,0
4853-['K' 'I' 'X' 'J' 'F'],Female,0,No,Yes,64,Yes,No,Fiber optic,Yes,Yes,No,Yes,No,No,Month-to-month,No,Bank transfer (automatic),88.79,5676.2,1
4498-['I' 'E' 'J' 'T' 'N'],Male,0,Yes,No,20,No,No,DSL,No,No,No,No,Yes,No,Month-to-month,Yes,Credit card (automatic),57.09,1130.63,0
5191-['W' 'U' 'J' 'V' 'K'],Male,0,Yes,No,70,Yes,Yes,No,No,No,No,No,No,No,Month-to-month,Yes,Electronic check,45.23,3169.67,1
6135-['G' 'R' 'Y' 'G' 'X'],Male,0,No,Yes,64,Yes,No,Fiber optic,No,Yes,No,No,No,Yes,Month-to-month,Yes,Credit card (automatic),90.46,5795.14,1
9061-['U' 'O' 'S' 'R' 'O'],Female,0,Yes,No,22,Yes,Yes,DSL,No,Yes,Yes,No,No,Yes,Month-to-month,Yes,Electronic check,87.88,1955.79,1
9785-['C' 'A' 'A' 'G' 'J'],Male,0,No,No,59,Yes,No,Fiber optic,Yes,No,No,No,Yes,No,Two year,No,Credit card (automatic),90.9,5381.47,0
7714-['H' 'V' 'W' 'Q' 'N'],Male,0,No,No,1,Yes,No,No,No,No,No,No,No,No,Month-to-month,No,Mailed check,37.8,33.03,0
3136-['U' 'W' 'F' 'T' 'Q'],Female,0,Yes,No,33,Yes,No,Fiber optic,Yes,No,No,Yes,Yes,Yes,Month-to-month,Yes,Electronic check,104.41,3433.43,1
1083-['Z' 'Z' 'H' 'M' 'P'],Male,0,Yes,Yes,56,Yes,Yes,DSL,No,No,No,No,Yes,Yes,Month-to-month,Yes,Credit card (automatic),91.96,5155.51,0
9890-['Q' 'R' 'H' 'R' 'K'],Female,0,Yes,Yes,15,Yes,No,DSL,No,No,No,Yes,Yes,Yes,Month-to-month,No,Bank transfer (automatic),86.45,1305.53,1
7572-['L' 'O' 'Z' 'Y' 'C'],Male,0,Yes,No,47,Yes,Yes,Fiber optic,No,No,No,No,No,Yes,Month-to-month,Yes,Credit card (automatic),91.14,4302.47,1
2890-['I' 'K' 'H' 'D' 'V'],Female,0,Yes,No,24,No,No,Fiber optic,No,No,No,Yes,Yes,No,One year,Yes,Electronic check,75.05,1810.02,1
4063-['T' 'O' 'E' 'G' 'H'],Male,0,Yes,No,67,Yes,Yes,Fiber optic,No,No,Yes,No,No,Yes,One year,No,Electronic check,99.34,6660.06,1
3694-['H' 'D' 'A' 'V' 'E'],Male,0,No,Yes,31,No,No,No,No,No,No,No,No,No,Month-to-month,Yes,Credit card (automatic),21.51,651.2,0
9223-['K' 'D' 'B' 'Q' 'Y'],Female,0,No,No,44,Yes,No,DSL,Yes,No,Yes,No,Yes,No,One year,Yes,Credit card (automatic),79.02,3498.83,0
5191-['B' 'I' 'F' 'F' 'R'],Female,1,No,No,39,No,No,DSL,No,No,No,No,No,No,Two year,No,Bank transfer (automatic),45.73,1766.78,0
1789-['C' 'O' 'G' 'M' 'J'],Male,0,Yes,No,12,Yes,No,DSL,Yes,No,No,No,No,No,Month-to-month,Yes,Mailed check,61.83,747.32,1
7671-['I' 'U' 'J' 'S' 'Q'],Female,0,Yes,No,4,Yes,No,Fiber optic,No,Yes,No,No,No,Yes,Month-to-month,Yes,Bank transfer (automatic),84.85,335.35,1
6155-['O' 'Z' 'J' 'T' 'I'],Female,0,Yes,Yes,16,Yes,No,DSL,No,Yes,Yes,No,No,Yes,One year,Yes,Electronic check,77.88,1256.7,1
6735-['T' 'F' 'W' 'J' 'X'],Female,0,No,No,70,Yes,No,Fiber optic,No,Yes,No,No,No,No,One year,Yes,Electronic check,78.12,5462.16,1
8940-['N' 'Q' 'K' 'D' 'W'],Male,0,No,No,9,Yes,No,No,No,No,No,No,No,No,Month-to-month,Yes,Mailed check,37.59,336.17,0
2172-['V' 'A' 'R' 'G' 'V'],Male,0,No,No,58,Yes,No,No,No,No,No,No,No,No,Month-to-month,No,Credit card (automatic),34.45,2017.87,0
3917-['F' 'N' 'W' 'Z' 'L'],Female,0,Yes,Yes,34,Yes,Yes,DSL,No,No,Yes,Yes,No,Yes,Month-to-month,Yes,Mailed check,92.68,3153.9,0
2960-['I' 'B' 'R' 'E' 'Z'],Female,1,Yes,Yes,22,Yes,No,No,No,No,No,No,No,No,Two year,No,Electronic check,34.67,771.5,0
3390-['L' 'N' 'M' 'C' 'O'],Female,0,Yes,No,55,Yes,Yes,No,No,No,No,No,No,No,One year,No,Electronic check,46.83,2566.61,0
5942-['C' 'T' 'S' 'O' 'S'],Male,0,Yes,Yes,15,Yes,No,No,No,No,No,No,No,No,Month-to-month,Yes,Bank transfer (automatic),34.67,522.31,0
6142-['M' 'W' 'J' 'B' 'K'],Female,0,No,No,51,Yes,No,No,No,No,No,No,No,No,One year,Yes,Bank transfer (automatic),35.05,1788.06,0
2432-['V' 'S' 'I' 'I' 'F'],Female,0,No,No,26,Yes,No,DSL,No,No,Yes,No,No,Yes,Month-to-month,Yes,Mailed check,74.67,1947.6,1
6591-['H' 'O' 'F' 'G' 'T'],Male,0,No,Yes,14,No,No,Fiber optic,No,No,No,No,Yes,Yes,Month-to-month,Yes,Credit card (automatic),79.71,1130.08,1
8632-['D' 'H' 'M' 'X' 'N'],Female,1,No,No,61,Yes,No,Fiber optic,No,Yes,No,Yes,No,No,Month-to-month,No,Bank transfer (automatic),84.77,5176.63,0
8409-['W' 'Q' 'R' 'N' 'X'],Male,0,Yes,No,5,Yes,Yes,DSL,Yes,No,No,No,No,No,Two year,Yes,Mailed check,75.93,390.61,1
8978-['J' 'M' 'T' 'P' 'N'],Male,0,Yes,No,23,Yes,No,DSL,No,No,No,No,Yes,No,One year,Yes,Credit card (automatic),70.48,1622.22,1
6378-['R' 'F' 'T' 'C' 'S'],Female,0,Yes,Yes,4,Yes,Yes,No,No,No,No,No,No,No,Month-to-month,Yes,Electronic check,46.94,188.01,0
4659-['H' 'Y' 'Y' 'E' 'Q'],Male,0,No,Yes,70,Yes,Yes,No,No,No,No,No,No,No,Month-to-month,Yes,Mailed check,46.0,3229.94,1
3569-['U' 'Q' 'I' 'M' 'J'],Male,0,No,No,52,No,No,DSL,Yes,No,No,Yes,Yes,Yes,Month-to-month,No,Credit card (automatic),78.64,4081.64,0
2948-['H' 'G' 'B' 'B' 'D'],Male,0,Yes,No,30,Yes,No,DSL,No,Yes,Yes,No,Yes,Yes,Two year,No,Credit card (automatic),92.59,2766.95,0
3536-['Y' 'N' 'X' 'K' 'U'],Male,0,Yes,No,34,Yes,No,No,No,No,No,No,No,No,Month-to-month,No,Electronic check,33.16,1134.34,1
5477-['G' 'Y' 'S' 'D' 'B'],Female,0,Yes,No,18,Yes,Yes,Fiber optic,Yes,Yes,No,Yes,Yes,No,Month-to-month,No,Credit card (automatic),107.93,1922.95,1
7104-['W' 'V' 'U' 'W' 'S'],Male,0,Yes,Yes,33,Yes,Yes,Fiber optic,Yes,Yes,No,No,No,Yes,Month-to-month,No,Electronic check,105.96,3500.29,1
2588-['R' 'U' 'G' 'K' 'J'],Female,0,No,No,0,Yes,No,Fiber optic,No,No,No,Yes,Yes,No,Month-to-month,No,Bank transfer (automatic),88.4,0.0,1
5342-['I' 'C' 'X' 'E' 'W'],Male,0,No,No,40,Yes,No,DSL,Yes,No,Yes,No,Yes,Yes,Month-to-month,Yes,Mailed check,88.34,3537.6,0
7227-['E' 'Z' 'S' 'F' 'C'],Male,0,No,No,52,No,No,Fiber optic,No,Yes,Yes,Yes,Yes,No,Two year,Yes,Bank transfer (automatic),86.95,4521.68,0
6306-['M' 'Q' 'C' 'W' 'C'],Female,0,Yes,Yes,63,Yes,Yes,Fiber optic,Yes,No,No,No,Yes,Yes,Two year,Yes,Mailed check,111.96,7057.9,0
3358-['M' 'B' 'C' 'T' 'P'],Male,0,No,Yes,39,Yes,Yes,No,No,No,No,No,No,No,Two year,No,Mailed check,44.37,1713.55,0
2268-['L' 'Y' 'I' 'P' 'D'],Female,0,No,No,61,No,No,DSL,Yes,Yes,Yes,No,Yes,Yes,Month-to-month,Yes,Mailed check,78.9,4817.71,0
4096-['T' 'R' 'Z' 'A' 'G'],Male,1,No,No,54,Yes,No,No,No,No,No,No,No,No,Month-to-month,Yes,Bank transfer (automatic),34.24,1862.08,0
9231-['H' 'X' 'V' 'I' 'N'],Male,0,Yes,No,10,Yes,Yes,No,No,No,No,No,No,No,Two year,Yes,Credit card (automatic),46.79,471.52,0
6971-['E' 'T' 'U' 'B' 'U'],Female,0,No,No,51,Yes,Yes,Fiber optic,Yes,Yes,No,No,No,No,Month-to-month,Yes,Credit card (automatic),95.13,4852.79,1
7822-['W' 'V' 'R' 'Z' 'L'],Male,0,No,No,25,No,No,Fiber optic,No,Yes,Yes,No,No,Yes,Month-to-month,Yes,Mailed check,78.84,1961.96,1
7186-['J' 'M' 'I' 'P' 'U'],Male,0,No,No,47,Yes,Yes,Fiber optic,No,Yes,No,No,No,Yes,One year,Yes,Electronic check,101.33,4763.46,0
5821-['Q' 'E' 'F' 'J' 'K'],Female,0,No,Yes,44,Yes,Yes,Fiber optic,Yes,No,No,No,No,Yes,Month-to-month,Yes,Bank transfer (automatic),101.04,4437.51,0
8873-['G' 'N' 'D' 'E' 'S'],Male,1,Yes,No,32,Yes,No,Fiber optic,Yes,No,Yes,Yes,Yes,No,Two year,No,Electronic check,99.69,3186.51,0
6403-['T' 'J' 'F' 'B' 'C'],Male,0,Yes,No,63,Yes,Yes,DSL,Yes,No,No,No,No,Yes,Month-to-month,Yes,Credit card (automatic),86.56,5470.16,1
5142-['J' 'Q' 'G' 'Y' 'B'],Male,1,Yes,No,8,Yes,No,DSL,No,Yes,Yes,Yes,Yes,Yes,Month-to-month,No,Credit card (automatic),96.78,762.15,1
5942-['C' 'E' 'V' 'H' 'D'],Male,1,Yes,No,1,Yes,No,Fiber optic,Yes,No,Yes,No,Yes,No,Two year,No,Mailed check,95.82,92.97,1
8345-['S' 'H' 'W' 'F' 'E'],Male,1,Yes,No,13,Yes,Yes,DSL,No,No,No,Yes,Yes,No,Month-to-month,No,Electronic check,83.72,1091.86,1
9165-['M' 'I' 'X' 'L' 'J'],Female,0,Yes,No,35,Yes,No,DSL,No,Yes,Yes,No,Yes,No,Month-to-month,Yes,Bank transfer (automatic),78.54,2755.73,1
2568-['K' 'F' 'C' 'F' 'I'],Female,0,No,No,34,Yes,No,DSL,Yes,No,No,Yes,No,Yes,One year,Yes,Credit card (automatic),78.17,2639.57,0
3933-['H' 'O' 'V' 'F' 'W'],Male,0,No,No,63,Yes,No,DSL,No,No,No,No,Yes,Yes,One year,Yes,Electronic check,80.24,5064.87,1
3218-['J' 'K' 'D' 'M' 'H'],Male,0,No,Yes,24,Yes,Yes,DSL,No,No,No,No,No,Yes,Month-to-month,Yes,Bank transfer (automatic),79.89,1901.72,1
2022-['T' 'O' 'G' 'A' 'Y'],Male,0,Yes,No,8,Yes,No,No,No,No,No,No,No,No,One year,Yes,Credit card (automatic),32.16,252.71,1
5808-['W' 'H' 'B' 'Z' 'N'],Female,1,Yes,Yes,42,Yes,No,No,No,No,No,No,No,No,One year,No,Bank transfer (automatic),37.11,1547.35,0
5907-['Z' 'W' 'Q' 'S' 'F'],Male,1,Yes,Yes,9,Yes,No,DSL,No,No,Yes,Yes,No,No,Two year,Yes,Bank transfer (automatic),68.45,623.45,0
3676-['E' 'Y' 'F' 'C' 'P'],Male,0,No,Yes,56,Yes,No,DSL,No,No,No,No,No,No,Two year,No,Credit card (automatic),60.74,3407.88,0
9862-['R' 'N' 'Y' 'O' 'Z'],Male,0,Yes,No,32,Yes,Yes,Fiber optic,No,No,No,Yes,Yes,No,One year,Yes,Electronic check,102.51,3269.19,0
2277-['D' 'K' 'E' 'I' 'E'],Male,0,Yes,Yes,8,Yes,Yes,DSL,No,No,No,No,No,Yes,Two year,Yes,Credit card (automatic),78.37,617.57,0
4782-['R' 'R' 'T' 'X' 'B'],Female,0,Yes,No,53,Yes,No,Fiber optic,No,No,Yes,No,Yes,No,Month-to-month,Yes,Credit card (automatic),90.05,4792.52,0
4481-['W' 'M' 'M' 'Q' 'Y'],Male,0,No,No,12,Yes,No,No,No,No,No,No,No,No,Month-to-month,Yes,Credit card (automatic),32.65,387.85,1
5122-['Q' 'Z' 'F' 'N' 'U'],Male,0,Yes,No,23,Yes,Yes,Fiber optic,No,No,No,Yes,No,Yes,Month-to-month,No,Electronic check,102.09,2349.77,1
8051-['E' 'E' 'D' 'W' 'Y'],Male,0,Yes,Yes,61,Yes,No,Fiber optic,No,No,No,Yes,Yes,Yes,Month-to-month,Yes,Electronic check,97.05,5898.91,0
3545-['P' 'R' 'B' 'W' 'D'],Male,1,No,No,39,Yes,No,Fiber optic,No,No,Yes,No,Yes,Yes,Month-to-month,Yes,Credit card (automatic),99.23,3874.56,1
4731-['Q' 'T' 'F' 'R' 'T'],Male,0,No,Yes,58,Yes,Yes,DSL,No,No,Yes,No,Yes,No,Two year,Yes,Bank transfer (automatic),83.73,4858.31,0
6869-['V' 'X' 'R' 'A' 'W'],Male,0,Yes,No,55,Yes,Yes,DSL,Yes,Yes,No,Yes,Yes,Yes,Month-to-month,No,Electronic check,101.43,5584.65,0
7940-['I' 'I' 'B' 'P' 'D'],Male,0,No,Yes,63,Yes,No,DSL,No,No,Yes,No,No,Yes,One year,Yes,Bank transfer (automatic),76.56,4832.45,0
4472-['K' 'W' 'B' 'D' 'L'],Female,1,Yes,Yes,59,No,No,No,No,No,No,No,No,No,Month-to-month,Yes,Electronic check,19.73,1164.19,1
9192-['W' 'F' 'P' 'B' 'N'],Male,1,No,Yes,22,Yes,No,DSL,No,Yes,No,Yes,Yes,No,Month-to-month,Yes,Electronic check,79.89,1753.27,0
8755-['S' 'C' 'S' 'K' 'D'],Female,0,No,No,26,Yes,No,No,No,No,No,No,No,No,Month-to-month,Yes,Bank transfer (automatic),34.79,898.69,0
7960-['Q' 'G' 'E' 'S' 'Y'],Female,1,No,No,60,Yes,Yes,Fiber optic,No,No,No,Yes,No,Yes,Two year,Yes,Electronic check,99.1,5958.29,0
4321-['S' 'I' 'Q' 'I' 'N'],Male,0,Yes,Yes,43,No,No,Fiber optic,No,Yes,No,Yes,No,Yes,Month-to-month,Yes,Electronic check,79.64,3432.0,1
4841-['X' 'O' 'P' 'S' 'A'],Male,1,No,No,56,Yes,No,Fiber optic,No,Yes,Yes,No,No,Yes,Two year,Yes,Electronic check,92.36,5165.44,0
5918-['L' 'S' 'T' 'O' 'E'],Male,0,No,Yes,42,Yes,Yes,DSL,No,Yes,Yes,Yes,No,No,Month-to-month,No,Electronic check,83.7,3515.2,1
1768-['K' 'I' 'G' 'B' 'Q'],Female,0,No,No,61,Yes,Yes,No,No,No,No,No,No,No,One year,Yes,Credit card (automatic),42.57,2585.51,0
8617-['S' 'C' 'H' 'U' 'Y'],Female,1,No,No,25,Yes,No,Fiber optic,Yes,No,Yes,Yes,Yes,Yes,Two year,Yes,Mailed check,109.27,2721.65,0
5117-['D' 'H' 'A' 'D' 'G'],Female,0,Yes,No,63,Yes,Yes,No,No,No,No,No,No,No,Month-to-month,No,Electronic check,44.19,2799.58,0
5824-['A' 'X' 'R' 'D' 'T'],Male,1,Yes,No,68,Yes,Yes,Fiber optic,No,No,No,No,No,No,One year,Yes,Electronic check,82.86,5631.55,0
9391-['R' 'G' 'C' 'Y' 'U'],Male,0,No,No,23,Yes,No,DSL,No,No,No,No,Yes,Yes,One year,Yes,Bank transfer (automatic),81.38,1864.54,1
3091-['O' 'H' 'E' 'Q' 'Y'],Female,0,Yes,No,72,Yes,No,DSL,No,No,Yes,No,No,Yes,One year,No,Electronic check,72.52,5214.65,0
7326-['P' 'P' 'D' 'W' 'E'],Female,0,Yes,No,10,Yes,No,DSL,Yes,Yes,Yes,No,No,No,One year,No,Mailed check,70.34,710.36,1
8721-['N' 'I' 'R' 'T' 'F'],Male,0,Yes,No,66,Yes,Yes,No,No,No,No,No,No,No,Two year,Yes,Mailed check,44.63,2940.99,0
6812-['Q' 'I' 'Y' 'C' 'P'],Female,1,Yes,No,52,Yes,No,DSL,Yes,Yes,No,No,Yes,Yes,Month-to-month,Yes,Electronic check,89.73,4661.32,0
2971-['D' 'Z' 'X' 'V' 'O'],Female,0,No,No,42,Yes,Yes,Fiber optic,Yes,No,No,Yes,No,No,One year,No,Credit card (automatic),97.86,4121.15,0
3127-['X' 'S' 'U' 'Q' 'D'],Female,1,No,No,26,Yes,No,DSL,No,No,No,Yes,Yes,No,Two year,Yes,Electronic check,78.31,2040.79,0
5387-['U' 'C' 'V' 'R' 'U'],Female,0,No,No,0,Yes,No,Fiber optic,Yes,Yes,No,No,No,No,Two year,Yes,Mailed check,86.37,0.0,0
1947-['E' 'I' 'V' 'W' 'X'],Female,0,No,No,48,Yes,Yes,Fiber optic,Yes,Yes,No,No,Yes,No,Month-to-month,Yes,Mailed check,106.15,5090.05,1
7568-['N' 'U' 'X' 'B' 'Z'],Female,0,No,No,47,Yes,Yes,No,No,No,No,No,No,No,One year,No,Electronic check,40.89,1920.61,0
3142-['U' 'P' 'F' 'P' 'D'],Female,0,No,No,52,Yes,Yes,Fiber optic,No,No,Yes,No,Yes,Yes,Month-to-month,No,Credit card (automatic),111.08,5775.15,1
1458-['E' 'R' 'C' 'H' 'K'],Male,0,Yes,No,10,No,No,No,No,No,No,No,No,No,One year,Yes,Mailed check,22.59,221.18,1
8380-['S' 'U' 'Y' 'C' 'L'],Female,0,No,Yes,8,Yes,No,No,No,No,No,No,No,No,Month-to-month,No,Credit card (automatic),35.32,278.12,1
1942-['Z' 'W' 'X' 'P' 'E'],Male,1,No,No,60,No,No,Fiber optic,Yes,No,Yes,Yes,Yes,No,Month-to-month,Yes,Electronic check,88.42,5285.58,1
7610-['F' 'L' 'S' 'I' 'R'],Male,0,No,No,21,Yes,No,No,No,No,No,No,No,No,One year,Yes,Mailed check,37.54,787.11,0
1258-['W' 'N' 'Z' 'X' 'U'],Female,0,Yes,No,70,Yes,No,Fiber optic,Yes,No,No,No,No,Yes,Month-to-month,No,Bank transfer (automatic),90.69,6324.27,1
6988-['E' 'D' 'Y' 'V' 'P'],Male,1,Yes,No,43,Yes,No,No,No,No,No,No,No,No,Two year,No,Credit card (automatic),32.12,1381.2,0
7343-['X' 'U' 'P' 'Y' 'B'],Female,0,No,No,29,Yes,No,Fiber optic,No,Yes,No,No,No,Yes,Month-to-month,Yes,Electronic check,91.36,2647.41,1
3306-['W' 'I' 'K' 'U' 'X'],Male,0,No,No,59,Yes,No,DSL,No,No,No,Yes,No,Yes,One year,No,Electronic check,72.96,4303.89,1
1960-['A' 'V' 'H' 'P' 'J'],Male,0,No,Yes,54,Yes,Yes,Fiber optic,Yes,No,Yes,Yes,No,No,One year,Yes,Mailed check,98.42,5338.5,0
2512-['C' 'K' 'H' 'G' 'A'],Female,0,No,No,38,No,No,No,No,No,No,No,No,No,Two year,Yes,Electronic check,21.25,808.58,0
6719-['Z' 'Z' 'Q' 'K' 'G'],Male,0,Yes,No,40,Yes,Yes,Fiber optic,No,No,No,Yes,Yes,No,One year,Yes,Credit card (automatic),102.79,4114.23,0
7216-['N' 'E' 'R' 'X' 'Y'],Female,0,Yes,No,8,Yes,Yes,No,No,No,No,No,No,No,Month-to-month,Yes,Electronic check,47.62,412.88,1
7134-['M' 'E' 'H' 'O' 'V'],Male,0,No,No,0,Yes,Yes,No,No,No,No,No,No,No,Month-to-month,Yes,Bank transfer (automatic),43.83,0.0,0
3779-['D' 'A' 'F' 'X' 'S'],Female,0,Yes,Yes,2,Yes,No,Fiber optic,Yes,Yes,No,No,Yes,Yes,Month-to-month,No,Mailed check,107.35,234.08,1
6190-['M' 'G' 'I' 'A' 'U'],Female,0,Yes,No,68,Yes,No,Fiber optic,Yes,Yes,No,Yes,Yes,No,Month-to-month,No,Bank transfer (automatic),99.86,6792.24,1
1023-['M' 'S' 'U' 'A' 'Y'],Male,0,No,No,10,Yes,No,DSL,No,Yes,No,Yes,Yes,No,Month-to-month,No,Credit card (automatic),81.33,799.06,1
9083-['U' 'S' 'R' 'W' 'E'],Female,0,No,Yes,3,Yes,Yes,Fiber optic,No,Yes,Yes,No,No,No,Month-to-month,No,Credit card (automatic),95.67,277.08,1
6337-['C' 'B' 'Z' 'V' 'J'],Female,0,Yes,No,32,Yes,Yes,Fiber optic,No,No,Yes,No,Yes,No,Month-to-month,No,Bank transfer (automatic),97.78,3138.52,0
1677-['S' 'Y' 'Q' 'S' 'M'],Male,0,No,No,32,Yes,Yes,Fiber optic,Yes,No,Yes,No,Yes,No,Two year,Yes,Bank transfer (automatic),107.01,3426.82,0
2840-['W' 'R' 'K' 'T' 'T'],Female,0,No,No,44,Yes,No,No,No,No,No,No,No,No,Month-to-month,No,Electronic check,33.71,1492.78,0
4314-['J' 'C' 'U' 'F' 'G'],Male,0,No,No,19,Yes,Yes,DSL,No,Yes,No,No,Yes,Yes,Two year,Yes,Electronic check,95.75,1823.91,0
6340-['U' 'W' 'T' 'E' 'V'],Male,0,No,No,36,Yes,No,Fiber optic,No,No,Yes,No,Yes,No,Month-to-month,Yes,Electronic check,91.22,3283.06,1
1392-['V' 'J' 'N' 'K' 'Q'],Male,0,No,No,20,No,No,Fiber optic,No,Yes,Yes,No,No,No,Month-to-month,Yes,Electronic check,70.53,1405.9,1
5794-['S' 'F' 'B' 'N' 'P'],Female,0,No,No,57,Yes,No,DSL,Yes,No,No,No,Yes,Yes,Two year,Yes,Electronic check,86.86,4958.12,0
6030-['A' 'B' 'I' 'Y' 'W'],Male,0,Yes,No,50,Yes,No,No,No,No,No,No,No,No,One year,No,Mailed check,37.35,1851.95,0
8409-['U' 'T' 'R' 'R' 'J'],Female,0,Yes,No,70,Yes,No,No,No,No,No,No,No,No,Month-to-month,No,Electronic check,36.67,2572.32,1
4047-['U' 'H' 'B' 'R' 'K'],Male,0,Yes,Yes,15,No,No,No,No,No,No,No,No,No,Month-to-month,No,Bank transfer (automatic),18.25,283.9,0
9490-['J' 'H' 'O' 'H' 'S'],Male,0,Yes,No,35,Yes,Yes,No,No,No,No,No,No,No,Month-to-month,No,Electronic check,43.64,1525.75,0
3995-['C' 'U' 'L' 'P' 'V'],Male,0,Yes,Yes,49,Yes,Yes,Fiber optic,No,Yes,No,No,Yes,Yes,One year,No,Credit card (automatic),111.81,5464.91,1
2627-['P' 'I' 'V' 'S' 'A'],Female,1,Yes,No,47,Yes,Yes,No,No,No,No,No,No,No,Month-to-month,No,Mailed check,46.02,2148.34,1
2553-['Z' 'F' 'F' 'L' 'C'],Male,0,No,No,28,Yes,No,DSL,No,Yes,Yes,Yes,No,Yes,Month-to-month,Yes,Mailed check,87.23,2457.01,0
7477-['R' 'P' 'X' 'M' 'A'],Female,0,Yes,Yes,41,Yes,Yes,Fiber optic,No,No,Yes,Yes,No,No,One year,Yes,Electronic check,94.99,3875.67,1
2087-['N' 'Q' 'Y' 'M' 'M'],Female,0,Yes,No,58,Yes,Yes,DSL,No,Yes,No,Yes,No,Yes,Two year,No,Electronic check,90.31,5251.37,0
7472-['F' 'F' 'Y' 'E' 'Y'],Female,0,Yes,No,54,Yes,No,No,No,No,No,No,No,No,Month-to-month,No,Credit card (automatic),37.02,2005.15,1
2667-['B' 'B' 'Q' 'J' 'N'],Female,0,Yes,Yes,66,Yes,No,DSL,No,Yes,No,Yes,No,No,Two year,Yes,Mailed check,72.11,4752.21,0
6776-['V' 'K' 'G' 'I' 'N'],Female,0,Yes,No,21,Yes,Yes,Fiber optic,No,No,No,Yes,No,Yes,One year,Yes,Electronic check,100.5,2103.62,0
2827-['N' 'T' 'X' 'T' 'Q'],Male,0,Yes,Yes,1,Yes,No,Fiber optic,No,Yes,Yes,Yes,Yes,Yes,One year,No,Credit card (automatic),108.86,101.27,1
5511-['Y' 'S' 'Q' 'Y' 'N'],Female,0,No,No,7,Yes,Yes,Fiber optic,Yes,Yes,Yes,No,No,No,Month-to-month,Yes,Electronic check,98.47,717.96,1
5958-['M' 'Z' 'N' 'Z' 'P'],Male,0,Yes,Yes,40,Yes,No,Fiber optic,Yes,Yes,Yes,Yes,No,Yes,Two year,No,Mailed check,107.61,4299.77,0
9532-['O' 'Y' 'S' 'V' 'K'],Male,0,No,Yes,10,Yes,No,Fiber optic,No,No,No,No,Yes,Yes,One year,Yes,Electronic check,96.54,957.59,1
6450-['W' 'E' 'H' 'Z' 'F'],Female,0,No,No,23,Yes,No,DSL,No,Yes,Yes,No,No,No,Month-to-month,Yes,Electronic check,67.79,1569.96,1
7303-['P' 'L' 'F' 'M' 'G'],Male,0,Yes,Yes,25,Yes,No,DSL,No,No,No,No,No,No,Month-to-month,Yes,Bank transfer (automatic),58.31,1443.34,1
9679-['L' 'B' 'W' 'I' 'M'],Male,0,Yes,No,34,Yes,Yes,Fiber optic,Yes,Yes,Yes,Yes,No,Yes,Two year,Yes,Electronic check,115.75,3930.87,0
5396-['P' 'A' 'G' 'M' 'N'],Female,0,Yes,No,4,Yes,Yes,DSL,No,No,Yes,Yes,No,Yes,Month-to-month,No,Credit card (automatic),92.89,362.6,1
9669-['P' 'O' 'Q' 'B' 'Z'],Female,0,No,Yes,14,Yes,Yes,Fiber optic,No,No,Yes,No,Yes,No,Month-to-month,Yes,Bank transfer (automatic),100.99,1419.05,0
8768-['L' 'C' 'I' 'F' 'Z'],Male,0,No,No,13,Yes,Yes,Fiber optic,No,Yes,No,No,No,Yes,Month-to-month,Yes,Electronic check,100.45,1319.5,1
6093-['G' 'Z' 'H' 'C' 'X'],Female,1,Yes,Yes,36,Yes,No,Fiber optic,No,Yes,No,Yes,No,Yes,Month-to-month,Yes,Credit card (automatic),96.09,3461.28,1
6445-['K' 'C' 'P' 'F' 'K'],Female,0,Yes,No,17,Yes,Yes,Fiber optic,No,Yes,Yes,No,No,No,Two year,Yes,Credit card (automatic),96.73,1637.97,1
9359-['W' 'J' 'J' 'W' 'C'],Male,0,Yes,No,66,Yes,Yes,Fiber optic,No,Yes,No,No,Yes,No,One year,Yes,Bank transfer (automatic),98.46,6500.11,0
8513-['N' 'S' 'U' 'U' 'I'],Female,0,Yes,No,45,Yes,No,No,No,No,No,No,No,No,Month-to-month,No,Electronic check,36.22,1628.88,0
8528-['Z' 'U' 'L' 'N' 'E'],Female,0,No,No,67,Yes,No,DSL,No,No,Yes,Yes,Yes,Yes,Two year,Yes,Mailed check,89.87,6020.42,0
9300-['M' 'X' 'F' 'N' 'K'],Female,0,No,No,56,Yes,No,Fiber optic,No,No,No,Yes,No,Yes,Two year,Yes,Electronic check,90.77,5093.24,0
6804-['L' 'P' 'F' 'I' 'Q'],Female,0,No,No,39,Yes,Yes,Fiber optic,Yes,No,No,Yes,No,No,Month-to-month,Yes,Electronic check,95.36,3717.23,1
4645-['T' 'P' 'Z' 'Z' 'L'],Female,0,No,No,44,Yes,No,Fiber optic,No,No,No,No,No,Yes,One year,Yes,Electronic check,83.07,3675.32,1
7609-['I' 'C' 'J' 'K' 'B'],Female,0,Yes,No,15,Yes,No,Fiber optic,No,Yes,No,No,No,Yes,Month-to-month,Yes,Credit card (automatic),93.24,1389.62,1
8303-['T' 'K' 'R' 'T' 'G'],Male,0,Yes,No,61,Yes,Yes,No,No,No,No,No,No,No,One year,No,Mailed check,43.85,2678.84,0
8710-['N' 'G' 'A' 'L' 'A'],Female,0,No,No,22,Yes,Yes,DSL,No,Yes,Yes,Yes,Yes,No,Month-to-month,Yes,Credit card (automatic),95.85,2113.49,1
9162-['B' 'C' 'D' 'N' 'W'],Male,0,No,No,72,Yes,Yes,Fiber optic,No,No,No,No,Yes,No,Month-to-month,Yes,Credit card (automatic),95.5,6889.36,1
8537-['W' 'E' 'O' 'P' 'H'],Male,0,No,Yes,50,Yes,No,DSL,No,No,Yes,Yes,No,Yes,Month-to-month,No,Electronic check,82.86,4149.77,1
7167-['U' 'Z' 'H' 'Y' 'G'],Male,0,Yes,Yes,0,No,No,Fiber optic,No,Yes,No,Yes,No,Yes,One year,No,Credit card (automatic),76.85,0.0,1
8030-['S' 'V' 'V' 'Y' 'A'],Male,0,No,No,44,Yes,Yes,DSL,No,No,Yes,Yes,Yes,No,One year,No,Bank transfer (automatic),90.08,3958.89,0
3220-['G' 'A' 'J' 'M' 'D'],Female,0,No,No,3,Yes,No,Fiber optic,Yes,Yes,No,No,No,Yes,Two year,No,Electronic check,92.31,273.05,1
6084-['G' 'F' 'F' 'U' 'K'],Male,0,Yes,No,54,Yes,Yes,Fiber optic,No,Yes,Yes,No,Yes,No,Month-to-month,Yes,Bank transfer (automatic),106.0,5710.04,1
9934-['I' 'W' 'F' 'S' 'N'],Female,0,No,No,9,Yes,Yes,Fiber optic,No,Yes,Yes,Yes,Yes,No,One year,Yes,Mailed check,111.86,1017.29,1
9601-['P' 'I' 'W' 'O' 'S'],Male,0,Yes,Yes,29,Yes,Yes,DSL,Yes,No,Yes,No,Yes,No,Month-to-month,No,Bank transfer (automatic),87.53,2533.23,1
6609-['P' 'Y' 'C' 'S' 'M'],Male,1,No,Yes,13,Yes,Yes,DSL,No,No,No,No,Yes,Yes,Month-to-month,No,Mailed check,92.01,1203.29,0
2197-['G' 'B' 'Z' 'N' 'W'],Female,0,No,No,29,Yes,No,Fiber optic,No,No,Yes,Yes,Yes,No,Month-to-month,Yes,Credit card (automatic),94.64,2761.07,1
9086-['Q' 'M' 'Z' 'B' 'E'],Female,0,No,No,4,Yes,No,Fiber optic,No,Yes,No,No,Yes,No,Month-to-month,Yes,Bank transfer (automatic),92.22,368.29,1
3973-['D' 'C' 'Z' 'N' 'K'],Male,0,Yes,Yes,14,Yes,Yes,Fiber optic,No,No,Yes,No,No,Yes,Month-to-month,Yes,Electronic check,102.14,1419.42,1
8719-['W' 'I' 'P' 'C' 'J'],Female,0,No,No,16,Yes,No,No,No,No,No,No,No,No,Two year,No,Bank transfer (automatic),32.49,516.25,0
6999-['I' 'L' 'A' 'P' 'H'],Male,0,Yes,No,47,Yes,Yes,Fiber optic,No,No,Yes,No,Yes,Yes,Month-to-month,Yes,Bank transfer (automatic),111.63,5262.69,1
5077-['N' 'J' 'A' 'F' 'I'],Female,0,Yes,No,24,Yes,No,No,No,No,No,No,No,No,Month-to-month,Yes,Mailed check,35.71,859.26,0
6578-['U' 'K' 'N' 'G' 'Z'],Female,0,Yes,Yes,18,Yes,No,Fiber optic,Yes,No,No,No,Yes,No,Month-to-month,No,Credit card (automatic),92.02,1656.6,1
9595-['T' 'W' 'E' 'A' 'K'],Male,0,No,No,58,Yes,Yes,Fiber optic,No,No,Yes,Yes,No,No,Month-to-month,No,Mailed check,96.24,5591.85,0
3606-['J' 'O' 'M' 'O' 'B'],Female,0,Yes,No,52,Yes,No,DSL,No,Yes,No,No,No,No,Two year,Yes,Mailed check,67.35,3489.45,0
8640-['W' 'D' 'L' 'O' 'M'],Male,0,No,No,38,Yes,No,Fiber optic,Yes,No,Yes,No,Yes,No,Month-to-month,Yes,Bank transfer (automatic),95.97,3636.87,0
8105-['T' 'P' 'N' 'U' 'B'],Female,0,Yes,Yes,4,Yes,Yes,No,No,No,No,No,No,No,Month-to-month,No,Credit card (automatic),44.43,194.1,1
8951-['D' 'K' 'M' 'F' 'Q'],Male,0,Yes,No,39,Yes,No,Fiber optic,Yes,No,No,No,No,No,Month-to-month,Yes,Bank transfer (automatic),78.54,3051.57,1
1148-['R' 'K' 'N' 'B' 'T'],Male,0,No,Yes,57,Yes,No,DSL,No,No,No,No,No,No,One year,Yes,Bank transfer (automatic),58.72,3340.82,0
3113-['D' 'M' 'F' 'G' 'V'],Male,0,Yes,No,5,Yes,No,DSL,Yes,No,Yes,Yes,Yes,No,One year,Yes,Bank transfer (automatic),83.12,404.91,0
9418-['D' 'U' 'T' 'C' 'A'],Female,0,Yes,No,18,No,No,Fiber optic,Yes,No,Yes,No,No,Yes,One year,Yes,Credit card (automatic),80.95,1432.15,1
9461-['V' 'P' 'D' 'Q' 'J'],Male,1,Yes,No,67,Yes,No,DSL,Yes,No,No,Yes,No,Yes,Month-to-month,No,Bank transfer (automatic),79.93,5349.46,1
6148-['G' 'M' 'Y' 'M' 'V'],Male,0,Yes,No,23,Yes,No,DSL,No,Yes,No,Yes,No,Yes,Month-to-month,Yes,Bank transfer (automatic),79.96,1841.32,1
9333-['F' 'P' 'I' 'T' 'P'],Female,0,No,No,18,Yes,Yes,No,No,No,No,No,No,No,Month-to-month,No,Electronic check,49.44,909.74,0
1765-['L' 'P' 'E' 'X' 'K'],Male,0,No,No,58,Yes,Yes,DSL,No,No,Yes,Yes,Yes,No,Two year,Yes,Electronic check,92.0,5348.4,0
3496-['J' 'K' 'O' 'Z' 'C'],Male,1,No,Yes,60,Yes,No,No,No,No,No,No,No,No,Month-to-month,No,Electronic check,35.02,2104.75,1
1542-['X' 'O' 'K' 'I' 'B'],Male,1,No,Yes,31,Yes,Yes,DSL,No,No,No,No,Yes,No,Two year,Yes,Electronic check,84.09,2611.67,0
8723-['T' 'P' 'X' 'P' 'U'],Female,0,No,Yes,44,Yes,Yes,DSL,No,Yes,No,Yes,No,No,One year,No,Credit card (automatic),77.67,3413.24,0
2199-['F' 'N' 'Y' 'Y' 'K'],Female,0,Yes,Yes,34,Yes,Yes,No,No,No,No,No,No,No,Two year,Yes,Bank transfer (automatic),45.2,1539.99,0
7323-['Q' 'W' 'S' 'B' 'N'],Male,0,No,No,53,Yes,Yes,DSL,Yes,No,No,Yes,No,Yes,Month-to-month,No,Electronic check,93.12,4921.24,0
4495-['Y' 'W' 'V' 'Z' 'F'],Female,1,No,No,1,Yes,Yes,DSL,Yes,No,No,No,No,No,Month-to-month,Yes,Electronic check,76.06,75.05,1
2416-['E' 'E' 'R' 'V' 'N'],Male,0,Yes,No,44,Yes,Yes,Fiber optic,No,No,No,Yes,No,Yes,Month-to-month,No,Credit card (automatic),101.5,4461.78,1
1907-['L' 'V' 'F' 'D' 'O'],Female,0,Yes,No,32,Yes,No,No,No,No,No,No,No,No,Month-to-month,Yes,Electronic check,32.64,1040.39,0
2934-['Y' 'Q' 'C' 'J' 'Y'],Male,1,No,No,22,Yes,No,Fiber optic,No,No,Yes,Yes,No,Yes,Two year,Yes,Electronic check,95.72,2111.07,0
6565-['U' 'V' 'H' 'I' 'X'],Male,0,Yes,No,35,Yes,No,No,No,No,No,No,No,No,One year,Yes,Mailed check,33.86,1186.89,0
2794-['Z' 'A' 'K' 'M' 'L'],Male,0,No,No,68,Yes,No,No,No,No,No,No,No,No,Month-to-month,Yes,Bank transfer (automatic),34.43,2335.35,0
4676-['U' 'G' 'B' 'A' 'T'],Female,0,No,No,70,Yes,Yes,DSL,No,Yes,No,Yes,No,No,Month-to-month,Yes,Mailed check,80.32,5631.5,1
6826-['D' 'Q' 'R' 'Q' 'S'],Male,1,No,No,8,Yes,No,DSL,Yes,No,No,Yes,Yes,Yes,One year,Yes,Credit card (automatic),89.38,715.01,0
8299-['Q' 'V' 'B' 'J' 'L'],Male,0,No,No,48,Yes,Yes,DSL,Yes,Yes,No,No,No,No,Two year,Yes,Mailed check,81.6,3914.05,0
6351-['T' 'E' 'Y' 'B' 'L'],Female,0,No,No,25,Yes,No,No,No,No,No,No,No,No,One year,No,Credit card (automatic),39.43,972.5,0
7241-['F' 'V' 'S' 'L' 'Y'],Female,0,Yes,No,26,Yes,Yes,Fiber optic,No,No,No,No,No,No,Month-to-month,Yes,Electronic check,85.23,2209.33,1
2488-['L' 'C' 'X' 'H' 'P'],Male,0,Yes,No,40,Yes,Yes,No,No,No,No,No,No,No,Month-to-month,No,Electronic check,41.09,1647.71,1
1227-['X' 'Z' 'M' 'H' 'A'],Female,0,No,No,71,No,No,DSL,Yes,No,No,No,No,Yes,One year,Yes,Mailed check,58.3,4150.64,0
5928-['O' 'R' 'T' 'C' 'O'],Male,0,Yes,No,5,Yes,No,Fiber optic,No,Yes,Yes,Yes,Yes,Yes,Month-to-month,No,Electronic check,112.02,576.92,1
1698-['V' 'E' 'U' 'J' 'G'],Female,0,No,No,65,Yes,Yes,DSL,No,No,Yes,No,Yes,No,Month-to-month,No,Mailed check,86.43,5615.4,0
7038-['Y' 'H' 'C' 'R' 'Q'],Female,0,Yes,No,60,Yes,Yes,No,No,No,No,No,No,No,Two year,Yes,Electronic check,42.55,2555.4,0
6278-['P' 'Z' 'V' 'M' 'D'],Male,0,No,No,66,Yes,No,DSL,No,No,No,No,Yes,Yes,Two year,Yes,Bank transfer (automatic),80.7,5332.67,0
5770-['K' 'B' 'R' 'D' 'Q'],Male,0,No,No,65,Yes,No,No,No,No,No,No,No,No,Month-to-month,No,Credit card (automatic),35.04,2272.94,1
7085-['J' 'K' 'E' 'Z' 'Y'],Male,0,Yes,No,42,Yes,Yes,DSL,Yes,Yes,Yes,No,No,No,Month-to-month,No,Bank transfer (automatic),84.03,3537.12,0
3505-['I' 'P' 'J' 'J' 'D'],Female,0,No,Yes,24,Yes,No,No,No,No,No,No,No,No,Month-to-month,No,Mailed check,36.69,876.33,1
2108-['X' 'N' 'H' 'A' 'P'],Male,0,Yes,No,61,Yes,Yes,Fiber optic,No,Yes,No,Yes,No,Yes,Month-to-month,No,Bank transfer (automatic),102.27,6236.78,0
3096-['J' 'F' 'G' 'R' 'B'],Female,1,No,No,12,Yes,No,Fiber optic,Yes,Yes,No,No,Yes,No,Two year,Yes,Electronic check,96.8,1170.32,0
2076-['I' 'E' 'H' 'X' 'E'],Male,0,No,No,23,Yes,No,DSL,No,No,No,No,Yes,No,Month-to-month,Yes,Bank transfer (automatic),68.1,1540.09,1
5974-['H' 'E' 'E' 'T' 'Q'],Male,0,Yes,No,58,Yes,No,DSL,No,No,Yes,No,No,No,Month-to-month,Yes,Mailed check,64.24,3725.42,0
1328-['B' 'A' 'V' 'U' 'K'],Male,0,Yes,No,37,Yes,Yes,DSL,No,Yes,Yes,No,Yes,Yes,One year,No,Bank transfer (automatic),99.54,3652.71,1
9768-['G' 'W' 'S' 'X' 'O'],Female,0,Yes,No,7,Yes,Yes,Fiber optic,No,No,Yes,No,No,No,Two year,Yes,Credit card (automatic),85.2,592.22,1
3821-['T' 'Z' 'Z' 'J' 'L'],Male,1,Yes,Yes,57,Yes,No,Fiber optic,No,No,No,No,No,Yes,One year,No,Credit card (automatic),80.96,4612.43,1
3380-['O' 'S' 'Q' 'M' 'B'],Female,0,Yes,Yes,29,Yes,No,DSL,Yes,No,No,No,No,No,Two year,Yes,Credit card (automatic),62.58,1825.96,0
4249-['K' 'E' 'D' 'B' 'P'],Male,0,Yes,Yes,18,Yes,No,Fiber optic,No,No,No,No,Yes,No,Two year,Yes,Mailed check,84.47,1525.56,0
9664-['G' 'H' 'H' 'B' 'O'],Male,1,Yes,Yes,29,No,No,DSL,No,No,No,No,Yes,No,Month-to-month,Yes,Mailed check,56.65,1637.86,0
5356-['S' 'J' 'I' 'Y' 'V'],Female,0,Yes,Yes,54,Yes,No,No,No,No,No,No,No,No,One year,Yes,Electronic check,33.99,1838.19,1
2436-['T' 'H' 'E' 'S' 'M'],Female,0,No,No,45,Yes,No,No,No,No,No,No,No,No,One year,No,Bank transfer (automatic),35.43,1583.09,1
9698-['N' 'H' 'P' 'V' 'E'],Female,0,No,Yes,37,Yes,No,No,No,No,No,No,No,No,Month-to-month,Yes,Electronic check,35.2,1314.5,1
1566-['S' 'Q' 'X' 'W' 'U'],Male,0,Yes,No,16,Yes,Yes,Fiber optic,Yes,Yes,Yes,No,No,No,Month-to-month,No,Electronic check,100.61,1593.67,1
5571-['J' 'E' 'V' 'G' 'P'],Male,0,No,No,58,No,No,DSL,No,No,Yes,No,No,Yes,Month-to-month,Yes,Bank transfer (automatic),61.54,3566.85,0
6500-['C' 'L' 'N' 'T' 'A'],Female,1,No,No,36,Yes,No,Fiber optic,No,Yes,No,No,No,No,One year,Yes,Mailed check,79.02,2834.82,0
8057-['W' 'V' 'D' 'P' 'K'],Male,0,Yes,No,54,Yes,Yes,Fiber optic,Yes,Yes,Yes,No,No,No,Two year,No,Electronic check,100.0,5393.36,0
6713-['W' 'P' 'G' 'U' 'Y'],Female,0,No,Yes,5,Yes,No,DSL,No,No,Yes,Yes,Yes,No,One year,Yes,Mailed check,78.76,368.82,1
9354-['Y' 'E' 'R' 'Y' 'Q'],Female,1,No,No,65,Yes,No,Fiber optic,No,No,Yes,No,Yes,No,Month-to-month,Yes,Electronic check,91.18,5930.91,1
5768-['P' 'O' 'M' 'G' 'C'],Male,0,No,Yes,68,Yes,Yes,DSL,No,Yes,No,Yes,No,No,One year,Yes,Mailed check,80.87,5502.52,0
2047-['W' 'M' 'P' 'W' 'A'],Female,0,No,No,41,Yes,No,No,No,No,No,No,No,No,Month-to-month,Yes,Bank transfer (automatic),38.77,1591.66,0
1671-['A' 'P' 'B' 'R' 'U'],Male,1,No,No,64,Yes,Yes,DSL,No,No,Yes,No,No,No,Month-to-month,No,Mailed check,76.23,4880.65,0
2087-['Y' 'W' 'R' 'E' 'E'],Female,0,Yes,No,9,Yes,Yes,No,No,No,No,No,No,No,Two year,Yes,Electronic check,43.18,392.72,0
8559-['I' 'X' 'N' 'M' 'R'],Male,0,Yes,No,39,Yes,Yes,Fiber optic,Yes,No,Yes,Yes,No,Yes,Month-to-month,No,Bank transfer (automatic),108.81,4235.54,1
8281-['V' 'T' 'O' 'G' 'M'],Female,1,No,No,51,Yes,Yes,Fiber optic,No,Yes,Yes,No,No,Yes,One year,No,Credit card (automatic),107.05,5450.03,1
2028-['A' 'S' 'T' 'S' 'V'],Male,0,Yes,Yes,23,Yes,No,Fiber optic,No,Yes,No,Yes,No,No,One year,Yes,Mailed check,84.91,1962.4,0
4429-['J' 'K' 'W' 'Y' 'P'],Female,0,Yes,Yes,58,Yes,No,DSL,Yes,Yes,Yes,Yes,Yes,Yes,One year,Yes,Credit card (automatic),99.5,5773.27,0
1569-['Y' 'W' 'A' 'S' 'E'],Male,0,Yes,No,20,Yes,Yes,Fiber optic,No,No,No,No,Yes,Yes,Month-to-month,Yes,Electronic check,104.93,2097.39,1
1027-['F' 'F' 'E' 'F' 'Y'],Male,0,Yes,No,51,Yes,Yes,DSL,No,Yes,Yes,Yes,Yes,Yes,Month-to-month,No,Credit card (automatic),103.14,5256.04,0
2996-['A' 'A' 'Y' 'N' 'H'],Male,1,Yes,Yes,4,Yes,Yes,No,No,No,No,No,No,No,Month-to-month,Yes,Bank transfer (automatic),43.51,151.54,1
9872-['W' 'J' 'F' 'I' 'R'],Female,0,Yes,No,35,Yes,No,No,No,No,No,No,No,No,One year,Yes,Credit card (automatic),34.58,1203.46,1
7275-['B' 'F' 'Q' 'G' 'W'],Male,0,No,No,21,Yes,No,Fiber optic,Yes,No,Yes,No,Yes,Yes,Month-to-month,Yes,Electronic check,103.88,2198.32,1
1278-['T' 'O' 'X' 'U' 'B'],Female,0,Yes,Yes,7,Yes,No,Fiber optic,No,No,No,No,No,Yes,Two year,Yes,Mailed check,87.5,602.06,1
4147-['J' 'Y' 'Z' 'Q' 'R'],Female,0,Yes,No,51,No,No,Fiber optic,No,No,No,Yes,No,Yes,Month-to-month,No,Credit card (automatic),76.05,3871.68,1
8279-['J' 'H' 'U' 'Y' 'V'],Female,0,Yes,No,0,Yes,Yes,No,No,No,No,No,No,No,Month-to-month,Yes,Mailed check,42.17,0.0,0
7796-['P' 'H' 'L' 'Q' 'P'],Male,0,No,Yes,27,Yes,No,Fiber optic,Yes,No,No,No,No,Yes,Month-to-month,Yes,Bank transfer (automatic),89.23,2398.74,1
4592-['Y' 'S' 'Q' 'X' 'H'],Female,0,No,Yes,30,Yes,No,No,No,No,No,No,No,No,Month-to-month,Yes,Electronic check,37.36,1114.61,0
7719-['F' 'Y' 'J' 'I' 'D'],Female,0,Yes,No,52,Yes,Yes,DSL,No,Yes,No,No,No,No,One year,No,Credit card (automatic),76.9,3985.7,0
5597-['F' 'Z' 'R' 'D' 'L'],Male,0,Yes,No,23,Yes,No,No,No,No,No,No,No,No,Month-to-month,Yes,Electronic check,31.59,725.94,1
8208-['O' 'W' 'I' 'F' 'K'],Male,0,No,Yes,44,Yes,Yes,Fiber optic,No,No,Yes,No,Yes,Yes,Month-to-month,Yes,Electronic check,103.82,4565.45,1
7136-['N' 'P' 'O' 'T' 'I'],Male,0,No,No,6,No,No,DSL,No,Yes,Yes,Yes,Yes,Yes,Month-to-month,Yes,Mailed check,82.68,489.54,1
3302-['S' 'L' 'K' 'H' 'C'],Male,0,Yes,No,1,Yes,Yes,DSL,Yes,No,Yes,No,Yes,Yes,One year,Yes,Electronic check,99.89,96.48,1
9498-['C' 'Y' 'Z' 'C' 'F'],Female,0,No,No,72,Yes,Yes,DSL,No,Yes,Yes,No,Yes,No,One year,No,Bank transfer (automatic),87.73,6311.55,0
2427-['N' 'B' 'L' 'P' 'C'],Female,0,Yes,Yes,62,No,No,No,No,No,No,No,No,No,Month-to-month,Yes,Credit card (automatic),21.11,1325.71,0
9820-['P' 'J' 'T' 'E' 'M'],Female,0,Yes,Yes,40,Yes,Yes,DSL,No,No,Yes,No,No,No,Month-to-month,Yes,Mailed check,76.08,3044.61,1
6690-['A' 'T' 'K' 'Z' 'S'],Female,0,No,Yes,22,Yes,No,No,No,No,No,No,No,No,One year,No,Electronic check,35.13,776.3,0
9047-['G' 'J' 'Y' 'P' 'Q'],Female,0,Yes,Yes,49,Yes,No,Fiber optic,No,Yes,No,No,Yes,No,One year,Yes,Mailed check,88.88,4356.75,1
5582-['K' 'Q' 'E' 'A' 'C'],Male,0,No,Yes,32,Yes,Yes,No,No,No,No,No,No,No,One year,Yes,Electronic check,46.15,1455.12,0
1623-['X' 'O' 'D' 'L' 'A'],Female,0,Yes,No,42,No,No,Fiber optic,Yes,No,No,No,No,No,Month-to-month,No,Credit card (automatic),61.96,2606.07,1
1496-['X' 'O' 'X' 'T' 'T'],Male,0,No,Yes,54,Yes,Yes,DSL,Yes,No,No,No,Yes,Yes,One year,No,Electronic check,94.11,5058.89,0
2801-['K' 'R' 'B' 'F' 'P'],Male,0,Yes,No,50,Yes,Yes,DSL,No,No,No,Yes,No,No,One year,No,Credit card (automatic),75.79,3786.48,0
3071-['G' 'W' 'S' 'L' 'R'],Female,0,Yes,No,36,Yes,No,No,No,No,No,No,No,No,Month-to-month,No,Electronic check,35.39,1255.85,1
8145-['G' 'D' 'Q' 'Q' 'D'],Female,0,Yes,No,62,Yes,Yes,Fiber optic,No,Yes,No,Yes,No,No,Month-to-month,Yes,Mailed check,95.42,5907.01,0
9372-['E' 'A' 'S' 'V' 'Z'],Female,0,Yes,No,66,Yes,No,DSL,No,Yes,No,Yes,Yes,No,One year,Yes,Electronic check,83.51,5498.04,0
3486-['K' 'A' 'H' 'D' 'Y'],Male,0,Yes,No,44,Yes,No,Fiber optic,Yes,No,Yes,No,Yes,No,Month-to-month,Yes,Credit card (automatic),94.37,4138.33,1
8214-['Q' 'R' 'C' 'R' 'Z'],Male,0,Yes,No,70,Yes,No,No,No,No,No,No,No,No,Month-to-month,No,Mailed check,35.41,2484.8,0
5497-['T' 'H' 'K' 'C' 'Y'],Male,1,Yes,No,48,Yes,Yes,No,No,No,No,No,No,No,Month-to-month,Yes,Electronic check,45.55,2187.15,1
6254-['O' 'J' 'L' 'L' 'S'],Female,0,No,No,0,Yes,Yes,DSL,No,No,Yes,No,Yes,No,One year,Yes,Credit card (automatic),86.81,0.0,0
1078-['U' 'U' 'Z' 'E' 'M'],Male,0,No,No,53,No,No,Fiber optic,No,Yes,No,No,Yes,Yes,One year,Yes,Electronic check,82.42,4361.42,1
8967-['Y' 'I' 'V' 'W' 'J'],Male,0,Yes,Yes,35,Yes,No,DSL,No,Yes,No,No,Yes,Yes,Two year,Yes,Electronic check,86.48,3021.41,0
3216-['F' 'X' 'R' 'J' 'X'],Male,0,Yes,Yes,64,Yes,No,No,No,No,No,No,No,No,Month-to-month,Yes,Bank transfer (automatic),31.56,2007.99,0
4470-['M' 'K' 'B' 'H' 'R'],Male,0,No,No,40,Yes,No,Fiber optic,No,No,Yes,Yes,Yes,Yes,One year,No,Electronic check,105.33,4202.37,0
2526-['Y' 'C' 'U' 'Y' 'G'],Female,1,No,No,49,Yes,No,No,No,No,No,No,No,No,One year,Yes,Credit card (automatic),34.46,1675.4,0
8421-['R' 'U' 'U' 'I' 'R'],Male,1,Yes,No,48,Yes,No,Fiber optic,No,Yes,No,Yes,No,Yes,Two year,Yes,Electronic check,94.29,4515.92,0
5608-['D' 'D' 'Q' 'Z' 'W'],Female,0,Yes,Yes,46,No,No,No,No,No,No,No,No,No,Month-to-month,Yes,Electronic check,18.83,863.46,0
6281-['O' 'M' 'I' 'G' 'L'],Female,0,No,Yes,9,Yes,No,No,No,No,No,No,No,No,Month-to-month,Yes,Mailed check,34.72,319.01,1
1107-['N' 'W' 'O' 'A' 'I'],Female,0,Yes,No,43,No,No,DSL,No,No,Yes,Yes,No,No,One year,No,Credit card (automatic),53.12,2276.58,0
4865-['P' 'I' 'P' 'B' 'J'],Female,0,Yes,Yes,43,Yes,No,DSL,No,No,Yes,No,Yes,No,Month-to-month,No,Mailed check,71.32,3071.55,1
7508-['B' 'M' 'X' 'C' 'O'],Male,1,No,No,3,Yes,No,DSL,No,No,Yes,Yes,No,No,Month-to-month,No,Mailed check,69.53,192.71,1
7070-['J' 'F' 'W' 'V' 'N'],Female,0,Yes,No,63,Yes,No,Fiber optic,Yes,Yes,Yes,No,Yes,No,One year,Yes,Electronic check,100.5,6348.07,1
1977-['H' 'F' 'O' 'N' 'O'],Female,0,Yes,Yes,19,Yes,Yes,DSL,No,No,No,Yes,Yes,Yes,Month-to-month,Yes,Electronic check,97.93,1867.69,1
6189-['V' 'L' 'J' 'S' 'H'],Male,0,No,No,53,Yes,Yes,No,No,No,No,No,No,No,Month-to-month,No,Credit card (automatic),44.16,2334.84,1
8194-['J' 'K' 'T' 'N' 'N'],Male,0,Yes,No,40,Yes,Yes,DSL,No,No,No,No,No,Yes,Month-to-month,No,Electronic check,81.16,3250.64,1
5540-['B' 'Z' 'Q' 'O' 'W'],Male,1,No,Yes,29,Yes,Yes,DSL,No,No,No,No,Yes,Yes,Month-to-month,No,Bank transfer (automatic),89.72,2594.52,1
4522-['C' 'C' 'Z' 'C' 'R'],Male,0,No,No,70,Yes,No,DSL,No,No,No,No,Yes,No,Two year,Yes,Electronic check,72.38,5056.0,0
7085-['N' 'Z' 'C' 'A' 'J'],Female,1,No,No,40,Yes,No,Fiber optic,Yes,No,Yes,No,No,Yes,Month-to-month,Yes,Electronic check,100.41,4029.18,1
8692-['I' 'V' 'V' 'Z' 'Y'],Male,0,No,Yes,7,Yes,Yes,DSL,Yes,No,No,No,No,No,Month-to-month,No,Bank transfer (automatic),71.32,501.75,1
1993-['J' 'Y' 'L' 'S' 'C'],Male,0,No,Yes,70,Yes,No,Fiber optic,No,Yes,Yes,Yes,Yes,Yes,Month-to-month,Yes,Electronic check,110.12,7701.78,1
3898-['A' 'Z' 'O' 'W' 'Z'],Female,0,No,No,68,Yes,No,DSL,No,Yes,No,No,No,No,One year,No,Electronic check,61.42,4176.29,0
6388-['G' 'B' 'V' 'T' 'K'],Female,0,Yes,No,31,Yes,No,No,No,No,No,No,No,No,One year,Yes,Electronic check,34.02,1069.23,0
1605-['W' 'O' 'T' 'S' 'G'],Male,1,Yes,No,39,Yes,No,DSL,No,Yes,No,Yes,Yes,Yes,Month-to-month,Yes,Electronic check,91.51,3569.83,1
6795-['F' 'W' 'J' 'C' 'U'],Female,0,No,Yes,61,Yes,No,DSL,No,No,No,No,No,No,Month-to-month,Yes,Mailed check,59.4,3623.2,1
4807-['A' 'F' 'E' 'W' 'O'],Male,1,No,No,26,Yes,No,Fiber optic,No,No,Yes,Yes,Yes,Yes,One year,Yes,Bank transfer (automatic),106.4,2766.79,1
5792-['K' 'T' 'Y' 'M' 'F'],Male,0,Yes,Yes,38,Yes,Yes,DSL,No,Yes,Yes,No,No,Yes,Month-to-month,No,Credit card (automatic),93.12,3548.9,0
8908-['B' 'Q' 'X' 'L' 'L'],Female,0,No,No,32,Yes,No,No,No,No,No,No,No,No,Month-to-month,No,Electronic check,36.91,1190.39,0
7389-['Z' 'N' 'G' 'I' 'N'],Female,0,Yes,Yes,65,Yes,No,Fiber optic,No,No,No,No,No,Yes,One year,Yes,Bank transfer (automatic),80.61,5237.58,1
9884-['Q' 'Q' 'Y' 'U' 'M'],Female,0,No,No,70,Yes,No,Fiber optic,No,Yes,Yes,No,Yes,Yes,Two year,No,Electronic check,104.55,7320.59,0
7300-['R' 'S' 'Q' 'F' 'L'],Female,0,No,No,12,No,No,Fiber optic,Yes,No,No,No,Yes,No,Two year,Yes,Bank transfer (automatic),77.05,937.7,0
7914-['O' 'C' 'W' 'O' 'A'],Male,0,No,Yes,28,Yes,Yes,Fiber optic,No,Yes,No,No,No,Yes,Month-to-month,Yes,Mailed check,95.58,2681.14,1
3036-['C' 'E' 'N' 'D' 'V'],Male,0,No,Yes,67,Yes,No,DSL,No,Yes,Yes,No,Yes,Yes,Month-to-month,Yes,Bank transfer (automatic),94.08,6299.44,0
6083-['I' 'R' 'J' 'H' 'M'],Female,0,No,No,9,Yes,Yes,Fiber optic,No,Yes,No,No,Yes,Yes,Month-to-month,Yes,Bank transfer (automatic),109.94,989.64,1
2601-['T' 'Y' 'T' 'G' 'K'],Male,0,No,No,57,Yes,No,Fiber optic,Yes,No,No,No,Yes,Yes,Two year,No,Credit card (automatic),97.99,5582.71,0
5167-['Z' 'J' 'B' 'C' 'Z'],Female,0,No,No,26,Yes,No,DSL,Yes,Yes,Yes,No,Yes,Yes,Two year,Yes,Electronic check,97.5,2542.66,0
3198-['E' 'P' 'J' 'K' 'S'],Male,1,Yes,No,57,Yes,Yes,Fiber optic,No,No,No,No,Yes,No,Month-to-month,Yes,Electronic check,93.89,5354.3,1
5815-['L' 'B' 'K' 'V' 'Z'],Male,0,Yes,No,69,Yes,No,No,No,No,No,No,No,No,Month-to-month,No,Bank transfer (automatic),31.81,2173.1,1
9727-['E' 'U' 'N' 'R' 'G'],Male,0,No,Yes,44,Yes,No,DSL,No,No,Yes,No,No,No,One year,No,Bank transfer (automatic),67.62,2982.07,0
9324-['H' 'U' 'O' 'Y' 'E'],Male,1,No,No,49,Yes,No,DSL,Yes,Yes,No,No,No,Yes,Month-to-month,No,Electronic check,81.62,3998.01,0
5946-['B' 'E' 'Z' 'Z' 'E'],Male,0,No,No,47,Yes,No,No,No,No,No,No,No,No,Month-to-month,Yes,Bank transfer (automatic),34.38,1603.64,1
1357-['P' 'B' 'E' 'O' 'A'],Male,0,No,No,42,Yes,Yes,DSL,Yes,No,No,No,No,No,Two year,No,Mailed check,75.5,3173.7,1
4250-['C' 'S' 'O' 'C' 'H'],Female,1,No,Yes,13,Yes,No,Fiber optic,Yes,Yes,No,Yes,No,Yes,Two year,Yes,Mailed check,101.4,1325.76,1
4438-['A' 'F' 'V' 'Q' 'P'],Female,0,No,Yes,43,Yes,Yes,Fiber optic,No,No,No,Yes,Yes,Yes,Two year,Yes,Bank transfer (automatic),110.0,4731.89,0
7146-['X' 'F' 'T' 'U' 'Z'],Female,0,No,No,27,No,No,No,No,No,No,No,No,No,One year,Yes,Credit card (automatic),20.74,553.58,1
6117-['C' 'O' 'O' 'K' 'V'],Male,0,Yes,No,60,Yes,No,No,No,No,No,No,No,No,Month-to-month,No,Electronic check,33.68,2018.98,1
9709-['F' 'I' 'N' 'Z' 'K'],Female,0,Yes,Yes,37,Yes,No,Fiber optic,Yes,Yes,No,No,Yes,No,Month-to-month,Yes,Credit card (automatic),93.57,3470.59,1
6829-['R' 'T' 'O' 'V' 'I'],Male,0,No,No,70,Yes,Yes,No,No,No,No,No,No,No,Month-to-month,No,Mailed check,46.69,3271.16,0
7346-['B' 'F' 'Z' 'Z' 'Z'],Male,0,Yes,No,32,Yes,Yes,DSL,Yes,Yes,No,No,No,Yes,Month-to-month,Yes,Mailed check,94.78,3050.6,0
1877-['X' 'M' 'Y' 'E' 'I'],Male,0,No,No,66,Yes,Yes,Fiber optic,Yes,No,No,No,No,Yes,Month-to-month,Yes,Credit card (automatic),96.68,6393.61,0
7040-['K' 'G' 'B' 'X' 'L'],Female,0,Yes,Yes,21,Yes,No,Fiber optic,Yes,Yes,Yes,No,No,Yes,Month-to-month,Yes,Mailed check,99.54,2096.97,1
8044-['X' 'B' 'N' 'G' 'E'],Male,1,Yes,No,12,Yes,Yes,Fiber optic,No,Yes,No,No,No,No,Two year,Yes,Electronic check,88.71,1067.24,1
2353-['P' 'F' 'U' 'F' 'I'],Male,0,Yes,Yes,5,Yes,No,Fiber optic,No,No,Yes,Yes,No,No,Two year,No,Credit card (automatic),82.89,407.45,0
8712-['P' 'Q' 'M' 'F' 'B'],Female,0,No,Yes,63,Yes,No,DSL,No,No,No,Yes,Yes,No,Month-to-month,No,Credit card (automatic),75.41,4765.74,1
9455-['W' 'V' 'D' 'I' 'W'],Female,1,Yes,No,53,No,No,DSL,No,Yes,No,No,No,No,Month-to-month,No,Electronic check,47.43,2507.56,1
8878-['U' 'A' 'N' 'B' 'H'],Female,0,No,Yes,42,Yes,Yes,No,No,No,No,No,No,No,Month-to-month,Yes,Bank transfer (automatic),45.7,1906.45,0
4537-['L' 'U' 'X' 'T' 'S'],Male,0,Yes,No,54,Yes,No,DSL,No,No,Yes,No,Yes,No,Month-to-month,Yes,Electronic check,78.58,4241.82,1
4932-['G' 'B' 'Q' 'M' 'K'],Male,0,No,No,27,Yes,No,DSL,No,No,No,No,Yes,No,Month-to-month,No,Bank transfer (automatic),73.73,1969.83,1
9804-['M' 'W' 'M' 'H' 'K'],Female,0,Yes,Yes,57,Yes,No,DSL,No,No,Yes,No,Yes,No,Month-to-month,No,Electronic check,73.39,4184.63,0
7473-['Y' 'K' 'A' 'G' 'Z'],Male,0,Yes,No,14,Yes,No,No,No,No,No,No,No,No,Two year,No,Bank transfer (automatic),33.95,457.16,0
7681-['N' 'T' 'G' 'C' 'B'],Male,0,Yes,Yes,23,No,No,DSL,Yes,No,No,Yes,Yes,No,Two year,Yes,Bank transfer (automatic),62.83,1435.83,0
2069-['R' 'M' 'H' 'D' 'O'],Male,0,No,No,61,No,No,Fiber optic,Yes,No,Yes,No,No,Yes,Two year,Yes,Electronic check,80.53,4909.3,0
3285-['T' 'G' 'X' 'L' 'I'],Female,1,Yes,No,64,Yes,No,DSL,No,No,No,No,No,No,Month-to-month,Yes,Mailed check,60.49,3882.26,0
7375-['T' 'B' 'Z' 'P' 'U'],Male,0,Yes,No,25,Yes,Yes,Fiber optic,No,Yes,No,Yes,No,No,Month-to-month,Yes,Mailed check,96.73,2429.8,1
1086-['R' 'T' 'V' 'X' 'J'],Female,0,Yes,No,60,Yes,Yes,No,No,No,No,No,No,No,Month-to-month,Yes,Bank transfer (automatic),45.7,2740.06,0
4420-['F' 'F' 'V' 'T' 'M'],Female,1,Yes,No,0,Yes,No,Fiber optic,No,No,No,Yes,No,No,One year,Yes,Mailed check,77.64,0.0,1
4922-['Q' 'B' 'R' 'Z' 'G'],Female,0,No,Yes,45,Yes,No,Fiber optic,No,No,No,No,Yes,No,Month-to-month,Yes,Electronic check,84.28,3791.03,1
7042-['N' 'V' 'O' 'H' 'I'],Male,0,Yes,Yes,0,Yes,Yes,Fiber optic,Yes,Yes,Yes,No,No,No,Two year,Yes,Electronic check,100.5,0.0,1
9916-['K' 'C' 'T' 'N' 'H'],Male,0,Yes,No,50,Yes,No,Fiber optic,No,Yes,Yes,No,Yes,No,One year,Yes,Mailed check,95.21,4773.69,0
1546-['R' 'W' 'N' 'T' 'H'],Male,0,No,No,35,Yes,Yes,DSL,No,No,No,No,No,Yes,Two year,Yes,Mailed check,82.7,2885.42,0
2968-['H' 'E' 'L' 'B' 'Q'],Female,1,Yes,No,68,Yes,Yes,Fiber optic,Yes,Yes,No,No,No,Yes,Two year,Yes,Credit card (automatic),105.03,7149.87,0
8756-['V' 'N' 'I' 'I' 'I'],Female,0,Yes,Yes,68,Yes,Yes,Fiber optic,No,No,No,Yes,Yes,No,One year,Yes,Mailed check,97.75,6646.53,0
2562-['T' 'F' 'L' 'J' 'V'],Male,0,No,No,65,Yes,Yes,No,No,No,No,No,No,No,Two year,Yes,Credit card (automatic),48.39,3152.18,0
3481-['G' 'M' 'A' 'F' 'U'],Male,0,No,Yes,29,No,No,DSL,No,Yes,No,Yes,Yes,Yes,Month-to-month,Yes,Electronic check,72.61,2115.26,1
8049-['H' 'B' 'R' 'O' 'X'],Female,1,No,No,7,No,No,Fiber optic,No,Yes,No,Yes,Yes,No,Two year,Yes,Mailed check,79.57,551.04,0
5197-['X' 'N' 'Y' 'Y' 'V'],Male,0,Yes,No,1,Yes,No,Fiber optic,No,No,No,No,Yes,No,One year,No,Mailed check,86.94,96.04,1
4185-['X' 'C' 'A' 'W' 'A'],Female,0,Yes,No,24,Yes,No,No,No,No,No,No,No,No,Month-to-month,Yes,Credit card (automatic),32.74,788.4,1
1557-['A' 'A' 'D' 'L' 'O'],Female,0,Yes,No,18,Yes,Yes,Fiber optic,No,Yes,No,No,Yes,Yes,Two year,Yes,Electronic check,111.5,1990.1,0
1091-['D' 'J' 'K' 'F' 'J'],Female,0,No,No,70,Yes,No,Fiber optic,No,No,No,Yes,No,Yes,One year,Yes,Mailed check,90.85,6346.07,0
5235-['C' 'O' 'P' 'J' 'V'],Female,1,No,No,13,Yes,No,No,No,No,No,No,No,No,Month-to-month,Yes,Bank transfer (automatic),34.75,448.32,1
7716-['W' 'K' 'P' 'Q' 'N'],Male,0,Yes,No,3,Yes,No,DSL,No,No,Yes,Yes,Yes,No,Two year,Yes,Bank transfer (automatic),76.83,220.14,0
1909-['F' 'J' 'Q' 'W' 'J'],Female,0,Yes,No,45,Yes,No,Fiber optic,No,No,No,Yes,Yes,No,Month-to-month,Yes,Credit card (automatic),88.44,3983.59,0
7153-['N' 'T' 'Q' 'I' 'O'],Female,1,Yes,No,32,Yes,Yes,Fiber optic,No,No,Yes,Yes,Yes,No,Month-to-month,Yes,Credit card (automatic),105.06,3370.6,1
9705-['D' 'T' 'X' 'R' 'K'],Male,0,No,No,36,Yes,No,Fiber optic,Yes,Yes,No,Yes,Yes,No,Two year,No,Mailed check,100.52,3609.79,0
6631-['V' 'T' 'E' 'B' 'E'],Female,0,No,No,29,Yes,Yes,Fiber optic,No,No,No,No,Yes,No,Month-to-month,Yes,Bank transfer (automatic),92.5,2675.59,1
7754-['L' 'S' 'G' 'S' 'D'],Female,1,No,No,26,Yes,Yes,Fiber optic,No,No,No,Yes,Yes,Yes,Month-to-month,No,Electronic check,110.42,2881.26,1
8250-['Z' 'Z' 'R' 'Z' 'G'],Female,0,Yes,No,12,Yes,Yes,Fiber optic,No,Yes,Yes,No,Yes,Yes,One year,Yes,Credit card (automatic),117.95,1421.04,0
5718-['U' 'A' 'L' 'Z' 'X'],Female,1,No,Yes,70,Yes,Yes,Fiber optic,No,Yes,No,No,No,No,Month-to-month,No,Mailed check,90.04,6294.3,1
1598-['F' 'Z' 'M' 'F' 'M'],Male,0,Yes,Yes,37,Yes,No,Fiber optic,No,Yes,No,No,No,Yes,One year,Yes,Mailed check,88.45,3265.41,0
9111-['H' 'M' 'M' 'T' 'T'],Male,0,Yes,No,51,Yes,No,No,No,No,No,No,No,No,Month-to-month,No,Credit card (automatic),33.01,1667.87,1
7466-['O' 'Q' 'F' 'X' 'S'],Male,0,Yes,No,72,Yes,No,DSL,No,No,No,No,Yes,No,Two year,Yes,Electronic check,70.81,5099.91,0
