CustomerID,churn_prob,V_i,c_i,E_i,ROI_ratio,Target_Offer_Decision
1400-MMYXY,0.9300205263682606,1270.8000000000002,190.62000000000003,163.9410254726357,0.8600410527365211,1
4587-VVTOX,0.9232967914440543,1263.6,189.54,160.4633477006121,0.8465935828881086,1
7216-EWTRS,0.9407411245658956,1209.6,181.43999999999997,159.93613928247223,0.8814822491317915,1
6496-SLWHQ,0.9165917607735303,1260.0,189.0,157.47168557239445,0.8331835215470605,0
7181-BQYBV,0.9269555903572899,1229.4,184.41,157.46976083557573,0.8539111807145802,1
8884-ADFVN,0.9278681655595701,1223.4,183.51000000000002,157.03617412367336,0.8557363311191398,1
2656-TABEH,0.9327501811009736,1202.4,180.36,156.1016453267432,0.8655003622019473,1
6861-XWTWQ,0.9362218912102178,1191.0,178.65,155.8620817294108,0.8724437824204354,1
1455-UGQVH,0.9352761547217353,1182.0,177.29999999999998,154.34892446432738,0.870552309443471,1
5419-JPRRN,0.9221510766302049,1217.4,182.61,154.17801620688346,0.8443021532604098,1
6108-OQZDQ,0.9371742730858462,1175.4,176.31,154.1563921755311,0.8743485461716924,1
5178-LMXOP,0.9498390253503071,1141.1999999999998,171.17999999999998,154.00688871893104,0.8996780507006137,1
2012-NWRPA,0.9286568675727591,1194.6,179.18999999999997,153.6220482007254,0.8573137351455183,1
0107-YHINA,0.9276509500428742,1197.0,179.54999999999998,153.56945616039613,0.8553019000857485,1
0897-FEGMU,0.9284872496826307,1194.0,179.1,153.48413283631837,0.8569744993652617,1
6023-YEBUP,0.9218333501449889,1211.4,181.71,153.30267610969187,0.8436667002899778,1
0365-BZUWY,0.9146055858664711,1230.6,184.58999999999997,153.06409019018378,0.8292111717329422,0
6688-UZPWD,0.9161795863759012,1224.0,183.6,152.82114411723094,0.8323591727518026,1
3389-YGYAI,0.9013591470201904,1266.0,189.9,152.4362040382683,0.8027182940403808,0
3902-FOIGH,0.9176335959727754,1216.1999999999998,182.42999999999998,152.3777938266268,0.8352671919455508,1
5567-WSELE,0.9456506875651876,1135.1999999999998,170.27999999999997,151.7707981572002,0.8913013751303749,1
3049-SOLAY,0.9425760702110935,1142.4,171.36,151.67967078274592,0.8851521404221866,1
0880-TKATG,0.9147086986232357,1213.8000000000002,182.07000000000002,151.01202551666503,0.8294173972464712,0
9681-OXGVC,0.9169807977946729,1206.0,180.9,150.86365264211267,0.8339615955893458,1
1075-BGWOH,0.9235931975154346,1185.0,177.75,150.58738171673696,0.8471863950308689,1
4822-RVYBB,0.9157140469535869,1207.1999999999998,181.07999999999996,150.554999244711,0.8314280939071739,0
0680-DFNNY,0.9134507651358995,1213.1999999999998,181.97999999999996,150.47954047886196,0.826901530271799,0
2265-CYWIV,0.9194123227704101,1195.1999999999998,179.27999999999997,150.3844824525582,0.83882464554082,1
4298-OYIFC,0.9010308521225675,1241.4,186.21,149.35190994748658,0.8020617042451349,0
3621-CEOVK,0.9140006000438126,1202.4,180.36,149.3382964478041,0.8280012000876253,0
0781-LKXBR,0.9112154751875362,1206.0,180.9,148.7777589228506,0.8224309503750724,0
5995-SNNEW,0.8953150164789427,1253.4,188.01000000000002,148.64635249641205,0.7906300329578854,0
0702-PGIBZ,0.9055731787927771,1220.4,183.06,148.4884522196116,0.8111463575855544,0
0295-PPHDO,0.93184604151544,1145.4,171.81,148.39093678553553,0.8636920830308802,1
8625-AZYZY,0.8930860133683273,1255.8000000000002,188.37000000000003,148.09122467638358,0.7861720267366542,0
9497-QCMMS,0.938570008184226,1122.6,168.39,147.7016073562836,0.8771400163684518,1
9300-AGZNL,0.9357906961894812,1128.0,169.2,147.4715715905204,0.8715813923789623,1
2720-WGKHP,0.9355692497158099,1128.0,169.2,147.39663410383008,0.8711384994316199,1
4424-TKOPW,0.9355834080812221,1126.1999999999998,168.92999999999998,147.1662102543216,0.8711668161624438,1
5150-ITWWB,0.9308730489035534,1138.1999999999998,170.72999999999996,147.1259112786073,0.8617460978071068,1
2446-BEGGB,0.9156531778435929,1179.0,176.85,147.01652900327875,0.8313063556871855,0
3473-XIIIT,0.9082573351258086,1200.0,180.0,146.9726406452911,0.8165146702516173,0
2968-SSGAA,0.9048534781778628,1207.1999999999998,181.07999999999996,146.6217356568948,0.8097069563557259,0
4910-GMJOT,0.9304539265016719,1135.1999999999998,170.27999999999997,146.59538920940935,0.8609078530033437,1
9061-TIHDA,0.9272798023888491,1143.0,171.45,146.5142442391363,0.854559604777698,1
6892-XPFPU,0.890329384829936,1251.0,187.65,146.49061812667495,0.7806587696598718,0
7024-OHCCK,0.9326204255781559,1126.1999999999998,168.92999999999998,146.16513698583574,0.8652408511563119,1
3158-MOERK,0.9228685932573287,1152.0,172.79999999999998,146.1433858297328,0.8457371865146576,1
3606-TWKGI,0.8796014934704809,1282.8000000000002,192.42000000000002,146.08583874717988,0.7592029869409618,0
2027-FECZV,0.8801918227819918,1280.4,192.06,146.03928296701872,0.7603836455639837,0
1374-DMZUI,0.9300734483277489,1131.6,169.73999999999998,146.00133423830417,0.8601468966554977,1
6521-YYTYI,0.9344159265365479,1119.6,167.93999999999997,145.91162140509576,0.8688318530730963,1
2982-VPSGI,0.9309249345033415,1128.0,169.2,145.82499783593073,0.8618498690066828,1
8149-RSOUN,0.9315703054053995,1126.1999999999998,168.92999999999998,145.8103433842683,0.8631406108107992,1
3811-VBYBZ,0.9056199744543101,1197.6,179.64,145.73114442194452,0.8112399489086202,0
9057-SIHCH,0.9189065859596293,1159.1999999999998,173.87999999999997,145.67895433332066,0.8378131719192586,1
9221-OTIVJ,0.8856523344923858,1258.1999999999998,188.72999999999996,145.5683301774959,0.7713046689847716,0
8098-LLAZX,0.9236141672641273,1145.4,171.81,145.5623001552994,0.8472283345282544,1
7450-NWRTR,0.9065642577262982,1193.4,179.01000000000002,145.55813555116927,0.8131285154525962,0
1465-VINDH,0.8959509141175616,1225.1999999999998,183.77999999999997,145.53571799305087,0.7919018282351229,0
7851-WZEKY,0.9248708892820144,1141.8000000000002,171.27,145.53527441466125,0.849741778564029,1
3319-DWOEP,0.9208033127158773,1149.0,172.35,145.0509018931629,0.8416066254317546,1
2430-USGXP,0.8971424457863011,1212.6,181.89,144.47247892814056,0.794284891572602,0
4078-SAYYN,0.898255521674889,1209.0,181.35,144.4472777114822,0.7965110433497778,0
7225-CBZPL,0.9226214720195657,1137.6,170.64,144.23225597083734,0.8452429440391312,1
4192-GORJT,0.9241842103586481,1133.4,170.01000000000002,144.2311152061475,0.848368420717296,1
8161-QYMTT,0.9247700501051527,1129.1999999999998,169.37999999999997,143.89510217362144,0.849540100210305,1
7398-SKNQZ,0.9211515922058324,1138.8000000000002,170.82000000000002,143.88222996120058,0.8423031844116646,1
3096-GKWEB,0.918895648563192,1137.0,170.54999999999998,142.88530572490478,0.837791297126384,1
6734-GMPVK,0.8769235946897839,1263.6,189.54,142.8841962750033,0.7538471893795679,0
6100-QQHEB,0.9287371468881392,1110.6,166.58999999999997,142.84664260019025,0.8574742937762787,1
1626-ERCMM,0.919336293421982,1134.6,170.18999999999997,142.73368755497424,0.8386725868439642,1
4626-GYCZP,0.9222178775110668,1126.1999999999998,168.92999999999998,142.65053209588896,0.8444357550221333,1
9874-QLCLH,0.8799105779932626,1250.4,187.56,142.51205601683267,0.7598211559865252,0
7668-XCFYV,0.9277091769700143,1110.6,166.58999999999997,142.50414358286935,0.8554183539400286,1
4021-RQSNY,0.9017553179866735,1182.0,177.29999999999998,142.46243575807446,0.8035106359733473,0
0115-TFERT,0.8558515011563622,1334.4,200.16,142.45447294291498,0.7117030023127248,0
3452-GWUIN,0.9167438476817725,1139.4,170.91,142.45138201458346,0.833487695363545,1
0564-JJHGS,0.9141480351057576,1146.0,171.9,142.38409446935944,0.8282960702115151,0
2660-EMUBI,0.9146584859668435,1144.1999999999998,171.62999999999997,142.3356718929787,0.8293169719336871,0
5956-YHHRX,0.8776198921206763,1252.1999999999998,187.82999999999996,141.85668867405323,0.7552397842413526,0
5955-ERIHD,0.9157965922828357,1136.4,170.46,141.7533742410644,0.8315931845656717,0
6615-NGGZJ,0.8915899574869338,1206.6,180.98999999999998,141.7477328111203,0.7831799149738677,0
1309-BXVOQ,0.8706583819311553,1273.1999999999998,190.97999999999996,141.57667556242404,0.7413167638623106,0
0011-IGKFF,0.9008734777295384,1176.0,176.4,141.42816294298112,0.8017469554590766,0
2725-KXXWT,0.9324957780492947,1089.0,163.35,141.29637068870457,0.8649915560985894,1
5052-PNLOS,0.8725179236513603,1264.1999999999998,189.62999999999997,141.28114772401486,0.7450358473027204,0
7943-RQCHR,0.9129316980341927,1137.0,170.54999999999998,140.85100219946312,0.8258633960683854,0
3643-AHCFP,0.9091504026259116,1147.1999999999998,172.07999999999996,140.81320256773373,0.8183008052518234,0
2929-ERCFZ,0.914511726046048,1130.4,169.56,140.56921653673584,0.8290234520920963,0
5519-YLDGW,0.8756321045145469,1246.8000000000002,187.02,140.50143237262117,0.751264209029094,0
3292-PBZEJ,0.8495793877127663,1336.8000000000002,200.52,140.1953176483278,0.6991587754255326,0
5299-SJCZT,0.8829749691398735,1218.6,182.79,140.0079892181549,0.7659499382797468,0
4927-WWOOZ,0.9247219013077068,1097.4,164.61,139.82694434852323,0.8494438026154135,1
3178-FESZO,0.8856189282638713,1203.0,180.45,139.1698712104312,0.771237856527743,0
6683-VLCTZ,0.8922442382679875,1182.6,177.39,139.16041085271655,0.7844884765359748,0
7526-BEZQB,0.9018066574172727,1152.6,172.89,138.93670600174454,0.8036133148345453,0
2371-JQHZZ,0.91436566552827,1116.0,167.4,138.72962481886478,0.8287313310565398,0
0871-URUWO,0.8768787538120384,1227.0,184.04999999999998,138.7290692782113,0.7537575076240768,0
9647-ERGBE,0.8847462769988357,1200.6,180.08999999999997,138.5779140494406,0.7694925539976714,0
8118-LSUEL,0.861769851584733,1276.8000000000002,191.52,138.57232395101616,0.7235397031694661,0
7234-FECYN,0.8797869106867634,1216.1999999999998,182.42999999999998,138.56905223317247,0.7595738213735268,0
0754-UKWQP,0.9013902377342887,1150.1999999999998,172.52999999999997,138.5037154325936,0.8027804754685771,0
0684-AOSIH,0.9048976532984723,1140.0,171.0,138.47499742807753,0.8097953065969447,0
9189-JWSHV,0.9111090292527392,1122.6,168.39,138.45329887173745,0.8222180585054781,0
9919-KNPOO,0.9077673448936557,1131.6,169.73999999999998,138.42885824449823,0.8155346897873115,0
1450-GALXR,0.890001576593784,1182.0,177.29999999999998,138.29455906015582,0.7800031531875682,0
3793-MMFUH,0.9040268817352812,1140.6,171.08999999999997,138.24991839217853,0.8080537634705626,0
7218-HKQFK,0.90754514108896,1130.4,169.56,138.2067082460881,0.81509028217792,0
5519-NPHVG,0.9074229865392577,1130.4,169.56,138.16528319519307,0.8148459730785154,0
3320-VEOYC,0.9013399651518806,1147.1999999999998,172.07999999999996,138.1251624066712,0.8026799303037612,0
0236-HFWSV,0.9103728515857638,1120.1999999999998,168.02999999999997,137.90990050391173,0.8207457031715274,0
7029-RPUAV,0.8811898729823016,1205.4,180.81,137.84588186785987,0.762379745964603,0
8775-LHDJH,0.9215780636211127,1087.1999999999998,163.07999999999996,137.50190123066213,0.8431561272422257,1
5565-FILXA,0.8968937281321662,1153.8000000000002,173.07000000000002,137.38079505566802,0.7937874562643323,0
0654-HMSHN,0.8655246829428799,1252.8000000000002,187.92000000000002,137.37879683725197,0.7310493658857596,0
6350-XFYGW,0.9025869749050479,1137.0,170.54999999999998,137.3224171401118,0.8051739498100957,0
5293-WXJAK,0.8665711824865502,1248.6,187.29,137.31023353581193,0.7331423649731003,0
9094-AZPHK,0.8807309165312894,1201.8000000000002,180.27,137.2687246461911,0.7614618330625788,0
0187-QSXOE,0.9283579058555346,1068.0,160.2,137.24587303611327,0.8567158117110691,1
7780-OTDSO,0.8834993560388817,1192.8000000000002,178.92000000000002,137.23140956495348,0.7669987120777636,0
2439-LYPMQ,0.8703983995522535,1231.1999999999998,184.67999999999998,136.81035285862035,0.740796799104507,0
9134-CEQMF,0.924500340774695,1074.0,161.1,136.77400979760668,0.8490006815493897,1
9172-ANCRX,0.8837036321955443,1184.4,177.66,136.33757459172077,0.7674072643910884,0
0655-RBDUG,0.8861753390720529,1176.6,176.48999999999998,136.31217118565317,0.7723506781441055,0
8313-NDOIA,0.8634057698465951,1249.8000000000002,187.47000000000003,136.25535934628238,0.7268115396931901,0
3006-XIMLN,0.9017017957701267,1130.4,169.56,136.22511298156536,0.8034035915402533,0
5883-GTGVD,0.8784078473150536,1199.4,179.91,136.1587116209026,0.7568156946301073,0
5219-YIPTK,0.8618106320680866,1252.8000000000002,187.92000000000002,135.98290795646972,0.7236212641361734,0
4929-XIHVW,0.8954150489824547,1146.0,171.9,135.94369384016792,0.7908300979649093,0
8245-UMPYT,0.8912098101879005,1156.8000000000002,173.52,135.76545252760903,0.7824196203758012,0
5935-FCCNB,0.9001374827166266,1130.4,169.56,135.69462313886243,0.8002749654332533,0
9944-HKVVB,0.8962917789222825,1141.1999999999998,171.17999999999998,135.67445343183257,0.7925835578445647,0
6030-REHUX,0.839072004556206,1330.1999999999998,199.52999999999997,135.31007413819952,0.6781440091124119,0
8337-UPOAQ,0.9178841296211021,1077.6,161.64,135.09358142390988,0.8357682592422042,1
6326-MTTXK,0.8713202632438124,1210.1999999999998,181.52999999999997,134.8115347732985,0.7426405264876247,0
5380-AFSSK,0.898780411180186,1126.8000000000002,169.02,134.80373019535008,0.797560822360372,0
2249-YPRNG,0.8537267857093714,1270.1999999999998,190.52999999999997,134.7911289624131,0.7074535714187431,0
3027-ZTDHO,0.9161463960758129,1078.8000000000002,161.82000000000002,134.68161962597614,0.832292792151626,0
7392-YYPYJ,0.8715478489725565,1207.8000000000002,181.17000000000002,134.6266475967161,0.7430956979451129,0
3387-VATUS,0.89392096198737,1138.1999999999998,170.72999999999996,134.50825168020737,0.7878419239747402,0
6892-EZDTG,0.907665529979815,1099.8000000000002,164.97000000000003,134.50516496154017,0.81533105995963,0
9725-SCPZG,0.9112392286492397,1090.1999999999998,163.52999999999997,134.49990212202033,0.8224784572984795,0
4826-XTSOH,0.9340579517933032,1032.6,154.89,134.4624723065295,0.8681159035866066,1
0325-XBFAC,0.8940143468008356,1136.4,170.46,134.32737111134085,0.788028693601671,0
8397-MVTAZ,0.8729233756723693,1200.6,180.08999999999997,134.31954144967392,0.7458467513447384,0
7577-SWIFR,0.9180171239819688,1071.0,160.65,134.30890193540657,0.8360342479639375,0
4145-UQXUQ,0.904978476222872,1105.1999999999998,165.77999999999997,134.2746635764554,0.8099569524457438,0
8622-ZLFKO,0.9109294850266441,1089.0,163.35,134.25066275820458,0.821858970053288,0
8111-SLLHI,0.8527227253494015,1267.8000000000002,190.17000000000002,134.15456135939138,0.705445450698803,0
0970-ETWGE,0.9160821936580171,1074.6,161.18999999999997,134.1365775914716,0.8321643873160346,0
6198-RTPMF,0.9019250697445751,1111.1999999999998,166.67999999999998,133.98574125005152,0.8038501394891501,0
4060-LDNLU,0.8868566017497093,1154.4,173.16,133.97617831795932,0.7737132034994186,0
7274-RTAPZ,0.910621812340899,1086.6,162.98999999999998,133.85449838688626,0.8212436246817981,0
6583-KQJLK,0.8925172243463855,1135.8000000000002,170.37000000000003,133.74631902378738,0.7850344486927707,0
7079-QRCBC,0.87607410565146,1185.0,177.75,133.69434455909402,0.75214821130292,0
3722-WPXTK,0.9194321546132749,1060.1999999999998,159.02999999999997,133.40459109629813,0.8388643092265494,1
8443-WVPSS,0.8706877308269819,1198.1999999999998,179.72999999999996,133.24741172306688,0.7413754616539637,0
6116-RFVHN,0.8684134702502824,1205.4,180.81,133.22567911190714,0.7368269405005649,0
3988-RQIXO,0.9051837868747529,1095.6,164.33999999999997,133.17580706999377,0.8103675737495059,0
1415-YFWLT,0.9142165948165555,1071.6,160.73999999999998,133.16235090162624,0.828433189633111,0
7548-SEPYI,0.8842471326337037,1155.0,173.25,133.14163145757834,0.7684942652674075,0
1455-ESIQH,0.9147519582013538,1069.1999999999998,160.37999999999997,133.0358381126662,0.8295039164027075,0
6851-WEFYX,0.8665373810162137,1209.6,181.43999999999997,133.0090848231636,0.7330747620324273,0
7938-OUHIO,0.8743356283914013,1184.4,177.66,133.00893548003276,0.7486712567828029,0
9253-QXKBE,0.8908928620146547,1133.4,170.01000000000002,132.91139094222288,0.7817857240293092,0
4735-ASGMA,0.8749214192332314,1180.1999999999998,177.02999999999997,132.7446776937179,0.7498428384664629,0
9025-AOMKI,0.8940950207993886,1122.6,168.39,132.72332110481807,0.7881900415987771,0
3068-OMWZA,0.9150533785058574,1065.6,159.83999999999997,132.68426404075245,0.8301067570117147,0
3957-LXOLK,0.8471960534134131,1273.8000000000002,191.07000000000002,132.67749985140168,0.6943921068268261,0
8357-EQXFO,0.8863893423120923,1144.1999999999998,171.62999999999997,132.63200564204877,0.7727786846241845,0
2645-QTLMB,0.8906982986055784,1131.0,169.65,132.56393271687276,0.7813965972111568,0
3318-NMQXL,0.9002259014147261,1104.0,165.6,132.55481854855728,0.8004518028294522,0
2454-RPBRZ,0.8750520951242783,1177.1999999999998,176.57999999999996,132.45339791409012,0.7501041902485568,0
4952-YSOGZ,0.9280370718622409,1031.4,154.71,132.44323077561458,0.8560741437244818,1
2034-GDRCN,0.9067319639610947,1084.8000000000002,162.72000000000003,132.36685035149867,0.8134639279221894,0
4094-NSEDU,0.8897794324674304,1131.0,169.65,132.25216143619915,0.7795588649348608,0
4695-WJZUE,0.9141610062817751,1062.6,159.39,132.02624558250426,0.8283220125635502,0
9546-CQJSU,0.900964690193864,1096.8000000000002,164.52,131.93342166138902,0.801929380387728,0
8087-LGYHQ,0.8896301857168752,1128.6,169.29,131.9209882800196,0.7792603714337504,0
2754-VDLTR,0.8845657226314457,1142.4,171.36,131.7983644602491,0.7691314452628916,0
1104-TNLZA,0.8459919825503116,1269.6,190.43999999999997,131.78142631376264,0.6919839651006231,0
8510-AWCXC,0.8626684514450886,1209.6,181.43999999999997,131.60512766039378,0.7253369028901775,0
0302-JOIVN,0.8611324648015919,1213.8000000000002,182.07000000000002,131.5027757328517,0.7222649296031838,0
7209-JCUDS,0.8848679034348915,1138.8000000000002,170.82000000000002,131.48627052949635,0.769735806869783,0
6215-NQCPY,0.8662773195280742,1196.4,179.46,131.4642555250164,0.7325546390561484,0
4597-NUCQV,0.860638161411854,1215.0,182.25,131.45260983462077,0.7212763228237079,0
2568-OIADY,0.8668568484845318,1194.0,179.1,131.4081231271593,0.7337136969690637,0
4039-HEUNW,0.8780985665400334,1158.0,173.7,131.35144201600758,0.7561971330800668,0
8290-YWKHZ,0.8913387629923063,1118.4,167.76000000000002,131.30198175917857,0.7826775259846123,0
9809-IMGCQ,0.8770385611491982,1160.4,174.06,131.25466390725887,0.7540771222983964,0
5382-SOYZL,0.8830067178965261,1141.1999999999998,171.17999999999998,131.1261799390546,0.7660134357930518,0
2985-FMWYF,0.8894758315526838,1122.0,168.29999999999998,131.0975649006334,0.7789516631053678,0
4077-CROMM,0.8493924298962168,1250.4,187.56,131.06408830266884,0.6987848597924335,0
2865-TCHJW,0.9080897113996342,1070.4,160.56,131.04576812465058,0.8161794227992687,0
9611-CTWIH,0.9069366782551562,1073.4,161.01000000000002,131.04174913172537,0.8138733565103121,0
7969-AULMZ,0.8738941536022446,1168.1999999999998,175.22999999999996,131.03494507144268,0.7477883072044895,0
6900-PXRMS,0.8441806999481807,1269.0,190.35,131.02959247027238,0.6883613998963614,0
5244-IRFIH,0.8851331418029766,1134.0,170.1,131.02229484137266,0.7702662836059533,0
6210-KBBPI,0.8658862265827897,1193.4,179.01000000000002,130.9945868411704,0.7317724531655795,0
3338-CVVEH,0.8848184289200122,1134.6,170.18999999999997,130.98449683579375,0.7696368578400246,0
4445-ZJNMU,0.8662632410457365,1191.6,178.73999999999998,130.93178340902986,0.732526482091473,0
5449-FIBXJ,0.8518737035684373,1239.6,185.93999999999997,130.85479288303046,0.7037474071368747,0
1724-BQUHA,0.9061225646454664,1074.0,161.1,130.85269032876923,0.8122451292909325,0
8414-MYSHR,0.897527984285794,1096.8000000000002,164.52,130.8026079493977,0.7950559685715882,0
3001-CBHLQ,0.8462335876070357,1258.8000000000002,188.82000000000002,130.75165202392103,0.6924671752140716,0
0196-VULGZ,0.9298564935755814,1012.1999999999999,151.82999999999998,130.530222839161,0.8597129871511626,1
7228-OMTPN,0.9098471954984502,1061.4,159.21,130.50354399061652,0.8196943909969004,0
3489-HHPFY,0.9311513362117521,1008.5999999999999,151.29,130.45777131095193,0.8623026724235041,1
6630-UJZMY,0.9351826892862677,999.0,149.85,130.4242519790944,0.8703653785725353,1
2081-VEYEH,0.8353820514815918,1295.4,194.31,130.33617284677626,0.6707641029631839,0
9330-IJWIO,0.8607215195433823,1204.1999999999998,180.62999999999997,130.31425615024224,0.7214430390867644,0
2845-AFFTX,0.8627002138436406,1197.6,179.64,130.31093282974314,0.725400427687281,0
8972-HJWNV,0.9279883306582355,1014.5999999999999,152.18999999999997,130.2710880857537,0.855976661316471,1
2107-FBPTK,0.8476052219488545,1249.1999999999998,187.37999999999997,130.26853297755267,0.6952104438977089,0
1273-MTETI,0.9070733597440416,1066.1999999999998,159.92999999999998,130.20648484772906,0.8141467194880828,0
2074-GKOWZ,0.9031381089070705,1074.6,161.18999999999997,129.96366354946136,0.8062762178141409,0
2845-HSJCY,0.9135660059874904,1047.0,157.04999999999998,129.90108248067074,0.8271320119749809,0
0480-BIXDE,0.8724558649188947,1161.6,174.23999999999998,129.79341980693638,0.7449117298377893,0
0329-GTIAJ,0.8681700458598621,1174.8000000000002,176.22000000000003,129.75785096284983,0.7363400917197243,0
9223-UCPVT,0.8811890356378995,1132.8000000000002,169.92000000000002,129.5432818711838,0.7623780712757992,0
7779-LGOVN,0.9148474703200675,1039.8000000000002,155.97000000000003,129.40751989164187,0.8296949406401349,0
4847-TAJYI,0.9016607312044815,1072.1999999999998,160.82999999999996,129.19819079923352,0.8033214624089632,0
1925-TIBLE,0.9146747471879808,1038.0,155.7,129.12971627433723,0.8293494943759617,0
2612-RANWT,0.8579627010366854,1201.8000000000002,180.27,129.05987223176655,0.7159254020733707,0
9360-OMDZZ,0.8804835236537657,1129.1999999999998,169.37999999999997,128.89259847294963,0.7609670473075313,0
1960-UYCNN,0.8757899381658404,1143.0,171.45,128.85836979706664,0.7515798763316807,0
4951-UKAAQ,0.9022383748883601,1067.4,160.11,128.80477240675066,0.80447674977672,0
8868-WOZGU,0.8383373206363373,1268.4,190.26000000000002,128.74411724853903,0.6766746412726743,0
3727-RJMEO,0.9314503265279037,994.1999999999999,149.13,128.68437439021255,0.8629006530558074,1
1567-DSCIC,0.880168351181476,1128.0,169.2,128.6489700398115,0.7603367023629521,0
2990-HWIML,0.8992547810605295,1074.0,161.1,128.6398904577026,0.798509562121059,0
5383-MMTWC,0.9252982403611577,1008.0,151.2,128.6101878852141,0.8505964807223154,1
8603-IJWDN,0.9122189873225067,1039.1999999999998,155.87999999999997,128.51339148766468,0.8244379746450134,0
2462-XIIJB,0.8858076081128825,1110.0,166.5,128.47393350158984,0.7716152162257648,0
4132-KALRO,0.853764256778412,1210.1999999999998,181.52999999999997,128.43765106597021,0.7075285135568239,0
8382-SHQEH,0.919941603499367,1018.8000000000001,152.82,128.35095169354656,0.8398832069987342,1
5349-IECLD,0.8753971379009895,1139.4,170.91,128.31824967731623,0.750794275801979,0
1624-NALOJ,0.89691638000519,1077.6,161.64,128.31512732807778,0.7938327600103798,0
1393-IMKZG,0.8717799916834695,1150.1999999999998,172.52999999999997,128.28640393029798,0.7435599833669391,0
4228-ZGYUW,0.8954520949455085,1080.6,162.08999999999997,128.1976601394349,0.7909041898910169,0
1579-KLYDT,0.8936441618313962,1085.4,162.81,128.17841197553923,0.7872883236627924,0
2180-DXNEG,0.8705464172416524,1152.0,172.79999999999998,128.06084179871507,0.7410928344833049,0
0396-YCHWO,0.8723433911328884,1144.8000000000002,171.72000000000003,127.87761425067919,0.7446867822657767,0
4853-OITSN,0.8983758082816251,1069.8000000000002,160.47000000000003,127.85473190990479,0.7967516165632502,0
7249-WBIYX,0.9145021541360601,1027.1999999999998,154.07999999999996,127.73298381856827,0.8290043082721203,0
4115-NZRKS,0.8978515263180846,1069.8000000000002,160.47000000000003,127.68646885652606,0.795703052636169,0
7402-EYFXX,0.8789083523282762,1123.1999999999998,168.47999999999996,127.67695840053597,0.7578167046565527,0
0195-IESCP,0.9159859956870054,1023.0,153.45,127.66610207634193,0.8319719913740107,0
2840-XANRC,0.8806566047889794,1117.8000000000002,167.67000000000002,127.64938584993644,0.7613132095779592,0
5192-EBGOV,0.913448419530215,1028.4,154.26000000000002,127.55710639346196,0.8268968390604301,0
9282-IZGQK,0.9168369862022453,1020.0,153.0,127.55211777788702,0.8336739724044904,0
3990-QYKBE,0.8829854107200464,1110.0,166.5,127.53414176977543,0.7659708214400927,0
6356-ELRKD,0.8703856852771872,1147.1999999999998,172.07999999999996,127.47193744499677,0.7407713705543747,0
4813-HQMGZ,0.8918913730394896,1083.0,162.45,127.32550710053016,0.7837827460789792,0
2672-HUYVI,0.8880647001955685,1093.1999999999998,163.97999999999996,127.26969907613864,0.7761294003911371,0
6474-FVJLC,0.9109907938667258,1032.0,154.79999999999998,127.24274978113831,0.8219815877334518,0
3992-YWPKO,0.821484099771079,1318.8000000000002,197.82000000000002,127.19196923342966,0.6429681995421578,0
0722-SVSFK,0.8518312775798227,1204.8000000000002,180.72000000000003,127.16589696845108,0.703662555159645,0
5277-ZLOOR,0.9128752915359813,1026.6,153.98999999999998,127.15733228725153,0.8257505830719628,0
6328-ZPBGN,0.8710524216228475,1141.8000000000002,171.27,127.10029650269021,0.7421048432456951,0
2665-NPTGL,0.8596491587376613,1177.1999999999998,176.57999999999996,127.01369689979245,0.7192983174753227,0
1069-XAIEM,0.9148269351849404,1020.5999999999999,153.08999999999997,127.01171101492503,0.8296538703698808,0
2545-EBUPK,0.9194439795126539,1008.5999999999999,151.29,126.91535932093879,0.8388879590253077,1
7142-HVGBG,0.8420248556960452,1236.0,185.4,126.82281649209355,0.6840497113920904,0
7330-WZLNC,0.8877410420759145,1089.6,163.43999999999997,126.74479183377494,0.7754820841518292,0
1028-FFNJK,0.8465959311387913,1218.0,182.7,126.64615323811432,0.6931918622775826,0
9290-SHCMB,0.8631730257369222,1162.1999999999998,174.32999999999996,126.62390715343534,0.7263460514738449,0
2369-UAPKZ,0.837809042349351,1249.1999999999998,187.37999999999997,126.59731671084276,0.675618084698702,0
8593-WHYHV,0.9121572027022697,1023.5999999999999,153.54,126.56523380581294,0.8243144054045392,0
0259-GBZSH,0.9099185890075474,1027.8000000000002,154.17000000000002,126.39429773458716,0.8198371780150947,0
7394-FKDNK,0.8922995722881218,1073.4,161.01000000000002,126.32830826822098,0.7845991445762435,0
3045-XETSH,0.8695651279520654,1138.1999999999998,170.72999999999996,126.19170859051223,0.7391302559041308,0
4112-LUEIZ,0.8915977413646694,1074.0,161.1,126.17279226769645,0.7831954827293387,0
8780-IXSTS,0.8887162187686187,1081.1999999999998,162.17999999999998,126.08399271978917,0.7774324375372376,0
6393-WRYZE,0.8583550607852793,1171.8000000000002,175.77,125.97613806845712,0.7167101215705588,0
3097-NQYSN,0.9023216920073797,1042.1999999999998,156.32999999999996,125.78990022302727,0.8046433840147592,0
6857-VWJDT,0.8647501723149087,1147.8000000000002,172.17000000000002,125.59807433491568,0.7295003446298174,0
4716-HHKQH,0.8258296707655857,1284.6,192.68999999999997,125.56823851964143,0.6516593415311716,0
1143-NMNQJ,0.9064014792992765,1028.4,154.26000000000002,125.38298439341278,0.8128029585985529,0
5095-AESKG,0.8806248387307557,1098.0,164.7,125.37782187791089,0.7612496774615112,0
4912-PIGUY,0.911571678806126,1015.1999999999999,152.27999999999997,125.34827049719377,0.8231433576122523,0
3393-FMZPV,0.8473029543587524,1203.0,180.45,125.34163622807375,0.6946059087175049,0
8413-VONUO,0.8639642585658291,1147.8000000000002,172.17000000000002,125.32745279455764,0.7279285171316584,0
7156-MHUGY,0.8845415202855431,1086.0,162.9,125.28362730902998,0.7690830405710865,0
6969-MVBAI,0.886099713095975,1081.1999999999998,162.17999999999998,125.23530293981045,0.7721994261919501,0
0306-JAELE,0.8619620698336837,1153.1999999999998,172.97999999999996,125.2243976796612,0.7239241396673675,0
6507-ZJSUR,0.8843064893736169,1085.4,162.81,125.13787906983714,0.7686129787472338,0
9185-TQCVP,0.9069998839149017,1021.8000000000001,153.27,124.76174441527397,0.8139997678298033,0
4123-DVHPH,0.8933760187491061,1056.6,158.48999999999998,124.69233042309165,0.7867520374982123,0
6319-IEJWJ,0.8838964542779201,1082.4,162.36,124.65885663312622,0.7677929085558401,0
8844-TONUD,0.858043711225545,1159.8000000000002,173.97000000000003,124.57772888381612,0.7160874224510898,0
0697-ZMSWS,0.9039322668812605,1027.8000000000002,154.17000000000002,124.54847517016788,0.807864533762521,0
2754-SDJRD,0.8454335231633064,1201.8000000000002,180.27,124.54260244129856,0.6908670463266131,0
4750-ZRXIU,0.9089047251702809,1015.1999999999999,152.27999999999997,124.53602309786078,0.8178094503405621,0
3462-BJQQA,0.8850240869886427,1077.0,161.54999999999998,124.40128250603041,0.7700481739772852,0
1254-IZEYF,0.8456486526854818,1199.4,179.91,124.37129820929007,0.6912973053709637,0
3663-MITLP,0.8409837798309572,1215.0,182.25,124.28858774838392,0.6819675596619145,0
3565-UNOCC,0.8482287501587663,1188.6,178.29,124.1714077316129,0.6964575003175327,0
3629-ZNKXA,0.8387681733524884,1221.6,183.23999999999998,124.15176017021994,0.6775363467049769,0
5760-IFJOZ,0.8186133771025251,1295.4,194.31,123.81953060958335,0.6372267542050505,0
7508-MYBOG,0.8991896365051825,1033.1999999999998,154.97999999999996,123.73281973114638,0.7983792730103653,0
2809-ZMYOQ,0.8390718588484214,1216.1999999999998,182.42999999999998,123.71375841943498,0.6781437176968426,0
1195-OIYEJ,0.8769294816524438,1093.1999999999998,163.97999999999996,123.61779280273544,0.7538589633048876,0
4548-SDBKE,0.9029185222687535,1022.4000000000001,153.36,123.58316915027206,0.8058370445375068,0
7488-MXJIV,0.9007629319324767,1027.8000000000002,154.17000000000002,123.57124243205988,0.8015258638649534,0
5138-WVKYJ,0.8480728129641868,1182.6,177.39,123.48927258343417,0.6961456259283735,0
5923-GXUOC,0.8283033666629867,1252.8000000000002,187.92000000000002,123.3895373266169,0.6566067333259733,0
8634-MPHTR,0.842400982606076,1200.6,180.08999999999997,123.32598591505644,0.684801965212152,0
1731-TVIUK,0.8661732519477484,1122.0,168.29999999999998,123.25391660561209,0.7323465038954967,0
8739-XNIKG,0.9074750116099549,1008.0,151.2,123.22044351085037,0.81495002321991,0
1173-XZPYF,0.8833439861760402,1070.4,160.56,123.09942084084997,0.7666879723520801,0
3384-CTMSF,0.82835560829539,1249.1999999999998,187.37999999999997,123.05454776478032,0.6567112165907799,0
4658-HCOHW,0.8323922725268256,1233.6,185.04,123.01173221672755,0.6647845450536509,0
9451-LPGOO,0.8935965828047921,1041.6,156.23999999999998,122.99106019484142,0.7871931656095842,0
6543-XRMYR,0.8425901647062994,1196.4,179.46,122.96246191638502,0.685180329412599,0
0899-LIIBW,0.8383109510605374,1210.1999999999998,181.52999999999997,122.82717389203873,0.676621902121075,0
4289-DTDKW,0.8366781792649292,1215.6,182.33999999999997,122.77979841433438,0.6733563585298585,0
7294-TMAOP,0.8759898643658071,1086.6,162.98999999999998,122.5651759859658,0.7519797287316142,0
8708-XPXHZ,0.8612825967766781,1130.4,169.56,122.51815421890706,0.722565193553356,0
5797-APWZC,0.8755492520291829,1087.1999999999998,163.07999999999996,122.48914404183827,0.7510985040583659,0
2642-DTVCO,0.8996784106497484,1020.5999999999999,153.08999999999997,122.37353577273996,0.7993568212994969,0
4423-YLHDV,0.8255651763789833,1252.8000000000002,187.92000000000002,122.36041589027707,0.6511303527579665,0
5868-YWPDW,0.9033598577737695,1010.4000000000001,151.56,122.26644008838502,0.8067197155475391,0
3143-JQEGI,0.8840051897465749,1060.1999999999998,159.02999999999997,122.13669065079557,0.7680103794931497,0
3427-GGZZI,0.8807654117849558,1069.1999999999998,160.37999999999997,122.13431348414238,0.7615308235699115,0
5229-PRWKT,0.8913271604781746,1038.6,155.79,121.92971666178963,0.7826543209563491,0
6986-IXNDM,0.8645605235689829,1114.8000000000002,167.22000000000003,121.9236215024107,0.729121047137966,0
9965-YOKZB,0.9035182517732903,1006.1999999999999,150.92999999999998,121.80601948028536,0.8070365035465804,0
2357-COQEK,0.8273765062123327,1239.6,185.93999999999997,121.74477513024229,0.6547530124246655,0
2205-YMZZJ,0.898477134455544,1017.5999999999999,152.64,121.64709960658848,0.7969542689110881,0
3801-HMYNL,0.8789739881754945,1069.8000000000002,160.47000000000003,121.62791176504322,0.757947976350989,0
2984-AFWNC,0.8539869922135196,1144.8000000000002,171.72000000000003,121.57329260581116,0.7079739844270391,0
5348-CAGXB,0.8770794716869724,1074.6,161.18999999999997,121.56288008244613,0.7541589433739447,0
9102-IAYHT,0.8949388717549323,1025.4,153.81,121.49109572925227,0.7898777435098645,0
6127-ISGTU,0.897247424185877,1019.4000000000001,152.91,121.4862072645249,0.794494848371754,0
3198-VELRD,0.8981676108736596,1017.0,152.54999999999998,121.48093807755353,0.7963352217473192,0
5419-CONWX,0.8379614701401115,1197.6,179.64,121.42279699193926,0.675922940280223,0
1751-NCDLI,0.8409599372698783,1186.1999999999998,177.92999999999998,121.33400327685885,0.6819198745397564,0
2685-SREOM,0.8782488441929414,1069.1999999999998,160.37999999999997,121.32709926332782,0.7564976883858826,0
4817-VYYWS,0.8363448164687629,1202.4,180.36,121.32630219661218,0.6726896329375259,0
5937-EORGB,0.8490619073895592,1158.0,173.7,121.26410662713289,0.6981238147791186,0
7315-WYOAW,0.834302553715511,1209.0,181.35,121.25153623261585,0.6686051074310221,0
9402-ORRAH,0.868062419270159,1098.0,164.7,121.23976090759038,0.7361248385403181,0
2215-ZAFGX,0.893767974578558,1026.0,153.9,121.20178257528013,0.7875359491571159,0
0023-XUOPT,0.8569769518299466,1129.1999999999998,169.37999999999997,120.92951220191267,0.7139539036598931,0
8058-JMEQO,0.8975953319716553,1013.4000000000001,152.01000000000002,120.87693282602262,0.7951906639433104,0
5685-IIXLY,0.9011556657639676,1003.1999999999999,150.48,120.73180916832362,0.8023113315279348,0
8374-XGEJJ,0.8319119258177182,1212.0,181.79999999999998,120.68317622732238,0.6638238516354367,0
4236-XPXAV,0.83806155177042,1189.8000000000002,178.47000000000003,120.66769028893367,0.6761231035408396,0
0318-QUUOB,0.9158154977631047,966.5999999999999,144.98999999999998,120.57817804134507,0.8316309955262093,0
1389-CXMLU,0.8677503487787658,1092.6,163.89,120.54120932270382,0.7355006975575314,0
0345-HKJVM,0.8741679245205356,1071.6,160.73999999999998,120.28750437486181,0.7483358490410714,0
8931-GJJIQ,0.9010837092150791,999.5999999999999,149.93999999999997,120.27698271941787,0.802167418430158,0
7028-DVOIQ,0.8372522305905605,1188.6,178.29,120.25740038398206,0.6745044611811211,0
6979-ZNSFF,0.8836449805010151,1044.6,156.68999999999997,120.22666398940814,0.7672899610020305,0
9912-GVSEQ,0.8556728846666856,1126.1999999999998,168.92999999999998,120.16764081348637,0.7113457693333711,0
5429-LWCMV,0.874330401822299,1069.8000000000002,160.47000000000003,120.13759916084865,0.748660803644598,0
3398-FSHON,0.8654511848068863,1095.6,164.33999999999997,120.11649542232738,0.7309023696137726,0
4285-GYRQC,0.8868410730204366,1035.0,155.25,120.11415317284559,0.7736821460408734,0
2034-CGRHZ,0.8239339745103611,1235.4,185.31,120.05640963303006,0.6478679490207223,0
4958-XCBDQ,0.8288263568370979,1216.8000000000002,182.52,120.03477329981425,0.657652713674196,0
1571-SAVHK,0.8334168630310335,1199.4,179.91,119.97005565582649,0.666833726062067,0
5442-UTCVD,0.8628143827768257,1102.1999999999998,165.32999999999996,119.96820380898518,0.7256287655536515,0
4433-JCGCG,0.8297798713004831,1212.0,181.79999999999998,119.90796120485564,0.6595597426009662,0
6087-MVHJH,0.8765074630610737,1061.4,159.21,119.88750638790711,0.7530149261221475,0
5590-BYNII,0.830487021919559,1209.0,181.35,119.86764285022403,0.660974043839118,0
2691-NZETQ,0.8899085097942164,1024.1999999999998,153.62999999999997,119.80328871937095,0.7798170195884331,0
3247-ZVOUO,0.8889790177734334,1026.6,153.98999999999998,119.79775789386198,0.7779580355468667,0
9734-YWGEX,0.838162425425492,1179.6,176.93999999999997,119.66891910957312,0.6763248508509843,0
3753-TSEMP,0.8761893191794234,1057.8000000000002,158.67000000000002,119.37991854839828,0.7523786383588471,0
0576-WNXXC,0.8470359327326562,1146.6,171.98999999999998,119.37342014137906,0.6940718654653123,0
4566-NECEV,0.8434011276158849,1158.6,173.79,119.35936393672924,0.6868022552317696,0
5940-NFXKV,0.8961143891952889,1003.8000000000001,150.57,119.28588716226932,0.7922287783905779,0
0168-XZKBB,0.8812497888535277,1042.1999999999998,156.32999999999996,119.20155898294391,0.7624995777070552,0
8709-KRDVL,0.8304781094421373,1200.0,180.0,118.9721193991694,0.6609562188842745,0
6029-WTIPC,0.8268574034391346,1213.1999999999998,181.97999999999996,118.96302055570743,0.6537148068782693,0
4086-YQSNZ,0.9104254286203126,964.8000000000001,144.72,118.79353605986333,0.8208508572406256,0
5644-PDMZC,0.8686756681309465,1074.0,161.1,118.787300271791,0.7373513362618932,0
2025-JKFWI,0.8329547207668005,1188.0,178.2,118.66506248128769,0.665909441533601,0
9992-RRAMN,0.8872981195588049,1021.1999999999999,153.17999999999998,118.65265190803544,0.7745962391176097,0
7120-RFMVS,0.8898523186111325,1014.0,152.1,118.59307532150646,0.7797046372222647,0
6518-LGAOV,0.8136126947461564,1260.0,189.0,118.5455986140471,0.6272253894923127,0
9897-KXHCM,0.9099518981608878,963.5999999999999,144.54,118.50889472034945,0.8199037963217757,0
5980-NOPLP,0.8425485452151895,1153.1999999999998,172.97999999999996,118.50809470264693,0.685097090430379,0
2876-GZYZC,0.8828988090975816,1031.4,154.71,118.47654951097368,0.765797618195163,0
3951-NJCVI,0.8457969078293855,1140.6,171.08999999999997,118.32478592105912,0.691593815658771,0
0939-YAPAF,0.8277036212921247,1203.0,180.45,118.26823692432782,0.6554072425842495,0
6230-BSUXY,0.8863546252594467,1020.0,153.0,118.22451532939073,0.7727092505188936,0
2959-MJHIC,0.9086240713580348,964.1999999999999,144.63,118.19859888102513,0.8172481427160695,0
2082-OJVTK,0.8680366460235356,1070.4,160.56,118.18392777107778,0.7360732920470714,0
6651-AZVTJ,0.8289373597552556,1197.6,179.64,118.18061461286823,0.6578747195105112,0
9600-UDOPK,0.8487153873787282,1128.6,169.29,118.0680558586898,0.6974307747574565,0
5597-GLBUC,0.8835398094704648,1025.4,153.81,117.98451618930437,0.7670796189409296,0
9172-JITSM,0.8606255891418753,1089.6,163.43999999999997,117.88129257869613,0.7212511782837503,0
2202-CUYXZ,0.8857499434946369,1018.1999999999999,152.73,117.83117773987172,0.7714998869892734,0
7613-LLQFO,0.8873999231199624,1013.4000000000001,152.01000000000002,117.77732462693095,0.7747998462399246,0
7994-UYIVZ,0.8819063248669493,1027.8000000000002,154.17000000000002,117.75699620947518,0.7638126497338987,0
3217-FZDMN,0.845849956345757,1133.4,170.01000000000002,117.59590215668433,0.6916999126915141,0
6877-TJMBR,0.8850625828584332,1017.5999999999999,152.64,117.5519052950225,0.7701251657168665,0
1628-BIZYP,0.8841398884985922,1020.0,153.0,117.5468058805692,0.7682797769971843,0
9957-YODKZ,0.9040995326864744,969.5999999999999,145.43999999999997,117.54447206784161,0.8081990653729485,0
0434-CSFON,0.8247528787747167,1206.0,180.9,117.49559154069252,0.6495057575494334,0
0220-EBGCE,0.8801040376099817,1030.1999999999998,154.52999999999997,117.4749538637409,0.7602080752199633,0
3585-ISXZP,0.8410989805718491,1147.8000000000002,172.17000000000002,117.45402297011054,0.6821979611436982,0
1564-NTYXF,0.897662165111647,984.0,147.6,117.3898711409582,0.7953243302232941,0
0674-DGMAQ,0.8482236276765187,1122.0,168.29999999999998,117.21207307591621,0.6964472553530375,0
0420-HLGXF,0.8263814929354193,1197.0,179.54999999999998,117.20359411310906,0.6527629858708386,0
9279-CJEOJ,0.841213454113309,1144.8000000000002,171.72000000000003,117.18634868067483,0.6824269082266178,0
7503-ZGUZJ,0.8843889970691017,1015.8000000000001,152.37,117.13870296683803,0.7687779941382032,0
4844-JJWUY,0.878272231904724,1032.0,154.79999999999998,117.1130829977026,0.7565444638094484,0
5167-ZFFMM,0.8575958125617072,1090.1999999999998,163.52999999999997,116.95528645643196,0.7151916251234146,0
1666-JXLKU,0.8246794433731927,1200.6,180.08999999999997,116.94304191415654,0.6493588867463854,0
4647-MUZON,0.8382695153139088,1151.4,172.71,116.8450559797304,0.6765390306278177,0
5949-XIKAE,0.8883057922063871,1002.5999999999999,150.39,116.79461617983708,0.776611584412774,0
3318-OSATS,0.8395839186358574,1145.4,171.81,116.6878261216533,0.6791678372717147,0
2057-ZBLPD,0.8747166792109732,1038.0,155.7,116.68677390629705,0.7494333584219465,0
3106-ULWFW,0.8803491151313662,1022.4000000000001,153.36,116.66068059309265,0.7606982302627324,0
7858-GTZSP,0.8737697353268898,1038.6,155.79,116.45917413315229,0.7475394706537795,0
6242-MBHPK,0.8399713926533755,1141.1999999999998,171.17999999999998,116.3926059888096,0.6799427853067509,0
1771-OADNZ,0.8366429652290659,1150.8000000000002,172.62000000000003,116.2226173156827,0.6732859304581316,0
3254-YRILK,0.8660009038035164,1058.4,158.76000000000002,116.21260697569252,0.7320018076070327,0
5889-LFOLL,0.8809995216609621,1015.1999999999999,152.27999999999997,116.03721431706265,0.7619990433219246,0
9801-GDWGV,0.8112251417015328,1241.4,186.21,115.90646727248483,0.6224502834030655,0
0378-NHQXU,0.8646715564793648,1059.0,158.85,115.85615349349419,0.7293431129587296,0
3312-UUMZW,0.8250415096886935,1186.1999999999998,177.92999999999998,115.66927163781841,0.6500830193773868,0
9124-LHCJQ,0.8759022233715757,1025.4,153.81,115.63504195356415,0.7518044467431516,0
6646-VRFOL,0.8090615873471402,1246.1999999999998,186.92999999999998,115.54576504560183,0.6181231746942805,0
6907-NZZIJ,0.8235429818363589,1189.8000000000002,178.47000000000003,115.48543193666995,0.6470859636727178,0
1866-RZZQS,0.8258478487394424,1180.8000000000002,177.12000000000003,115.42834193746009,0.6516956974788848,0
4521-YEEHE,0.8605222332817326,1066.1999999999998,159.92999999999998,115.31664153749492,0.7210444665634649,0
4140-MUHUG,0.8688162066395336,1042.1999999999998,156.32999999999996,115.31407516791657,0.7376324132790674,0
5569-KGJHX,0.8751802616236876,1024.1999999999998,153.62999999999997,115.27788718649421,0.7503605232473751,0
0125-LZQXK,0.8156727386145742,1216.1999999999998,182.42999999999998,115.17635541091354,0.6313454772291485,0
9601-BRXPO,0.8047993549299295,1259.4,188.91,115.15929227962599,0.6095987098598591,0
4143-OOBWZ,0.8928250059576315,975.5999999999999,146.33999999999997,114.97202274367959,0.7856500119152632,0
5445-UTODQ,0.8936436747812962,973.1999999999999,145.98,114.92820728914725,0.7872873495625925,0
4795-KTRTH,0.8940241236989331,972.0,145.79999999999998,114.89743447060889,0.7880482473978663,0
1583-IHQZE,0.7823939870572036,1355.4,203.31,114.82704301720014,0.5647879741144073,0
5366-IJEQJ,0.8595524492295861,1064.4,159.66,114.81228808799145,0.7191048984591724,0
0848-ZGQIJ,0.8368611472359325,1135.8000000000002,170.37000000000003,114.78206730917165,0.6737222944718649,0
7363-QTBIW,0.8990796498334457,957.0,143.54999999999998,114.57576746718226,0.7981592996668915,0
5609-CEBID,0.8381791425699344,1129.1999999999998,169.37999999999997,114.56156633699098,0.676358285139869,0
4514-GFCFI,0.8754868263209876,1017.0,152.54999999999998,114.56103071053329,0.7509736526419751,0
1184-PJVDB,0.8976617166130467,959.4000000000001,143.91,114.45499527556714,0.7953234332260937,0
2868-MZAGQ,0.9011428598080207,951.0,142.65,114.44605790322831,0.8022857196160413,0
1569-TTNYJ,0.9033909834403193,945.0,141.75,114.36134380533048,0.8067819668806383,0
4124-MMETB,0.8355325566207914,1135.8000000000002,170.37000000000003,114.32936334296849,0.6710651132415828,0
8580-AECUZ,0.9013734221302123,949.1999999999999,142.38,114.2950956857992,0.8027468442604242,0
4102-OQUPX,0.9266891601448085,892.8000000000001,133.92000000000002,114.28442465318551,0.8533783202896169,1
0611-DFXKO,0.8562810124387985,1068.0,160.2,114.15243638539107,0.7125620248775972,0
6457-USBER,0.8922636717742569,969.5999999999999,145.43999999999997,114.10165684569589,0.7845273435485143,0
4484-GLZOU,0.8015775718592265,1260.6,189.08999999999997,114.05060612572225,0.6031551437184529,0
1761-AEZZR,0.8979802632691376,954.5999999999999,143.18999999999997,113.97358779501562,0.7959605265382753,0
2004-OCQXK,0.8863161935652117,983.4000000000001,147.51000000000002,113.97100342560876,0.7726323871304233,0
9133-AYJZG,0.8207385750454187,1184.4,177.66,113.96483048513815,0.6414771500908373,0
7180-PISOG,0.9246717343205094,894.0,134.1,113.89695914476064,0.849343468641019,1
7479-NITWS,0.853963354745795,1072.1999999999998,160.82999999999996,113.8558526875324,0.7079267094915901,0
8519-IMDHU,0.8693657333410489,1027.1999999999998,154.07999999999996,113.82374438637763,0.738731466682098,0
4009-ALQFH,0.8174387950776255,1194.0,179.1,113.70657639680545,0.634877590155251,0
6502-HCJTI,0.8333354028782056,1136.4,170.46,113.64070554923788,0.6666708057564114,0
4373-MAVJG,0.8472700844625675,1090.8000000000002,163.62000000000003,113.64066243953059,0.6945401689251348,0
1932-UEDCX,0.8137841325461521,1207.1999999999998,181.07999999999996,113.64006144291446,0.6275682650923045,0
9300-RENDD,0.8948297349495515,959.4000000000001,143.91,113.63989431317995,0.7896594698991033,0
3934-HXCFZ,0.8180278921758783,1191.0,178.65,113.63136587444134,0.6360557843517567,0
9391-EOYLI,0.892027175218754,965.4000000000001,144.81,113.53891048685557,0.7840543504375083,0
4919-IKATY,0.8731260721633736,1014.0,152.1,113.50495115209824,0.7462521443267471,0
8017-LXHFA,0.8325787673304926,1137.0,170.54999999999998,113.44261753643102,0.6651575346609852,0
2514-GINMM,0.896304931889927,954.0,143.1,113.4224715068971,0.792609863779854,0
7861-UVUFT,0.8736427185604512,1011.5999999999999,151.73999999999998,113.39309222872569,0.7472854371209022,0
6513-EECDB,0.9281344234566095,882.5999999999999,132.39,113.36143264284104,0.8562688469132189,1
4439-JMPMT,0.8671491470238372,1029.0,154.35,113.33894168625855,0.7342982940476744,0
1522-VVDMG,0.8507499605136954,1077.0,161.54999999999998,113.32731224197497,0.7014999210273908,0
6567-HOOPW,0.8974173058134295,950.4000000000001,142.56,113.31162223352501,0.794834611626859,0
4713-LZDRV,0.8954031966738988,955.1999999999999,143.27999999999997,113.30674003887248,0.790806393347798,0
7379-FNIUJ,0.8140883537795487,1202.4,180.36,113.29795097535879,0.6281767075590973,0
4633-MKHYU,0.8559264527328343,1060.8000000000002,159.12000000000003,113.27003431769717,0.7118529054656684,0
0447-RXSGD,0.8156288585980239,1195.8000000000002,179.37000000000003,113.22869673345511,0.6312577171960477,0
0147-ESWWR,0.8104509388538862,1215.0,182.25,113.15936721224153,0.6209018777077725,0
7422-WNBTY,0.8366758929867508,1120.1999999999998,168.02999999999997,113.14330059712745,0.6733517859735015,0
4234-XTNEA,0.8928722759401212,959.4000000000001,143.91,113.07649846108572,0.7857445518802426,0
0886-QGENL,0.8100508307516812,1215.0,182.25,113.01352780898776,0.6201016615033622,0
4385-GZQXV,0.8320974947359822,1133.4,170.01000000000002,112.91979016012866,0.6641949894719642,0
5960-WPXQM,0.8967122963680387,948.5999999999999,142.29,112.89638530041643,0.7934245927360772,0
4873-ILOLJ,0.8468825562117736,1084.1999999999998,162.62999999999997,112.82702023344146,0.6937651124235472,0
7439-DKZTW,0.889036930752594,966.5999999999999,144.98999999999998,112.81292917963722,0.7780738615051882,0
9689-PTNPG,0.8904885664404155,963.0,144.45,112.81214684463606,0.7809771328808313,0
9878-TNQGW,0.8870634327523734,971.4000000000001,145.71,112.79802557269667,0.7741268655047469,0
0723-DRCLG,0.920625834391644,893.4000000000001,134.01000000000002,112.73613613364844,0.841251668783288,1
4559-UWIHT,0.8787421377098787,991.8000000000001,148.77,112.69093565419732,0.7574842754197574,0
9851-QXEEQ,0.7987815216558448,1256.4,188.46,112.61673114252105,0.5975630433116897,0
7594-RQHXR,0.8929068440428803,955.1999999999999,143.27999999999997,112.5913852289278,0.7858136880857609,0
6899-PPEEA,0.8238915755261876,1158.6,173.79,112.57823382139227,0.6477831510523752,0
6161-UUUTA,0.8912825917033768,958.8000000000001,143.82,112.54852467755933,0.7825651834067539,0
1891-UAWWU,0.8441972362398718,1089.6,163.43999999999997,112.51119258208931,0.6883944724797438,0
3372-KWFBM,0.8607647404992326,1039.1999999999998,155.87999999999997,112.47201549804069,0.7215294809984649,0
7903-CMPEY,0.8887523900018042,963.5999999999999,144.54,112.3805409017215,0.777504780003608,0
3647-GMGDH,0.8296094097629344,1136.4,170.46,112.37043997637957,0.6592188195258686,0
7295-JOMMD,0.8180769495853701,1177.1999999999998,176.57999999999996,112.3320555155693,0.6361538991707403,0
7005-CCBKV,0.8696941248502668,1012.8000000000001,151.92000000000002,112.32786289450502,0.7393882497005332,0
3519-ZKXGG,0.9112654237619331,910.1999999999999,136.52999999999997,112.30013661243348,0.8225308475238665,0
3003-CMDUU,0.8278037408571618,1141.8000000000002,171.27,112.2858933932122,0.6556074817143236,0
2789-HQBOU,0.8881497469723556,964.1999999999999,144.63,112.27619580922357,0.7762994939447111,0
8086-OVPWV,0.8888045319789196,962.4000000000001,144.36,112.25564447295363,0.7776090639578389,0
4395-PZMSN,0.8644614339683468,1026.6,153.98999999999998,112.24683243357148,0.7289228679366939,0
1981-INRFU,0.8909106881996688,957.0,143.54999999999998,112.2304585821249,0.7818213763993376,0
1304-NECVQ,0.896854530202142,942.5999999999999,141.39,112.22252405056167,0.7937090604042838,0
0148-DCDOS,0.8290175744772137,1136.4,170.46,112.16867149077169,0.6580351489544273,0
8740-CRYFY,0.8945196514195858,947.4000000000001,142.11,112.13037532647468,0.7890393028391716,0
6372-RFVNS,0.8951209900342832,945.5999999999999,141.83999999999997,112.08792245292548,0.7902419800685667,0
0495-RVCBF,0.8905612169197995,956.4000000000001,143.46,112.05982435862887,0.781122433839599,0
4614-NUVZD,0.8837791152433567,973.1999999999999,145.98,112.0481504864504,0.7675582304867132,0
6956-SMUCM,0.8143773616067951,1188.0,178.2,112.04409167666176,0.6287547232135902,0
5520-FVEWJ,0.8682506403197394,1014.0,152.1,112.02184478526468,0.7365012806394785,0
1448-PWKYE,0.8887397401214655,960.0,144.0,111.95704515498204,0.7774794802429308,0
8610-WFCJF,0.825079175037389,1147.1999999999998,172.07999999999996,111.87924888086778,0.6501583500747781,0
8875-AKBYH,0.8681316015971777,1012.1999999999999,151.82999999999998,111.786842140999,0.7362632031943556,0
4529-CKBCL,0.8868528486983338,962.4000000000001,144.36,111.69215447618296,0.7737056973966677,0
5494-HECPR,0.8865891248836826,963.0,144.45,111.68559817889587,0.773178249767365,0
0337-CNPZE,0.7917200570329594,1275.6,191.33999999999997,111.63543142537293,0.583440114065919,0
1268-ASBGA,0.8632544421359536,1024.1999999999998,153.62999999999997,111.6135598906931,0.7265088842719073,0
4806-KEXQR,0.8878395906799602,958.8000000000001,143.82,111.55817986318377,0.7756791813599205,0
8436-BJUMM,0.8698217014896196,1005.0,150.75,111.50124299912034,0.7396434029792394,0
8058-INTPH,0.8887795169370183,955.8000000000001,143.37,111.47863868652064,0.7775590338740367,0
7341-LXCAF,0.9148148965050386,895.8000000000001,134.37,111.47735528676404,0.8296297930100769,0
2123-AGEEN,0.867107884575807,1012.1999999999999,151.82999999999998,111.47598023028957,0.7342157691516141,0
2080-CAZNM,0.7964678315689983,1252.8000000000002,187.92000000000002,111.42446981689233,0.5929356631379966,0
3834-XUIFC,0.8632746618195883,1022.4000000000001,153.36,111.42360427330414,0.7265493236391766,0
6015-VVHHE,0.8718574073745425,997.8000000000001,149.67000000000002,111.31179632349557,0.7437148147490851,0
4210-QFJMF,0.8906294939362686,949.8000000000001,142.47,111.30596800220039,0.7812589878725373,0
8714-EUHJO,0.8388856580438295,1093.8000000000002,164.07000000000002,111.20193983050225,0.6777713160876592,0
8621-MNIHH,0.8276919511478446,1131.0,169.65,111.18587902446362,0.6553839022956889,0
9837-BMCLM,0.8934018518472973,942.0,141.29999999999998,111.17536333204623,0.7868037036945948,0
1200-TUZHR,0.8623608916717115,1022.4000000000001,153.36,111.14333269354734,0.7247217833434229,0
5561-NWEVX,0.889706719507212,950.4000000000001,142.56,111.11317986589631,0.7794134390144242,0
8185-UPYBR,0.9087059702086445,906.0,135.9,111.08628270270958,0.817411940417289,0
9231-ZJYAM,0.8911600620879434,946.1999999999999,141.92999999999998,111.03469522428361,0.7823201241758869,0
5956-VKDTT,0.9144562975015902,892.1999999999999,133.82999999999998,110.93337258927562,0.8289125950031804,0
4971-PUYQO,0.8255434381640142,1134.6,170.18999999999997,110.80847548226714,0.6510868763280284,0
9121-PHQSR,0.8615876747197022,1020.5999999999999,153.08999999999997,110.7109142456784,0.7231753494394043,0
4686-UXDML,0.8079746590986346,1198.1999999999998,179.72999999999996,110.70457095959517,0.6159493181972692,0
3138-BKYAV,0.8602494235544526,1024.1999999999998,153.62999999999997,110.69023788134106,0.7204988471089051,0
8242-SOQUO,0.862761636656164,1016.4000000000001,152.46,110.61327824919752,0.7255232733123279,0
7563-BIUPC,0.8812003091585753,967.1999999999999,145.07999999999998,110.60908170545216,0.7624006183171503,0
4391-RESHN,0.7951200480110046,1248.6,187.29,110.54606758396207,0.590240096022009,0
7493-TPUWZ,0.8879170444372433,949.8000000000001,142.47,110.53308264194811,0.7758340888744867,0
8903-WMRNW,0.8015182497928263,1221.0,183.15,110.44613489911225,0.6030364995856524,0
7831-QGOXH,0.8599929076623634,1022.4000000000001,153.36,110.41702463820013,0.7199858153247269,0
2379-ENZGV,0.8612918441090495,1018.1999999999999,152.73,110.36020670155025,0.722583688218099,0
2612-RRIDN,0.8784108576372627,972.0,145.79999999999998,110.34460608702582,0.7568217152745256,0
6432-TWQLB,0.8587728780208858,1024.8000000000002,153.72000000000003,110.30113361874112,0.7175457560417714,0
8949-JTMAY,0.8105679208834069,1183.1999999999998,177.47999999999996,110.23918919677408,0.6211358417668137,0
4998-IKFSE,0.8048006376580171,1205.4,180.81,110.22200658989215,0.6096012753160343,0
2077-MPJQO,0.905396635197106,904.8000000000001,135.72,110.04086265790247,0.8107932703942121,0
8063-RJYNF,0.8242819697231734,1131.0,169.65,110.02887232707266,0.6485639394463464,0
1754-GKYPY,0.8405284506016366,1077.0,161.54999999999998,110.02474238938882,0.6810569012032734,0
5480-TBGPH,0.8077397982938264,1191.6,178.73999999999998,110.01082309407704,0.6154795965876527,0
7240-FQLHE,0.8062369751743631,1197.0,179.54999999999998,109.96969778511382,0.6124739503487264,0
5357-TZHPP,0.861920904589321,1012.8000000000001,151.92000000000002,109.96604765041928,0.7238418091786418,0
9436-ZBZCT,0.8395239789051259,1079.4,161.91,109.94465484905786,0.6790479578102517,0
5117-IFGPS,0.8622540958720216,1011.5999999999999,151.73999999999998,109.9368730152411,0.7245081917440432,0
9846-GKXAS,0.8362602177040313,1089.6,163.43999999999997,109.91673996309376,0.6725204354080628,0
1678-FYZOW,0.884407694625705,952.8000000000001,142.92000000000002,109.87909543181149,0.7688153892514098,0
3211-AAPKX,0.8092251815927142,1182.6,177.39,109.7069099254631,0.6184503631854281,0
5216-WASFJ,0.8591198413224064,1018.1999999999999,152.73,109.69674673034226,0.7182396826448129,0
5628-FCGYG,0.862259183809896,1009.1999999999999,151.38,109.67759049028405,0.7245183676197916,0
8821-XNHVZ,0.8805757182444789,960.5999999999999,144.08999999999997,109.67431048369392,0.7611514364889579,0
6267-DCFFZ,0.838247459926324,1080.6,162.08999999999997,109.65306155891574,0.6764949198526482,0
2952-QAYZF,0.8568996710926535,1023.5999999999999,153.54,109.59675099913201,0.7137993421853068,0
7056-IMHCC,0.7986051336985577,1222.8000000000002,183.42000000000002,109.54030724597891,0.5972102673971154,0
6833-JMZYP,0.8235967324637123,1128.0,169.2,109.50513426572024,0.6471934649274247,0
6941-PMGEP,0.880144767075092,960.0,144.0,109.4816929176265,0.7602895341501841,0
6357-JJPQT,0.8776671547328063,966.0,144.9,109.44794144156725,0.7553343094656125,0
7714-YXSMB,0.8023665144828942,1206.0,180.9,109.39620493991109,0.6047330289657882,0
6599-RCLCJ,0.7769406791512222,1314.6,197.18999999999997,109.21986504365898,0.5538813583024443,0
3317-VLGQT,0.8880490597557938,937.1999999999999,140.57999999999998,109.10387364093899,0.7760981195115877,0
0219-YTZUE,0.857362673706482,1017.5999999999999,152.64,109.09567702911477,0.7147253474129637,0
0524-IAVZO,0.8565175375058829,1020.0,153.0,109.09436647680019,0.713035075011766,0
9507-EXLTT,0.8818327998698463,952.1999999999999,142.82999999999998,109.07435761082027,0.7636655997396925,0
9334-GWGOW,0.9046828047753949,898.1999999999999,134.73,109.04582857477789,0.8093656095507897,0
8861-HGGKB,0.8502848740213383,1037.4,155.61,109.01565849292092,0.7005697480426766,0
0354-WYROK,0.8061308095070079,1186.8000000000002,178.02,108.99481341687508,0.6122616190140157,0
6229-LSCKB,0.8798348958665367,956.4000000000001,143.46,108.98222832202674,0.7596697917330736,0
3336-JORSO,0.7740033678246625,1325.4,198.81,108.94921911444231,0.548006735649325,0
6894-LFHLY,0.8992631412524387,909.0,136.35,108.87905861954002,0.7985262825048773,0
5364-XYIRR,0.8193574801729477,1135.8000000000002,170.37000000000003,108.8178677941302,0.6387149603458953,0
5701-YVSVF,0.8642374785325274,994.8000000000001,149.22,108.70303309324751,0.728474957065055,0
5119-KEPFY,0.817777189197679,1140.0,171.0,108.67979870560623,0.6355543783953581,0
3422-GALYP,0.8798051938636228,953.4000000000001,143.01000000000002,108.63188154887337,0.7596103877272453,0
8752-STIVR,0.881944304187059,948.0,142.2,108.62496011079958,0.7638886083741181,0
7314-OXENN,0.8679516846243922,984.0,147.6,108.61933730112057,0.7359033692487843,0
6331-EWIEB,0.8537889482886,1023.0,153.45,108.57782822977134,0.7075778965772,0
5729-KLZAR,0.8730259148719043,970.1999999999999,145.52999999999997,108.57292278261644,0.7460518297438086,0
3440-JPSCL,0.8015061128493423,1199.4,179.91,108.48792952545037,0.6030122256986847,0
8266-VBFQL,0.8330904221005583,1084.8000000000002,162.72000000000003,108.40094696840572,0.6661808442011167,0
6712-OAWRH,0.8298962797044248,1095.0,164.25,108.37092788290352,0.6597925594088494,0
8393-DLHGA,0.8137600088279235,1150.8000000000002,172.62000000000003,108.32250544775232,0.627520017655847,0
2688-BHGOG,0.8781651865310468,954.5999999999999,143.18999999999997,108.29894611876117,0.7563303730620936,0
5569-OUICF,0.7969226228189851,1215.6,182.33999999999997,108.28174208962747,0.5938452456379703,0
0334-GDDSO,0.869695646486323,976.1999999999999,146.42999999999998,108.26906702998454,0.739391292972646,0
4988-IQIGL,0.8990470063920266,904.1999999999999,135.63,108.24549095390111,0.798094012784053,0
8473-VUVJN,0.907927249116315,883.8000000000001,132.57,108.15783083069974,0.8158544982326299,0
9248-OJYKK,0.892961658782688,917.4000000000001,137.61,108.15090773017138,0.7859233175653758,0
5834-ASPWA,0.8980577106153904,905.4000000000001,135.81,108.12043535735233,0.7961154212307807,0
9606-PBKBQ,0.8532332140555074,1020.0,153.0,108.08936350098531,0.7064664281110151,0
7074-IEVOJ,0.8778616335875107,952.8000000000001,142.92000000000002,108.00796934465401,0.755723267175021,0
4636-QRJKY,0.8720188719956895,966.0,144.9,107.81106910435082,0.744037743991379,0
0637-KVDLV,0.8911685297715614,918.0,137.7,107.72781309908802,0.7823370595431229,0
8417-FMLZI,0.8578576523966033,1002.5999999999999,150.39,107.63642468785031,0.7157153047932064,0
5240-IJOQT,0.9001180932109906,896.4000000000001,134.46,107.59975762629958,0.800236186421981,0
3551-HUAZH,0.9015536143051194,892.8000000000001,133.92000000000002,107.55212005548316,0.8031072286102385,0
0946-CLJTI,0.802299499218389,1184.4,177.66,107.41305806227794,0.6045989984367778,0
1833-VGRUM,0.9020985509768495,890.4000000000001,133.56,107.40856493693607,0.8041971019536992,0
1452-VOQCH,0.8972214102977963,901.1999999999999,135.17999999999998,107.39278048811224,0.7944428205955929,0
2026-TGDHM,0.8755790324400127,951.5999999999999,142.73999999999998,107.22030218097478,0.7511580648800252,0
6101-IMRMM,0.8150795442134336,1134.0,170.1,107.19006094141011,0.6301590884268672,0
9787-XVQIU,0.8954107725644741,903.5999999999999,135.54,107.18795222677761,0.7908215451289481,0
4583-PARNH,0.8252136542988567,1098.6,164.79,107.18391618381716,0.6504273085977132,0
0432-CAJZV,0.8280589155936711,1088.4,163.26000000000002,107.11779711964547,0.656117831187342,0
4884-ZTHVF,0.8416038379928555,1045.1999999999998,156.77999999999997,107.11329944103977,0.6832076759857111,0
7089-IVVAZ,0.7875915714951441,1240.1999999999998,186.02999999999997,107.00132009048326,0.575183142990288,0
6595-YGXIT,0.8341311211937683,1067.4,160.11,106.99546762866851,0.6682622423875367,0
2504-DSHIH,0.8423211305418,1041.6,156.23999999999998,106.96850687170163,0.6846422610835999,0
8816-VXNZD,0.8950850205267609,901.1999999999999,135.17999999999998,106.81518614961504,0.7901700410535217,0
9692-TUSXH,0.8088287756343624,1152.6,172.89,106.7868140388498,0.6176575512687247,0
0258-NOKBL,0.8278585289390764,1084.8000000000002,162.72000000000003,106.69827965793303,0.6557170578781527,0
1867-BDVFH,0.8985636668712271,892.1999999999999,133.82999999999998,106.67955107475265,0.7971273337424544,0
1157-BQCUW,0.8952450415242703,899.4000000000001,134.91,106.64501710407862,0.7904900830485406,0
8372-JUXUI,0.8983251270707338,892.1999999999999,133.82999999999998,106.6157035117526,0.7966502541414676,0
6358-LYNGM,0.8953972483440399,898.8000000000001,134.82,106.61491404348692,0.7907944966880799,0
8775-ERLNB,0.8984633742568953,891.5999999999999,133.73999999999998,106.58098334623432,0.7969267485137904,0
7638-QVMVY,0.8746218218385906,948.0,142.2,106.54244613089517,0.7492436436771813,0
0021-IKXGC,0.9103543995184616,865.1999999999999,129.77999999999997,106.51158793901189,0.8207087990369234,0
6437-UKHMV,0.8712019475091933,956.4000000000001,143.46,106.50526277933776,0.7424038950183867,0
9415-DPEWS,0.8345375803299508,1060.1999999999998,159.02999999999997,106.40302279974412,0.6690751606599016,0
1704-NRWYE,0.8653530278927436,970.1999999999999,145.52999999999997,106.33965229846194,0.7307060557854873,0
8739-WWKDU,0.829757959240072,1074.0,161.1,106.2480144671512,0.659515918480144,0
0689-NKYLF,0.8546817134586684,998.4000000000001,149.76000000000002,106.23426681514036,0.7093634269173367,0
8784-CGILN,0.7955193558872137,1198.1999999999998,179.72999999999996,106.22738766721784,0.5910387117744276,0
2609-IAICY,0.8823444008312717,925.8000000000001,138.87,106.19233388687744,0.7646888016625436,0
8225-BTJAU,0.8722084561725073,951.0,142.65,106.1910725460163,0.7444169123450144,0
0495-ZBNGW,0.8691582409229348,958.8000000000001,143.82,106.18467641907299,0.7383164818458697,0
8258-GSTJK,0.8828800424056223,924.0,138.6,106.1343477548385,0.7657600848112446,0
7817-BOQPW,0.8901918353210013,906.5999999999999,135.98999999999998,106.12437537060592,0.7803836706420026,0
8035-PWSEV,0.8302769208286206,1071.0,160.65,106.11797466223575,0.6605538416572408,0
2697-NQBPF,0.7797706049609238,1264.1999999999998,189.62999999999997,106.10579963747992,0.5595412099218475,0
1010-DIAUQ,0.8053620627280235,1158.0,173.7,106.08278059171533,0.6107241254560468,0
4706-AXVKM,0.847298219054152,1017.5999999999999,152.64,106.02320031285154,0.6945964381083042,0
5835-BEQEU,0.8826388414980313,923.4000000000001,138.51000000000002,105.99861187178465,0.7652776829960626,0
7576-OYWBN,0.887075466505783,912.5999999999999,136.89,105.97352121995323,0.7741509330115658,0
8818-DOPVL,0.7817336846871894,1253.4,188.01000000000002,105.93750011607696,0.5634673693743788,0
1320-HTRDR,0.8897227502864672,906.0,135.9,105.92664352786178,0.7794455005729344,0
6000-APYLU,0.8641581460103284,969.5999999999999,145.43999999999997,105.9263215114843,0.7283162920206568,0
8808-ELEHO,0.86208648501104,975.0,146.25,105.91029686572918,0.7241729700220798,0
9851-KIELU,0.7671664658415306,1321.1999999999998,198.17999999999998,105.89410040094904,0.5343329316830612,0
1723-HKXJQ,0.7890603725916744,1221.0,183.15,105.88281448033027,0.5781207451833484,0
4581-SSPWD,0.8880087552819933,909.5999999999999,136.43999999999997,105.87982914135031,0.7760175105639866,0
3223-WZWJM,0.8499850954120677,1007.4000000000001,151.11,105.7724955354351,0.6999701908241354,0
2880-FPNAE,0.8959705556746695,890.4000000000001,133.56,105.77165483181773,0.7919411113493391,0
2114-MGINA,0.8268545172011006,1077.6,161.64,105.66552832077178,0.6537090344022012,0
5339-PXDVH,0.8237730362681844,1087.8000000000002,163.17000000000002,105.66009265575934,0.647546072536369,0
5288-AHOUP,0.8737748739232533,942.0,141.29999999999998,105.62877937071136,0.7475497478465065,0
4415-IJZTP,0.893748235277524,894.0,134.1,105.60327670143192,0.7874964705550479,0
9512-UIBFX,0.808238283220664,1141.8000000000002,171.27,105.58394153440625,0.616476566441328,0
3746-EUBYR,0.8923396516373244,895.1999999999999,134.27999999999997,105.36673684371985,0.784679303274649,0
1024-VRZHF,0.8902726182191112,899.4000000000001,134.91,105.30335784788062,0.7805452364382227,0
9129-UXERG,0.7823127376263822,1243.1999999999998,186.47999999999996,105.2913586251355,0.5646254752527645,0
0872-NXJYS,0.8669991313895957,954.5999999999999,143.18999999999997,105.10121124735241,0.7339982627791916,0
8922-LIEGH,0.8252497225660721,1076.4,161.46,105.02964041103601,0.6504994451321442,0
6032-KRXXO,0.8230266205179353,1083.0,162.45,104.95134900627716,0.6460532410358705,0
2979-SXESE,0.8088044783510964,1132.8000000000002,169.92000000000002,104.9441139228366,0.6176089567021927,0
1618-CFHME,0.8837853976624016,910.8000000000001,136.62,104.86552205727463,0.7675707953248033,0
3588-WSTTJ,0.7940478325251892,1188.6,178.29,104.85157612183193,0.5880956650503782,0
0895-DQHEW,0.7792088623860915,1251.6,187.73999999999998,104.83734364872967,0.5584177247721832,0
4749-OJKQU,0.8848528566233269,907.8000000000001,136.17000000000002,104.81082697279686,0.7697057132466538,0
8443-ZRDBZ,0.8827441450559038,912.5999999999999,136.89,104.7876920334053,0.7654882901118074,0
1197-BVMVG,0.8907422290328157,893.4000000000001,134.01000000000002,104.72673222537529,0.7814844580656315,0
9600-NAXZN,0.7867949188097838,1216.8000000000002,182.52,104.69161716232347,0.5735898376195675,0
4090-KPJIP,0.8879267815522042,899.4000000000001,134.91,104.67040419841572,0.7758535631044083,0
9399-APLBT,0.8891998510192479,896.4000000000001,134.46,104.66362393609614,0.7783997020384957,0
9274-CNFMO,0.8876231862146089,899.4000000000001,134.91,104.5884881044258,0.775246372429218,0
8481-YYXWG,0.8249404621825303,1072.1999999999998,160.82999999999996,104.5203490656327,0.6498809243650608,0
9306-CPCBC,0.8904431610657803,891.0,133.65,104.36545695288302,0.7808863221315602,0
8361-LTMKD,0.8896148847284181,892.8000000000001,133.92000000000002,104.35445072565949,0.779229769456836,0
0225-ZORZP,0.8438038438169658,1011.5999999999999,151.73999999999998,104.33759052157276,0.6876076876339315,0
2037-SGXHH,0.8061916297059328,1135.8000000000002,170.37000000000003,104.33173590599952,0.6123832594118653,0
6435-SRWBJ,0.8501758436571003,993.0,148.95,104.31738382545021,0.7003516873142008,0
5439-WIKXB,0.8064712151897898,1134.6,170.18999999999997,104.31667222630065,0.6129424303795797,0
8083-YTZES,0.8897003140611197,892.1999999999999,133.82999999999998,104.30718606159928,0.7794006281222393,0
1342-JPNKI,0.8366484403619444,1032.6,154.89,104.28695385532313,0.6732968807238888,0
7517-LDMPS,0.8419766818379035,1015.1999999999999,152.27999999999997,104.15241822055191,0.6839533636758073,0
9741-YLNTD,0.8287145272674163,1055.4,158.31,104.07759362340937,0.6574290545348327,0
8107-KNCIM,0.8847605128196304,901.1999999999999,135.17999999999998,104.0238522459153,0.7695210256392611,0
1112-CUNAO,0.8215718990283937,1078.1999999999998,161.72999999999996,104.01564645972417,0.6431437980567872,0
9524-EGPJC,0.8206385195910472,1081.1999999999998,162.17999999999998,104.00231021455201,0.6412770391820941,0
4822-YCXMX,0.8405585123772767,1017.5999999999999,152.64,103.96570265853501,0.6811170247545533,0
0722-TROQR,0.8855535697457044,898.8000000000001,134.82,103.96066454623175,0.771107139491409,0
3049-NDXFL,0.836382304431865,1029.6,154.43999999999997,103.9017661929145,0.6727646088637304,0
5385-SUIRI,0.7768642174658424,1250.4,187.56,103.85730525578686,0.5537284349316851,0
0139-IVFJG,0.8192072791811317,1084.1999999999998,162.62999999999997,103.82535962645485,0.6384145583622632,0
0135-NMXAP,0.8212110681226982,1077.0,161.54999999999998,103.78329611044379,0.6424221362453965,0
4585-HETAI,0.890811159970121,885.0,132.75,103.7603629720671,0.7816223199402418,0
3597-MVHJT,0.8013474555463352,1147.1999999999998,172.07999999999996,103.71174030082673,0.6026949110926706,0
0013-EXCHZ,0.8431151708649902,1006.8000000000001,151.02,103.63450620806162,0.6862303417299802,0
4128-ETESU,0.7882212000037737,1196.4,179.46,103.44835310535447,0.5764424000075474,0
2832-KJCRD,0.7770711512317551,1243.8000000000002,186.57000000000002,103.38632937061706,0.5541423024635099,0
7198-GLXTC,0.8634617498444958,948.0,142.2,103.3685216557746,0.7269234996889916,0
9019-QVLZD,0.8609141816829865,954.5999999999999,143.18999999999997,103.35860335037367,0.7218283633659731,0
9898-KZQDZ,0.8035007389752269,1134.6,170.18999999999997,103.30558153238772,0.6070014779504538,0
6005-OBZPH,0.8217727445022701,1069.8000000000002,160.47000000000003,103.26974462055858,0.6435454890045402,0
0320-JDNQG,0.7871812803765025,1198.1999999999998,179.72999999999996,103.23018304413756,0.574362560753005,0
4229-CZMLL,0.8827212311267106,898.8000000000001,134.82,103.19695276100626,0.7654424622534214,0
2038-OEQZH,0.8330799663281234,1032.6,154.89,103.18151196912606,0.6661599326562468,0
5393-RXQSZ,0.8599911660667906,955.1999999999999,143.27999999999997,103.15906854809953,0.7199823321335814,0
2867-UIMSS,0.8558849637518622,966.0,144.9,103.13546249528963,0.7117699275037241,0
3672-YITQD,0.840561805345874,1009.1999999999999,151.38,103.10849218651677,0.6811236106917478,0
5842-POCOP,0.8219615834419769,1066.8000000000002,160.02,103.0405851647703,0.6439231668839539,0
6821-BUXUX,0.7960712808510514,1159.8000000000002,173.97000000000003,103.01504145931483,0.5921425617021028,0
1194-HVAIF,0.8012104670606336,1140.0,171.0,103.01397973473667,0.6024209341212671,0
8945-GRKHX,0.863447119115178,943.8000000000001,141.57,102.90641730627155,0.7268942382303564,0
2777-PHDEI,0.8659242357809657,936.5999999999999,140.48999999999998,102.8173917697357,0.7318484715619312,0
9885-CSMWE,0.8639126061329006,941.4000000000001,141.21,102.77619822405379,0.7278252122658011,0
8818-XYFCQ,0.7866088002501385,1194.6,179.18999999999997,102.71486183364462,0.573217600500277,0
5899-OUVKV,0.8018256937897785,1134.0,170.1,102.68110102728266,0.6036513875795572,0
6559-PDZLR,0.788962210640036,1183.8000000000002,177.57000000000002,102.62203948670239,0.5779244212800719,0
5228-EXCET,0.852547500248868,970.1999999999999,145.52999999999997,102.61247542243555,0.7050950004977363,0
6772-KSATR,0.8487882009829472,980.4000000000001,147.06,102.58558567310442,0.6975764019658943,0
8063-GBATB,0.8341410415957823,1023.0,153.45,102.54788566574558,0.6682820831915646,0
9850-OWRHQ,0.8843897588940149,889.1999999999999,133.38,102.53981208256741,0.7687795177880298,0
2397-BRLOM,0.853971948939308,965.4000000000001,144.81,102.51735585180236,0.7079438978786159,0
4301-VVZKA,0.8774683352241723,904.8000000000001,135.72,102.46000491324935,0.7549366704483448,0
2774-LVQUS,0.8426225040263597,996.5999999999999,149.48999999999998,102.437276253801,0.6852450080527194,0
6275-YDUVO,0.8299151285362402,1034.4,155.16,102.37926268736604,0.6598302570724802,0
2675-DHUTR,0.7874609474682793,1186.8000000000002,178.02,102.34759573660622,0.5749218949365589,0
1302-UHBDD,0.8159672933922135,1079.4,161.91,102.31652894626663,0.6319345867844274,0
8276-MQBYC,0.7905640335640216,1173.6,176.04,102.30178493722067,0.581128067128043,0
0235-KGSLC,0.8321196302458536,1026.6,153.98999999999998,102.28620372311795,0.664239260491707,0
2013-SGDXK,0.8368877187170387,1011.5999999999999,151.73999999999998,102.23868487624691,0.6737754374340775,0
0923-PNFUB,0.8388610434277091,1005.0,150.75,102.16660459345428,0.6777220868554181,0
1363-TXLSL,0.9032387024777047,843.5999999999999,126.53999999999998,102.05165082305747,0.8064774049554093,0
0840-DFEZH,0.8762118659367117,904.1999999999999,135.63,102.0512307539924,0.7524237318734233,0
6711-FLDFB,0.8783151776332581,898.8000000000001,134.82,102.00890449703172,0.7566303552665163,0
1792-UXAFY,0.8175633234068254,1069.8000000000002,160.47000000000003,101.91877301418657,0.6351266468136508,0
6110-OHIHY,0.8570971010641979,951.0,142.65,101.87980293361568,0.7141942021283959,0
0952-KMEEH,0.7881264327744554,1177.8000000000002,176.67000000000002,101.80659375652607,0.5762528655489108,0
0727-IWKVK,0.853763899107461,958.8000000000001,143.82,101.75664793927007,0.707527798214922,0
3908-BLSYF,0.8368875330880367,1006.8000000000001,151.02,101.75351049391057,0.6737750661760731,0
3030-YDNRM,0.8775609276079869,898.1999999999999,134.73,101.73756755324814,0.7551218552159737,0
6413-XKKPU,0.8160823038645157,1072.8000000000002,160.92000000000002,101.72792867575578,0.6321646077290316,0
6424-ELEYH,0.8778139145121476,897.0,134.54999999999998,101.66972439521894,0.7556278290242954,0
4822-NGOCH,0.8343702528487178,1013.4000000000001,152.01000000000002,101.65524427106718,0.6687405056974355,0
5091-HFAZW,0.8096015405850752,1093.8000000000002,164.07000000000002,101.59264952758659,0.6192030811701504,0
7137-RYLPP,0.8292085486811422,1028.4,154.26000000000002,101.567421439106,0.6584170973622844,0
2506-TNFCO,0.9056435235923426,834.5999999999999,125.18999999999998,101.56502543705069,0.8112870471846849,0
7426-RHZGU,0.7941406251526111,1150.8000000000002,172.62000000000003,101.54910942768745,0.588281250305222,0
5275-SQEIZ,0.8488333404600941,970.1999999999999,145.52999999999997,101.53143207431495,0.697666680920188,0
8541-QVFKM,0.8836541190544228,882.0,132.29999999999998,101.5148799018003,0.7673082381088459,0
8938-UMKPI,0.7648052842549844,1276.8000000000002,191.52,101.43101608102924,0.5296105685099689,0
6618-RYATB,0.8540265907128357,954.5999999999999,143.18999999999997,101.38613504834188,0.7080531814256715,0
0114-PEGZZ,0.7617708616522916,1290.6,193.58999999999997,101.35244221453422,0.523541723304583,0
3422-LYEPQ,0.8964952455601995,852.0,127.8,101.344184765187,0.792990491120399,0
4910-AQFFX,0.8545573788833983,952.1999999999999,142.82999999999998,101.28286085183154,0.7091147577667966,0
0637-YLETY,0.7942524188511245,1147.1999999999998,172.07999999999996,101.269912471803,0.588504837702249,0
2737-YNGYW,0.8492200679999977,966.5999999999999,144.98999999999998,101.26683531863932,0.6984401359999954,0
8699-ASUFO,0.8777861689950015,892.8000000000001,133.92000000000002,101.18624750362122,0.755572337990003,0
9658-WYUFB,0.7976328310749119,1132.8000000000002,169.92000000000002,101.14754131249805,0.5952656621498237,0
7130-VTEWQ,0.8708510472451899,909.0,136.35,101.13108058376329,0.7417020944903799,0
3757-NJYBX,0.7638940485237924,1276.1999999999998,191.42999999999998,101.0344754178191,0.5277880970475846,0
9565-DJPIB,0.8132259024331563,1075.1999999999998,161.27999999999997,101.03414708883889,0.6264518048663127,0
7354-OIJLX,0.8699797253234418,910.1999999999999,136.52999999999997,101.02666379681904,0.7399594506468838,0
6416-TVAIH,0.9096233866842142,822.0,123.3,101.0131271563272,0.8192467733684282,0
0679-IDSTG,0.9046827432968487,831.0,124.64999999999999,100.88740790390439,0.8093654865936976,0
4659-NZRUF,0.7945246435444446,1141.8000000000002,171.27,100.88647139971405,0.5890492870888892,0
6402-ZFPPI,0.7725393796801958,1233.6,185.04,100.86137363204685,0.5450787593603915,0
5183-SNMJQ,0.7945640277597918,1141.1999999999998,171.17999999999998,100.8469405438423,0.5891280555195835,0
8714-CTZJW,0.8379250430315626,994.1999999999999,149.13,100.78952333459381,0.6758500860631249,0
1447-GIQMR,0.9044891638745424,829.8000000000001,124.47,100.69353245492857,0.8089783277490847,0
2603-HVKCG,0.775818877339878,1216.8000000000002,182.52,100.6849229841491,0.5516377546797562,0
4806-HIPDW,0.905355870335919,827.4000000000001,124.11000000000001,100.61743413478183,0.810711740671838,0
9190-MFJLN,0.7914292880582244,1150.8000000000002,172.62000000000003,100.61304740922142,0.5828585761164489,0
5570-PTWEH,0.8718700014044046,901.8000000000001,135.27,100.60571017994761,0.743740002808809,0
8914-RBTSB,0.7978185207011818,1125.6,168.83999999999997,100.56735807037506,0.5956370414023636,0
8943-URTMR,0.8505706346542529,955.8000000000001,143.37,100.52262378076045,0.7011412693085056,0
8183-ONMXC,0.8455608084382563,969.0,145.35,100.45452701300113,0.6911216168765127,0
9317-WZPGV,0.8497299917616632,957.0,143.54999999999998,100.40748063477352,0.6994599835233266,0
0122-OAHPZ,0.8776704066943248,886.1999999999999,132.92999999999998,100.40745432375317,0.7553408133886496,0
0928-XUTSN,0.8464403215978936,966.0,144.9,100.39840519906957,0.6928806431957872,0
1508-DFXCU,0.8421822035718812,977.4000000000001,146.61,100.33466573134703,0.6843644071437625,0
4631-OACRM,0.8510070917432683,952.8000000000001,142.92000000000002,100.3318671038958,0.7020141834865364,0
1853-UDXBW,0.8980067733948714,840.0,126.0,100.29770689550759,0.7960135467897428,0
1766-GKNMI,0.8279603522625695,1018.8000000000001,152.82,100.23780206553175,0.6559207045251391,0
4282-YMKNA,0.8720565043556779,897.0,134.54999999999998,100.12040532211293,0.744113008711356,0
5647-FXOTP,0.7625105646475717,1270.8000000000002,190.62000000000003,100.07952766624024,0.5250211292951433,0
6689-TCZHQ,0.8519933691245508,947.4000000000001,142.11,100.04355537257982,0.7039867382491014,0
6060-DRTNL,0.8273717871518695,1018.1999999999999,152.73,99.99898610341006,0.6547435743037391,0
8835-VSDSE,0.89276817744073,848.4000000000001,127.26,99.96735652221462,0.7855363548814601,0
6860-YRJZP,0.8748467648968984,888.5999999999999,133.29,99.92665058621512,0.7496935297937964,0
7321-VGNKU,0.8945464762618209,844.1999999999999,126.62999999999998,99.92284057806874,0.7890929525236418,0
1226-IENZN,0.8522174010178322,945.0,141.75,99.85363318855542,0.7044348020356643,0
8429-XIBUM,0.773661039345986,1216.1999999999998,182.42999999999998,99.8479668157764,0.5473220786919718,0
9903-LYSAB,0.8790675102724617,877.8000000000001,131.67000000000002,99.82363815515004,0.7581350205449231,0
4803-AXVYP,0.7783293161273721,1194.6,179.18999999999997,99.74766031372761,0.5566586322547442,0
6407-UTSLV,0.8306273797674784,1005.5999999999999,150.83999999999997,99.74366792825285,0.6612547595349567,0
8182-BJDSI,0.8078055321651113,1079.4,161.91,99.67358742570636,0.6156110643302227,0
6376-GAHQE,0.8555160936683647,934.1999999999999,140.13,99.63694041149586,0.7110321873367291,0
8065-YKXKD,0.8700716919423723,897.0,134.54999999999998,99.58629230169242,0.740143383884745,0
9799-CAYJJ,0.8990222360417516,831.5999999999999,124.73999999999998,99.54806744769618,0.7980444720835033,0
7044-YAACC,0.8935312582319261,842.4000000000001,126.36000000000001,99.45321958037235,0.787062516463852,0
5134-IKDAY,0.8957857900119152,837.5999999999999,125.63999999999999,99.45305331419405,0.7915715800238304,0
5482-VXSXJ,0.7960445081351061,1118.4,167.76000000000002,99.32885336949076,0.5920890162702119,0
5442-XSDCW,0.8470344377573561,954.0,143.1,99.32125608615533,0.6940688755147123,0
0709-TVGUR,0.870035473977383,894.5999999999999,134.18999999999997,99.31012050605005,0.7400709479547662,0
4325-NFSKC,0.8044185758706627,1087.1999999999998,163.07999999999996,99.28916270597531,0.6088371517413254,0
1219-NNDDO,0.8585717092519108,922.1999999999999,138.32999999999998,99.20244908163363,0.7171434185038216,0
3420-YJLQT,0.8463769128420227,954.5999999999999,143.18999999999997,99.19542029969847,0.6927538256840456,0
3199-XGZCY,0.8658427167056735,903.0,135.45,99.10679195556696,0.7316854334113472,0
9208-OLGAQ,0.8239773830338372,1019.4000000000001,152.91,99.0787632794081,0.6479547660676744,0
9927-DSWDF,0.7630815327937458,1255.1999999999998,188.27999999999997,99.0659819888129,0.5261630655874916,0
7379-POKDZ,0.8911878586122655,843.5999999999999,126.53999999999998,99.00182325759214,0.782375717224531,0
8337-MSSXB,0.8185972492909402,1035.6,155.33999999999997,98.9817934097093,0.6371944985818805,0
1513-XNPPH,0.8074187062245876,1072.8000000000002,160.92000000000002,98.93963641132126,0.614837412449175,0
5928-QLDHB,0.8597288645578804,915.0,137.25,98.74557332113818,0.7194577291157609,0
7233-DRTRF,0.7678503649737403,1228.8000000000002,184.32000000000002,98.7403585439196,0.5357007299474804,0
9961-JBNMK,0.7833336763930822,1161.6,174.23999999999998,98.73611954946128,0.5666673527861644,0
6996-KNSML,0.8660706916909511,898.8000000000001,134.82,98.70730130754808,0.7321413833819024,0
4062-HBMOS,0.7658450282018496,1236.6,185.48999999999998,98.62318856232216,0.5316900564036993,0
4290-BSXUX,0.8436577151800205,955.8000000000001,143.37,98.54041325071907,0.687315430360041,0
1251-STYSZ,0.840816156887862,963.0,144.45,98.46178772490333,0.6816323137757241,0
5666-CYCYZ,0.8050935093401602,1074.6,161.18999999999997,98.35604554108087,0.6101870186803207,0
7321-PKUYW,0.802928043073762,1081.8000000000002,162.27,98.31226709915873,0.6058560861475241,0
9444-JTXHZ,0.8582648542539884,914.4000000000001,137.16,98.2792148189541,0.7165297085079768,0
4902-OHLSK,0.7766075698860959,1183.8000000000002,177.57000000000002,98.23441236934812,0.5532151397721918,0
2799-ARNLO,0.8932508178513902,832.1999999999999,124.82999999999998,98.17899918477806,0.7865016357027804,0
5828-AVIPD,0.7699369030592844,1211.4,181.71,98.1004693098051,0.5398738061185686,0
9574-RKJIF,0.788584505683307,1132.8000000000002,169.92000000000002,98.07255841141506,0.577169011366614,0
1343-EHPYB,0.7633835332304261,1240.8000000000002,186.12000000000003,98.04188640969377,0.5267670664608519,0
3249-ZPQRG,0.8470055711712865,941.4000000000001,141.21,98.00131341019474,0.694011142342573,0
7270-BDIOA,0.8024091480162041,1080.0,162.0,97.98056395725013,0.6048182960324082,0
3640-PHQXK,0.8024291318282014,1078.8000000000002,161.82000000000002,97.8781642248791,0.6048582636564027,0
5747-PMBSQ,0.7939059922016318,1110.0,166.5,97.87069540314337,0.5878119844032635,0
9696-RMYBA,0.8393850584218538,961.1999999999999,144.17999999999998,97.86507544652574,0.6787701168437075,0
4536-PLEQY,0.8196124351123191,1020.5999999999999,153.08999999999997,97.85893538268985,0.6392248702246383,0
3295-YVUSR,0.8744198231884274,871.1999999999999,130.67999999999998,97.8583649885274,0.7488396463768551,0
3904-UKFRE,0.8391075091570583,961.1999999999999,144.17999999999998,97.78504134052932,0.6782150183141166,0
5655-JSMZM,0.7821755366694867,1154.4,173.16,97.72303185937668,0.5643510733389736,0
7235-NXZCP,0.8625480373304384,898.1999999999999,134.73,97.69219413905992,0.7250960746608768,0
9921-ZVRHG,0.837097856066108,965.4000000000001,144.81,97.6302810738662,0.674195712132216,0
5981-ITEMU,0.7792095120231366,1165.1999999999998,174.77999999999997,97.60047702280758,0.558419024046273,0
3707-GNWHM,0.8651036698785569,891.0,133.65,97.59221095853826,0.7302073397571138,0
1965-AKTSX,0.8433682258000622,947.4000000000001,142.11,97.5921171368937,0.6867364516001245,0
0018-NYROU,0.8929547972479,827.4000000000001,124.11000000000001,97.53923977287374,0.7859095944958,0
9058-MJLZC,0.7863788385576109,1135.1999999999998,170.27999999999997,97.52917725917996,0.5727576771152219,0
5922-ABDVO,0.8019189237510722,1075.8000000000002,161.37000000000003,97.44131345142105,0.6038378475021443,0
5857-TYBCJ,0.8031252242472922,1070.4,160.56,97.33957201029045,0.6062504484945843,0
0742-NXBGR,0.8283646219246452,987.5999999999999,148.14,97.28787018383386,0.6567292438492903,0
2982-IHMFT,0.8629379458992883,893.4000000000001,134.01000000000002,97.27462825992725,0.7258758917985765,0
9050-QLROH,0.7978168270733892,1088.4,163.26000000000002,97.243150376003,0.595633654146778,0
3365-SAIGS,0.8232190819736301,1002.5999999999999,150.39,97.21783547602845,0.6464381639472602,0
5144-TVGLP,0.7848337758778334,1137.0,170.54999999999998,97.156800951929,0.569667551755667,0
7823-JSOAG,0.8621690796174982,894.0,134.1,97.13374715341303,0.7243381592349964,0
5159-YFPKQ,0.8557637903830645,909.5999999999999,136.43999999999997,97.08082311973064,0.7115275807661291,0
1894-IGFSG,0.802091976534202,1071.0,160.65,97.06215206043905,0.6041839530684037,0
6918-UMQCG,0.8361708432591092,962.4000000000001,144.36,97.05924586577001,0.6723416865182184,0
0921-OHLVP,0.8245105060759704,996.5999999999999,149.48999999999998,97.02215110659361,0.6490210121519407,0
4274-OWWYO,0.8623670749578036,892.1999999999999,133.82999999999998,96.99117128320572,0.7247341499156074,0
0793-TWELN,0.8358683839555652,961.8000000000001,144.27,96.91146350653875,0.6717367679111301,0
5959-BELXA,0.7798443074785141,1153.8000000000002,173.07000000000002,96.8653085906129,0.5596886149570283,0
1035-IPQPU,0.7599676233954116,1242.0,186.29999999999998,96.86393647713035,0.5199352467908231,0
8010-EZLOU,0.8350504640895915,962.4000000000001,144.36,96.73576999194688,0.6701009281791831,0
2254-DLXRI,0.839332946931645,949.8000000000001,142.47,96.68952989870294,0.6786658938632901,0
0925-VYDLG,0.8567654071158075,903.0,135.45,96.64774878767224,0.713530814231615,0
3276-HDUEG,0.8574405799897653,900.5999999999999,135.08999999999997,96.5732959016348,0.7148811599795307,0
5054-IEXZT,0.8557030402053664,904.1999999999999,135.63,96.48800668610767,0.7114060804107326,0
6377-WHAOX,0.7524625649145502,1273.8000000000002,191.07000000000002,96.47604455644623,0.5049251298291004,0
9278-VZKCD,0.7455207523269687,1309.1999999999998,196.37999999999997,96.4307306839402,0.4910415046539373,0
1977-STDKI,0.8667049819002316,876.0,131.4,96.37006924338084,0.733409963800463,0
2519-FAKOD,0.7696884146606864,1191.0,178.65,96.35967055826322,0.5393768293213727,0
6960-HVYXR,0.8521454299209451,912.0,136.79999999999998,96.34698962637057,0.7042908598418902,0
6877-LGWXO,0.8406825675026119,942.5999999999999,141.39,96.3382164383886,0.6813651350052239,0
2272-QAGFO,0.8598895519321046,891.5999999999999,133.73999999999998,96.26325735079934,0.7197791038642093,0
6330-JKLPC,0.8321210515645983,966.0,144.9,96.24868074342058,0.6642421031291965,0
5318-IXUZF,0.8066295919388345,1045.8000000000002,156.87000000000003,96.20196817488994,0.6132591838776689,0
4690-PKDQG,0.779672970863465,1146.6,171.98999999999998,96.20190851761467,0.55934594172693,0
0137-OCGAB,0.8331582193279312,962.4000000000001,144.36,96.18944108436028,0.6663164386558622,0
0376-OIWME,0.7853454842160025,1123.1999999999998,168.47999999999996,96.15001436142421,0.5706909684320052,0
5692-ICXLW,0.7943292597071497,1088.4,163.26000000000002,96.10438987957852,0.5886585194142994,0
2575-GFSOE,0.8866818955587401,828.0,124.19999999999999,96.05178285679102,0.7733637911174801,0
7598-UAASY,0.8491794962378728,916.8000000000001,137.52,96.03832864526453,0.6983589924757455,0
6365-MTGZX,0.7777236901241977,1152.0,172.79999999999998,95.98130730692273,0.5554473802483955,0
5989-PGKJB,0.8089198852483441,1035.0,155.25,95.91962436961083,0.6178397704966881,0
0315-LVCRK,0.8140705310460108,1017.5999999999999,152.64,95.87945171772614,0.6281410620920215,0
5027-QPKTE,0.8837244900418565,832.1999999999999,124.82999999999998,95.8006561838499,0.7674489800837131,0
2955-BJZHG,0.8290560822049089,970.1999999999999,145.52999999999997,95.7750632865608,0.658112164409818,0
0004-TLHLJ,0.8597149606763491,886.8000000000001,133.02,95.69856813833593,0.7194299213526982,0
7625-XCQRH,0.8472908832672715,918.0,137.7,95.6439092518066,0.6945817665345433,0
0772-GYEQQ,0.8002678814330493,1060.1999999999998,159.02999999999997,95.50320236859562,0.6005357628660984,0
9093-FPDLG,0.781574700513941,1130.4,169.56,95.48761243828767,0.563149401027882,0
4183-MYFRB,0.7945395831545966,1080.6,162.08999999999997,95.48384206705714,0.5890791663091933,0
5630-IXDXV,0.7493666432686512,1276.1999999999998,191.42999999999998,95.47251304183581,0.49873328653730253,0
3765-JXVKY,0.8549020166816034,896.4000000000001,134.46,95.44025032601678,0.7098040333632067,0
0388-EOPEX,0.8562452356321685,892.8000000000001,133.92000000000002,95.41672391172003,0.7124904712643371,0
8062-YBDOE,0.8804564156115968,835.8000000000001,125.37,95.39564165045181,0.7609128312231938,0
2516-VQRRV,0.8510702565393473,905.4000000000001,135.81,95.35770308121752,0.7021405130786946,0
8785-CJSHH,0.7653944270931035,1197.6,179.64,95.3509097660102,0.5307888541862069,0
4446-BZKHU,0.7508966877013113,1266.6,189.98999999999998,95.33572339274426,0.5017933754026226,0
8644-XLFBW,0.8694983146678342,859.8000000000001,128.97,95.30839528542117,0.7389966293356686,0
1902-XBTFB,0.796064356568805,1072.8000000000002,160.92000000000002,95.28535251810422,0.5921287131376101,0
7480-QNVZJ,0.7765163961622069,1148.4,172.26000000000002,95.26542880580351,0.5530327923244137,0
2344-JMOGN,0.7787873257755596,1138.1999999999998,170.72999999999996,95.1947202593226,0.5575746515511194,0
5196-SGOAK,0.849237338676953,908.4000000000001,136.26000000000002,95.1741595362432,0.6984746773539057,0
3096-JRDSO,0.753326955481657,1251.6,187.73999999999998,95.11920524425253,0.5066539109633138,0
6400-BWQKW,0.8341795632695336,948.5999999999999,142.29,95.10082011524383,0.6683591265390669,0
4770-UEZOX,0.8533988844902037,897.0,134.54999999999998,95.09963981631384,0.7067977689804077,0
2761-OCIAX,0.8536029038128703,896.4000000000001,134.46,95.09089289335708,0.7072058076257406,0
3550-SAHFP,0.8168527021798501,1000.1999999999999,150.02999999999997,95.0748218160858,0.6337054043597001,0
5539-TMZLF,0.8783846126660806,837.0,125.55,95.01237624045281,0.756769225332161,0
2719-BDAQO,0.7811385645365881,1126.1999999999998,168.92999999999998,94.98547541433166,0.5622771290731763,0
5130-IEKQT,0.7487578111901956,1271.4,190.71,94.88120434416439,0.4975156223803911,0
0376-YMCJC,0.790760310910214,1087.1999999999998,163.07999999999996,94.8343830064754,0.5815206218204282,0
9560-ARGQJ,0.8251619207339912,972.0,145.79999999999998,94.81721608603183,0.6503238414679825,0
2311-QYMUQ,0.7940414480775142,1073.4,161.01000000000002,94.68722710992111,0.5880828961550283,0
8999-BOHSE,0.7931521937237276,1076.4,161.46,94.66470639726609,0.5863043874474549,0
3428-XZMAZ,0.8790661268317097,832.1999999999999,124.82999999999998,94.63764922480462,0.7581322536634193,0
3716-BDVDB,0.8803479928992722,829.1999999999999,124.37999999999998,94.61536671362298,0.7606959857985447,0
8111-RKSPX,0.8637349851292914,866.4000000000001,129.96,94.54199733480542,0.7274699702585827,0
8849-AYPTR,0.7877957958354619,1095.0,164.25,94.5409189319492,0.5755915916709236,0
5875-YPQFJ,0.8753288737574605,838.8000000000001,125.82000000000001,94.44775779232738,0.7506577475149211,0
9685-WKZGT,0.8499932576154743,899.4000000000001,134.91,94.43518076980732,0.6999865152309489,0
7409-KIUTL,0.8693206531078652,852.0,127.8,94.39835893437034,0.7386413062157303,0
7254-IQWOZ,0.8764266984173755,835.8000000000001,125.37,94.38523036117277,0.7528533968347513,0
9488-HGMJH,0.8683678246637322,853.8000000000001,128.07,94.35373460936839,0.7367356493274646,0
3370-HXOPH,0.8442671320668547,913.1999999999999,136.98,94.3154235010355,0.6885342641337093,0
2959-FENLU,0.8070368119832975,1023.5999999999999,153.54,94.28486422383097,0.6140736239665948,0
5550-VFRLC,0.8749420496186309,838.1999999999999,125.72999999999999,94.28292779710091,0.7498840992372617,0
6221-AVQYL,0.8574776119627423,879.0,131.85,94.26684627457516,0.7149552239254847,0
3878-AVSOQ,0.8672674713484513,855.0,128.25,94.20410640087775,0.7345349426969026,0
2135-DQWAQ,0.8066122681169294,1023.5999999999999,153.54,94.15449529334666,0.6132245362338586,0
4871-JTKJF,0.8753602764684861,835.8000000000001,125.37,94.11783572170822,0.7507205529369723,0
4603-JANFB,0.8739191160042546,838.1999999999999,125.72999999999999,94.02570091042983,0.7478382320085091,0
6653-CBBOM,0.871429918016039,843.5999999999999,126.53999999999998,94.00148365149913,0.742859836032078,0
2446-PLQVO,0.8714179641597721,843.5999999999999,126.53999999999998,93.99845836955511,0.7428359283195443,0
7206-GZCDC,0.8767184705174841,831.0,124.64999999999999,93.9159147000088,0.7534369410349684,0
4510-HIMLV,0.8733753845408208,837.5999999999999,125.63999999999999,93.82176662741745,0.7467507690816416,0
9866-QEVEE,0.8028383514335957,1032.0,154.79999999999998,93.75875360384126,0.6056767028671917,0
3352-ALMCK,0.7535277392970418,1231.8000000000002,184.77,93.68864077982883,0.5070554785940836,0
9603-OAIHC,0.871509317308927,840.5999999999999,126.08999999999997,93.68721963896522,0.7430186346178542,0
0402-CQAJN,0.7553472567159139,1222.8000000000002,183.42000000000002,93.67158765366582,0.5106945134318276,0
6856-RAURS,0.8472710989938597,898.8000000000001,134.82,93.63817913270432,0.6945421979877194,0
9250-WYPLL,0.8441706024116937,906.5999999999999,135.98999999999998,93.60752044393246,0.6883412048233876,0
4283-FUTGF,0.8254972816608271,958.1999999999999,143.73,93.56744858622136,0.6509945633216543,0
8132-YPVBX,0.802359612341315,1031.4,154.71,93.55611125064968,0.60471922468263,0
0256-LTHVJ,0.8206244489304767,972.5999999999999,145.89,93.55180170893448,0.6412488978609534,0
5119-NZPTV,0.8705824367722064,841.1999999999999,126.17999999999998,93.520183743834,0.7411648735444128,0
8375-DKEBR,0.8729525418901659,835.1999999999999,125.27999999999999,93.44698889599995,0.7459050837803317,0
5542-TBBWB,0.8711799673233537,838.8000000000001,125.82000000000001,93.40372697724875,0.7423599346467076,0
9804-ICWBG,0.8711611189042887,838.8000000000001,125.82000000000001,93.39898396107522,0.7423222378085774,0
2276-YDAVZ,0.8452936471658353,901.1999999999999,135.17999999999998,93.35359044775524,0.6905872943316708,0
8000-REIQB,0.8705740257495791,839.4000000000001,125.91000000000001,93.31795116425901,0.7411480514991582,0
1602-IJQQE,0.8438943263575202,904.1999999999999,135.63,93.2847749677409,0.6877886527150402,0
1980-KXVPM,0.8452235212563409,900.5999999999999,135.08999999999997,93.27249097303817,0.6904470425126819,0
1820-TQVEV,0.8724192510467865,834.5999999999999,125.18999999999998,93.24633207709441,0.7448385020935732,0
0310-MVLET,0.7610120190815849,1189.8000000000002,178.47000000000003,93.16563009098093,0.5220240381631698,0
6457-GIRWB,0.8730847338553143,832.1999999999999,124.82999999999998,93.14433465431773,0.7461694677106284,0
1833-TCXKK,0.7400950851825001,1293.0,193.95,93.13288354229178,0.48019017036500017,0
1846-XWOQN,0.8686632831595572,841.8000000000001,126.27000000000001,93.10222552911458,0.7373265663191143,0
9095-HFAFX,0.819227317721826,972.0,145.79999999999998,93.08668584768446,0.6384546354436521,0
5276-KQWHG,0.8713740775734848,835.1999999999999,125.27999999999999,93.05148887681234,0.7427481551469696,0
3494-JCHRQ,0.8689670016051478,840.5999999999999,126.08999999999997,93.04609846478618,0.7379340032102958,0
7465-ZZRVX,0.8673497816010484,844.1999999999999,126.62999999999998,93.03500568828152,0.7346995632020968,0
9728-FTTVZ,0.8734457574782055,830.4000000000001,124.56,93.03280710297057,0.746891514956411,0
6522-YRBXD,0.7733024764776206,1134.6,170.18999999999997,93.02669694345249,0.5466049529552413,0
3244-DCJWY,0.8678337699636017,843.0,126.44999999999999,93.02516042379486,0.7356675399272034,0
5498-TXHLF,0.7954483196201345,1049.4,157.41,93.01303998281077,0.5908966392402691,0
3771-PZOBW,0.7847868832150466,1088.4,163.26000000000002,92.988613107377,0.569573766430093,0
1640-PLFMP,0.8676838781885017,843.0,126.44999999999999,92.98725279387205,0.7353677563770032,0
5376-DEQCP,0.8657216519123364,847.1999999999999,127.07999999999998,92.95181505003941,0.7314433038246728,0
4184-TJFAN,0.7923515789567656,1059.6,158.93999999999997,92.93271991877663,0.5847031579135312,0
5583-SXDAG,0.8687237885621644,840.0,126.0,92.91839471766542,0.7374475771243287,0
0082-OQIQY,0.7739592714465057,1130.4,169.56,92.905068132939,0.5479185428930112,0
9605-WGJVW,0.8675243523143886,842.4000000000001,126.36000000000001,92.88075431689231,0.7350487046287772,0
0328-GRPMV,0.8677547692792109,841.1999999999999,126.17999999999998,92.80659357530166,0.7355095385584219,0
7206-PQBBZ,0.8671154571920162,842.4000000000001,126.36000000000001,92.77741834156635,0.7342309143840324,0
3536-IQCTX,0.802116907819524,1023.5999999999999,153.54,92.77406005321942,0.604233815639048,0
2636-ALXXZ,0.87026512207036,835.1999999999999,125.27999999999999,92.7736289859494,0.7405302441407201,0
0947-IDHRQ,0.8209147537294224,963.5999999999999,144.54,92.77003700810138,0.6418295074588445,0
6502-MJQAE,0.8701170279465879,835.1999999999999,125.27999999999999,92.73652252229705,0.7402340558931758,0
6198-ZFIOJ,0.8406940720033949,907.1999999999999,136.07999999999998,92.72329863644396,0.6813881440067899,0
0875-CABNR,0.8044095614028378,1015.1999999999999,152.27999999999997,92.71097602084828,0.6088191228056757,0
8051-HJRLT,0.8649596919334718,846.5999999999999,126.98999999999998,92.69246255726316,0.7299193838669437,0
0378-TOVMS,0.7999997524159629,1029.6,154.43999999999997,92.6639235262426,0.5999995048319258,0
0488-GSLFR,0.8703441556828516,834.0,125.1,92.66010775184947,0.7406883113657032,0
8380-PEFPE,0.8591444133875321,859.8000000000001,128.97,92.63770998918002,0.7182888267750641,0
3721-CNEYS,0.8625740150708981,851.4000000000001,127.71000000000001,92.6086549294088,0.7251480301417962,0
4299-SIMNS,0.8169200198442947,973.8000000000001,146.07,92.58501459731227,0.6338400396885895,0
2897-DOVND,0.868434609099467,837.5999999999999,125.63999999999999,92.58024857451403,0.7368692181989338,0
6168-WFVVF,0.8657401295466514,843.5999999999999,126.53999999999998,92.56151198566654,0.7314802590933029,0
5976-JCJRH,0.8651559429026302,843.5999999999999,126.53999999999998,92.41366602979762,0.7303118858052603,0
1475-VWVDO,0.8426962474694972,898.8000000000001,134.82,92.40461616767521,0.6853924949389943,0
2800-QQUSO,0.7558575895704905,1203.6,180.54,92.3850584421127,0.511715179140981,0
7394-LWLYN,0.8655559723739753,841.8000000000001,126.27000000000001,92.31750526332374,0.7311119447479507,0
7660-HDPJV,0.8704540253895977,830.4000000000001,124.56,92.28750680505658,0.7409080507791954,0
2674-MIAHT,0.8192334988716499,963.5999999999999,144.54,92.28401985381652,0.6384669977432996,0
0637-UBJRP,0.8049403361837482,1008.5999999999999,151.29,92.2688469224785,0.6098806723674962,0
1031-IIDEO,0.8616818424390627,850.1999999999999,127.52999999999999,92.25057073250731,0.7233636848781253,0
2154-KVJFF,0.8212676863589857,957.0,143.54999999999998,92.23595275366483,0.6425353727179718,0
9717-QEBGU,0.8643580906016016,843.5999999999999,126.53999999999998,92.21174556945336,0.7287161812032035,0
7665-TOALD,0.8677683165025607,835.1999999999999,125.27999999999999,92.1480293828816,0.7355366330051214,0
4550-EVXNY,0.8675025139762862,835.8000000000001,125.37,92.147580354414,0.7350050279525724,0
9840-DVNDC,0.8176840470056921,966.0,144.9,92.06483682224953,0.6353680940113839,0
6379-RXJRQ,0.8647587378979998,841.1999999999999,126.17999999999998,92.05051509593923,0.7295174757959998,0
4629-NRXKX,0.8630424162401502,844.8000000000001,126.72,92.00946997190366,0.7260848324803003,0
4137-BTIKL,0.7816087131254926,1089.0,163.35,92.00156657809842,0.5632174262509851,0
5804-LEPIM,0.8632353226573491,844.1999999999999,126.62999999999998,91.99297781620025,0.7264706453146984,0
7207-RMRDB,0.7421842931113861,1266.0,189.9,91.98159452370444,0.4843685862227722,0
2860-RANUS,0.7976928540172712,1029.6,154.43999999999997,91.95136874885475,0.5953857080345426,0
7952-OBOYL,0.7841474848108446,1078.1999999999998,161.72999999999996,91.91034543691578,0.5682949696216892,0
2322-VCZHZ,0.7836654961081508,1080.0,162.0,91.90762073904088,0.5673309922163017,0
4702-IOQDC,0.8640739804142054,841.1999999999999,126.17999999999998,91.87770969732887,0.7281479608284108,0
4277-PVRAN,0.8185841674429992,961.1999999999999,144.17999999999998,91.86693052386323,0.6371683348859983,0
0644-OQMDK,0.8611460440793949,847.8000000000001,127.17,91.8538848511533,0.7222920881587898,0
2983-ZANRP,0.8465757134822456,882.5999999999999,132.39,91.76631741582895,0.693151426964491,0
3750-CKVKH,0.8762207039193456,813.0,121.94999999999999,91.76022968592838,0.7524414078386912,0
4553-DVPZG,0.7514875313381647,1216.1999999999998,182.42999999999998,91.75774068404277,0.5029750626763294,0
4342-HENTK,0.8605163790832957,847.8000000000001,127.17,91.69373585604545,0.7210327581665915,0
7852-LECYP,0.7715197349401149,1125.6,168.83999999999997,91.686784094578,0.5430394698802299,0
0682-USIXD,0.7959124230618531,1032.6,154.89,91.66775041610083,0.5918248461237061,0
1236-WFCDV,0.7813603831525268,1085.4,162.81,91.61656796212577,0.5627207663050535,0
9090-SGQXL,0.7416335959540048,1263.6,189.54,91.59846355424415,0.48326719190800965,0
1196-AMORA,0.8455427691758124,883.1999999999999,132.48,91.55501212082322,0.6910855383516246,0
9921-QFQUL,0.7820885238121069,1081.8000000000002,162.27,91.5490095179812,0.564177047624214,0
4612-SSVHJ,0.8119944149542351,977.4000000000001,146.61,91.48300235288079,0.6239888299084699,0
4482-EWFMI,0.8645477163781855,836.4000000000001,125.46000000000001,91.47231299361431,0.729095432756371,0
2507-QZPQS,0.765495939987843,1148.4,172.26000000000002,91.4686612446117,0.5309918799756861,0
3737-GCSPV,0.7639505778687925,1154.4,173.16,91.41136412752022,0.527901155737585,0
7245-NIIWQ,0.8633025751780062,838.1999999999999,125.72999999999999,91.35606555426142,0.7266051503560123,0
3296-SILRA,0.8319059354524134,916.8000000000001,137.52,91.2874084868318,0.6638118709048269,0
2754-XBHTB,0.8265246549942665,931.8000000000001,139.77,91.27670205709725,0.6530493099885329,0
9283-LZQOH,0.840781516509544,892.8000000000001,133.92000000000002,91.27492138191624,0.6815630330190877,0
1086-LXKFY,0.8668507462772125,829.1999999999999,124.37999999999998,91.25779164391936,0.733701492554425,0
7011-CVEUC,0.7644789701551545,1148.4,172.26000000000002,91.11829479785379,0.5289579403103087,0
1965-DDBWU,0.7840865624274214,1068.6,160.29,91.07247018298273,0.5681731248548426,0
2568-BRGYX,0.8602778129927413,842.4000000000001,126.36000000000001,91.04940889952559,0.7205556259854826,0
5399-ZIMKF,0.8387195315635203,895.8000000000001,134.37,91.02748691238043,0.6774390631270404,0
3804-RVTGV,0.7432771311112353,1246.1999999999998,186.92999999999998,90.9515882372464,0.4865542622224705,0
7739-LAXOG,0.7773864277901275,1092.6,163.89,90.92172330104796,0.5547728555802549,0
6339-YPSAH,0.8420583184199436,885.5999999999999,132.83999999999997,90.87805403781061,0.6841166368398873,0
2055-PDADH,0.8583578997667322,844.8000000000001,126.72,90.82222611688061,0.7167157995334644,0
8325-QRPZR,0.8356991873249707,901.8000000000001,135.27,90.82005813889756,0.6713983746499413,0
2398-YPMUR,0.8595649990450737,841.8000000000001,126.27000000000001,90.80454485884289,0.7191299980901471,0
3703-VAVCL,0.7800902386502103,1080.0,162.0,90.74923732266814,0.5601804773004206,0
5649-ANRML,0.7650577364450281,1141.1999999999998,171.17999999999998,90.74516664931977,0.530115472890056,0
8873-GLDMH,0.8410620242553645,886.1999999999999,132.92999999999998,90.67474976853117,0.6821240485107288,0
2362-IBOOY,0.7971131379158819,1017.0,152.54999999999998,90.64921837813557,0.5942262758317639,0
3269-ATYWD,0.7631339174775201,1147.8000000000002,172.17000000000002,90.6075331442093,0.5262678349550403,0
6212-ATMLK,0.7629200077520569,1148.4,172.26000000000002,90.58120107073862,0.5258400155041135,0
5536-RTPWK,0.7538763954389344,1188.6,178.29,90.52724508561519,0.5077527908778686,0
1062-LHZOD,0.8595493474286297,838.8000000000001,125.82000000000001,90.47699778694034,0.7190986948572591,0
7801-KICAO,0.8383986315210347,889.8000000000001,133.47,90.33213069822497,0.6767972630420692,0
9492-TOKRI,0.7786218494205966,1080.0,162.0,90.27347921227332,0.5572436988411933,0
3074-GQWYX,0.8303405374053577,910.8000000000001,136.62,90.26224844063995,0.6606810748107155,0
8854-CCVSQ,0.8108422766274285,967.8000000000001,145.17000000000002,90.24994659600756,0.6216845532548567,0
4238-JSSWH,0.745536031367559,1224.6,183.68999999999997,90.20502720381384,0.49107206273511816,0
1597-LHYNC,0.7633887110824171,1140.0,171.0,90.07893919018665,0.5267774221648341,0
9633-XQABV,0.8559330257796928,843.0,126.44999999999999,90.01546221968428,0.7118660515593854,0
0177-PXBAT,0.7275084995817566,1318.8000000000002,197.82000000000002,90.01146277452617,0.45501699916351307,0
9168-INPSZ,0.7400112348756446,1249.8000000000002,187.47000000000003,89.98981240427418,0.4800224697512891,0
3453-RTHJQ,0.8616558456406749,829.1999999999999,124.37999999999998,89.96550816157425,0.7233116912813496,0
7908-QCBCA,0.8599072484607548,832.8000000000001,124.92,89.91922695543501,0.7198144969215098,0
9529-OFXHY,0.7845307907006484,1053.0,157.95,89.88327678233483,0.5690615814012968,0
6077-BDPXA,0.8556599944413504,841.8000000000001,126.27000000000001,89.81837499621867,0.711319988882701,0
0581-MDMPW,0.780473678888007,1067.4,160.11,89.81328145351759,0.5609473577760139,0
3411-WLRSQ,0.8342941938216493,895.1999999999999,134.27999999999997,89.77804869274212,0.6685883876432986,0
2474-BRUCM,0.7447931949967133,1222.1999999999998,183.32999999999996,89.75587287749485,0.48958638999342646,0
9773-PEQBZ,0.8121245320501899,958.1999999999999,143.73,89.72331798314755,0.6242490641003796,0
2378-VTKDH,0.7388064678096077,1252.1999999999998,187.82999999999996,89.7100376973572,0.4776129356192153,0
1307-ATKGB,0.778197623805169,1074.6,161.18999999999997,89.68534996231037,0.556395247610338,0
8565-CLBZW,0.7772003846659237,1078.1999999999998,161.72999999999996,89.66323642403967,0.5544007693318475,0
5712-PTIWW,0.811888899000085,958.1999999999999,143.73,89.65558290656443,0.6237777980001701,0
0578-SKVMF,0.7988075870002708,999.5999999999999,149.93999999999997,89.60641918964117,0.5976151740005415,0
2058-DCJBE,0.8567499317927001,837.0,125.55,89.57990787314698,0.7134998635854001,0
7048-GXDAY,0.733709554141433,1276.8000000000002,191.52,89.52010761833455,0.46741910828286626,0
8104-OSKWT,0.8115126483028986,957.5999999999999,143.64,89.49135360445669,0.6230252966057971,0
4154-AQUGT,0.7791189855133733,1068.6,160.29,89.47996437587719,0.5582379710267464,0
9885-AIBVB,0.7896510213466083,1029.6,154.43999999999997,89.46740747354036,0.5793020426932166,0
4652-NNHNY,0.836446070781374,886.1999999999999,132.92999999999998,89.44755237793612,0.6728921415627483,0
2905-KFQUV,0.8527708406651782,844.8000000000001,126.72,89.40624185818277,0.7055416813303564,0
9661-ACXBS,0.7360440689941014,1262.4,189.36,89.39460980944608,0.47208813798820276,0
0311-UNPFF,0.7792014912373731,1065.6,159.83999999999997,89.25513271876343,0.5584029824747463,0
5271-DBYSJ,0.8132004815512204,949.8000000000001,142.47,89.24334521320475,0.6264009631024409,0
3235-ETOOB,0.8326391914384594,894.0,134.1,89.2138311437948,0.6652783828769188,0
3488-PGMQJ,0.8324971526322076,894.0,134.1,89.17573633595808,0.6649943052644153,0
9465-RWMXL,0.8139000683010058,946.8000000000001,142.02,89.1601754002177,0.6278001366020116,0
3496-LFSZU,0.8512861608605202,846.0,126.89999999999999,89.15642762640006,0.7025723217210407,0
3348-CFRNX,0.7681423509560283,1108.1999999999998,166.22999999999996,89.14660599884115,0.5362847019120567,0
7912-SYRQT,0.8295797236835162,901.1999999999999,135.17999999999998,89.10517409507543,0.6591594473670324,0
3186-BAXNB,0.7698794640760884,1100.4,165.06,89.09260868079832,0.5397589281521769,0
6496-JDSSB,0.8091415021564488,960.0,144.0,89.03275262105723,0.6182830043128974,0
4059-IIEBK,0.8140670270394806,942.5999999999999,141.39,88.81187390622432,0.6281340540789613,0
6719-OXYBR,0.7890496891199943,1023.5999999999999,153.54,88.7613785349678,0.5780993782399884,0
4572-DVCGN,0.8072341812768797,963.0,144.45,88.75995497089056,0.6144683625537596,0
7901-TBKJX,0.7438601643275646,1212.6,181.89,88.71145057908143,0.4877203286551291,0
7703-ZEKEF,0.8040787514036625,972.0,145.79999999999998,88.66936390930798,0.6081575028073251,0
6352-TWCAU,0.7847639737304215,1037.4,155.61,88.62424390438179,0.569527947460843,0
6906-ANDWJ,0.8286269503682046,898.8000000000001,134.82,88.6109708972827,0.6572539007364093,0
9167-APMXZ,0.7922685752052061,1009.8000000000001,151.47,88.53984217266515,0.5845371504104123,0
5889-JTMUL,0.7584488196982041,1140.6,171.08999999999997,88.43601712433144,0.5168976393964081,0
4741-WWJQZ,0.8064345147275626,961.8000000000001,144.27,88.41861487949092,0.6128690294551252,0
4291-SHSBH,0.8529367342036106,834.5999999999999,125.18999999999998,88.36829950990001,0.7058734684072212,0
1016-DJTSV,0.8518368342374877,836.4000000000001,125.46000000000001,88.28289844687043,0.7036736684749755,0
3916-NRPAP,0.7858929607339586,1028.4,154.26000000000002,88.20369624564091,0.5717859214679172,0
7783-YKGDV,0.7455950016504902,1196.4,179.46,88.14895799239397,0.49119000330098056,0
1989-PRJHP,0.8242476592472779,906.0,135.9,88.13051378341012,0.6484953184945557,0
7181-OQCUT,0.7357253659306149,1246.1999999999998,186.92999999999998,88.12828530681966,0.4714507318612297,0
6178-KFNHS,0.8126192596934513,939.5999999999999,140.93999999999997,88.12111692239006,0.6252385193869028,0
0362-ZBZWJ,0.787934155102895,1018.8000000000001,152.82,88.00419516564884,0.5758683102057901,0
9494-MRNYX,0.8255666040766709,900.5999999999999,135.08999999999997,87.96158508943495,0.651133208153342,0
0093-EXYQL,0.7664082325867642,1098.6,164.79,87.8028252959457,0.5328164651735281,0
6923-JHPMP,0.8031210321398885,965.4000000000001,144.81,87.78991332835452,0.606242064279777,0
6347-DCUIK,0.8283793303093261,889.8000000000001,133.47,87.65757843277152,0.6567586606186523,0
5879-SESNB,0.8232200356825152,903.0,135.45,87.56030766639336,0.6464400713650303,0
5502-RLUYV,0.7337375373441505,1247.4,187.11,87.469261224928,0.46747507468830096,0
2187-PKZAY,0.803428257528322,959.4000000000001,143.91,87.33272108180168,0.6068565150566443,0
0231-LXVAP,0.8193969219377841,910.8000000000001,136.62,87.27201495028012,0.6387938438755681,0
6705-LXORM,0.845857198785726,840.5999999999999,126.08999999999997,87.21826838978436,0.6917143975714519,0
7979-CORPM,0.7674958859216174,1086.6,162.98999999999998,87.19830889272885,0.5349917718432349,0
0330-IVZHA,0.8460529448991073,839.4000000000001,125.91000000000001,87.14305258449319,0.6921058897982144,0
3999-QGRJH,0.8462729555316703,836.4000000000001,125.46000000000001,86.88681000200671,0.6925459110633405,0
6086-ESGRL,0.8008082492981793,961.8000000000001,144.27,86.79521225249664,0.6016164985963585,0
1550-EENBN,0.7309009911963442,1252.1999999999998,187.82999999999996,86.74026635281868,0.4618019823926886,0
0963-ZBDRN,0.7503931199713543,1154.4,173.16,86.71614530847941,0.5007862399427085,0
3768-NLUBH,0.7384902884535621,1207.1999999999998,181.07999999999996,86.37164286634206,0.47698057690712437,0
1907-UBQFC,0.8293197639781436,874.1999999999999,131.13,86.36740130090791,0.658639527956287,0
0947-MUGVO,0.8256957390261703,883.8000000000001,132.57,86.3549682453988,0.6513914780523407,0
5453-AXEPF,0.7979785729421521,966.0,144.9,86.35419043863567,0.5959571458843042,0
6298-QDFNH,0.8022416407174884,952.1999999999999,142.82999999999998,86.33834708735773,0.6044832814349769,0
3196-NVXLZ,0.7833562923415609,1015.1999999999999,152.27999999999997,86.29899239554578,0.5667125846831219,0
6910-HADCM,0.8138168515768351,916.1999999999999,137.42999999999998,86.25569982440891,0.6276337031536704,0
9050-IKDZA,0.7936765038092408,978.0,146.7,86.16468621763127,0.5873530076184817,0
9355-NPPFS,0.8034081432423665,945.5999999999999,141.83999999999997,86.07082207499454,0.6068162864847332,0
2528-HFYZX,0.8126828936304317,917.4000000000001,137.61,86.0565859849674,0.6253657872608632,0
6481-ESCNL,0.7376497604414631,1206.6,180.98999999999998,86.02446028460079,0.47529952088292615,0
2038-LLMLM,0.7300322798525188,1246.1999999999998,186.92999999999998,85.9998681456627,0.4600645597050378,0
0428-IKYCP,0.7744281511908178,1044.0,156.6,85.95089695296411,0.5488563023816355,0
3853-LYGAM,0.7496053629286983,1147.8000000000002,172.17000000000002,85.94911067086798,0.4992107258573966,0
5606-AMZBO,0.8054524101167614,937.8000000000001,140.67000000000002,85.93598106224962,0.6109048202335225,0
1212-GLHMD,0.7773483064631729,1032.6,154.89,85.91695837616166,0.5546966129263455,0
8019-ENHXU,0.7398895499785381,1193.4,179.01000000000002,85.88525668331621,0.4797790999570762,0
1469-LBJQJ,0.726728819170161,1262.4,189.36,85.86673839612337,0.45345763834032193,0
8433-WXGNA,0.8149612311615315,908.4000000000001,136.26000000000002,85.83323471614057,0.6299224623230629,0
7279-BUYWN,0.7105946227892839,1358.4,203.76000000000002,85.82152067908899,0.42118924557856785,0
2277-DJJDL,0.7407982609917516,1188.0,178.2,85.82050021746028,0.4815965219835033,0
0491-KAPQG,0.8233297755761196,884.4000000000001,132.66,85.78585605585607,0.6466595511522394,0
5331-RGMTT,0.7403770779774054,1188.6,178.29,85.71365846518322,0.4807541559548108,0
0196-JTUQI,0.8165065715130045,902.4000000000001,135.36,85.68465904000058,0.633013143026009,0
5233-AOZUF,0.8173752672959967,899.4000000000001,134.91,85.63419462180588,0.6347505345919937,0
5016-IBERQ,0.7820560871290253,1011.0,151.65,85.54761122623336,0.5641121742580505,0
5931-FLJJF,0.8387976063655194,841.1999999999999,126.17999999999998,85.49896394240244,0.6775952127310386,0
7599-FKVXZ,0.7237276276638506,1273.8000000000002,191.07000000000002,85.49527563546386,0.4474552553277011,0
9824-BEMCV,0.8440781101050869,828.0,124.19999999999999,85.4690025501036,0.688156220210174,0
4550-VBOFE,0.7304944239440404,1235.4,185.31,85.42584340214029,0.460988847888081,0
5043-TRZWM,0.8137334943613433,906.5999999999999,135.98999999999998,85.32923579639817,0.6274669887226868,0
5652-MSDEY,0.8125219091028776,909.0,136.35,85.22472461235472,0.6250438182057552,0
7278-CKDNC,0.794067077839547,966.0,144.9,85.2206391579007,0.5881341556790939,0
3858-VOBET,0.8152579625212156,899.4000000000001,134.91,85.06290344747441,0.6305159250424314,0
4220-TINQT,0.7220981690107049,1276.1999999999998,191.42999999999998,85.03250498743844,0.4441963380214097,0
6175-IRFIT,0.7995196338383065,945.0,141.75,84.9138161931599,0.5990392676766131,0
3744-ZRRDZ,0.7857983693266354,988.1999999999999,148.23,84.7277845705743,0.5715967386532707,0
1013-QCWAM,0.7332305760523153,1209.6,181.43999999999997,84.63471143786418,0.46646115210463074,0
8224-DWCKX,0.8207114336302646,879.5999999999999,131.93999999999997,84.62933310635421,0.6414228672605292,0
5405-ZMYXQ,0.815088337912696,895.1999999999999,134.27999999999997,84.62012402983362,0.6301766758253919,0
2823-LKABH,0.7471552434488822,1140.6,171.08999999999997,84.5715812033385,0.4943104868977644,0
2024-BASKD,0.8147845430995249,895.1999999999999,134.27999999999997,84.5385368948084,0.6295690861990499,0
9940-RHLFB,0.8118115829811814,903.5999999999999,135.54,84.52588391453864,0.6236231659623628,0
2675-OTVVJ,0.7624829601205122,1073.4,161.01000000000002,84.52476281800733,0.5249659202410243,0
5564-NEMQO,0.8117586365068112,903.5999999999999,135.54,84.51153118426635,0.6235172730136221,0
7153-OANIO,0.835525263028611,839.4000000000001,125.91000000000001,84.4919717358648,0.6710505260572217,0
4369-HTUIF,0.7754432757659492,1021.8000000000001,153.27,84.43438175329405,0.5508865515318982,0
4854-CIDCF,0.8175759255272064,886.1999999999999,132.92999999999998,84.4307355606631,0.635151851054413,0
2325-NBPZG,0.8145905259215904,894.5999999999999,134.18999999999997,84.42980534683645,0.6291810518431811,0
1428-GTBJJ,0.8144634241812968,894.5999999999999,134.18999999999997,84.39569378177643,0.6289268483625937,0
2956-GGUCQ,0.7972660694321777,946.1999999999999,141.92999999999998,84.38194646901798,0.5945321388643556,0
4587-NUKOX,0.7961555931640998,949.1999999999999,142.38,84.33326670940903,0.5923111863281995,0
2347-WKKAE,0.7481370334873755,1132.8000000000002,169.92000000000002,84.32688946034972,0.4962740669747511,0
3871-IKPYH,0.8389531080897743,829.1999999999999,124.37999999999998,84.31797516841225,0.6779062161795486,0
8270-RKSAP,0.8320974835683687,846.0,126.89999999999999,84.28634132965196,0.6641949671367373,0
9430-FRQOC,0.7686627694355617,1045.1999999999998,156.77999999999997,84.24189798421469,0.5373255388711232,0
1319-YLZJG,0.7764573502763179,1015.1999999999999,152.27999999999997,84.19785060015539,0.552914700552636,0
6583-QGCSI,0.7656192862113829,1056.6,158.48999999999998,84.19600134328411,0.5312385724227656,0
5364-EVNIB,0.7930334641550962,957.5999999999999,143.64,84.18265358247604,0.5860669283101925,0
5129-JLPIS,0.7216251453128602,1266.0,189.9,84.1732301898243,0.44325029062572036,0
5307-DZCVC,0.7719109042159011,1031.4,154.71,84.13467198248415,0.5438218084318024,0
5373-SFODM,0.7739798980913049,1023.0,153.45,84.08443072422148,0.5479597961826098,0
2786-GCDPI,0.7223592789431295,1259.4,188.91,84.0117827702932,0.444718557886259,0
1173-NOEYG,0.7586864112925895,1081.8000000000002,162.27,83.95408792089702,0.5173728225851791,0
2482-CZGBB,0.8330520755159244,840.0,126.0,83.92912303001296,0.6661041510318488,0
1262-OPMFY,0.8077367787749506,909.0,136.35,83.91981957192905,0.6154735575499014,0
3799-ISUZQ,0.8327671620184581,839.4000000000001,125.91000000000001,83.79742673948813,0.6655343240369163,0
4607-CHPCA,0.7574602540939532,1084.8000000000002,162.72000000000003,83.78786509233615,0.5149205081879065,0
4759-TRPLW,0.8303366760061429,844.8000000000001,126.72,83.72052716699687,0.6606733520122859,0
0265-EDXBD,0.8102478944591879,898.8000000000001,134.82,83.65524226197545,0.620495788918376,0
9840-EFJQB,0.8125245978343142,892.1999999999999,133.82999999999998,83.65033385633251,0.6250491956686283,0
4441-NIHPT,0.8127035097330071,891.5999999999999,133.73999999999998,83.64193478338473,0.6254070194660142,0
5419-KLXBN,0.7605293639286096,1069.8000000000002,160.47000000000003,83.61429405924795,0.5210587278572191,0
1482-OXZSY,0.7313269973051104,1204.8000000000002,180.72000000000003,83.61082990595912,0.46265399461022083,0
2868-SNELZ,0.7880943390587766,967.1999999999999,145.07999999999998,83.59345342129461,0.5761886781175533,0
0876-WDUUZ,0.7717343672350844,1024.8000000000002,153.72000000000003,83.54201386275435,0.5434687344701686,0
2692-BUCFV,0.7286431463973507,1217.4,182.61,83.50504992724046,0.45728629279470157,0
8189-XRIKE,0.7549595805927711,1091.4,163.71,83.47886587768514,0.5099191611855424,0
8617-ENBDS,0.8150240743536205,883.1999999999999,132.48,83.46877874073525,0.6300481487072407,0
0093-XWZFY,0.7218330603594102,1254.0,188.1,83.45359730721012,0.4436661207188204,0
4547-KQRTM,0.7891444493601222,960.5999999999999,144.08999999999997,83.32564741659999,0.5782888987202444,0
6017-PPLPX,0.8276698139694706,845.4000000000001,126.81,83.10361821893716,0.6553396279389414,0
0940-OUQEC,0.7859135377446684,968.4000000000001,145.26000000000002,83.06360098558105,0.5718270754893366,0
2856-HYAPG,0.8353240364606065,823.8000000000001,123.57000000000001,82.87198237087428,0.6706480729212129,0
7508-SMHXL,0.7585830447831992,1068.0,160.2,82.85000754853701,0.5171660895663983,0
4816-LXZYW,0.7907167685936473,949.8000000000001,142.47,82.83683604307387,0.5814335371872947,0
6993-OHLXR,0.8336045193324932,827.4000000000001,124.11000000000001,82.80731378871147,0.6672090386649864,0
2080-GKCWQ,0.8064471005546312,899.4000000000001,134.91,82.6855566716506,0.6128942011092625,0
2657-ALMWY,0.7702388783100296,1019.4000000000001,152.91,82.64445376477326,0.5404777566200593,0
6103-BOCOU,0.7843627823903284,968.4000000000001,145.26000000000002,82.61307554003821,0.5687255647806567,0
1915-IOFGU,0.8254975257321892,846.0,126.89999999999999,82.6112720308296,0.6509950514643783,0
0685-MLYYM,0.823971859643741,849.0,127.35,82.51563265126083,0.647943719287482,0
0581-BXBUB,0.8149642254952281,873.0,130.95,82.48913065720023,0.6299284509904562,0
8042-JVNFH,0.821117912839522,856.1999999999999,128.42999999999998,82.48234709195961,0.642235825679044,0
2916-BQZLN,0.7702205214227952,1017.0,152.54999999999998,82.4442810860948,0.5404410428455904,0
2587-EKXTS,0.7053913727025257,1338.0,200.7,82.44409700279385,0.4107827454050516,0
3398-ZOUAA,0.831328560555686,829.1999999999999,124.37999999999998,82.42129272383245,0.6626571211113721,0
1323-OOEPC,0.7325958872786688,1180.8000000000002,177.12000000000003,82.39476710959562,0.4651917745573374,0
6140-QNRQQ,0.8197126833115754,858.5999999999999,128.79,82.35159296739559,0.6394253666231509,0
5044-LRQAQ,0.8304374310966324,830.4000000000001,124.56,82.31857283479306,0.6608748621932647,0
9985-MWVIX,0.8257796770086265,841.8000000000001,126.27000000000001,82.27239963175853,0.651559354017253,0
3671-SHRSP,0.7831648307412914,967.1999999999999,145.07999999999998,82.1631072878931,0.5663296614825828,0
5022-KVDQT,0.7806903251525049,975.5999999999999,146.33999999999997,82.15244436563515,0.5613806503050099,0
3066-RRJIO,0.8260161445311075,839.4000000000001,125.91000000000001,82.09738551582349,0.6520322890622149,0
7595-EUIVN,0.8006864511361624,909.5999999999999,136.43999999999997,82.051318786036,0.601372902272325,0
8676-TRMJS,0.8034671309710368,900.0,135.0,81.93612536217995,0.6069342619420737,0
1264-BYWMS,0.7349336676151137,1161.6,174.23999999999998,81.8696844905148,0.46986733523022733,0
2984-MIIZL,0.80398232734007,897.5999999999999,134.64,81.85636110613405,0.60796465468014,0
2874-YXVVA,0.7163427555407345,1261.1999999999998,189.17999999999998,81.85544498639226,0.4326855110814688,0
5186-SAMNZ,0.8267074773521593,834.0,125.1,81.74221083351026,0.6534149547043187,0
2262-SLNVK,0.8238578813209496,841.1999999999999,126.17999999999998,81.72877493015486,0.6477157626418995,0
1746-TGTWV,0.8011496948168014,904.1999999999999,135.63,81.68986621600553,0.6022993896336026,0
2359-KMGLI,0.7826232511315916,963.0,144.45,81.64985725191681,0.5652465022631833,0
3914-FDRHP,0.7628796866726778,1035.0,155.25,81.62414271186645,0.5257593733453556,0
2203-GHNWN,0.7844043056974186,955.8000000000001,143.37,81.55009061567779,0.5688086113948371,0
0515-YPMCW,0.8214892385527065,845.4000000000001,126.81,81.53610068173742,0.642978477105413,0
1565-RHDJD,0.769401446418257,1008.5999999999999,151.29,81.5154896572362,0.5388028928365141,0
1658-TJVOA,0.8055464047954897,889.1999999999999,133.38,81.50755894324482,0.6110928095909793,0
9617-INGJY,0.8204330189548343,847.1999999999999,127.07999999999998,81.44125609756068,0.6408660379096687,0
9894-EZEWG,0.8044748482322572,891.5999999999999,133.73999999999998,81.44093240516418,0.6089496964645147,0
3223-DWFIO,0.8260820723303667,832.1999999999999,124.82999999999998,81.40965017799934,0.6521641446607334,0
2800-VEQXM,0.8024727058713997,897.0,134.54999999999998,81.39540514999368,0.6049454117427996,0
5950-AAAGJ,0.7680117923845555,1011.5999999999999,151.73999999999998,81.33621875286491,0.536023584769111,0
8837-VVWLQ,0.7659224235905728,1019.4000000000001,152.91,81.32439558246901,0.5318448471811459,0
8212-CRQXP,0.7822740789562891,960.0,144.0,81.29493473941125,0.5645481579125781,0
6661-HBGWL,0.715113310184047,1257.0,188.54999999999998,81.11922927040413,0.4302266203680941,0
3312-ZWLGF,0.7839774684289575,951.5999999999999,142.73999999999998,81.0698876870988,0.5679549368579152,0
3070-DVEYC,0.8052371321998485,885.0,132.75,81.04045859905975,0.6104742643996968,0
5099-BAILX,0.7031659737483155,1329.0,199.35,81.00227373345339,0.40633194749663104,0
9506-UXUSK,0.8206942800824828,841.8000000000001,126.27000000000001,80.98813349203019,0.6413885601649654,0
3177-LASXD,0.8152864616774214,856.1999999999999,128.42999999999998,80.98448054646246,0.6305729233548429,0
5442-BHQNG,0.8196911481025305,844.1999999999999,126.62999999999998,80.96498016844687,0.639382296205061,0
8695-ARGXZ,0.7976571597166073,906.5999999999999,135.98999999999998,80.95679429972284,0.5953143194332147,0
7786-WBJYI,0.7883856035212258,935.4000000000001,140.31,80.92676806012639,0.5767712070424517,0
4983-CCWMC,0.8228901762697924,835.1999999999999,125.27999999999999,80.90336256615917,0.6457803525395848,0
4505-EXZHB,0.8019596059509206,892.8000000000001,133.92000000000002,80.87686085789457,0.6039192119018411,0
1670-SVOWZ,0.7505812309281303,1075.8000000000002,161.37000000000003,80.87258646974479,0.5011624618562606,0
1580-BMCMR,0.7570409916896067,1047.6,157.14,80.78284286820957,0.5140819833792133,0
3791-LGQCY,0.7229472191781174,1207.8000000000002,181.17000000000002,80.78269539699909,0.44589443835623493,0
0812-WUPTB,0.8166609672852588,850.1999999999999,127.52999999999999,80.76754631577812,0.6333219345705178,0
8309-IEYJD,0.8177711390904875,847.1999999999999,127.07999999999998,80.7647127112383,0.6355422781809751,0
5032-MIYKT,0.8171680330742073,848.4000000000001,127.26,80.72560777804723,0.6343360661484145,0
1608-GMEWB,0.7387841653140003,1126.8000000000002,169.02,80.71859924274469,0.47756833062800075,0
7538-GWHML,0.8218800595899779,835.8000000000001,125.37,80.70820614159106,0.6437601191799558,0
4817-QRJSX,0.7766760634615741,972.0,145.79999999999998,80.67874010539501,0.5533521269231483,0
0529-ONKER,0.7959037176689043,907.8000000000001,136.17000000000002,80.5864184699494,0.5918074353378086,0
4919-MOAVT,0.8213078427830464,835.8000000000001,125.37,80.56472849942105,0.6426156855660927,0
0968-GSIKN,0.8160080276427236,849.5999999999999,127.43999999999998,80.54412608557739,0.6320160552854472,0
9625-QSTYE,0.7756703321568638,973.8000000000001,146.07,80.5343308363062,0.5513406643137276,0
2619-WFQWU,0.8187860017247942,841.8000000000001,126.27000000000001,80.50621687557953,0.6375720034495883,0
0620-DLSLK,0.7730179757466591,982.8000000000001,147.42000000000002,80.49661996914494,0.546035951493318,0
5599-HVLTW,0.7781946106398405,964.1999999999999,144.63,80.47057307368024,0.5563892212796808,0
0324-BRPCJ,0.7229432738812698,1202.4,180.36,80.42009775445166,0.44588654776253966,0
7586-ZATGZ,0.7629658537484036,1018.8000000000001,152.82,80.3728835396621,0.5259317074968074,0
5760-FXFVO,0.7826151904710461,947.4000000000001,142.11,80.32488943568072,0.5652303809420921,0
3005-TYFRD,0.7152660390495146,1243.8000000000002,186.57000000000002,80.3243698109359,0.4305320780990293,0
5226-NOZFC,0.7600725338292975,1029.0,154.35,80.28439119310414,0.520145067658595,0
4547-LYTDD,0.8066264003605694,871.8000000000001,130.77,80.19506875030334,0.6132528007211389,0
5908-QMGOE,0.8001309443420399,890.4000000000001,133.56,80.1709778526457,0.6002618886840798,0
8563-OYMQY,0.7445461437516087,1091.4,163.71,80.06929838715172,0.48909228750321737,0
7030-NJVDP,0.7489553090776475,1071.0,160.65,79.98934080664813,0.4979106181552949,0
8468-EHYJA,0.7229165228994948,1195.8000000000002,179.37000000000003,79.96907342496476,0.4458330457989895,0
3703-KBKZP,0.7980788619856743,893.4000000000001,134.01000000000002,79.89109658940043,0.5961577239713486,0
5899-MQZZL,0.7958765329708898,900.0,135.0,79.88666390214021,0.5917530659417793,0
5914-DVBWJ,0.7596599898873279,1025.4,153.81,79.87660608913978,0.5193199797746556,0
7534-BFESC,0.7913225885576185,913.1999999999999,136.98,79.81073636124515,0.5826451771152369,0
9274-UARKJ,0.7664005809229211,998.4000000000001,149.76000000000002,79.79230199803331,0.532801161845842,0
4013-UBXWQ,0.7967978484259112,895.8000000000001,134.37,79.76145378597937,0.5935956968518223,0
7571-YXDAD,0.7956980061628453,898.8000000000001,134.82,79.7320103817496,0.5913960123256906,0
6311-UEUME,0.7806155291932269,946.8000000000001,142.02,79.70603491204415,0.5612310583864536,0
4029-HPFVY,0.8149330727615404,843.5999999999999,126.53999999999998,79.70326205449062,0.6298661455230807,0
6693-FRIRW,0.7185496873004652,1215.6,182.33999999999997,79.70069996473364,0.43709937460093046,0
9947-OTFQU,0.79753124270333,892.8000000000001,133.92000000000002,79.6907680456599,0.5950624854066598,0
6988-CJEYV,0.7238940083122238,1184.4,177.66,79.55401903349937,0.44778801662444767,0
9490-DFPMD,0.7609071494271694,1015.8000000000001,152.37,79.50884471643559,0.5218142988543387,0
4315-MURBD,0.7224554768230372,1186.8000000000002,178.02,79.20304796807423,0.44491095364607475,0
5222-IMUKT,0.7415727730205326,1092.6,163.89,79.18272354067017,0.4831455460410652,0
6715-OFDBP,0.813906421420077,840.5999999999999,126.08999999999997,79.16092135371503,0.6278128428401542,0
6680-WKXRZ,0.7955296076757713,892.8000000000001,133.92000000000002,79.15465011987857,0.5910592153515424,0
3315-TOTBP,0.7892517424227764,912.0,136.79999999999998,79.13927672687163,0.5785034848455529,0
4763-PGDPO,0.8121945292981445,844.8000000000001,126.72,79.12258150532176,0.6243890585962891,0
9053-EJUNL,0.746175818488319,1070.4,160.56,79.05197883296901,0.4923516369766381,0
3956-MGXOG,0.7720285842579111,967.1999999999999,145.07999999999998,78.9318140082755,0.5440571685158223,0
8128-YVJRG,0.7752408742042427,955.8000000000001,143.37,78.92256826932456,0.5504817484084854,0
9699-UBQFS,0.7319128020194455,1134.0,170.1,78.89673524701536,0.463825604038891,0
5019-GQVCR,0.7582768512650166,1018.1999999999999,152.73,78.89324698741197,0.5165537025300332,0
9821-POOTN,0.791410259753736,902.4000000000001,135.36,78.89058552053143,0.582820519507472,0
7978-DKUQH,0.7922603888316679,895.1999999999999,134.27999999999997,78.48945002463273,0.5845207776633359,0
3955-JBZZM,0.7766464215534854,945.5999999999999,141.83999999999997,78.47905686629272,0.5532928431069708,0
2260-USTRB,0.8103753702320758,842.4000000000001,126.36000000000001,78.43806356505019,0.6207507404641515,0
3932-CMDTD,0.7060174038565779,1267.8000000000002,190.17000000000002,78.35665938281085,0.4120348077131558,0
1320-REHCS,0.6964641715592761,1329.0,199.35,78.33026520068339,0.39292834311855224,0
4760-THGOT,0.7311119934065194,1129.1999999999998,169.37999999999997,78.2914988863925,0.46222398681303883,0
5832-XKAES,0.8113805833102967,837.5999999999999,125.63999999999999,78.24371297421135,0.6227611666205934,0
8642-GVWRF,0.7725395430885116,956.4000000000001,143.46,78.19704570295573,0.545079086177023,0
7126-RBHSD,0.775061199337319,946.8000000000001,142.02,78.12838305977206,0.5501223986746377,0
4704-ERYFC,0.8131625275791118,831.0,124.64999999999999,78.07141812547256,0.6263250551582236,0
2027-WKXMW,0.6990961794506898,1305.0,195.75,77.94615425494504,0.39819235890137955,0
0869-PAPRP,0.7526212475494892,1028.4,154.26000000000002,77.9387072939684,0.5052424950989783,0
3587-PMCOY,0.7188591293387653,1186.8000000000002,178.02,77.92260440977401,0.43771825867753067,0
3420-ZDBMA,0.8029347391589288,857.4000000000001,128.61,77.92087360645965,0.6058694783178574,0
0577-WHMEV,0.7386123401638062,1088.4,163.26000000000002,77.91170131028599,0.4772246803276123,0
9445-SZLCH,0.7219636730305942,1168.1999999999998,175.22999999999996,77.789388850302,0.4439273460611883,0
4818-QIUFN,0.7722075455961888,949.8000000000001,142.47,77.56281804217804,0.5444150911923776,0
2189-WWOEW,0.7505405379821315,1030.8000000000002,154.62000000000003,77.47715596559433,0.5010810759642629,0
2815-CPTUL,0.8062897875074635,843.0,126.44999999999999,77.46068726063751,0.612579575014927,0
5626-MGTUK,0.741485090129377,1069.1999999999998,160.37999999999997,77.45875750989896,0.48297018025875404,0
2227-JRSJX,0.7169945815670609,1189.8000000000002,178.47000000000003,77.45404594454672,0.4339891631341217,0
7774-OJSXI,0.7078974574638798,1241.4,186.21,77.4251711086981,0.4157949149277595,0
9777-WJJPR,0.7421496037195471,1063.8000000000002,159.57000000000002,77.27962453105627,0.4842992074390942,0
7924-GJZFI,0.8096428591617565,831.5999999999999,124.73999999999998,77.249700503675,0.619285718323513,0
5461-QKNTN,0.7275227008616514,1131.6,169.73999999999998,77.23940648851342,0.4550454017233029,0
4450-DLLMH,0.8006678642844599,855.5999999999999,128.33999999999997,77.17542740453516,0.6013357285689198,0
7881-INRLC,0.7125033946117556,1210.1999999999998,181.52999999999997,77.15148244774394,0.42500678922351104,0
0506-LVNGN,0.7836217203592404,906.5999999999999,135.98999999999998,77.13943550330617,0.5672434407184807,0
2495-KZNFB,0.7363724052776628,1087.8000000000002,163.17000000000002,77.1377707383125,0.4727448105553257,0
1624-WOIWJ,0.7526833012299242,1016.4000000000001,152.46,77.04819221102849,0.5053666024598484,0
8485-GJCDN,0.8097752420900767,828.5999999999999,124.28999999999998,77.00392967875125,0.6195504841801533,0
9576-ANLXO,0.8075446042656104,834.5999999999999,125.18999999999998,77.00301801602352,0.6150892085312207,0
1842-EZJMK,0.7062001122994361,1244.4,186.66,76.97862592362551,0.4124002245988724,0
3976-BWUCK,0.7268991022290814,1129.1999999999998,169.37999999999997,76.86433987112358,0.45379820445816266,0
1730-ZMAME,0.7684689944082274,954.0,143.1,76.83582619963468,0.5369379888164548,0
6284-AHOOQ,0.735476233238706,1086.0,162.9,76.71815678917042,0.470952466477412,0
1384-RCUXW,0.7645523863017769,966.5999999999999,144.98999999999998,76.71490097978926,0.5291047726035538,0
2424-WVHPL,0.7852505585058298,896.4000000000001,134.46,76.70958019338775,0.5705011170116596,0
6710-HSJRD,0.6865856257532328,1369.1999999999998,205.37999999999997,76.64191163439787,0.3731712515064655,0
2696-NARTR,0.7881396190363469,886.1999999999999,132.92999999999998,76.60479911700318,0.5762792380726939,0
2079-FBMZK,0.8070408836643891,831.0,124.64999999999999,76.54529229753219,0.6140817673287781,0
8778-LMWTJ,0.7836758548461065,898.1999999999999,134.73,76.43929584683184,0.5673517096922129,0
4248-QPAVC,0.7486465892731236,1024.1999999999998,153.62999999999997,76.39915102005995,0.4972931785462472,0
0650-BWOZN,0.7882888802140097,882.5999999999999,132.39,76.33312970306545,0.5765777604280192,0
2974-GGUXS,0.7304916423119717,1103.4,165.51000000000002,76.29734343810887,0.46098328462394333,0
7395-IGJOS,0.760006270289771,978.0,146.7,76.28583970301881,0.520012540579542,0
8687-BAFGU,0.7863495840656489,888.0,133.2,76.28352919508887,0.572699168131298,0
4013-TLDHQ,0.7707670997525401,939.0,140.85,76.27509200029056,0.5415341995050803,0
0397-GZBBC,0.7257541897297545,1126.1999999999998,168.92999999999998,76.2733105420948,0.4515083794595088,0
1092-GANHU,0.776147357931495,919.8000000000001,137.97,76.20010194761676,0.5522947158629902,0
4480-QQRHC,0.7847416109414498,888.5999999999999,133.29,75.90641864477166,0.5694832218828995,0
8992-JQYUN,0.9187229613782021,604.2,90.63000000000001,75.8977239794129,0.837445922756404,1
1855-AGAWH,0.7244050162362853,1125.6,168.83999999999997,75.77708588266881,0.4488100324725706,0
9432-VOFYX,0.7970636614746955,849.5999999999999,127.43999999999998,75.71558603667039,0.5941273229493911,0
8456-QDAVC,0.7670281667025546,944.4000000000001,141.66,75.65442019016777,0.5340563334051092,0
6635-CPNUN,0.717411610234256,1159.1999999999998,173.87999999999997,75.60706157506488,0.43482322046851213,0
7562-GSUHK,0.7252898583580695,1118.4,167.76000000000002,75.58925327629944,0.4505797167161387,0
3005-NFMTA,0.7123969927591426,1185.6,177.83999999999997,75.54536238457183,0.42479398551828523,0
9552-TGUZV,0.7794404821798213,900.0,135.0,75.44893018855174,0.5588809643596425,0
7517-SAWMO,0.7861837029980666,878.4000000000001,131.76000000000002,75.41512941405048,0.5723674059961329,0
7752-XUSCI,0.6974737238759768,1270.8000000000002,190.62000000000003,75.28488249047737,0.3949474477519534,0
4566-GOLUK,0.6945068002793064,1288.1999999999998,193.22999999999996,75.16909803594075,0.3890136005586129,0
2608-BHKFN,0.7980453854837339,840.5999999999999,126.08999999999997,75.16108531128802,0.596090770967468,0
2360-RDGRO,0.6999127169052417,1251.0,187.65,75.02724265453722,0.3998254338104834,0
7718-RXDGG,0.8030938787102763,823.1999999999999,123.47999999999999,74.85206428628982,0.6061877574205525,0
7993-PYKOF,0.7772159730004922,900.0,135.0,74.84831271013286,0.5544319460009841,0
0818-OCPZO,0.7549549570834164,977.4000000000001,146.61,74.75789251599937,0.5099099141668328,0
1391-UBDAR,0.784733385360869,874.8000000000001,131.22,74.72542965410648,0.5694667707217381,0
5108-ADXWO,0.7816531897893689,882.0,132.29999999999998,74.52543401826702,0.563306379578738,0
2683-BPJSO,0.7448055634253906,1013.4000000000001,152.01000000000002,74.42578739258724,0.48961112685078106,0
5673-FSSMF,0.8436254979565909,721.8,108.27,74.40866532752018,0.6872509959131817,0
3877-JRJIP,0.8447929002776482,718.2,107.73,74.28907829382207,0.6895858005552963,0
8990-ZXLSU,0.7985649457913107,828.5999999999999,124.28999999999998,74.21727422480397,0.5971298915826212,0
1941-HOSAM,0.7286052145121881,1081.1999999999998,162.17999999999998,74.15038737917331,0.45721042902437614,0
4546-FOKWR,0.7749825337070344,897.0,134.54999999999998,73.99779982056296,0.5499650674140689,0
6771-XWBDM,0.6966130918631536,1254.0,188.1,73.96584515891837,0.39322618372630713,0
3884-HCSWG,0.7934781806975812,840.0,126.0,73.95650153579047,0.5869563613951624,0
2739-CACDQ,0.7482017748434439,991.8000000000001,148.77,73.8499560869183,0.49640354968688777,0
3096-IZETN,0.7623835304401589,937.1999999999999,140.57999999999998,73.77175341855508,0.5247670608803179,0
0958-YHXGP,0.7931526996502007,838.8000000000001,125.82000000000001,73.7689453399765,0.5863053993004013,0
7641-EUYET,0.7034648904381915,1208.4,181.26000000000002,73.76009208165317,0.4069297808763829,0
2919-HBCJO,0.7672385025924083,919.8000000000001,137.97,73.74179240534917,0.5344770051848168,0
9793-WECQC,0.7148766588282806,1143.6,171.54,73.71988411080648,0.42975331765656105,0
8404-GFGCZ,0.8121497346054399,787.1999999999999,118.07999999999998,73.71728132442067,0.6242994692108798,0
7410-YTJIK,0.7713175007609523,905.4000000000001,135.81,73.69525955668985,0.5426350015219045,0
2105-PHWON,0.7154264986856685,1140.0,171.0,73.67586255049864,0.43085299737133703,0
9508-ILZDG,0.7123165274635038,1156.1999999999998,173.42999999999998,73.6441107159909,0.42463305492700754,0
5281-BUZGT,0.72470985238883,1090.1999999999998,163.52999999999997,73.49360432229074,0.44941970477766,0
9518-XXBXE,0.7707537995922441,903.5999999999999,135.54,73.3959399934655,0.541507599184488,0
5605-IYGFG,0.7918479461311982,838.1999999999999,125.72999999999999,73.38808453415109,0.5836958922623964,0
8155-IBNHG,0.7702133423673172,904.8000000000001,135.72,73.34670965218459,0.5404266847346344,0
1644-IRKSF,0.717129771545688,1125.6,168.83999999999997,73.32038125554794,0.43425954309137615,0
4176-FXYBO,0.6857097445910828,1314.6,197.18999999999997,73.24020907183123,0.37141948918216566,0
9732-EQMWY,0.7046659952629402,1192.8000000000002,178.92000000000002,73.23767974489053,0.4093319905258804,0
7658-UYUQS,0.7350353314150672,1038.6,155.79,73.2323085623066,0.47007066283013416,0
4360-PNRQB,0.7688839841741472,907.1999999999999,136.07999999999998,73.17946513283587,0.5377679683482942,0
1875-QIVME,0.694474367599092,1252.8000000000002,187.92000000000002,73.09124631844276,0.38894873519818407,0
0817-HSUSE,0.7688423364340441,906.0,135.9,73.07134704277317,0.5376846728680881,0
5886-VLQVU,0.7257645326588769,1078.1999999999998,161.72999999999996,73.02579573384031,0.45152906531775383,0
0439-IFYUN,0.7714850075224569,896.4000000000001,134.46,73.00774822293911,0.5429700150449138,0
2604-IJPDU,0.7098671967837403,1158.6,173.79,72.94564025809242,0.41973439356748043,0
9365-SRSZE,0.7872049429235842,846.5999999999999,126.98999999999998,72.94431140373192,0.5744098858471685,0
9979-RGMZT,0.7154317550368722,1128.6,169.29,72.94088362038417,0.4308635100737443,0
2468-SJFLM,0.7724929046374025,891.5999999999999,133.73999999999998,72.88640213241243,0.5449858092748051,0
1818-ESQMW,0.7269226902319615,1070.4,160.56,72.8694142872875,0.45384538046392314,0
5649-RXQTV,0.7044573633809591,1188.0,178.2,72.86860430897383,0.40891472676191826,0
3002-WQZWT,0.7725138449318064,890.4000000000001,133.56,72.79389825818416,0.545027689863613,0
3481-JHUZH,0.7515909800947567,963.0,144.45,72.6846341493752,0.5031819601895133,0
2971-SGAFL,0.7562579422101461,945.0,141.75,72.64912661657638,0.512515884420292,0
5055-MGMGF,0.6919622180618331,1260.6,189.08999999999997,72.59627162662406,0.38392443612366633,0
8490-BXHEO,0.7502536510662178,966.5999999999999,144.98999999999998,72.56855373618183,0.5005073021324355,0
9450-TRJUU,0.7421103156173424,997.8000000000001,149.67000000000002,72.47330187689528,0.4842206312346848,0
3331-HQDTW,0.6831215876342789,1317.6,197.64,72.38430116007777,0.3662431752685579,0
9469-WEJBT,0.7224307588174609,1084.1999999999998,162.62999999999997,72.3478286129673,0.4448615176349217,0
0207-MDKNV,0.6907087328092346,1261.1999999999998,189.17999999999998,72.15655614570196,0.381417465618469,0
1769-GRUIK,0.7817885728756675,853.1999999999999,127.97999999999999,72.12660311325584,0.5635771457513349,0
0634-SZPQA,0.7221518024951447,1080.6,162.08999999999997,72.01717133287599,0.44430360499028937,0
1548-FEHVL,0.6883680059169297,1274.4,191.16,72.01685602216057,0.3767360118338594,0
8012-SOUDQ,0.7216085563992386,1083.0,162.45,72.00061997411262,0.44321711279847725,0
5572-ZDXHY,0.736871335690429,1011.5999999999999,151.73999999999998,71.88571295533137,0.4737426713808579,0
2041-JIJCI,0.8119848038628857,768.0,115.19999999999999,71.8812988100089,0.6239696077257718,0
9540-JYROE,0.7845789819948767,841.1999999999999,126.17999999999998,71.8163518962271,0.5691579639897537,0
7077-XJMET,0.7687648719361996,889.8000000000001,133.47,71.74409491464914,0.5375297438723994,0
5153-RTHKF,0.7334862437834778,1024.1999999999998,153.62999999999997,71.74098326491139,0.4669724875669557,0
5515-AKOAJ,0.6989606774950362,1201.1999999999998,180.17999999999998,71.69746974211125,0.3979213549900725,0
0411-EZJZE,0.8303767417221637,723.0,108.45,71.6587152795373,0.6607534834443274,0
2636-OHFMN,0.909424495503598,582.5999999999999,87.38999999999999,71.55921332411884,0.818848991007196,0
9796-BPKIW,0.783924200529187,839.4000000000001,125.91000000000001,71.49779217725988,0.5678484010583741,0
4523-WXCEF,0.6960534411905773,1213.1999999999998,181.97999999999996,71.35561045572251,0.39210688238115465,0
2085-BOJKI,0.7048679786881152,1159.8000000000002,173.97000000000003,71.28176450474282,0.4097359573762305,0
8630-FJLIB,0.7836139379491344,837.5999999999999,125.63999999999999,71.26651032785847,0.5672278758982687,0
0410-IPFTY,0.7359744569971692,1006.1999999999999,150.92999999999998,71.23124958916551,0.4719489139943386,0
3088-LHEFH,0.7504478559640204,948.0,142.2,71.22737023616742,0.5008957119280409,0
3755-JBMNH,0.7754958875452568,861.5999999999999,129.23999999999998,71.21017701269795,0.5509917750905136,0
7503-QQRVF,0.7658031650265924,891.5999999999999,133.73999999999998,71.09703058131294,0.5316063300531849,0
2091-RFFBA,0.7666759664668483,886.8000000000001,133.02,70.94647411884034,0.5333519329336968,0
9747-DDZOS,0.7679321690613748,882.0,132.29999999999998,70.89485193363979,0.5358643381227498,0
8160-HOWOX,0.7943830363866278,802.1999999999999,120.32999999999998,70.84622153680584,0.5887660727732557,0
3211-ILJTT,0.7795190629207537,844.8000000000001,126.72,70.84131130663582,0.5590381258415074,0
5389-FFVKB,0.7445874216569044,963.5999999999999,144.54,70.7053318525779,0.48917484331380867,0
8272-ONJLV,0.705168704146177,1148.4,172.26000000000002,70.6847219524409,0.41033740829235393,0
4911-BANWH,0.7266923319861053,1038.6,155.79,70.63279680023066,0.45338466397221044,0
8348-HFYIV,0.8980812387628763,591.0,88.64999999999999,70.57980363265794,0.7961624775257524,0
0570-BFQHT,0.7431827877171839,966.5999999999999,144.98999999999998,70.51814478222897,0.48636557543436776,0
9944-AEXBM,0.7285587805797752,1027.8000000000002,154.17000000000002,70.4738144039679,0.4571175611595505,0
8640-SDGKB,0.7631159704914302,892.8000000000001,133.92000000000002,70.47298153642464,0.5262319409828602,0
6390-DSAZX,0.7649983460898128,883.1999999999999,132.48,70.21396177995678,0.5299966921796254,0
8819-IMISP,0.7422163817478468,965.4000000000001,144.81,70.15070848181139,0.4844327634956936,0
3627-FCRDW,0.7744168245277485,852.0,127.8,70.1409403492925,0.5488336490554969,0
2523-EWWZL,0.755936430605467,913.1999999999999,136.98,70.11634452867372,0.5118728612109339,0
7567-ECMCM,0.7436868297635055,958.1999999999999,143.73,70.05021608381728,0.48737365952701095,0
4636-JGAAI,0.7189520066769302,1066.1999999999998,159.92999999999998,70.03398885568285,0.4379040133538602,0
6845-RGTYS,0.6968927538531723,1185.0,177.75,69.99537399480275,0.3937855077063446,0
8584-KMVXD,0.7571731904769452,907.1999999999999,136.07999999999998,69.99225552020542,0.5143463809538905,0
2070-XYMFH,0.7448779412976761,952.1999999999999,142.82999999999998,69.95183271109414,0.4897558825953522,0
5650-YLIBA,0.7393833529343697,973.8000000000001,146.07,69.9334527262468,0.47876670586873965,0
2373-NTKOD,0.7931593485006984,795.0,119.25,69.91850461741654,0.5863186970013966,0
1304-BCCFO,0.7769762890565415,840.5999999999999,126.08999999999997,69.84788057427863,0.5539525781130831,0
9048-JVYVF,0.7793223785864793,832.1999999999999,124.82999999999998,69.7356250379004,0.5586447571729586,0
0468-YRPXN,0.6960265645576457,1185.6,177.83999999999997,69.72272848186341,0.3920531291152914,0
7240-ETPTR,0.896794052660701,585.0,87.75,69.63735624195303,0.793588105321402,0
0666-UXTJO,0.7269015417207555,1022.4000000000001,153.36,69.59524087659011,0.4538030834415109,0
9763-PDTKK,0.7043972042325914,1132.8000000000002,169.92000000000002,69.46234588640388,0.4087944084651829,0
4503-BDXBD,0.7568468004952358,899.4000000000001,134.91,69.30240370962454,0.5136936009904718,0
1689-MRZQR,0.745803317232388,939.5999999999999,140.93999999999997,69.28703906146555,0.49160663446477626,0
5884-GCYMI,0.7771612791199523,832.8000000000001,124.92,69.24597397532888,0.5543225582399046,0
7460-ITWWP,0.7233517269212323,1033.1999999999998,154.97999999999996,69.23010127650514,0.44670345384246457,0
5312-UXESG,0.6959446922521473,1176.6,176.48999999999998,69.16455747116294,0.39188938450429456,0
2694-CIUMO,0.7413473301441589,954.5999999999999,143.18999999999997,69.11704840668423,0.482694660288318,0
1427-VERSM,0.6944305295933738,1184.4,177.66,69.08505577511761,0.3888610591867478,0
7547-EKNFS,0.7013241772342279,1143.0,171.45,69.03406037361674,0.40264835446845576,0
1399-UBQIU,0.7762670163085772,832.1999999999999,124.82999999999998,68.97282329159938,0.5525340326171545,0
2501-XWWTZ,0.7728996099268625,842.4000000000001,126.36000000000001,68.96718942071666,0.5457992198537247,0
0221-WMXNQ,0.7535929817156779,904.1999999999999,135.63,68.78963222019476,0.5071859634313556,0
6217-TOWGS,0.7533847942109265,904.8000000000001,135.72,68.7787685406139,0.506769588421853,0
4818-DRBQT,0.7378940708181109,961.8000000000001,144.27,68.64195519385771,0.47578814163622174,0
2040-VZIKE,0.6888147453181596,1210.1999999999998,181.52999999999997,68.55108143521099,0.37762949063631907,0
0511-JTEOY,0.7676846337215062,853.1999999999999,127.97999999999999,68.51655884735672,0.5353692674430124,0
7855-DIWPO,0.7769841710181876,823.8000000000001,123.57000000000001,68.45386802543489,0.5539683420363752,0
3329-WDIOK,0.8754614641647898,607.2,91.08,68.3940603122581,0.7509229283295795,0
2067-QYTCF,0.6706554869655384,1333.8000000000002,200.07000000000002,68.28608655439055,0.34131097393107684,0
7268-IGMFD,0.7019665502401118,1126.8000000000002,169.02,68.27277264316743,0.4039331004802238,0
5940-AHUHD,0.7685474758242012,847.1999999999999,127.07999999999998,68.25402645547899,0.5370949516484026,0
2615-YVMYX,0.676132211343366,1290.0,193.5,68.16316578988261,0.35226442268673186,0
0504-HHAPI,0.7143695305156657,1059.6,158.93999999999997,68.14378636031981,0.42873906103133147,0
7529-ZDFXI,0.7104725958459638,1078.1999999999998,161.72999999999996,68.07946585233543,0.42094519169192757,0
3374-LXDEV,0.71139984401085,1072.8000000000002,160.92000000000002,68.03692579645198,0.4227996880217001,0
9710-ZUSHQ,0.6769885089825329,1281.0,192.15,68.01668400198739,0.35397701796506575,0
3540-RZJYU,0.7190713574565816,1034.4,155.16,67.98222364592641,0.43814271491316326,0
6961-VCPMC,0.7346317549734372,964.8000000000001,144.72,67.91181515951169,0.4692635099468746,0
0599-XNYDO,0.7702223179945991,837.5999999999999,125.63999999999999,67.90146406568283,0.540444635989198,0
0916-QOFDP,0.6968109391319074,1149.6,172.43999999999997,67.87615668781223,0.3936218782638149,0
3323-CPBWR,0.6945060160942751,1162.8000000000002,174.42000000000002,67.85147865432694,0.38901203218855024,0
4110-PFEUZ,0.7709926802388779,834.5999999999999,125.18999999999998,67.85114727821023,0.5419853604777558,0
0151-ONTOV,0.7657994837440256,850.8000000000001,127.62,67.84266023082509,0.5315989674880511,0
4501-EQDRN,0.7700423788698298,836.4000000000001,125.46000000000001,67.7590337060177,0.5400847577396597,0
6260-ONULR,0.7987674782417726,753.5999999999999,113.03999999999998,67.54535148089995,0.5975349564835454,0
3466-RITXD,0.7030439833640438,1108.8000000000002,166.32000000000002,67.54055062621558,0.40608796672808783,0
5118-MUEYH,0.6784081077278475,1261.1999999999998,189.17999999999998,67.50249163990836,0.3568162154556949,0
9722-UJOJR,0.7650083659273373,849.0,127.35,67.49763080169282,0.5300167318546747,0
1084-UQCHV,0.7687055629582153,837.0,125.55,67.47196685880787,0.5374111259164307,0
1587-FKLZB,0.6880985282758652,1194.0,179.1,67.3768928284149,0.3761970565517303,0
9576-SYUHJ,0.7053184719884397,1093.8000000000002,164.07000000000002,67.37320339828662,0.41063694397687944,0
0519-XUZJU,0.7645055138982694,849.0,127.35,67.3695543898892,0.5290110277965387,0
3966-HRMZA,0.74918672618589,900.5999999999999,135.08999999999997,67.32526968090374,0.49837345237178,0
1910-FMXJM,0.7325991493480846,964.8000000000001,144.72,67.3234977873096,0.4651982986961692,0
5122-CYFXA,0.7482163618086698,903.5999999999999,135.54,67.28649135909419,0.4964327236173395,0
2037-XJFUP,0.6945998946915055,1149.6,172.43999999999997,67.11361168120644,0.3891997893830112,0
6166-ILMNY,0.7672635968627664,837.0,125.55,67.10988917224061,0.5345271937255326,0
6172-FECYY,0.7203430071193506,1014.0,152.1,67.02834276570647,0.44068601423870135,0
2951-QOQTK,0.7302641676056154,969.5999999999999,145.43999999999997,66.97924107312141,0.46052833521123093,0
8685-WHQPW,0.7500257981205164,892.8000000000001,133.92000000000002,66.9669097685991,0.5000515962410326,0
6486-LHTMA,0.7050871619834242,1088.4,163.26000000000002,66.96506013082768,0.41017432396684844,0
8543-MSDMF,0.7402594264839448,928.8000000000001,139.32,66.9458865954864,0.48051885296788976,0
8519-QJGJD,0.7467281514355663,904.1999999999999,135.63,66.92747835841169,0.49345630287113246,0
0596-BQCEQ,0.6856054361356262,1201.8000000000002,180.27,66.9181839443387,0.3712108722712525,0
2195-ZRVAX,0.717775397874996,1023.5999999999999,153.54,66.87446917945374,0.43555079574999184,0
3866-MDTUB,0.7616325697722098,849.0,127.35,66.63781552098186,0.5232651395444198,0
4526-ZJJTM,0.7089734110196337,1060.8000000000002,159.12000000000003,66.50369832288825,0.4179468220392675,0
2921-XWDJH,0.7211162378812677,1001.4000000000001,150.21,66.42774018429043,0.44223247576253527,0
6745-JEFZB,0.701625453830815,1098.0,164.7,66.41542449187045,0.40325090766162996,0
1346-UFHAX,0.7305347254444942,960.0,144.0,66.3940009280143,0.46106945088898815,0
5028-GZLDO,0.7607675852700176,848.4000000000001,127.26,66.3705658029249,0.5215351705400354,0
1436-ZMJAN,0.7719130416891113,813.5999999999999,122.03999999999998,66.3685352154783,0.5438260833782228,0
8486-AYEQH,0.7422926893923427,912.5999999999999,136.89,66.33489250183558,0.48458537878468544,0
7982-VCELR,0.6939799641627479,1137.6,170.64,66.20148216946257,0.3879599283254956,0
2640-PMGFL,0.7311920745761994,954.0,143.1,66.16717174370825,0.4623841491523987,0
8040-MNRTF,0.7582535243221846,853.1999999999999,127.97999999999999,66.10257208550635,0.5165070486443691,0
5035-BVCXS,0.7419104031097284,910.8000000000001,136.62,66.09959854570221,0.48382080621945694,0
5998-VVEJY,0.7280123657199677,966.0,144.9,66.07798358564665,0.45602473143993544,0
4619-EVPHY,0.7014489444876523,1092.0,163.79999999999998,65.99467421415488,0.4028978889753046,0
9526-JAWYF,0.7041223417833824,1077.6,161.64,65.98867065173187,0.40824468356676485,0
0133-BMFZO,0.7122862377798712,1035.0,155.25,65.91487683065,0.42457247555974237,0
7318-EIVKO,0.8085515850781334,711.0,106.64999999999999,65.81405309716585,0.6171031701562668,0
9239-ZBZZV,0.880327857828012,575.4000000000001,86.31000000000002,65.65219481827144,0.760655715656024,0
3717-OEAUQ,0.7578519024765946,848.4000000000001,127.26,65.62846621834287,0.5157038049531892,0
3714-NTNFO,0.7154799875389308,1014.0,152.1,65.54901220934275,0.4309599750778616,0
0365-GXEZS,0.7327095421096227,938.4000000000001,140.76000000000002,65.51239029470096,0.4654190842192452,0
6652-YFFJO,0.7802355752566442,778.8000000000001,116.82000000000001,65.47423980296237,0.5604711505132886,0
1728-CXQBE,0.6923038352513593,1131.0,169.65,65.24869130078622,0.38460767050271866,0
6557-BZXLQ,0.7596061052421914,835.8000000000001,125.37,65.09363482842707,0.5192122104843828,0
5175-WLYXL,0.7290923762435721,946.1999999999999,141.92999999999998,65.03016192050038,0.45818475248714424,0
7901-HXJVA,0.7361172191957319,917.4000000000001,137.61,64.98418106704932,0.4722344383914637,0
4398-HSCJH,0.7827181761442871,763.2,114.48,64.73115360999596,0.565436352288574,0
6331-LWDTQ,0.749170131351426,865.8000000000001,129.87,64.71944991721938,0.4983402627028519,0
1396-QWFBJ,0.7423527946284791,888.5999999999999,133.29,64.60640799205996,0.4847055892569582,0
9714-EDSUC,0.6889785694251713,1138.8000000000002,170.82000000000002,64.56263845841553,0.3779571388503426,0
4512-ZUIYL,0.7561416961651548,840.0,126.0,64.547707433619,0.5122833923303095,0
2208-UGTGR,0.6817633474567248,1183.1999999999998,177.47999999999996,64.51871781323905,0.36352669491344974,0
2737-WFVYW,0.8950525006207759,543.0,81.45,64.35405235112437,0.7901050012415515,0
3023-GFLBR,0.7073948867813702,1033.8000000000002,155.07000000000002,64.32145018637416,0.41478977356274044,0
6075-SLNIL,0.6875141206448082,1141.1999999999998,171.17999999999998,64.19733434395653,0.37502824128961637,0
9889-TMAHG,0.6774285952795807,1203.6,180.54,64.06591718355097,0.3548571905591612,0
9643-YBLUR,0.7576765786108919,828.5999999999999,124.28999999999998,64.05324391109549,0.5153531572217838,0
6394-MFYNG,0.665432721203652,1288.8000000000002,193.32000000000002,63.962907326180044,0.33086544240730414,0
2573-GYRUU,0.694968835079229,1092.6,163.89,63.90688476226967,0.389937670158458,0
9940-HPQPG,0.6930047091213014,1101.0,165.15,63.74945542276586,0.3860094182426029,0
7615-ESMYF,0.897004588549759,535.2,80.28,63.743056737549296,0.7940091770995179,0
0407-BDJKB,0.6847564184068764,1149.0,172.35,63.68553742485028,0.36951283681375274,0
5916-QEWPT,0.755970640939437,828.0,124.19999999999999,63.58310720935614,0.511941281878874,0
6078-VESFR,0.7504658152369351,845.4000000000001,126.81,63.52314006039148,0.5009316304738702,0
9158-VCTQB,0.655173024324679,1363.1999999999998,204.47999999999996,63.459560027820714,0.310346048649358,0
1373-ORVIZ,0.7655711156162675,796.1999999999999,119.42999999999998,63.434316676101645,0.531142231232535,0
4558-FANTW,0.6917963170549356,1102.1999999999998,165.32999999999996,63.41937019738501,0.3835926341098713,0
2495-INZWQ,0.8951066273899088,534.5999999999999,80.18999999999998,63.36720090079355,0.7902132547798174,0
9281-OFDMF,0.6935487038207763,1088.4,163.26000000000002,63.197522771559846,0.38709740764155237,0
3058-HJCUY,0.6708215490598679,1231.1999999999998,184.67999999999998,63.09464736075279,0.34164309811973576,0
5609-IMCGG,0.7076361708557517,1012.1999999999999,151.82999999999998,63.05079964205757,0.4152723417115035,0
7130-YXBRO,0.6571084722077396,1337.4,200.61,63.03506121918929,0.3142169444154792,0
3932-IJWDZ,0.668802135987537,1243.8000000000002,186.57000000000002,62.98682902238957,0.33760427197507403,0
7562-UXTPG,0.7487607032834193,841.8000000000001,126.27000000000001,62.82202800719472,0.49752140656683863,0
6946-LMSQS,0.6958558477470317,1068.6,160.29,62.78746767074341,0.39171169549406337,0
3838-OZURD,0.6660770183367638,1260.0,189.0,62.7771129312967,0.3321540366735275,0
4840-ORQXB,0.6663812071543699,1257.0,188.54999999999998,62.742353217912864,0.3327624143087397,0
9398-MMQTO,0.7338754520452501,893.4000000000001,134.01000000000002,62.68329865716791,0.46775090409049996,0
5168-MSWXT,0.6832521612602735,1137.0,170.54999999999998,62.507312205879316,0.3665043225205472,0
8696-JKZNU,0.7274817270609416,915.0,137.25,62.44373407822846,0.4549634541218831,0
6034-YMTOB,0.7291947147173238,907.8000000000001,136.17000000000002,62.41888860611596,0.4583894294346475,0
3346-BRMIS,0.8582093246013287,580.2,87.03,62.349915040107305,0.7164186492026577,0
9305-CDSKC,0.6733270850902178,1195.8000000000002,179.37000000000003,62.17935850526473,0.34665417018043554,0
3583-EKAPL,0.8136474434994148,660.0,99.0,62.10219381288411,0.6272948869988294,0
8988-ECPJR,0.7163537447624473,955.1999999999999,143.27999999999997,61.99832909912692,0.43270748952489485,0
7277-OZCGZ,0.6933255419209547,1068.6,160.29,61.97630222901964,0.38665108384190927,0
6862-CQUMB,0.67874725642495,1153.1999999999998,172.97999999999996,61.83940083277571,0.35749451284990014,0
2235-DWLJU,0.8862174801255143,532.8,79.91999999999999,61.7330020232622,0.7724349602510286,0
2856-NNASM,0.6914788838785683,1074.6,161.18999999999997,61.72896258477283,0.3829577677571366,0
3737-XBQDD,0.7020495551801857,1018.1999999999999,152.73,61.71805712533953,0.40409911036037144,0
4831-EOBFE,0.6805800518687278,1135.8000000000002,170.37000000000003,61.530846873750306,0.3611601037374555,0
0927-LCSMG,0.7289081366898071,895.8000000000001,134.37,61.51677265401878,0.45781627337961434,0
4983-CLMLV,0.6663869737200097,1232.4,184.86,61.51659192376198,0.3327739474400193,0
8008-HAWED,0.8359054947277866,609.0,91.35,61.36993388676663,0.6718109894555735,0
0422-UXFAP,0.6724252483658409,1186.1999999999998,177.92999999999998,61.359248883468155,0.3448504967316819,0
9822-OAOVB,0.8073235038049679,665.4000000000001,99.81000000000002,61.34791782954768,0.6146470076099356,0
0674-EYYZV,0.8116991419255583,655.8,98.36999999999999,61.323689182434336,0.6233982838511166,0
2969-QWUBZ,0.830717561138153,616.8,92.52,61.195977513003825,0.661435122276306,0
1481-ZUWZA,0.6798326514801298,1134.0,170.1,61.17906803354015,0.35966530296025956,0
6692-YQHXC,0.7427106366067819,839.4000000000001,125.91000000000001,61.119392510319855,0.48542127321356404,0
5501-TVMGM,0.8071330585713243,663.0,99.45,61.08876534983641,0.6142661171426487,0
6778-YSNIH,0.7872453041325357,708.0,106.2,61.01090259775059,0.5744906082650714,0
4811-JBUVU,0.6885002046836631,1078.8000000000002,161.82000000000002,61.00620624382074,0.37700040936732626,0
2873-ZLIWT,0.6996179058233272,1018.1999999999999,152.73,60.975285512793505,0.3992358116466543,0
2141-RRYGO,0.746466620179508,823.8000000000001,123.57000000000001,60.91176051116362,0.4929332403590161,0
6458-CYIDZ,0.7089308675965695,968.4000000000001,145.26000000000002,60.69859565415538,0.417861735193139,0
0708-LGSMF,0.755817981579083,790.1999999999999,118.52999999999999,60.64421071313741,0.5116359631581661,0
7511-YMXVQ,0.8695893831730129,544.8,81.71999999999998,60.40568878579721,0.7391787663460258,0
0348-SDKOL,0.664282769910449,1225.1999999999998,183.77999999999997,60.38377490828461,0.3285655398208979,0
2506-CLAKW,0.6708201353949909,1177.8000000000002,176.67000000000002,60.35758664046608,0.34164027078998177,0
4465-VDKIQ,0.7153687574884303,933.5999999999999,140.04,60.32048159735956,0.43073751497686064,0
1357-BIJKI,0.670068712496782,1179.0,176.85,60.153303610111806,0.3401374249935641,0
8993-IZEUX,0.7413944034021488,829.8000000000001,124.47,60.092722782930934,0.4827888068042977,0
7401-RUBNK,0.7231123132978283,897.5999999999999,134.64,60.079683724839214,0.4462246265956567,0
6741-EGCBI,0.6839256873866206,1086.0,162.9,59.922988950561006,0.36785137477324126,0
2884-GBPFB,0.7366306661693198,843.5999999999999,126.53999999999998,59.886488994131454,0.47326133233863965,0
2122-YWVYA,0.7205665051719412,904.8000000000001,135.72,59.87057216387174,0.4411330103438826,0
9369-XFEHK,0.7056245942986836,967.1999999999999,145.07999999999998,59.66403228170603,0.4112491885973672,0
3094-JOJAI,0.7234359081199023,889.8000000000001,133.47,59.64398131352672,0.44687181623980465,0
5909-ECHUI,0.7945290684784557,675.0,101.25,59.642136366887286,0.5890581369569114,0
3063-QFSZL,0.7988797192855097,664.8,99.71999999999998,59.608571214302046,0.5977594385710194,0
7410-OIEDU,0.7072443861539559,958.1999999999999,143.73,59.57447124381616,0.4144887723079118,0
8058-DMYRU,0.6837320671717325,1080.6,162.08999999999997,59.56226153573223,0.367464134343465,0
7568-PODML,0.8646851638880089,543.5999999999999,81.53999999999998,59.47285652685646,0.7293703277760176,0
3987-KQDDU,0.7183724114071987,907.1999999999999,136.07999999999998,59.43223548858319,0.43674482281439736,0
3669-LVWZB,0.8216844203827944,612.0,91.8,59.06125958228107,0.643368840765589,0
7176-WIONM,0.8288042686815643,598.2,89.73,59.007214057593515,0.6576085373631284,0
2657-VPXTA,0.6843068253753205,1066.1999999999998,159.92999999999998,58.95238116454999,0.3686136507506409,0
6168-YBYNP,0.6465593245834985,1336.1999999999998,200.42999999999998,58.74977085254116,0.2931186491669968,0
6581-NQCBA,0.82647044137702,599.4000000000001,89.91000000000001,58.705914768415724,0.6529408827540398,0
1636-NTNCO,0.816911501083116,611.4000000000001,91.71000000000001,58.12790752866516,0.6338230021662322,0
6702-OHFWR,0.87262914585652,519.5999999999999,77.93999999999998,58.08543125611432,0.7452582917130399,0
3197-ARFOY,0.6534847108610558,1260.0,189.0,58.017220705479076,0.3069694217221115,0
4484-CGXFK,0.7913903457707612,663.5999999999999,99.53999999999998,58.009990036043135,0.5827806915415225,0
8020-BWHYL,0.7136038919059727,903.5999999999999,135.54,57.90374301787108,0.4272077838119454,0
1685-BQULA,0.6719951230737025,1120.8000000000002,168.12000000000003,57.831640182301726,0.3439902461474049,0
7470-MCQTK,0.8292195485239761,585.0,87.75,57.778030765957794,0.6584390970479521,0
9206-GVPEQ,0.7947508754475922,653.4000000000001,98.01,57.77706660523701,0.5895017508951842,0
9620-ENEJV,0.7273861557601224,846.5999999999999,126.98999999999998,57.75153583995589,0.4547723115202449,0
7129-CAKJW,0.7000069838956524,960.5999999999999,144.08999999999997,57.63801261904911,0.4000139677913049,0
3677-TNKIO,0.7250223740660179,852.0,127.8,57.51571881127417,0.45004474813203577,0
5543-QDCRY,0.7831243312099778,676.8,101.52,57.485564208873896,0.5662486624199556,0
8645-KWHJO,0.7902816438910786,660.0,99.0,57.47576549043353,0.5805632877821569,0
0988-JRWWP,0.7944123149102249,650.4000000000001,97.56000000000002,57.44573088528308,0.5888246298204497,0
6994-KERXL,0.785365900612677,670.8,100.61999999999999,57.427033839295106,0.5707318012253539,0
8982-NHAVY,0.6586469797563999,1206.0,180.9,57.398477275865474,0.31729395951279976,0
8782-LKFPK,0.675968133378877,1084.8000000000002,162.72000000000003,57.26706932682171,0.3519362667577538,0
0141-YEAYS,0.6830750820890534,1037.4,155.61,56.976627047755215,0.36615016417810686,0
8623-TMRBY,0.6879058379322472,1010.4000000000001,151.56,56.958017594022806,0.3758116758644946,0
7627-JKIAZ,0.6999665853938323,947.4000000000001,142.11,56.83450290063499,0.3999331707876644,0
3518-PZXZQ,0.7852526636357587,663.5999999999999,99.53999999999998,56.78810027660684,0.5705053272715175,0
0248-IPDFW,0.8146068387509989,601.2,90.18,56.74248943713016,0.6292136775019977,0
5302-BDJNT,0.6647024743157568,1146.0,171.9,56.62471066975715,0.3294049486315134,0
3317-HRTNN,0.8441142089458689,548.4000000000001,82.26,56.61366965577436,0.6882284178917378,0
5895-QSXOD,0.7242720201494376,840.5999999999999,126.08999999999997,56.55691804128517,0.4485440402988753,0
1518-VOWAV,0.7102565128894748,895.8000000000001,134.37,56.504335273917434,0.4205130257789494,0
7967-HYCDE,0.721958648922371,848.4000000000001,127.26,56.4929153237219,0.44391729784474226,0
3234-VKACU,0.7231596519429064,843.5999999999999,126.53999999999998,56.47724471371076,0.4463193038858129,0
9659-QEQSY,0.6355376013603382,1387.8000000000002,208.17000000000002,56.42972495036321,0.27107520272067637,0
0363-QJVFX,0.6448934245317882,1297.8000000000002,194.67000000000002,56.41280590720646,0.2897868490635766,0
0979-PHULV,0.6572015405870409,1193.4,179.01000000000002,56.28129556097238,0.3144030811740818,0
4471-KXAUH,0.6853407701097226,1011.5999999999999,151.73999999999998,56.24721691289861,0.3706815402194452,0
3943-KDREE,0.7082189590111174,899.4000000000001,134.91,56.18163952037972,0.41643791802223495,0
0601-WZHJF,0.8366084392688072,556.2,83.43,56.16648417639317,0.6732168785376144,0
2740-TVLFN,0.8110333170122777,601.8,90.27,56.15395505339659,0.6220666340245551,0
7284-BUYEC,0.8059538293455516,611.4000000000001,91.71000000000001,56.11805137856109,0.6119076586911033,0
4329-YPDDQ,0.6440457888250417,1298.4,194.76000000000002,56.108715663130255,0.2880915776500834,0
7767-UXAGJ,0.8084599109933863,605.4000000000001,90.81000000000002,56.02248903461883,0.6169198219867726,0
8802-UNOJF,0.6853050914192235,1005.5999999999999,150.83999999999997,55.90283997935134,0.37061018283844704,0
0749-IRGQE,0.8427058104356766,543.5999999999999,81.53999999999998,55.88846356585013,0.6854116208713533,0
3194-ORPIK,0.68392208396359,1012.8000000000001,151.92000000000002,55.882885991497176,0.3678441679271799,0
4116-TZAQJ,0.7089599329284776,891.0,133.65,55.854990071782055,0.4179198658569551,0
6985-HAYWX,0.69547240052546,951.5999999999999,142.73999999999998,55.80346090200831,0.39094480105092,0
9286-DOJGF,0.7068086611894998,899.4000000000001,134.91,55.80111296215085,0.41361732237899973,0
7351-KYHQH,0.7383508416053312,779.4000000000001,116.91000000000001,55.73119378415852,0.4767016832106622,0
9734-UYXQI,0.812737919227015,592.8,88.91999999999999,55.61731155533232,0.6254758384540298,0
6711-VTNRE,0.6760941704232016,1050.6,157.58999999999997,55.50136063398469,0.3521883408464033,0
8648-PFRMP,0.8324609431844471,556.2,83.43,55.47443297975684,0.6649218863688942,0
9272-LSVYH,0.7185190731734533,841.8000000000001,126.27000000000001,55.18480673922389,0.4370381463469065,0
6908-VVYHM,0.6687850646317566,1087.8000000000002,163.17000000000002,55.08131799192748,0.3375701292635133,0
6233-HXJMX,0.6713139237736768,1071.6,160.73999999999998,55.07400021476161,0.3426278475473536,0
3733-LSYCE,0.7029404747167067,904.1999999999999,135.63,55.04963317165385,0.40588094943341335,0
8779-QRDMV,0.8821532135477408,475.79999999999995,71.36999999999999,54.54854970180452,0.7643064270954817,0
7929-DMBCV,0.6867082180215716,972.0,145.79999999999998,54.44411637509029,0.37341643604314334,0
8387-MOJJT,0.6939697401445186,935.4000000000001,140.31,54.43178847935482,0.3879394802890373,0
1100-DDVRV,0.8035869583080356,597.5999999999999,89.63999999999999,54.42706988546459,0.6071739166160709,0
5299-RULOA,0.6507127234804818,1203.0,180.45,54.392221904105895,0.3014254469609637,0
0829-XXPLX,0.6689489868680498,1072.8000000000002,160.92000000000002,54.37454193361319,0.3378979737360998,0
7813-ZGGAW,0.6562452376147456,1159.1999999999998,173.87999999999997,54.33584383290392,0.3124904752294912,0
2792-LSHWX,0.6806235272692488,1000.8000000000001,150.12,54.230407827319254,0.36124705453849754,0
3014-WJKSM,0.6991298718114541,903.5999999999999,135.54,53.98012565064897,0.39825974362290817,0
9029-FEGVJ,0.6888441991782832,951.5999999999999,142.73999999999998,53.91124198141628,0.3776883983565664,0
6599-SFQVE,0.7721053499306146,660.0,99.0,53.87685928626169,0.5442106998612292,0
1169-WCVAK,0.6682338861853035,1065.6,159.83999999999997,53.78100873571782,0.33646777237060704,0
0475-RIJEP,0.6918232509638675,934.1999999999999,140.13,53.76038431513348,0.3836465019277348,0
2189-UXTKY,0.6880968040012067,950.4000000000001,142.56,53.63016075682404,0.3761936080024133,0
0431-APWVY,0.6646610623414602,1081.1999999999998,162.17999999999998,53.40946218107601,0.3293221246829203,0
5896-NPFWW,0.7952153938129273,601.8,90.27,53.29818719898587,0.5904307876258543,0
7272-QDCKA,0.6475132802729356,1202.4,180.36,53.21099046005335,0.2950265605458713,0
6729-GDNGC,0.6831304875722761,968.4000000000001,145.26000000000002,53.203069249497645,0.3662609751445521,0
7273-TEFQD,0.8584656802690491,493.79999999999995,74.07,53.10310587505694,0.7169313605380984,0
9514-JDSKI,0.8654850809430985,482.40000000000003,72.36,52.89300091408522,0.7309701618861971,0
7020-OZKXZ,0.6945128892394439,906.0,135.9,52.86860329528082,0.38902577847888753,0
0730-KOAVE,0.6556378291769946,1131.6,169.73999999999998,52.83593024900611,0.3112756583539891,0
4273-MBHYA,0.6637596488241643,1072.1999999999998,160.82999999999996,52.67492864078068,0.3275192976483286,0
5536-SLHPM,0.6881756041582704,933.0,139.95,52.67035160389989,0.37635120831654084,0
2476-YGEFM,0.6920531595025031,912.0,136.79999999999998,52.545744439884885,0.3841063190050065,0
4581-LNWUM,0.7963889218887179,589.8,88.46999999999998,52.443055838989736,0.5927778437774358,0
5356-CSVSQ,0.7233701709884605,775.1999999999999,116.27999999999999,51.946966965076356,0.4467403419769209,0
3761-FLYZI,0.6326015690130584,1305.6,195.83999999999997,51.937382551034716,0.26520313802611684,0
8751-EDEKA,0.6604689082365028,1078.8000000000002,161.82000000000002,51.93415746166178,0.3209378164730057,0
8356-WUAOJ,0.8205755888124182,540.0,81.0,51.93324538761175,0.6411511776248364,0
3969-GYXEL,0.6886107455985248,916.8000000000001,137.52,51.87549946941826,0.37722149119704956,0
4993-JCRGJ,0.6708144218263508,1011.5999999999999,151.73999999999998,51.838760735860916,0.34162884365270146,0
2018-QKYGT,0.6772879058248683,972.5999999999999,145.89,51.72906516158005,0.3545758116497365,0
1228-ZLNBX,0.6902771868170529,903.5999999999999,135.54,51.580339802366666,0.38055437363410555,0
1095-JUDTC,0.6506161880945599,1140.6,171.08999999999997,51.537847242196506,0.30123237618911985,0
3692-JHONH,0.6343911825228228,1278.0,191.7,51.525579379250246,0.2687823650456455,0
4391-LNRXK,0.6506440235920986,1139.4,170.91,51.49314014425116,0.30128804718419727,0
7798-JVXYM,0.7051924130572386,835.8000000000001,125.37,51.449945649971994,0.4103848261144771,0
1597-FZREH,0.6869851875403256,916.8000000000001,137.52,51.428405981091146,0.3739703750806511,0
0461-CVKMU,0.6703373732285515,1005.5999999999999,150.83999999999997,51.387378755589395,0.34067474645710294,0
6847-KJLTS,0.6420949935851891,1204.8000000000002,180.72000000000003,51.35881448143073,0.284189987170378,0
3627-FHKBK,0.6888780423156305,903.5999999999999,135.54,51.2010597109211,0.3777560846312609,0
6173-GOLSU,0.6499912704928796,1135.8000000000002,170.37000000000003,51.108025507743804,0.2999825409857592,0
2178-PMGCJ,0.7035435528502784,836.4000000000001,125.46000000000001,51.07314828119186,0.40708710570055684,0
0129-KPTWJ,0.6495070321353229,1135.8000000000002,170.37000000000003,50.94302612978993,0.29901406427064575,0
8496-EJAUI,0.6910779433672626,886.1999999999999,132.92999999999998,50.79998202362043,0.3821558867345252,0
9588-OZDMQ,0.8133751004838666,540.0,81.0,50.7667662783864,0.6267502009677334,0
7404-JLKQG,0.7450201339684972,690.5999999999999,103.58999999999999,50.76327135559323,0.4900402679369943,0
9828-AOQLM,0.8084496521882919,548.4000000000001,82.26,50.7461367780178,0.6168993043765839,0
2386-LAHRK,0.7627423446207888,642.0,96.3,50.60417557396393,0.5254846892415777,0
2582-FFFZR,0.7776737223834117,607.2,91.08,50.581045269362264,0.5553474447668233,0
2485-ITVKB,0.8996528350578169,421.20000000000005,63.18000000000001,50.500132237905746,0.7993056701156337,0
7384-GHBPI,0.8985468407423749,421.79999999999995,63.26999999999999,50.43211722754011,0.7970936814847498,0
1421-HCERK,0.6323363969725826,1268.4,190.26000000000002,50.35664577600713,0.26467279394516513,0
6362-QHAFM,0.6290433760973384,1299.6,194.93999999999997,50.31143147283032,0.25808675219467697,0
4349-GFQHK,0.7569819981330675,652.2,97.83,50.28109775471599,0.513963996266135,0
0585-EGDDA,0.6743781269271801,960.0,144.0,50.22090055502787,0.3487562538543602,0
2761-XECQW,0.8212671148927989,520.2,78.03,50.1369459501702,0.6425342297855978,0
2207-QPJED,0.6543240789876551,1080.0,162.0,50.00100159200022,0.30864815797531003,0
6416-YJTTB,0.6738120800834541,954.0,143.1,49.74501731988457,0.3476241601669082,0
6986-IJDHX,0.6598616119454596,1035.6,155.33999999999997,49.66580559921536,0.31972322389091906,0
8535-SFUTN,0.6295338094807013,1277.4,191.61,49.63994646919434,0.2590676189614025,0
3569-EDBPQ,0.6630006083781959,1012.1999999999999,151.82999999999998,49.496764740122956,0.32600121675639177,0
7895-VONWT,0.7848752652186326,579.0,86.85,49.48283356847648,0.5697505304372652,0
4248-HCETZ,0.6723942036698072,955.8000000000001,143.37,49.43231396028051,0.34478840733961436,0
7881-EVUAD,0.8219541835184161,511.20000000000005,76.68,49.37489358438428,0.643908367036832,0
8178-EYZUO,0.6462535944055999,1124.4,168.66,49.334262464896966,0.29250718881119986,0
6234-PFPXL,0.6427937259775631,1150.8000000000002,172.62000000000003,49.298105956493885,0.28558745195512614,0
6629-CZTTH,0.7453381282060141,668.4000000000001,100.26,49.19520146786995,0.4906762564120282,0
3995-WFCSM,0.7242872421579835,730.2,109.53,49.13236326712786,0.4485744843159669,0
3776-EKTKM,0.8743811603839539,437.40000000000003,65.61,49.126295865582435,0.7487623207679078,0
9169-BSVIN,0.6823806393853243,897.0,134.54999999999998,49.07863005859079,0.3647612787706488,0
6704-UTUKK,0.7966850682395604,550.8,82.61999999999999,49.02424067590498,0.5933701364791211,0
0533-BNWKF,0.659174286502256,1025.4,153.81,48.965194013824004,0.3183485730045121,0
6646-JPPHA,0.6724903124765111,946.1999999999999,141.92999999999998,48.96310009958245,0.3449806249530223,0
2960-NKRSO,0.6581745215721593,1031.4,154.71,48.94236046485753,0.31634904314431855,0
5394-SVGJV,0.6376012902771517,1185.6,177.83999999999997,48.94202692577733,0.2752025805543035,0
0096-BXERS,0.7697941768014843,604.2,90.63000000000001,48.90289248703705,0.5395883536029686,0
3571-RFHAR,0.6242098444084851,1309.8000000000002,196.47000000000003,48.80701626187013,0.24841968881697016,0
2782-LFZVW,0.7295833148940863,707.4000000000001,106.11000000000001,48.72217108682301,0.4591666297881727,0
5173-WXOQV,0.7106396308432166,770.4000000000001,115.56,48.68303148048423,0.4212792616864333,0
1260-TTRXI,0.7487804090452881,651.5999999999999,97.73999999999998,48.631594360172926,0.4975608180905764,0
0531-ZZJWQ,0.6824980420543764,888.0,133.2,48.61747840328587,0.36499608410875284,0
0841-NULXI,0.8787421585571503,426.59999999999997,63.989999999999995,48.4714214521441,0.7574843171143008,0
0212-ISBBF,0.7669067953540799,604.2,90.63000000000001,48.37952572588053,0.5338135907081598,0
8313-KTIHG,0.7188413149235545,735.5999999999999,110.33999999999999,48.293901377330016,0.43768262984710915,0
2403-BCASL,0.6192542645534989,1343.4,201.51000000000002,48.061853700351094,0.2385085291069976,0
1230-QAJDW,0.7044367560914896,783.0,117.44999999999999,48.022194005890896,0.4088735121829791,0
3091-FYHKI,0.875937076579361,425.40000000000003,63.81,47.97708971305805,0.751874153158722,0
5712-AHQNN,0.6452697713466726,1099.8000000000002,164.97000000000003,47.93030835812118,0.2905395426933453,0
6204-IEUXJ,0.665817215094176,961.1999999999999,144.17999999999998,47.8150521445566,0.33163443018835215,0
1101-SSWAG,0.7599185454128841,613.2,91.98,47.814615614154135,0.5198370908257679,0
5378-IKEEG,0.8711318472578558,429.0,64.35,47.76466874208603,0.7422636945157115,0
4929-BSTRX,0.7477648687966623,642.5999999999999,96.38999999999999,47.76411140662054,0.4955297375933245,0
9547-ITEFG,0.6292733363442905,1231.1999999999998,184.67999999999998,47.74839951212712,0.25854667268858095,0
4860-IJUDE,0.6798236751028242,885.0,132.75,47.7431857397998,0.3596473502056482,0
3207-OYBWH,0.6390205158982711,1143.0,171.45,47.67013490151717,0.27804103179654227,0
4074-SJFFA,0.7418170322927982,657.0,98.55,47.66213706491051,0.48363406458559627,0
0641-EVBOJ,0.6606907288896164,987.5999999999999,148.14,47.60944915541555,0.3213814577792328,0
6259-WJQLC,0.6630556358285425,973.1999999999999,145.98,47.60572343650125,0.3261112716570849,0
9170-CCKOU,0.6463717351506935,1082.4,162.36,47.52982983813317,0.2927434703013868,0
5301-GAUUY,0.6641961194088677,964.1999999999999,144.63,47.49536950020905,0.32839223881773527,0
2432-TFSMK,0.6472103136249109,1075.1999999999998,161.27999999999997,47.48415876285125,0.2944206272498218,0
0375-HVGXO,0.878995392650708,416.40000000000003,62.46,47.344104449926455,0.7579907853014162,0
3841-CONLJ,0.8757008451426452,420.0,63.0,47.338306487973284,0.7514016902852902,0
5419-JKZNQ,0.6685615063966633,934.8000000000001,140.22,47.27138885388027,0.3371230127933267,0
7975-TZMLR,0.6272634907769075,1237.1999999999998,185.57999999999996,47.23511723675699,0.2545269815538151,0
3137-LUPIX,0.7020619547747283,772.8000000000001,115.92,46.84604359497301,0.4041239095494566,0
2722-JMONI,0.7622624010273875,594.5999999999999,89.18999999999998,46.78236709526537,0.524524802054775,0
6907-FLBER,0.7390353361696631,651.5999999999999,97.73999999999998,46.72662751444574,0.47807067233932626,0
0822-GAVAP,0.8738833350643023,416.40000000000003,62.46,46.70550621623263,0.7477666701286043,0
7504-UWHNB,0.6856898446725125,837.0,125.55,46.62671999726787,0.37137968934502485,0
7890-VYYWG,0.8550456274517478,437.40000000000003,65.61,46.589087234218354,0.7100912549034957,0
4662-EKDPQ,0.708391929316239,744.5999999999999,111.68999999999998,46.55058917066144,0.4167838586324778,0
1891-FZYSA,0.6434882792343338,1079.4,161.91,46.464374581662014,0.2869765584686679,0
6022-UGGSO,0.6734734408365086,892.8000000000001,133.92000000000002,46.46312639365047,0.3469468816730172,0
5018-GWURO,0.65074549353485,1027.1999999999998,154.07999999999996,46.453731287699384,0.3014909870697001,0
8327-LZKAS,0.6198390959605082,1290.6,193.58999999999997,46.399301173989585,0.23967819192101653,0
8878-HMWBV,0.7620654361732484,589.8,88.46999999999998,46.36985827649458,0.524130872346497,0
2669-OIDSD,0.6286944313317165,1200.6,180.08999999999997,46.35316027705767,0.25738886266343314,0
2931-FSOHN,0.7135119902681724,718.8,107.82,46.04172558142869,0.42702398053634477,0
6243-OZGFH,0.7840339733196635,539.4000000000001,80.91000000000001,45.96237756258796,0.568067946639327,0
3748-FVMZZ,0.8186212957453426,480.59999999999997,72.08999999999999,45.93881842056349,0.6372425914906853,0
2232-DMLXU,0.7311657905052138,662.4000000000001,99.36000000000001,45.937265889196084,0.46233158101042754,0
4883-QICIH,0.6828478159753809,837.0,125.55,45.91308659141815,0.3656956319507619,0
6591-QGOYB,0.6195581751978141,1279.8000000000002,191.97000000000003,45.90316578544875,0.23911635039562817,0
6227-HWPWX,0.6845956848738495,828.0,124.19999999999999,45.85356812266423,0.3691913697476991,0
4351-QLCSU,0.731569525571541,660.0,99.0,45.85076606316511,0.4631390511430819,0
5533-NHFRF,0.7868131265528652,532.8,79.91999999999999,45.84421014820997,0.5736262531057305,0
0822-QGCXA,0.6518568552278776,1006.1999999999999,150.92999999999998,45.83951031908714,0.3037137104557553,0
5136-KCKGI,0.6226670370048701,1244.4,186.66,45.794058254658125,0.2453340740097403,0
4931-TRZWN,0.6766949099662304,863.4000000000001,129.51000000000002,45.767515579452976,0.35338981993246055,0
5213-TWWJU,0.6396084928859473,1092.0,163.79999999999998,45.73574226943637,0.27921698577189485,0
6608-QQLVK,0.7512612877361512,606.0,90.89999999999999,45.67930211043229,0.5025225754723025,0
2474-LCNUE,0.6721550542735341,883.8000000000001,132.57,45.645191090084836,0.3443101085470682,0
2929-QNSRW,0.6289724618792666,1179.0,176.85,45.61755976669659,0.2579449237585332,0
6338-AVWCY,0.8154732929988575,481.79999999999995,72.27,45.59850977005485,0.6309465859977148,0
4829-AUOAX,0.6315796139431972,1152.6,172.89,45.49759890927871,0.2631592278863943,0
2100-BDNSN,0.6859447412152998,815.4000000000001,122.31,45.48580259608664,0.37188948243059966,0
6959-UWKHF,0.7940815446603113,514.8,77.21999999999998,45.41795375733848,0.5881630893206228,0
1550-LOAHA,0.6498834105763979,1009.8000000000001,151.47,45.40568040001398,0.2997668211527958,0
5813-UECBU,0.650389430810443,1006.1999999999999,150.92999999999998,45.39655358444034,0.30077886162088613,0
9474-PHLYD,0.7116802177205439,713.4000000000001,107.01,45.303800196550824,0.423360435441088,0
4373-VVHQL,0.7808840712285025,537.0,80.55,45.25042387491173,0.5617681424570048,0
4749-VFKVB,0.7508560516306649,601.2,90.18,45.244397472106726,0.5017121032613299,0
4468-KAZHE,0.7093596530183823,720.0,108.0,45.22168505197058,0.41871930603676466,0
3754-DXMRT,0.7843246105606532,529.8,79.46999999999998,45.19055360251021,0.5686492211213063,0
0380-NEAVX,0.6254641748169631,1198.1999999999998,179.72999999999996,45.099352279705585,0.2509283496339264,0
0541-FITGH,0.7012543926539586,745.8,111.86999999999999,45.0286578123967,0.4025087853079173,0
7442-YGZFK,0.7509365459345817,597.5999999999999,89.63999999999999,44.98790395515178,0.5018730918691632,0
4855-SNKMY,0.7831778447369214,529.2,79.38000000000001,44.95731463043364,0.5663556894738427,0
4317-VTEOA,0.7454516827125707,609.0,91.35,44.844022431586666,0.4909033654251414,0
4257-GAESD,0.7760854218622509,540.0,81.0,44.72583834168465,0.5521708437245019,0
6402-EJMWF,0.7246569288085382,663.5999999999999,99.53999999999998,44.72470138720378,0.44931385761707643,0
3503-TYDAY,0.6540343345277193,965.4000000000001,144.81,44.61142396591808,0.30806866905543867,0
4816-JBHOV,0.7764550279212071,536.4000000000001,80.46000000000001,44.48714309308066,0.5529100558424144,0
9752-ZNQUT,0.7541850773887467,583.2,87.48,44.472221139935115,0.5083701547774933,0
5087-SUURX,0.8160999243886624,468.59999999999997,70.28999999999999,44.437327370558165,0.6321998487773249,0
4307-KTUMW,0.6310489007859184,1126.8000000000002,169.02,44.299770421671866,0.2620978015718368,0
2302-ANTDP,0.6043519300897939,1409.4,211.41,44.12208308056668,0.20870386017958792,0
7854-FOKSF,0.8406050042422083,430.79999999999995,64.61999999999999,44.01979074826299,0.6812100084844166,0
7271-AJDTL,0.6294285898714073,1133.4,170.01000000000002,44.008309128075865,0.2588571797428143,0
3325-FUYCG,0.6151933796387061,1273.1999999999998,190.97999999999996,43.999263286800186,0.23038675927741226,0
9269-CQOOL,0.7234281014904306,656.4000000000001,98.46000000000001,43.9974617454956,0.4468562029808612,0
5669-SRAIP,0.8087042145795189,474.0,71.1,43.897739313207595,0.6174084291590379,0
2869-ADAWR,0.6364595521971939,1071.6,160.73999999999998,43.86901684035388,0.2729191043943877,0
8840-DQLGN,0.6210574340823465,1206.0,180.9,43.79857965099296,0.242114868164693,0
2014-MKGMH,0.6202556253438142,1213.1999999999998,181.97999999999996,43.76823740013461,0.2405112506876284,0
6128-CZOMY,0.7659244368492251,547.8,82.16999999999999,43.70202195180164,0.5318488736984501,0
7821-DPRQE,0.6125255339907061,1292.4,193.86,43.62840003887655,0.22505106798141208,0
2082-CEFLT,0.7656677931540431,547.2,82.08,43.61202492416773,0.5313355863080863,0
8705-WZCYL,0.7700335046088926,537.5999999999999,80.63999999999999,43.55100362332219,0.5400670092177852,0
0224-RLWWD,0.7723181938831658,531.5999999999999,79.73999999999998,43.42930556048728,0.5446363877663317,0
7481-ATQQS,0.6326495614144425,1090.1999999999998,163.52999999999997,43.38436555620754,0.2652991228288849,0
2632-UCGVD,0.620398151959621,1200.6,180.08999999999997,43.36500637281628,0.24079630391924198,0
2135-RXIHG,0.7637640297894707,547.8,82.16999999999999,43.34698065560161,0.5275280595789414,0
1976-CFOCS,0.7616452351665223,552.0,82.8,43.32845094357609,0.5232904703330445,0
5816-QVHRX,0.6199743403771003,1203.6,180.54,43.32033482336337,0.23994868075420056,0
1228-FZFRV,0.6135003973423006,1271.4,190.71,43.29132155430028,0.22700079468460113,0
5839-SUYVZ,0.6611574583448334,894.5999999999999,134.18999999999997,43.251438670586396,0.32231491668966694,0
4640-UHDOS,0.7146825991478192,671.4000000000001,100.71000000000001,43.24136912035374,0.4293651982956383,0
0224-HJAPT,0.7545569225384942,565.8,84.86999999999999,43.208492031684,0.5091138450769884,0
6825-UYPFK,0.6587153485581625,907.1999999999999,136.07999999999998,43.19596926358952,0.3174306971163251,0
7587-RZNME,0.7768689082705567,519.5999999999999,77.93999999999998,43.15832542121436,0.5537378165411132,0
5949-HGVJL,0.6638572657639878,876.5999999999999,131.48999999999998,43.09118375061354,0.32771453152797586,0
2144-BFDSO,0.6099413288921287,1305.0,195.75,43.042030261268366,0.2198826577842573,0
6859-RKMZJ,0.7166991046479643,660.5999999999999,99.08999999999999,42.94542855913356,0.4333982092959286,0
1251-KRREG,0.7192716296586303,652.8,97.91999999999999,42.942155952346184,0.4385432593172609,0
5981-ZVXOT,0.6100902122004211,1300.1999999999998,195.02999999999997,42.941788170896245,0.22018042440084218,0
7145-FEJWU,0.6132732313278425,1263.6,189.54,42.9396165317585,0.22654646265568484,0
2272-UOINI,0.6517964240694162,942.0,141.29999999999998,42.89766944201705,0.30359284813883264,0
9314-IJWSQ,0.6404289778764872,1017.5999999999999,152.64,42.87015836613401,0.2808579557529744,0
8564-LDKFL,0.6122672661503841,1272.0,190.79999999999998,42.841188762986576,0.22453453230076822,0
9412-GHEEC,0.6134340431304489,1257.6,188.64,42.79639579225574,0.2268680862608977,0
6519-CFDBX,0.7614494546271227,544.8,81.71999999999998,42.731298864256914,0.5228989092542452,0
6821-JPCDC,0.6222470657767815,1164.6,174.68999999999997,42.71067984109192,0.24449413155356303,0
4343-EJVQB,0.6591335321167833,892.1999999999999,133.82999999999998,42.59368120637819,0.31826706423356643,0
3500-RMZLT,0.6228120473021216,1155.6,173.33999999999997,42.5764805586995,0.24562409460424314,0
1271-SJBGZ,0.7709413024981986,523.8,78.57,42.575716274566915,0.5418826049963971,0
9356-AXGMP,0.6067940447459258,1328.4,199.26000000000002,42.559562712146345,0.21358808949185157,0
5077-DXTCG,0.7609172502726325,543.5999999999999,81.53999999999998,42.5503851744609,0.521834500545265,0
3191-CSNMG,0.6464075330137536,968.4000000000001,145.26000000000002,42.53431649115572,0.29281506602750734,0
2962-XPMCQ,0.7616427156285763,541.8,81.27,42.52740699826879,0.5232854312571525,0
1025-FALIX,0.6710325342859523,828.5999999999999,124.28999999999998,42.51526737280203,0.3420650685719047,0
3334-CTHOL,0.7363695697588928,599.4000000000001,89.91000000000001,42.5039760340441,0.4727391395177855,0
0060-FUALY,0.6245075185545282,1137.0,170.54999999999998,42.46951457894957,0.24901503710905643,0
7129-ACFOG,0.719257511963455,645.5999999999999,96.83999999999999,42.465794917081936,0.4385150239269098,0
5671-UUNXD,0.6168231506613956,1207.8000000000002,181.17000000000002,42.32970041065008,0.23364630132279116,0
9681-KYGYB,0.6332582509571537,1058.4,158.76000000000002,42.31215984391545,0.2665165019143074,0
0118-JPNOY,0.6365255325673486,1029.6,154.43999999999997,42.17000649940263,0.27305106513469724,0
7339-POGZN,0.730693128484664,608.4000000000001,91.26,42.106109811020886,0.4613862569693281,0
4948-WBBKL,0.6561331728886108,898.8000000000001,134.82,42.09974873768502,0.3122663457772216,0
7851-FLGGQ,0.7615908743789032,535.8,80.36999999999999,42.04811714766488,0.5231817487578062,0
1465-LNTLJ,0.680953321703752,772.8000000000001,115.92,41.952218103797875,0.3619066434075041,0
9812-GHVRI,0.6388433944581167,1006.1999999999999,150.92999999999998,41.91126705112711,0.2776867889162335,0
2408-WITXK,0.8353304809558404,416.40000000000003,62.46,41.88948368100359,0.6706609619116809,0
2988-PLAHS,0.6658801520819576,839.4000000000001,125.91000000000001,41.77193989727856,0.3317603041639151,0
1740-CSDJP,0.8285274026118759,423.0,63.449999999999996,41.69012739144704,0.6570548052237517,0
3208-YPIOE,0.6534767515419375,903.0,135.45,41.576851992710885,0.30695350308387515,0
3452-ABWRL,0.6341987153921657,1032.6,154.89,41.572078054185084,0.26839743078433137,0
3165-HDOEW,0.7517475310437567,550.2,82.53,41.55344747408249,0.5034950620875135,0
6135-OZQVA,0.7144036511339956,643.8,96.57,41.40992118001992,0.42880730226799135,0
7927-AUXBZ,0.6346944693456902,1021.8000000000001,153.27,41.28924263322787,0.26938893869138036,0
1589-AGTLK,0.7515724394307967,544.2,81.63000000000001,41.071716461471866,0.5031448788615933,0
1849-RJYIG,0.6901280387448137,720.0,108.0,41.06765636887974,0.3802560774896272,0
8544-GOQSH,0.6423869043160911,960.5999999999999,144.08999999999997,41.03305808581115,0.2847738086321824,0
8725-JEDFD,0.6649740347290451,828.5999999999999,124.28999999999998,41.00924555294604,0.32994806945809035,0
6786-OBWQR,0.6408767697501337,970.1999999999999,145.52999999999997,41.00359260347395,0.28175353950026766,0
3144-AUDBS,0.7316448638941583,589.8,88.46999999999998,40.98724221743235,0.4632897277883165,0
5002-GCQFH,0.621109834843251,1126.1999999999998,168.92999999999998,40.91816880014076,0.2422196696865019,0
8364-TRMMK,0.7239017584522711,607.8,91.16999999999999,40.82624663618711,0.44780351690454223,0
2519-LBNQL,0.6084421977387316,1252.1999999999998,187.82999999999996,40.73739600253194,0.21688439547746338,0
2386-OWURY,0.6185734699391541,1143.6,171.54,40.68018606672496,0.23714693987830804,0
4695-VADHF,0.69621670495242,689.4000000000001,103.41000000000001,40.58153891825951,0.39243340990484005,0
8257-RZAHR,0.6741753746977214,776.4000000000001,116.46000000000001,40.568928274593276,0.34835074939544286,0
8749-JMNKX,0.6200220338268208,1125.6,168.83999999999997,40.52904038264086,0.2400440676536417,0
1658-BYGOY,0.617805254590208,1145.4,171.81,40.48024158228728,0.235610509180416,0
7047-FWEYA,0.6089146645864546,1237.8000000000002,185.67000000000002,40.444371547534075,0.21782932917290931,0
4566-QVRRW,0.7539265544451368,528.5999999999999,79.28999999999998,40.26767300390979,0.5078531088902737,0
6218-KNUBD,0.6878092926667297,713.4000000000001,107.01,40.19494481653349,0.37561858533345943,0
1907-YLNYW,0.6672205741182714,800.4000000000001,120.06,40.15300425727935,0.334441148236543,0
8033-VCZGH,0.6072389073551814,1247.4,187.11,40.13094391045598,0.21447781471036279,0
0924-BJCRC,0.6246138791513892,1073.4,161.01000000000002,40.12816136433034,0.2492277583027783,0
1216-BGTSP,0.6027262174942469,1301.4,195.21,40.10636983410387,0.20545243498849378,0
2831-EBWRN,0.7422166255971754,550.8,82.61999999999999,40.02387521367726,0.48443325119435077,0
5201-USSQZ,0.6292799208579899,1030.8000000000002,154.62000000000003,39.978522726124794,0.25855984171597973,0
2257-BOVXD,0.6662527144535358,799.1999999999999,119.87999999999998,39.86075081737975,0.33250542890707174,0
7590-VHVEG,0.869977158830729,358.20000000000005,53.730000000000004,39.757745487950146,0.7399543176614581,0
0003-MKNFE,0.684201855834886,718.8,107.82,39.72128819223482,0.3684037116697721,0
1078-TDCRN,0.8579548344937973,369.0,55.35,39.62560017846335,0.7159096689875944,0
0928-JMXNP,0.8678258022097899,358.79999999999995,53.81999999999999,39.59276934986178,0.7356516044195799,0
4959-JOSRX,0.7465372317260928,535.2,80.28,39.58401792594147,0.4930744634521857,0
8614-VGMMV,0.7238872710994023,589.2,88.38000000000001,39.57431403953035,0.4477745421988045,0
8773-HHUOZ,0.6696351066437989,776.4000000000001,116.46000000000001,39.51140903947365,0.3392702132875978,0
0430-IHCDJ,0.7238196715121142,588.0,88.2,39.48179005473695,0.4476393430242284,0
4554-YGZIH,0.6214049988215437,1080.6,162.08999999999997,39.35707251796802,0.24280999764308733,0
7064-FRRSW,0.6102914444525707,1188.0,178.2,39.30787080289619,0.22058288890514138,0
3583-KRKMD,0.6438409783583497,910.8000000000001,136.62,39.3031089266355,0.2876819567166996,0
6429-SHBCB,0.6568068852519932,835.1999999999999,125.27999999999999,39.289533168739396,0.31361377050398626,0
9776-CLUJA,0.6405466362674741,930.0,139.5,39.21251151862526,0.28109327253494815,0
6128-AQBMT,0.7018864577445825,647.4000000000001,97.11000000000001,39.210387823152814,0.40377291548916494,0
8066-POXGX,0.8101634313484161,421.20000000000005,63.18000000000001,39.19225118518585,0.620326862696832,0
2267-FPIMA,0.6153033335807999,1132.8000000000002,169.92000000000002,39.184684884099056,0.2306066671615999,0
9079-YEXQJ,0.5978435130979528,1333.1999999999998,199.97999999999996,39.13349149865721,0.19568702619590567,0
9578-VRMNM,0.6662899192539855,782.4000000000001,117.36000000000001,39.031569847295486,0.33257983850797107,0
3050-GBUSH,0.8109386833532323,417.59999999999997,62.63999999999999,38.954398250492936,0.6218773667064645,0
2139-FQHLM,0.6201267913737066,1079.4,161.91,38.89945758263369,0.2402535827474133,0
2157-MXBJS,0.6430189209730419,903.5999999999999,135.54,38.7695690973722,0.28603784194608384,0
9774-NRNAU,0.6269891969043782,1017.5999999999999,152.64,38.76726203096854,0.2539783938087562,0
4080-IIARD,0.6412969252390532,914.4000000000001,137.16,38.76057253157711,0.2825938504781067,0
5515-RUGKN,0.6961266951157485,657.0,98.55,38.656571607314035,0.3922533902314971,0
4958-GZWIY,0.7201606174389971,584.4000000000001,87.66000000000001,38.59855944940497,0.4403212348779942,0
2187-LZGPL,0.7672341841170811,481.20000000000005,72.18,38.57792681914184,0.5344683682341623,0
7693-LCKZL,0.633638634971999,961.8000000000001,144.27,38.56009173482062,0.26727726994399814,0
6173-ITPWD,0.628218720587502,1000.1999999999999,150.02999999999997,38.47330929948586,0.2564374411750041,0
5568-DMXZS,0.6628374537249749,785.4000000000001,117.81,38.36776084667861,0.32567490744995,0
2637-FKFSY,0.7299109919381752,553.2,82.98,38.15602822205956,0.4598219838763504,0
3716-UVSPD,0.7145834139169812,591.5999999999999,88.73999999999998,38.084264301985826,0.42916682783396254,0
6048-QBXKL,0.6870377409994477,678.5999999999999,101.78999999999998,38.07714331266756,0.37407548199889545,0
0237-YFUTL,0.5963171007419348,1315.8000000000002,197.37000000000003,38.02021234687135,0.1926342014838696,0
8016-NCFVO,0.590623742380439,1398.0,209.7,38.007597554356124,0.18124748476087804,0
8824-RWFXJ,0.687000284507803,673.8,101.07,37.8002375104073,0.374000569015606,0
3898-GUYTS,0.6081307669667312,1164.6,174.68999999999997,37.77872736283655,0.21626153393346245,0
9026-LHEVG,0.7569648289123452,489.0,73.35,37.69674040144103,0.5139296578246904,0
5204-QZXPU,0.7638033056803458,475.79999999999995,71.36999999999999,37.65528385281256,0.5276066113606916,0
8601-QACRS,0.7066151452601431,607.2,91.08,37.63701486058768,0.41323029052028637,0
5698-BQJOH,0.6103092546804181,1132.8000000000002,169.92000000000002,37.487497110593296,0.22061850936083624,0
6614-VBEGU,0.6495750399087808,833.4000000000001,125.01,37.39675147799339,0.2991500798175617,0
5146-CBVOE,0.6380041467121226,901.1999999999999,135.17999999999998,37.31080110508947,0.27600829342424527,0
5649-VUKMC,0.608249650451334,1146.0,171.9,37.216229825168625,0.21649930090266797,0
3677-IYRBF,0.8398943052638109,364.79999999999995,54.71999999999999,37.19803276807145,0.6797886105276216,0
9584-EXCDZ,0.646496217945033,846.0,126.89999999999999,37.180740114449364,0.2929924358900659,0
2325-WINES,0.5991492604858799,1248.6,187.29,37.139329992800896,0.19829852097175982,0
9210-IAHGH,0.6455493078218538,849.0,127.35,37.071408702226165,0.29109861564370765,0
5404-GGUKR,0.7000486638504578,616.2,92.43,36.980995999395645,0.4000973277009158,0
1536-HBSWP,0.7047894018249218,598.8,89.82,36.78836814382895,0.40957880364984356,0
6625-UTXEW,0.6992609169333021,615.0,92.25,36.763639174194225,0.39852183386660406,0
3946-JEWRQ,0.6071207200413797,1142.4,171.36,36.71241317258168,0.21424144008275953,0
6646-QVXLR,0.598286405773357,1245.0,186.75,36.709972556348816,0.19657281154671388,0
9052-VKDUW,0.5930248177871602,1312.8000000000002,196.92000000000002,36.63689423729517,0.18604963557432036,0
7377-DMMRI,0.7128724013497879,573.5999999999999,86.03999999999998,36.6310828242715,0.42574480269957593,0
4201-JMNGR,0.6822047593471677,669.5999999999999,100.43999999999998,36.60129205765905,0.3644095186943355,0
8720-RQSBJ,0.7304343487814644,528.0,79.2,36.50080084698395,0.46086869756292864,0
9572-WUKSB,0.8377800829699025,358.79999999999995,53.81999999999999,36.3586481308803,0.675560165939805,0
4183-WCSEP,0.6282621118364308,941.4000000000001,141.21,36.223785624844794,0.25652422367286165,0
1047-NNCBF,0.6422846858492106,846.5999999999999,126.98999999999998,36.1374645119825,0.28456937169842117,0
0257-ZESQC,0.633193101304388,902.4000000000001,135.36,36.05803638512393,0.26638620260877605,0
3751-KTZEL,0.7851953505024809,420.59999999999997,63.08999999999999,35.98594932640303,0.5703907010049617,0
7112-OPOTK,0.6461132900265183,819.0,122.85,35.900035359515556,0.2922265800530367,0
9530-EHPOH,0.685012461879346,645.0,96.75,35.79991137365343,0.3700249237586918,0
8080-DDEMJ,0.7204684058252759,541.2,81.18,35.7952503697918,0.4409368116505518,0
3665-JATSN,0.7504341078343,476.40000000000003,71.46000000000001,35.79204269167815,0.5008682156685998,0
4706-DGAHW,0.719779923469627,542.4000000000001,81.36000000000001,35.7625891469777,0.4395598469392539,0
8665-UTDHZ,0.828579452999592,362.4,54.35999999999999,35.72315813011564,0.6571589059991841,0
1660-HSOOQ,0.6997404961111875,595.8,89.36999999999999,35.70161627491365,0.399480992222375,0
4570-QHXHL,0.7265920400840903,525.0,78.75,35.68824631324422,0.45318408016818057,0
9637-EIHEQ,0.6950998784566765,609.5999999999999,91.43999999999998,35.679865772157,0.3901997569133531,0
0067-DKWBL,0.7011653596801686,591.0,88.64999999999999,35.6666182712939,0.4023307193603373,0
8149-AIQCG,0.6352490089900795,877.8000000000001,131.67000000000002,35.61647402744754,0.270498017980159,0
8650-RHRKE,0.8329194028431774,355.79999999999995,53.36999999999999,35.53581705948076,0.665838805686355,0
1963-SVUCV,0.7178994920294027,543.5999999999999,81.53999999999998,35.535049160155,0.43579898405880557,0
4226-KKDON,0.6479188506111041,799.8000000000001,119.97,35.491649015628326,0.29583770122220826,0
0778-NELLA,0.7827045169057539,416.40000000000003,62.46,35.31544825186679,0.565409033811508,0
9667-TKTVZ,0.6803384804225311,652.2,97.83,35.28502707947244,0.3606769608450623,0
4188-FRABG,0.5950417952593905,1236.6,185.48999999999998,35.258605205328706,0.19008359051878113,0
1310-QRITU,0.6946143225523445,603.5999999999999,90.53999999999998,35.24076152777853,0.38922864510468896,0
2190-BCXEC,0.6240781356541838,946.1999999999999,141.92999999999998,35.22081958679661,0.2481562713083676,0
6038-GCYEC,0.6802509726136499,649.8,97.46999999999998,35.13812460130491,0.36050194522729984,0
1478-VPOAD,0.7228411240886023,525.5999999999999,78.83999999999999,35.137588446290806,0.4456822481772046,0
8887-IPQNC,0.7198974089266885,531.0,79.64999999999999,35.029657242021486,0.43979481785337715,0
6543-CPZMK,0.8241755034614345,359.4,53.91,34.95260278321187,0.6483510069228692,0
7932-WPTDS,0.891081867522486,297.6,44.64,34.91578913240755,0.782163735044972,0
4143-HHPMK,0.6134610126838251,1024.1999999999998,153.62999999999997,34.862030757232105,0.22692202536765027,0
5047-LHVLY,0.6927803491422256,601.8,90.27,34.804564234137416,0.3855606982844513,0
1612-EOHDH,0.7141006208361534,541.8,81.27,34.79991491070837,0.4282012416723067,0
5552-ZNFSJ,0.7133197045708445,543.5999999999999,81.53999999999998,34.78817742141332,0.42663940914168913,0
1942-OQFRW,0.7193779449143544,528.0,79.2,34.74946647443373,0.4387558898287087,0
1024-GUALD,0.8874763595515,297.6,44.64,34.593889380757915,0.7749527191029999,0
4727-MCYZG,0.6726977639820716,666.5999999999999,99.98999999999998,34.536098841134674,0.34539552796414325,0
9522-BNTHX,0.6704567624616792,675.0,101.25,34.517494398490044,0.34091352492335847,0
3538-WZPHD,0.8238648923892573,355.20000000000005,53.28000000000001,34.51104293299925,0.6477297847785144,0
9948-YPTDG,0.6205898210317883,953.4000000000001,143.01000000000002,34.49110061151208,0.2411796420635765,0
2309-OSFEU,0.7826005839464955,406.79999999999995,61.01999999999999,34.488575264830295,0.5652011678929908,0
2452-KDRRH,0.5944356976383579,1216.8000000000002,182.52,34.47280706590621,0.188871395276716,0
6127-IYJOZ,0.7083257274016767,550.2,82.53,34.386244564920744,0.41665145480335325,0
7663-RGWBC,0.7161372369581152,529.8,79.46999999999998,34.352852442122824,0.4322744739162304,0
4462-CYWMH,0.6062493258551201,1077.6,161.64,34.34828206244322,0.21249865171024016,0
7825-GKXMW,0.7081769081452005,549.5999999999999,82.43999999999998,34.32420861498066,0.41635381629040114,0
6240-EURKS,0.7721209558403485,420.0,63.0,34.2872404358839,0.5442419116806969,0
3798-EPWRR,0.7163944753945917,527.4000000000001,79.11000000000001,34.237933896932304,0.4327889507891834,0
6650-VJONK,0.7168736188756563,526.2,78.93,34.235669475711106,0.4337472377513126,0
3961-SXAXY,0.7149451921612328,528.5999999999999,79.28999999999998,34.08600857292829,0.4298903843224657,0
7853-OETYL,0.8255008731505571,348.6,52.29,34.04088131408526,0.6510017463011142,0
0082-LDZUE,0.7133367162531737,531.5999999999999,79.73999999999998,34.02293950805614,0.4266734325063475,0
6207-WIOLX,0.6611251481858634,703.2,105.48,33.99096126128974,0.32225029637172675,0
8096-LOIST,0.6677677848141544,674.4000000000001,101.16000000000001,33.942778223599746,0.33553556962830905,0
1728-BQDMA,0.7120649436889478,533.4000000000001,80.01,33.93463228910544,0.4241298873778957,0
2927-QRRQV,0.5992570729194606,1135.8000000000002,170.37000000000003,33.82085502657702,0.19851414583892127,0
7359-PTSXY,0.7048234585690594,549.0,82.35,33.73442362632409,0.4096469171381189,0
0106-GHRQR,0.631143915232285,856.8000000000001,128.52,33.70923197130654,0.26228783046457,0
8806-EAGWC,0.6697583646127612,661.8,99.27,33.7038257102176,0.33951672922552234,0
1552-AAGRX,0.5879069306480996,1276.8000000000002,191.52,33.67187071544808,0.17581386129619925,0
4680-KUTAJ,0.6682180983725033,667.2,100.08,33.67053457024029,0.3364361967450069,0
5233-GEEAX,0.8177110077625306,352.79999999999995,52.919999999999995,33.62653306158622,0.635422015525061,0
4678-DVQEO,0.6789004669508317,626.4000000000001,93.96000000000001,33.61897574940029,0.35780093390166334,0
4237-RLAQD,0.7035941941307826,550.2,82.53,33.605257683226995,0.40718838826156545,0
4065-JJAVA,0.6880206906905134,594.0,89.1,33.5052870810495,0.376041381381027,0
6185-TASNN,0.7010093451921652,555.5999999999999,83.33999999999999,33.50423765663008,0.4020186903843303,0
5759-RCVCB,0.7640431370611138,422.40000000000003,63.36,33.45954632838435,0.5280862741222278,0
4815-GBTCD,0.8695031125742331,301.79999999999995,45.26999999999999,33.45481181247106,0.7390062251484663,0
7802-EFKNY,0.8721085201267601,299.4,44.91,33.42278727778559,0.7442170402535202,0
3797-VTIDR,0.8958059341823158,281.4,42.209999999999994,33.413936963671105,0.7916118683646318,0
3688-FTHLT,0.6470213424801782,756.5999999999999,113.48999999999998,33.37090431615084,0.2940426849603564,0
6595-COKXZ,0.7080291377295006,533.4000000000001,80.01,33.2888226194747,0.41605827545900137,0
9058-CBREO,0.6826683349441101,606.5999999999999,90.98999999999998,33.24198359312915,0.3653366698882202,0
9214-EKVXR,0.7096823709273625,528.0,79.2,33.21368755489422,0.419364741854725,0
2103-ZRXFN,0.6817079381243882,609.0,91.35,33.198040295325725,0.3634158762487764,0
2479-BRAMR,0.6100619868545696,1005.0,150.75,33.18368903665271,0.22012397370913903,0
9919-YLNNG,0.588529512478624,1245.6,186.83999999999997,33.081708223012214,0.177059024957248,0
3717-LNXKW,0.6002047485506773,1100.4,165.06,33.079591591549615,0.20040949710135475,0
4280-DLSHD,0.6675119393826298,657.0,98.55,33.01660325231633,0.3350238787652596,0
5172-MIGPM,0.6398113124854411,786.5999999999999,117.98999999999998,32.99267352031438,0.2796226249708822,0
2372-HWUHI,0.7065405847112798,532.2,79.83,32.976269755002946,0.4130811694225598,0
1471-GIQKQ,0.6831848767319162,599.4000000000001,89.91000000000001,32.94030453393317,0.3663697534638324,0
4671-LXRDQ,0.7033330726514371,540.0,81.0,32.939957769532796,0.40666614530287404,0
0419-YAAPX,0.6070529280994449,1023.5999999999999,153.54,32.87381316077753,0.21410585619888975,0
9261-WDCAF,0.666919849830205,655.8,98.36999999999999,32.83981125559454,0.3338396996604101,0
9003-CPATH,0.6139502747900616,958.8000000000001,143.82,32.776657040613344,0.22790054958012337,0
2101-RANCD,0.6244990700834592,877.1999999999999,131.57999999999998,32.76317528316312,0.24899814016691843,0
8950-MTZNV,0.7022950624120576,539.4000000000001,80.91000000000001,32.73538699951918,0.4045901248241154,0
0322-CHQRU,0.7003108093688999,544.2,81.63000000000001,32.702742737566595,0.4006216187377997,0
0023-HGHWL,0.8618079294201162,301.20000000000005,45.18000000000001,32.69296450240171,0.7236158588402325,0
7905-TVXTA,0.6408553624264195,772.1999999999999,115.82999999999998,32.63055325970436,0.28171072485283916,0
0404-SWRVG,0.6217487763816161,892.8000000000001,133.92000000000002,32.60919226605205,0.24349755276323212,0
3926-CUQZX,0.7003876217214243,541.2,81.18,32.534934262690456,0.40077524344284865,0
1768-ZAIFU,0.8585440478182924,302.4,45.35999999999999,32.527116018075496,0.7170880956365852,0
4918-QLLIW,0.6688752075047245,640.8,96.11999999999999,32.46456989070823,0.33775041500944897,0
3345-PBBFH,0.6819735013892964,594.5999999999999,89.18999999999998,32.46043317782268,0.3639470027785927,0
2275-RBYQS,0.6985535856132588,544.8,81.71999999999998,32.45159803263101,0.39710717122651756,0
2672-DZUOY,0.8581737395324573,301.79999999999995,45.26999999999999,32.42905037726869,0.7163474790649148,0
0621-TWIEM,0.6977237428525573,546.5999999999999,81.98999999999998,32.42273935296235,0.3954474857051148,0
8180-AKMJV,0.7020748285901852,534.5999999999999,80.18999999999998,32.4087610092939,0.40414965718037044,0
4718-DHSMV,0.7511305919815181,429.59999999999997,64.44,32.36571069457804,0.5022611839630361,0
6537-QLGEX,0.7310093285916289,466.79999999999995,70.02,32.3505463759717,0.4620186571832577,0
8710-YGLWG,0.699655057948266,538.8,80.82,32.27224356675771,0.3993101158965319,0
5696-QURRL,0.6988816312810958,540.5999999999999,81.08999999999999,32.25462296116811,0.3977632625621916,0
9819-FBNSV,0.6239252584341077,867.0,130.04999999999998,32.23295971871144,0.24785051686821566,0
6633-MPWBS,0.6819585927630527,590.4000000000001,88.56000000000002,32.2285059501919,0.3639171855261054,0
9117-SHLZX,0.6958752367238685,548.4000000000001,82.26,32.225393945810865,0.3917504734477372,0
6927-WTFIV,0.6251441254038681,855.5999999999999,128.33999999999997,32.121994108664865,0.25028825080773626,0
3566-HJGPK,0.6958440301528511,546.5999999999999,81.98999999999998,32.114504064464526,0.3916880603057023,0
4537-DKTAL,0.695831713679527,546.5999999999999,81.98999999999998,32.11248440916883,0.39166342735905396,0
7675-OZCZG,0.6977393697842199,540.0,81.0,32.03377790504362,0.39547873956843976,0
3923-CSIHK,0.6251950509890485,852.5999999999999,127.88999999999999,32.02239014197883,0.2503901019780971,0
5919-TMRGD,0.611736876621304,952.1999999999999,142.82999999999998,31.918756175641704,0.22347375324260804,0
0786-VSSUD,0.7273393110475607,468.0,70.2,31.918439271077517,0.45467862209512133,0
9054-FOWNV,0.5998544320830692,1065.0,159.75,31.903491050540595,0.1997088641661383,0
0455-XFASS,0.6272998536488257,834.5999999999999,125.18999999999998,31.873337356592955,0.25459970729765125,0
8280-MQRQN,0.6754683324380129,605.4000000000001,90.81000000000002,31.86855853739189,0.3509366648760256,0
2207-NHRJK,0.6739165501761379,609.5999999999999,91.43999999999998,31.8058586962121,0.3478331003522759,0
0746-JTRFU,0.8521089164996373,300.6,45.09,31.753182089937283,0.7042178329992743,0
4480-MBMLB,0.5841378743265224,1257.6,188.64,31.743537225910387,0.1682757486530449,0
4030-VPZBD,0.7849364507724698,370.79999999999995,55.61999999999999,31.696330783929525,0.5698729015449394,0
0616-ATFGB,0.8507262458812348,300.6,45.09,31.628492853569753,0.7014524917624695,0
2519-ERQOJ,0.6606727460031712,655.2,98.28,31.58183495438331,0.3213454920063422,0
5133-POWUA,0.6910476663201361,549.5999999999999,82.43999999999998,31.499939222864043,0.3820953326402723,0
6726-WEXXK,0.6018594540083294,1030.8000000000002,154.62000000000003,31.49901755753578,0.20371890801665873,0
5960-MVTUK,0.7935954969674534,357.0,53.55,31.444077725214257,0.5871909939349068,0
7549-MYGPK,0.5868355334648053,1206.6,180.98999999999998,31.43272640359021,0.17367106692961054,0
3278-FSIXX,0.6929329472002913,543.0,81.45,31.42877709892744,0.38586589440058244,0
7365-BVCJH,0.8575126657743729,292.79999999999995,43.919999999999995,31.403912561620906,0.7150253315487457,0
0887-HJGAR,0.6908128244538894,548.4000000000001,82.26,31.39252587915388,0.3816256489077787,0
8761-NSOBC,0.5867171459865036,1206.6,180.98999999999998,31.389872504194557,0.17343429197300714,0
3842-QTGDL,0.6079654613343439,969.0,145.35,31.38555960989379,0.21593092266868794,0
2279-AXJJK,0.5911121133929784,1147.8000000000002,172.17000000000002,31.37354512573819,0.18222422678595682,0
7065-YUNRY,0.6922019905917532,543.5999999999999,81.53999999999998,31.344300625703113,0.3844039811835065,0
1928-BXYIV,0.6422109627744871,733.8,110.07,31.306321345175576,0.2844219255489741,0
1334-FJSVR,0.8577202411410181,291.0,43.65,31.228977051610876,0.7154404822820362,0
5424-RLQLC,0.6454255331252511,715.8,107.36999999999999,31.228678983316414,0.29085106625050217,0
9108-EJFJP,0.6617100139427128,642.5999999999999,96.38999999999999,31.17445648787617,0.3234200278854256,0
4088-YLDSU,0.582971081675843,1249.8000000000002,187.47000000000003,31.109177363540567,0.16594216335168593,0
3658-KIBGF,0.6571536059310986,658.8,98.82,31.059838676222313,0.31430721186219707,0
1845-ZLLIG,0.671991386573647,601.8,90.27,31.051324932006224,0.343982773147294,0
9026-RNUJS,0.6712078169064533,604.2,90.63000000000001,31.033128892463722,0.3424156338129065,0
4070-OKWVH,0.5910321430384797,1135.1999999999998,170.27999999999997,31.001906633184632,0.18206428607695935,0
3806-DXQOM,0.7558423404143448,403.79999999999995,60.56999999999999,30.992741117793727,0.5116846808286897,0
8800-JOOCF,0.6020282830803121,1008.5999999999999,151.29,30.87171789444082,0.20405656616062412,0
7000-WCEVQ,0.6390695841139736,739.2,110.88000000000001,30.840070973114805,0.2781391682279474,0
6689-KXGBO,0.669418288262351,606.5999999999999,90.98999999999998,30.830740097982613,0.33883657652470184,0
9254-RBFON,0.586818799532135,1183.1999999999998,177.47999999999996,30.81720108192664,0.17363759906427004,0
0374-IOEGQ,0.6919223569202213,535.2,80.28,30.81505362711073,0.38384471384044255,0
1935-IMVBB,0.5953982091477023,1076.4,161.46,30.80598969797603,0.1907964182954046,0
9448-REEVD,0.6913937245001868,536.4000000000001,80.46000000000001,30.799078146570068,0.38278744900037365,0
8404-FYDIB,0.5987070476755276,1039.8000000000002,155.97000000000003,30.79067645190409,0.19741409535105522,0
2883-ILGWO,0.5812404917003978,1258.8000000000002,188.82000000000002,30.67965928573824,0.16248098340079567,0
5692-FPTAH,0.6876469974837469,544.8,81.71999999999998,30.669025268743596,0.3752939949674939,0
9992-UJOEL,0.6691045661798068,603.5999999999999,90.53999999999998,30.62145484383943,0.33820913235961386,0
0836-SEYLU,0.7091193409865558,487.79999999999995,73.16999999999999,30.60252435997259,0.41823868197311187,0
2277-VWCNI,0.6742065366709414,585.0,87.75,30.57324718575022,0.3484130733418828,0
1853-ARAAQ,0.6685417992968566,604.2,90.63000000000001,30.549886540548243,0.33708359859371334,0
5392-AKEMH,0.6878319375950529,540.5999999999999,81.08999999999999,30.462583639165658,0.3756638751901056,0
9833-TGFHX,0.5870462196104519,1165.1999999999998,174.77999999999997,30.427876527029554,0.17409243922090376,0
4847-QNOKA,0.6878009204068659,538.8,80.82,30.3561407745658,0.3756018408137318,0
5868-CZJDR,0.7688562687157465,376.20000000000005,56.43000000000001,30.343118487259147,0.5377125374314928,0
3143-ILDAL,0.5886318928000351,1133.4,170.01000000000002,30.136616189867937,0.1772637856000702,0
8734-DKSTZ,0.5970596450582415,1031.4,154.71,30.0321953739211,0.19411929011648307,0
0015-UOCOJ,0.673052249983804,578.4000000000001,86.76,30.02802641718968,0.34610449996760806,0
5261-QSHQM,0.8404461679441934,293.4,44.01,29.966071702447884,0.6808923358883864,0
9631-XEYKE,0.6648181815313013,604.8,90.71999999999998,29.90461085703933,0.3296363630626029,0
3509-GWQGF,0.6185642745092389,840.0,126.0,29.8781971763282,0.23712854901847777,0
6987-XQSJT,0.6039194409551695,954.0,143.1,29.74174400136951,0.207838881910339,0
7963-GQRMY,0.6864086597016901,531.5999999999999,79.73999999999998,29.728453049225536,0.37281731940338025,0
5968-VXZLG,0.6769111884767302,559.2,83.88000000000001,29.678620978856245,0.3538223769534602,0
9462-MJUAW,0.6634118614870516,604.8,90.71999999999998,29.649448148210638,0.3268237229741032,0
7760-OYPDY,0.6020496874488636,967.8000000000001,145.17000000000002,29.629106253903046,0.2040993748977271,0
8168-UQWWF,0.584008651809439,1174.1999999999998,176.12999999999997,29.59288768639297,0.16801730361887796,0
4109-CYRBD,0.6592704441316841,619.2,92.88000000000001,29.58607770190163,0.31854088826336807,0
8654-DHAOW,0.6515051527869536,649.8,97.46999999999998,29.534414484288746,0.30301030557390735,0
0463-ZSDNT,0.644256831441485,681.0,102.14999999999999,29.471670663495402,0.2885136628829702,0
0727-BMPLR,0.5816886538934609,1200.0,180.0,29.40791540164591,0.16337730778692172,0
7869-ZYDST,0.6381646937529019,708.5999999999999,106.28999999999998,29.371050597991868,0.2763293875058037,0
4522-AKYLR,0.6486804002204569,657.5999999999999,98.63999999999999,29.331669355491726,0.29736080044091373,0
6789-HJBWG,0.6647534114502722,592.8,88.91999999999999,29.29974669231642,0.32950682290054456,0
6304-IJFSQ,0.6630002471411249,598.8,89.82,29.281364396431684,0.3260004942822499,0
5438-QMDDL,0.635803986314584,717.5999999999999,107.63999999999999,29.235882173803617,0.2716079726291678,0
0867-LDTTC,0.6077761478775217,901.8000000000001,135.27,29.15775904678472,0.21555229575504337,0
7055-HNEOJ,0.6448628707095133,669.5999999999999,100.43999999999998,29.10005346812703,0.28972574141902663,0
9381-NDKME,0.6985485195407789,487.79999999999995,73.16999999999999,29.05559034959758,0.3970970390815578,0
5575-TPIZQ,0.5904530686347191,1069.8000000000002,160.47000000000003,29.030007847626763,0.18090613726943827,0
1226-UDFZR,0.6624299649899925,595.2,89.28,29.003494548613062,0.32485992997998503,0
7486-KSRVI,0.5805187218753873,1200.0,180.0,28.98673987513942,0.16103744375077456,0
5365-LLFYV,0.6753379527844173,550.2,82.53,28.941282486595924,0.35067590556883466,0
8329-UTMVM,0.5767272936848257,1255.8000000000002,188.37000000000003,28.9062406228212,0.1534545873696512,0
9348-YVOMK,0.6784985374224739,537.5999999999999,80.63999999999999,28.788244115496582,0.35699707484494775,0
3814-MLAXC,0.6000289148786613,958.1999999999999,143.73,28.75431187101998,0.2000578297573226,0
0295-QVKPB,0.6245281484004025,767.4000000000001,115.11000000000001,28.668870324740652,0.24905629680080488,0
9822-WMWVG,0.574658213808286,1278.0,191.7,28.623959174096825,0.14931642761657188,0
0612-RTZZA,0.8123678413234015,303.0,45.449999999999996,28.3942367762972,0.6247356826468031,0
7841-TZDMQ,0.6711767204194828,552.0,82.8,28.34686490146636,0.34235344083896574,0
0094-OIFMO,0.5828719978926129,1140.0,171.0,28.34222327927361,0.1657439957852258,0
4195-NZGTA,0.8117796684856912,303.0,45.449999999999996,28.340771865349332,0.6235593369713825,0
2455-USLMV,0.5927635776863246,1017.0,152.54999999999998,28.302167552097643,0.18552715537264927,0
9112-WSNPU,0.6110561000532521,846.5999999999999,126.98999999999998,28.206028291524973,0.22211220010650426,0
9227-LUNBG,0.8163002783317236,295.20000000000005,44.28000000000001,28.011552649057442,0.6326005566634471,0
2472-OVKUP,0.5854636364291197,1092.0,163.79999999999998,27.997887294179606,0.17092727285823936,0
3082-VQXNH,0.7607656203945803,357.6,53.64,27.974935755930574,0.5215312407891606,0
5057-LCOUI,0.6531011218546352,609.0,91.35,27.971574962841856,0.30620224370927046,0
4989-LIXVT,0.5808097514445475,1150.8000000000002,172.62000000000003,27.898758588715594,0.16161950288909505,0
5175-AOBHI,0.6684107062068504,552.0,82.8,27.88881294785442,0.3368214124137007,0
6235-VDHOM,0.7720313769432685,341.4,51.209999999999994,27.861453626529567,0.5440627538865372,0
7579-OOPEC,0.6540618427052161,601.8,90.27,27.814325081999698,0.308123685410432,0
1335-NTIUC,0.8094989063845914,299.4,44.91,27.799191771463995,0.6189978127691828,0
1496-GGSUK,0.8002522960489714,308.4,46.26,27.779342430450832,0.6005045920979428,0
0661-XEYAN,0.7988434975961451,309.6,46.440000000000005,27.756584056729956,0.5976869951922901,0
0311-QYWSS,0.6556729899650422,593.4000000000001,89.01,27.712905673576827,0.31134597993008456,0
9281-PKKZE,0.6750048114810688,527.4000000000001,79.11000000000001,27.689261272534708,0.35000962296213756,0
8229-TNIQA,0.6686960648585583,543.5999999999999,81.53999999999998,27.51095425713369,0.33739212971711674,0
4367-NHWMM,0.8057629095642136,298.79999999999995,44.81999999999999,27.40858721333609,0.611525819128427,0
3097-NNSPB,0.6552054830148697,588.5999999999999,88.28999999999998,27.406184190765686,0.3104109660297394,0
8263-JQAIK,0.8112344735341592,293.4,44.01,27.394858360476697,0.6224689470683186,0
4236-UJPWO,0.810208504607878,294.0,44.1,27.360390106414833,0.6204170092157558,0
6032-IGALN,0.8026214815765551,301.20000000000005,45.18000000000001,27.344877075257514,0.60524296315311,0
1635-FJFCC,0.6720316095122826,528.5999999999999,79.28999999999998,27.28077263645777,0.3440632190245652,0
0356-ERHVT,0.6647614784523284,550.8,82.61999999999999,27.22518669946274,0.32952295690465677,0
9780-FKVVF,0.627212162467256,709.8,106.46999999999998,27.08855787577751,0.2544243249345122,0
4067-HLYQI,0.6066579837801507,844.8000000000001,126.72,27.031399409241402,0.21331596756030147,0
7537-RBWEA,0.7984920875377319,301.79999999999995,45.26999999999999,27.025473605666242,0.5969841750754639,0
5482-PLVPE,0.8080836749988612,292.20000000000005,43.830000000000005,27.006614950400184,0.6161673499977226,0
1205-WNWPJ,0.6258890152033274,714.0,107.1,26.965427056552727,0.2517780304066548,0
6578-KRMAW,0.5800590470070786,1120.8000000000002,168.12000000000003,26.919053965660083,0.16011809401415703,0
6300-BWMJX,0.5800822080067192,1120.1999999999998,168.02999999999997,26.91242682273804,0.16016441601343834,0
6339-DKLMK,0.7361473156200079,379.79999999999995,56.96999999999999,26.906625141743696,0.4722946312400158,0
8286-AFUYI,0.6557244250349923,575.4000000000001,86.31000000000002,26.881150249540354,0.31144885006998435,0
8718-PTMEZ,0.7404609369901499,372.6,55.89,26.87872353675897,0.4809218739803,0
4625-EWPTF,0.7449704328598816,365.4,54.809999999999995,26.853658850100224,0.4899408657197633,0
5480-HPRRX,0.7948198713510133,303.6,45.54,26.85219388265029,0.5896397427020266,0
5027-XWQHA,0.6666700984427322,537.0,80.55,26.85055285912415,0.33334019688546435,0
9136-ALYBR,0.8040592419830773,293.4,44.01,26.763294479350456,0.6081184839661544,0
5046-NUHWD,0.6651429012869667,540.0,81.0,26.753150008488603,0.33028580257393336,0
4361-BKAXE,0.5648896443917055,1374.0,206.1,26.74751141826104,0.12977928878341116,0
2522-AHJXR,0.5677888098400062,1313.4,197.01000000000002,26.710146853159273,0.13557761968001253,0
4824-GUCBY,0.5905326685429254,980.4000000000001,147.06,26.62746847184522,0.1810653370858508,0
2592-SEIFQ,0.7986564950484368,297.0,44.55,26.610293708815718,0.5973129900968737,0
5325-UWTWJ,0.5813753993285119,1086.6,162.98999999999998,26.52675267310832,0.16275079865702388,0
6807-SIWJI,0.5702566687097305,1258.1999999999998,188.72999999999996,26.51908217117486,0.14051333741946095,0
5143-EGQFK,0.7477439819342774,355.79999999999995,53.36999999999999,26.444192631664762,0.49548796386855476,0
9708-HPXWZ,0.6616667409598388,544.8,81.71999999999998,26.42281214247606,0.32333348191967776,0
9743-DQKQW,0.7918477231874657,301.20000000000005,45.18000000000001,26.3713602672194,0.5836954463749313,0
0508-OOLTO,0.602187322584194,859.8000000000001,128.97,26.35819798736702,0.20437464516838816,0
1564-HJUVY,0.6148436895905334,765.0,114.75,26.3566267610274,0.22968737918106666,0
3707-LRWZD,0.5867307286091515,1008.5999999999999,151.29,26.242983862557082,0.17346145721830314,0
9638-JIQYA,0.7924329657226014,298.79999999999995,44.81999999999999,26.21369104737397,0.5848659314452025,0
7928-VJYAB,0.5801983970435323,1087.1999999999998,163.07999999999996,26.157509179718488,0.16039679408706461,0
0027-KWYKW,0.5862508464114945,1005.0,150.75,26.004630193065594,0.17250169282298902,0
5673-TIYIB,0.6787918009897864,484.79999999999995,72.71999999999998,26.00347953595454,0.35758360197957295,0
8158-WPEZG,0.7025007397741362,427.79999999999995,64.16999999999999,25.988944942612648,0.4050014795482726,0
8993-PHFWD,0.7855403418977783,303.0,45.449999999999996,25.955617078508048,0.5710806837955567,0
6439-GTPCA,0.58258624447032,1047.0,157.04999999999998,25.94033938812754,0.1651724889406402,0
3162-KKZXO,0.5718672629491024,1201.8000000000002,180.27,25.911022983669397,0.1437345258982049,0
2894-QOJRX,0.7111460966373648,408.0,61.199999999999996,25.844282228413455,0.42229219327472967,0
3351-NGXYI,0.6324816634856733,649.2,97.38000000000001,25.80212878046973,0.26496332697134656,0
0058-EVZWM,0.5797411585407314,1077.6,161.64,25.778721733047632,0.1594823170814627,0
5707-ORNDZ,0.6309885348728346,654.5999999999999,98.18999999999998,25.723528478327253,0.2619770697456692,0
4238-HFHSN,0.5869176836537913,985.8000000000001,147.87,25.70503576377223,0.17383536730758253,0
5167-GBFRE,0.7832866842825068,302.4,45.35999999999999,25.699767998109017,0.5665733685650137,0
1307-TVUFB,0.5898940540177513,952.1999999999999,142.82999999999998,25.679135470710833,0.1797881080355026,0
6288-LBEAR,0.5899781560126734,949.1999999999999,142.38,25.62217970616888,0.17995631202534682,0
2606-RMDHZ,0.7332747187408192,366.0,54.9,25.613564117741937,0.46654943748163824,0
3446-QDSZF,0.6281836142818401,666.0,99.89999999999999,25.611086133511648,0.25636722856368016,0
9688-YGXVR,0.5806736805852498,1057.8000000000002,158.67000000000002,25.600985796923197,0.16134736117049975,0
4724-WXVWF,0.5743963876451956,1144.8000000000002,171.72000000000003,25.550695372865988,0.14879277529039125,0
4320-QMLLA,0.6291360395512998,658.2,98.73,25.49920236979966,0.25827207910259964,0
3855-ONCAR,0.5896273081324408,946.8000000000001,142.02,25.457740601938468,0.17925461626488148,0
6923-EFPNL,0.6364520101033749,621.0,93.14999999999999,25.421009482258754,0.2729040202067499,0
6542-LWGXJ,0.7820377468956194,300.0,45.0,25.383397220605744,0.5640754937912388,0
2115-BFTIW,0.5993533133817351,851.4000000000001,127.71000000000001,25.376823303962794,0.1987066267634703,0
1422-DGUBX,0.5889049326969465,951.0,142.65,25.36457729843883,0.17780986539389296,0
2842-BCQGE,0.5934215543026976,904.1999999999999,135.63,25.341530820149757,0.18684310860539524,0
7459-RRWQZ,0.6087378922576435,775.8000000000001,116.37,25.307657044043964,0.21747578451528712,0
8677-HDZEE,0.5666381034222427,1265.4,189.81,25.297156821151816,0.13327620684448563,0
0623-IIHUG,0.6675327748261888,502.79999999999995,75.41999999999999,25.270643754782327,0.3350655496523778,0
7905-NJMXS,0.6093317931518429,770.4000000000001,115.56,25.268764033253944,0.2186635863036859,0
2378-HTWFW,0.5768258875409488,1092.0,163.79999999999998,25.168160758414842,0.1536517750818977,0
3001-UNBTL,0.5672144461819326,1247.4,187.11,25.152990050202817,0.13442889236386518,0
9761-XUJWD,0.6062977067063964,787.1999999999999,118.07999999999998,25.10326641578257,0.2125954134127928,0
8167-GJLRN,0.7290992632789247,364.79999999999995,54.71999999999999,25.072623373245513,0.4581985265578494,0
1871-MOWRM,0.5860328092607179,970.1999999999999,145.52999999999997,25.040709463424548,0.17206561852143581,0
7621-VPNET,0.5807006521227323,1030.8000000000002,154.62000000000003,24.955869662433713,0.16140130424546442,0
4430-UZIPO,0.6865129720927746,442.20000000000005,66.33,24.74281087782748,0.37302594418554924,0
7876-BEUTG,0.6405120065791765,585.5999999999999,87.83999999999999,24.68514931582972,0.28102401315835296,0
0322-YINQP,0.6411754714741722,582.5999999999999,87.38999999999999,24.674648904255804,0.2823509429483443,0
9732-KPKBW,0.6264034038804358,647.4000000000001,97.11000000000001,24.550069101658238,0.25280680776087155,0
6137-NICCO,0.5724914282444807,1128.6,169.29,24.544147775016256,0.14498285648896128,0
7850-VWJUU,0.5907940997557295,900.0,135.0,24.514406934046946,0.18158819951145885,0
7067-KSAZT,0.5638116877194809,1275.0,191.25,24.407970552701443,0.1276233754389618,0
6199-IWKGC,0.5676303005274791,1203.0,180.45,24.40777546036722,0.13526060105495827,0
5650-VDUDS,0.7787830160976191,291.0,43.65,24.33775730532215,0.5575660321952383,0
2988-GBIVW,0.57438788343504,1090.1999999999998,163.52999999999997,24.329301156264165,0.14877576687007993,0
9373-WSLOY,0.6349890419044661,600.0,90.0,24.298027542803908,0.2699780838089323,0
8242-JSVBO,0.6509128174127553,535.8,80.36999999999999,24.257726270926298,0.3018256348255108,0
7789-HKSBS,0.5640134724957504,1262.4,189.36,24.243182303590572,0.1280269449915007,0
4690-LLKUA,0.6492971306226824,540.5999999999999,81.08999999999999,24.21300864438662,0.2985942612453647,0
9667-EQRXU,0.6664559099904999,483.59999999999997,72.53999999999999,24.149423421421716,0.3329118199809997,0
0856-NAOES,0.6100058537774095,730.8,109.61999999999999,24.117683382159257,0.220011707554819,0
5154-VEKBL,0.6144618632274201,702.0,105.3,24.10566839569468,0.22892372645484027,0
8676-OOQEJ,0.7194693626021025,366.0,54.9,24.09773601371085,0.43893872520420496,0
1641-RQDAY,0.5661378455100192,1204.8000000000002,180.72000000000003,23.904862881141355,0.13227569102003847,0
2886-KEFUM,0.5616945607331332,1290.0,193.5,23.875795003722544,0.12338912146626638,0
7554-AKDQF,0.6452676406465853,547.8,82.16999999999999,23.873284063859828,0.29053528129317063,0
0643-OKLRP,0.5824189705128443,964.1999999999999,144.63,23.840511410545332,0.16483794102568852,0
6834-NXDCA,0.7770348984623929,286.79999999999995,43.01999999999999,23.836082663704282,0.5540697969247859,0
8623-ULFNQ,0.6000557328574049,792.5999999999999,118.88999999999999,23.791252158833714,0.20011146571480964,0
6538-POCHL,0.5836396345249852,948.0,142.2,23.78711205890579,0.16727926904997042,0
5590-YRFJT,0.7689698850794753,293.4,44.01,23.67472928469541,0.5379397701589504,0
2219-MVUSO,0.6449921067844301,541.8,81.27,23.567017036741262,0.2899842135688601,0
3426-NIYYL,0.6266576635054182,618.5999999999999,92.78999999999998,23.50512919333552,0.2533153270108366,0
1049-FYSYG,0.6830860113434585,427.79999999999995,64.16999999999999,23.49725869581947,0.3661720226869171,0
0326-VDYXE,0.5666560564950428,1171.8000000000002,175.77,23.432270100267374,0.13331211299008575,0
2267-WTPYD,0.5691971606443385,1128.0,169.2,23.416319162044147,0.13839432128867699,0
3956-CJUST,0.5860188289621394,904.8000000000001,135.72,23.348950933483138,0.17203765792427894,0
3009-JWMPU,0.566798601028332,1161.0,174.15,23.26595273816804,0.133597202056664,0
1703-MGIAB,0.5931506172483151,828.0,124.19999999999999,23.13861332448147,0.1863012344966302,0
7421-ZLUPA,0.7192996634927968,351.0,52.65,23.0922545657915,0.43859932698559356,0
2181-UAESM,0.6199850859147954,641.4000000000001,96.21000000000001,23.08753023172494,0.23997017182959088,0
3589-PPVKW,0.6443107802767936,532.8,79.91999999999999,23.06663511944268,0.2886215605535871,0
6317-YPKDH,0.7134891459159809,359.4,53.91,23.018399712661065,0.4269782918319619,0
3521-SYVOR,0.598699905156644,777.0,116.55,23.006947892013713,0.197399810313288,0
4146-SVFUD,0.6432888539894192,535.2,80.28,23.006458396541134,0.28657770797883825,0
9907-SWKKF,0.7535768607195524,300.6,45.09,22.86756129968923,0.5071537214391046,0
4905-JEFDW,0.6523828813117649,499.20000000000005,74.88000000000001,22.82086030524991,0.3047657626235297,0
4208-UFFGW,0.6405758523498806,539.4000000000001,80.91000000000001,22.747984427257677,0.28115170469976114,0
3439-GVUSX,0.7584887542462618,292.79999999999995,43.919999999999995,22.705652172991627,0.5169775084925234,0
6158-HDPXZ,0.748621742856075,304.20000000000005,45.63,22.689220253045413,0.49724348571215016,0
4950-BDEUX,0.6278901304125905,590.4000000000001,88.56000000000002,22.651899898678025,0.2557802608251809,0
2108-XWMPY,0.677483207424266,425.40000000000003,63.81,22.650406931484838,0.35496641484853214,0
6599-CEBNN,0.5849560008467536,887.4000000000001,133.11,22.616986545422748,0.1699120016935072,0
7312-XSBAT,0.6262571998425286,597.0,89.55,22.612664491796878,0.2525143996850573,0
7326-RIGQZ,0.5899251560924456,837.5999999999999,125.63999999999999,22.59639322290971,0.17985031218489106,0
0623-GDISB,0.6292417468488666,581.4000000000001,87.21000000000001,22.542345485379315,0.2584834936977332,0
2898-LSJGD,0.6115982756883079,671.4000000000001,100.71000000000001,22.47812468913898,0.22319655137661581,0
9895-VFOXH,0.7553187284843176,292.79999999999995,43.919999999999995,22.427197110062444,0.5106374569686349,0
6366-ZGQGL,0.7507173876387611,297.6,44.64,22.38404836838859,0.5014347752775222,0
0587-DMGBH,0.6246836906520976,598.2,89.73,22.375735124425432,0.24936738130419517,0
6088-BXMRG,0.5628586550149892,1186.1999999999998,177.92999999999998,22.36888097363402,0.1257173100299782,0
6982-SSHFK,0.6397620086345811,532.8,79.91999999999999,22.33955946015145,0.2795240172691623,0
5858-EAFCZ,0.6390993206966259,533.4000000000001,80.01,22.258673297874083,0.27819864139325184,0
6410-LEFEN,0.6366598204350884,541.8,81.27,22.21268721351926,0.2733196408701767,0
4223-WOZCM,0.6234418451749086,599.4000000000001,89.91000000000001,22.197312599352074,0.24688369034981728,0
0975-VOOVL,0.710851488214973,350.4,52.559999999999995,22.164708441157963,0.42170297642994603,0
0374-AACSZ,0.6219999108801376,601.8,90.27,22.025863910300046,0.24399982176027527,0
4976-LNFVV,0.6780463937517327,411.59999999999997,61.739999999999995,21.98516870046396,0.3560927875034655,0
5287-QWLKY,0.5579859427815062,1261.1999999999998,189.17999999999998,21.93956131081063,0.11597188556301213,0
8260-NGFNY,0.7413469331008875,302.4,45.35999999999999,21.894993770912514,0.48269386620177507,0
1895-QTKDO,0.6383269456020487,527.4000000000001,79.11000000000001,21.88608933315615,0.2766538912040974,0
2833-SLKDQ,0.6349382942760726,540.5999999999999,81.08999999999999,21.884292565693443,0.2698765885521451,0
2209-XADXF,0.7405555639767448,303.0,45.449999999999996,21.8665007654861,0.48111112795348965,0
9626-WEQRM,0.7080784486221771,349.79999999999995,52.46999999999999,21.835752398411252,0.416156897244354,0
9881-VCZEP,0.6119255762335252,649.2,97.38000000000001,21.79862522724136,0.22385115246705029,0
7758-XKCBS,0.7033422666183822,356.4,53.459999999999994,21.74135514683742,0.4066845332367644,0
3085-QUOZK,0.6373545738784022,527.4000000000001,79.11000000000001,21.7322406790408,0.2747091477568044,0
6641-XRPSU,0.586132747797809,840.0,126.0,21.705452445047854,0.17226549559561788,0
3522-CDKHF,0.5793306008107031,906.0,135.9,21.562057300349096,0.15866120162140615,0
8868-GAGIO,0.5707021677889822,1014.5999999999999,152.18999999999997,21.52032583161042,0.14140433557796456,0
5402-HTOTQ,0.6080690098880718,663.5999999999999,99.53999999999998,21.514378488517323,0.21613801977614355,0
8124-NZVGJ,0.6208243327312755,591.0,88.64999999999999,21.42215419325514,0.24164866546255095,0
6464-KEXXH,0.7351689717899854,303.0,45.449999999999996,21.376859535709677,0.47033794357997094,0
3349-ANQNH,0.5595669596111325,1194.0,179.1,21.336884932707648,0.11913391922226492,0
1777-JYQPJ,0.7434111739962034,291.6,43.74,21.29360950118788,0.4868223479924069,0
2672-OJQZP,0.6321609806685761,537.0,80.55,21.291133985707603,0.26432196133715213,0
3055-MJDSB,0.7395484137904281,295.20000000000005,44.28000000000001,21.214407525280315,0.47909682758085614,0
7147-AYBAA,0.5836713079476655,844.1999999999999,126.62999999999998,21.190595450825768,0.16734261589533106,0
4432-ADRLB,0.6318174378744966,535.8,80.36999999999999,21.188334963946588,0.2636348757489933,0
0415-MOSGF,0.6321446164655421,532.8,79.91999999999999,21.121995495852246,0.2642892329310842,0
5973-EJGDP,0.5668275103321849,1048.1999999999998,157.22999999999996,21.014578899058876,0.1336550206643699,0
4598-XLKNJ,0.5592269075957076,1182.0,177.29999999999998,21.00186143343791,0.11845381519141518,0
5778-BVOFB,0.5978172572560728,714.0,107.1,20.95245650425079,0.19563451451214559,0
3946-MHCZW,0.61433999172503,610.8,91.61999999999999,20.951660083694478,0.2286799834500598,0
4628-WQCQQ,0.5682903942206267,1021.8000000000001,153.27,20.933737444390886,0.13658078844125324,0
6537-OTKMY,0.6144186055165701,609.0,91.35,20.904279227877367,0.22883721103314034,0
4193-ORFCL,0.6284577274134439,541.2,81.18,20.856396622846745,0.2569154548268877,0
4007-NHVHI,0.5596305941530635,1162.1999999999998,174.32999999999996,20.790802957407124,0.11926118830612706,0
7252-NTGSS,0.6276924083281838,541.8,81.27,20.755124049662996,0.25538481665636764,0
3413-BMNZE,0.6272948021208654,543.0,81.45,20.736323265488963,0.25458960424173066,0
4720-VSTSI,0.5678248847650155,1017.5999999999999,152.64,20.705580821063904,0.13564976953003083,0
1261-FWTTE,0.6659327014761305,415.79999999999995,62.36999999999999,20.698445182132517,0.331865402952261,0
1794-HBQTJ,0.6182256907975135,583.2,87.48,20.684766861932985,0.23645138159502727,0
0080-OROZO,0.5578559091932749,1191.0,178.65,20.671916354757116,0.11571181838654976,0
7537-CBQUZ,0.5523844388349134,1312.8000000000002,196.92000000000002,20.631087390742294,0.1047688776698268,0
4191-XOVOM,0.5541626507641597,1264.8000000000002,189.72000000000003,20.551476205952753,0.10832530152831936,0
8910-LEDAG,0.5797810350305712,858.5999999999999,128.79,20.54999900317452,0.15956207006114234,0
8267-ZNYVZ,0.554973040030679,1245.0,186.75,20.532430451458623,0.10994608006135809,0
6284-KMNUF,0.5579562396586639,1176.0,176.4,20.44696135157662,0.11591247931732776,0
7754-IXRMC,0.6247611149026774,544.2,81.63000000000001,20.368499619011104,0.24952222980535466,0
7636-OWBPG,0.6926067787919494,352.20000000000005,52.830000000000005,20.350832247157378,0.38521355758389886,0
1596-BBVTG,0.5750232743367959,904.1999999999999,135.63,20.35081339659922,0.15004654867359155,0
3873-NFTGI,0.6017882953100341,666.0,99.89999999999999,20.337301402944817,0.20357659062006825,0
3018-TFTSU,0.5689921165376041,980.4000000000001,147.06,20.2919613160401,0.13798423307520807,0
6145-NNPNO,0.6270238161727849,529.8,79.46999999999998,20.189165342502434,0.2540476323455699,0
7054-LGEQW,0.6219028709607684,551.4000000000001,82.71000000000001,20.165172914330313,0.24380574192153684,0
6582-OIVSP,0.6235574817825936,543.5999999999999,81.53999999999998,20.14975412910536,0.24711496356518722,0
5816-SCGFC,0.6080265095716214,615.5999999999999,92.33999999999999,19.950335787687038,0.2160530191432428,0
9244-ZVAPM,0.6211106102147481,547.2,82.08,19.88151777285306,0.24222122042949634,0
1816-FLZDK,0.6885299528740909,349.79999999999995,52.46999999999999,19.7843332546071,0.3770599057481818,0
6817-WTYHE,0.6221991684752906,538.8,80.82,19.752273592345958,0.24439833695058102,0
6844-DZKRF,0.6091833690891794,602.4000000000001,90.36000000000001,19.731618461796486,0.2183667381783586,0
1763-WQFUK,0.6082096346661243,606.0,90.89999999999999,19.67251158230141,0.21641926933224875,0
1976-AZZPJ,0.6597589178936736,410.40000000000003,61.56,19.669517971069098,0.31951783578734727,0
1442-BQPVU,0.6869116917257461,349.79999999999995,52.46999999999999,19.614512929699792,0.3738233834514922,0
6576-FBXOJ,0.5993606472757762,655.2,98.28,19.530328828526578,0.1987212945515525,0
5947-SGKCL,0.5514001413640068,1264.1999999999998,189.62999999999997,19.494017613713226,0.10280028272801366,0
7766-CLTIC,0.5886513055341689,731.4000000000001,109.71000000000001,19.451869460307336,0.17730261106833775,0
4080-OGPJL,0.5759420014783727,853.8000000000001,128.07,19.451784258670415,0.15188400295674565,0
6818-WOBHJ,0.5602396281076321,1075.1999999999998,161.27999999999997,19.4308944423978,0.12047925621526416,0
6180-YBIQI,0.7221030194995071,291.6,43.74,19.429572145816877,0.44420603899901406,0
3644-QXEHN,0.5556026189745363,1164.0,174.6,19.41643454590809,0.11120523794907268,0
2625-TRCZQ,0.6083546771053765,595.8,89.36999999999999,19.367314985815,0.21670935421075307,0
6133-OZILE,0.6527641320386314,422.40000000000003,63.36,19.35827081193537,0.3055282640772628,0
7593-XFKDI,0.6160235361303691,555.5999999999999,83.33999999999999,19.338803002209914,0.23204707226073815,0
2049-BAFNW,0.6492801315664894,430.79999999999995,64.61999999999999,19.2929642036531,0.298560263132979,0
1848-LBZHY,0.6063822372242209,603.5999999999999,90.53999999999998,19.263695516561924,0.2127644744484419,0
8775-CEBBJ,0.6210123302747363,530.4000000000001,79.56000000000002,19.25548199331604,0.24202466054947253,0
6656-JWRQX,0.6745828417710474,366.6,54.99,19.2006209379798,0.34916568354209493,0
6888-SBYAI,0.6049478321192522,608.4000000000001,91.26,19.155078318405913,0.2098956642385044,0
5708-EVONK,0.5568922069310839,1120.8000000000002,168.12000000000003,19.129435658507646,0.11378441386216775,0
8901-HJXTF,0.681835680301637,350.4,52.559999999999995,19.114566713308072,0.3636713606032739,0
7398-LXGYX,0.562448234602073,1017.5999999999999,152.64,19.06419705932086,0.12489646920414611,0
8728-SKJLR,0.5710618014286779,891.0,133.65,18.994819521885603,0.14212360285735579,0
1501-SGHBW,0.6148627594383993,550.2,82.53,18.9592470729022,0.22972551887679876,0
8757-TFHHJ,0.60535433770726,597.5999999999999,89.63999999999999,18.887925664157578,0.2107086754145201,0
1215-VFYVK,0.6086440593799576,579.0,86.85,18.871473114298638,0.21728811875991524,0
3144-KMTWZ,0.5561882725498816,1119.0,167.85,18.862403094995216,0.11237654509976298,0
3580-REOAC,0.6165467466841026,538.2,80.73,18.817637719615206,0.2330934933682052,0
7285-KLOTR,0.5662331967433056,946.1999999999999,141.92999999999998,18.800955227554738,0.1324663934866113,0
2043-WVTQJ,0.5937562370664914,668.4000000000001,100.26,18.800000656572863,0.18751247413298286,0
2195-VVRJF,0.5883558267736712,709.2,106.38000000000001,18.798585704366275,0.17671165354734228,0
7410-KTVFV,0.6051816035076637,594.5999999999999,89.18999999999998,18.76229443369705,0.21036320701532743,0
3669-OYSJI,0.6124405614235204,554.4000000000001,83.16000000000001,18.701114175959916,0.22488112284704082,0
3808-HFKDE,0.6167307866417717,532.2,79.83,18.637237395225284,0.23346157328354358,0
3537-HPKQT,0.5664814625072784,933.0,139.95,18.608161355787217,0.13296292501455675,0
1862-SKORY,0.6313234679111528,471.59999999999997,70.74,18.579644240069896,0.2626469358223056,0
2806-MLNTI,0.5490227275217113,1261.1999999999998,189.17999999999998,18.54823918511468,0.09804545504342257,0
7966-YOTQW,0.5945370935536763,654.0,98.1,18.548177755231308,0.1890741871073528,0
6143-JQKEA,0.6123581351833413,549.5999999999999,82.43999999999998,18.525609329029308,0.22471627036668257,0
2826-DXLQO,0.6723322226392118,357.6,53.64,18.487800844734636,0.3446644452784235,0
7794-JASDG,0.6009853146227435,609.0,91.35,18.450016981575246,0.20197062924548712,0
2770-NSVDG,0.67609251174966,349.20000000000005,52.38,18.447451530894377,0.3521850234993199,0
3058-WQDRE,0.7037325561193608,301.79999999999995,45.26999999999999,18.445945631046932,0.40746511223872184,0
2858-EIMXH,0.5534181594037141,1150.1999999999998,172.52999999999997,18.432470083845573,0.10683631880742814,0
5493-SDRDQ,0.5928815205402511,661.2,99.18,18.423978414364214,0.18576304108050223,0
0618-XWMSS,0.568231253284284,898.8000000000001,134.82,18.39787513557434,0.136462506568568,0
9526-BIHHD,0.6718623252196009,356.4,53.459999999999994,18.375519812479723,0.34372465043920175,0
9873-MNDKV,0.614300206024398,535.8,80.36999999999999,18.372615116361743,0.22860041204879614,0
7346-MEDWM,0.560820583304441,999.0,149.85,18.227928816340977,0.12164116660888206,0
7103-IPXPJ,0.5507226872095441,1192.8000000000002,178.92000000000002,18.150606391063263,0.1014453744190882,0
5527-ACHSO,0.5712415718837673,846.0,126.89999999999999,18.08111094410016,0.14248314376753476,0
9489-UTFKA,0.5822801564584916,730.8,109.61999999999999,18.039101501959706,0.16456031291698328,0
4061-UKJWL,0.6101437121591137,545.4000000000001,81.81000000000002,18.021714183474174,0.22028742431822723,0
2842-JTCCU,0.6084897987713094,552.5999999999999,82.88999999999999,17.985438840307665,0.21697959754261875,0
9767-FFLEM,0.5718561414915525,834.0,125.1,17.978406601186435,0.143712282983105,0
5999-LCXAO,0.6669341219930818,358.79999999999995,53.81999999999999,17.968788891335322,0.3338682439861636,0
5628-RKIFK,0.5490813708334565,1218.6,182.79,17.943167549295026,0.098162741666913,0
1142-WACZW,0.6668294787621024,358.20000000000005,53.730000000000004,17.927495787775527,0.3336589575242048,0
1582-RAFML,0.5827872009574031,721.2,108.18,17.911838799143737,0.1655744019148062,0
8660-BUETV,0.6111238467101112,537.0,80.55,17.90205170499891,0.22224769342022235,0
2924-KHUVI,0.5493039168373206,1206.6,180.98999999999998,17.847031816773296,0.09860783367464113,0
9614-RMGHA,0.553767353907553,1102.1999999999998,165.32999999999996,17.77871324307148,0.10753470781510606,0
8450-UYIBU,0.6237207133458327,478.20000000000005,71.73,17.74897353659317,0.24744142669166552,0
4026-SKKHW,0.5975742534861354,603.0,90.45,17.651182455641873,0.19514850697227057,0
5948-UJZLF,0.5992269193329887,591.0,88.64999999999999,17.592932797738897,0.1984538386659774,0
6954-OOYZZ,0.6100384721985299,532.2,79.83,17.56874247121729,0.2200769443970599,0
3164-AALRN,0.5696410075504992,840.0,126.0,17.549533902725784,0.13928201510099827,0
8069-YQQAJ,0.6562908236427334,373.20000000000005,55.980000000000004,17.49832061504044,0.31258164728546695,0
0420-BWTPW,0.6902664994330481,306.0,45.9,17.466464647953813,0.38053299886609615,0
3301-LSLWQ,0.5722166529271557,793.1999999999999,118.97999999999999,17.184674730545964,0.14443330585431136,0
3424-NMNBO,0.5435231915060581,1306.1999999999998,195.92999999999998,17.054997823563895,0.08704638301211605,0
7878-JGDKK,0.6061850304725342,534.5999999999999,80.18999999999998,17.02995518718504,0.2123700609450685,0
3594-KADLU,0.6341074626284349,421.20000000000005,63.18000000000001,16.945818977729033,0.26821492525686974,0
6257-RJOHI,0.5923920826293653,609.5999999999999,91.43999999999998,16.896664071258314,0.1847841652587305,0
2834-SPCJV,0.5557668109772752,1009.1999999999999,151.38,16.883959691479816,0.11153362195455024,0
5016-ETTFF,0.6589494774102981,354.0,53.1,16.880434500973642,0.3178989548205959,0
1329-VHWNP,0.687129959974657,300.6,45.09,16.875379790514565,0.3742599199493139,0
8229-MYEJZ,0.5913176430203071,614.4000000000001,92.16000000000001,16.831667961503015,0.1826352860406143,0
8118-TJAFG,0.5459534631111291,1218.0,182.7,16.791395420806595,0.09190692622225832,0
6839-ITVZJ,0.5771720769412919,720.5999999999999,108.08999999999999,16.68305959316848,0.1543441538825838,0
4307-KWMXE,0.6295047943034255,429.0,64.35,16.667267026850865,0.2590095886068511,0
4010-YLMVT,0.5432061737144283,1279.1999999999998,191.87999999999997,16.580801224649008,0.08641234742885663,0
4439-YRNVD,0.6266929153319102,435.0,65.25,16.533425450814278,0.25338583066382037,0
3452-SRFEG,0.5613253626982789,895.1999999999999,134.27999999999997,16.469539406249794,0.12265072539655791,0
0575-CUQOV,0.5465145027559194,1175.4,176.31,16.401943961792313,0.09302900551183887,0
1996-DBMUS,0.5641988356513364,847.8000000000001,127.17,16.32833185956092,0.12839767130267293,0
8740-XLHDR,0.604808171141235,519.0,77.85,16.3186322466903,0.20961634228247014,0
7133-VBDCG,0.5563403329175757,958.1999999999999,143.73,16.195592100486294,0.1126806658351513,0
3668-QPYBK,0.5834957769453027,646.2,96.93,16.18649131861639,0.1669915538906055,0
4957-TREIR,0.5697457985441952,772.8000000000001,115.92,16.169865934486225,0.13949159708839048,0
0929-HYQEW,0.5892572332265371,601.8,90.27,16.114500886719014,0.17851446645307428,0
6645-MXQJT,0.5458527842643254,1165.1999999999998,174.77999999999997,16.028299267437575,0.09170556852865075,0
4482-FTFFX,0.5792664596223857,673.8,101.07,16.02292214806903,0.15853291924477125,0
1784-EZDKJ,0.5416405002949644,1281.6,192.23999999999998,16.00993955340789,0.08328100058992868,0
2011-TRQYE,0.6327411993591991,402.0,60.3,16.008588642719417,0.2654823987183983,0
3043-TYBNO,0.5729523315755765,727.8,109.16999999999999,15.928412076211359,0.14590466315115289,0
8705-DWKTI,0.552716085440834,1005.5999999999999,150.83999999999997,15.903388655790792,0.10543217088166795,0
8679-JOEVF,0.5741205846134336,712.8,106.91999999999999,15.849945813736639,0.1482411692268672,0
2826-UWHIS,0.5540304756121783,976.8000000000001,146.52,15.833090573392752,0.10806095122435676,0
6692-UDPJC,0.5479099861579466,1099.8000000000002,164.97000000000003,15.807420832952914,0.09581997231589326,0
8755-IWJHN,0.546030318873002,1144.1999999999998,171.62999999999997,15.800367256346675,0.09206063774600406,0
5371-VYLSX,0.5525754050731699,1000.8000000000001,150.12,15.785239619168522,0.10515081014633973,0
1803-BGNBD,0.5807095280142038,651.5999999999999,97.73999999999998,15.77709853621657,0.16141905602840775,0
3657-COGMW,0.5405116452672267,1297.1999999999998,194.57999999999996,15.76551187219394,0.08102329053445341,0
0742-MOABM,0.587433222844317,600.5999999999999,90.08999999999999,15.75371809208903,0.17486644568863394,0
0100-DUVFC,0.5417548143331324,1257.6,188.64,15.753256351604193,0.08350962866626481,0
6905-NIQIN,0.5860909701675104,607.8,91.16999999999999,15.697827500343863,0.172181940335021,0
2293-IJWPS,0.5431601682786081,1209.0,181.35,15.654193034651172,0.08632033655721628,0
5076-YVXCM,0.5519102026467103,1000.8000000000001,150.12,15.585519242648303,0.10382040529342061,0
1600-DILPE,0.5956718552331962,540.0,81.0,15.498840547777789,0.19134371046639245,0
9572-MTILT,0.5401627772399088,1281.0,192.15,15.434555293296938,0.08032555447981753,0
8805-JNRAZ,0.5871039227309179,590.4000000000001,88.56000000000002,15.427846794100176,0.17420784546183574,0
1335-HQMKX,0.5422548611264073,1216.1999999999998,182.42999999999998,15.417108630580941,0.08450972225281446,0
2712-SYWAY,0.6662386746588869,308.4,46.26,15.380402179440203,0.33247734931777356,0
1656-DRSMG,0.5386701289426867,1318.1999999999998,197.72999999999996,15.292489191674889,0.07734025788537345,0
8399-YNDCH,0.5704702522954989,720.5999999999999,108.08999999999999,15.234259141240926,0.14094050459099758,0
5649-TJHOV,0.6157945458234625,438.0,65.7,15.21540332120297,0.23158909164692495,0
7892-POOKP,0.5399643260523332,1257.6,188.64,15.077740933024273,0.07992865210466643,0
7950-XWOVN,0.6205150909756612,416.40000000000003,62.46,15.054745164679595,0.24103018195132236,0
7054-ENNGU,0.5821862324742881,610.2,91.53,15.04501171674319,0.1643724649485763,0
4338-EYCER,0.5764664668627157,655.2,98.28,15.030248726535405,0.15293293372543146,0
5600-PDUJF,0.584258079966431,594.0,89.1,15.014789850018005,0.168516159932862,0
7075-BNDVQ,0.618815684525621,420.0,63.0,14.97077625022824,0.2376313690512419,0
1541-ETJZO,0.566793930517859,744.5999999999999,111.68999999999998,14.920428199079325,0.13358786103571785,0
2674-MLXMN,0.5413473608367936,1195.8000000000002,179.37000000000003,14.832952226591317,0.08269472167358707,0
6029-CSMJE,0.6597316119614631,307.79999999999995,46.169999999999995,14.7496170485215,0.3194632239229262,0
7693-QPEFS,0.5561428358962492,875.4000000000001,131.31,14.744231563072987,0.11228567179249856,0
5208-HFSBT,0.5738604968204625,660.5999999999999,99.08999999999999,14.63767325987925,0.14772099364092495,0
3859-CVCET,0.5884220463338072,547.8,82.16999999999999,14.531279094497876,0.17684409266761444,0
3656-TKRVZ,0.5728354161501962,664.2,99.63000000000001,14.51318502208808,0.14567083230039224,0
6599-GZWCM,0.553919532886566,895.8000000000001,134.37,14.490335267935762,0.10783906577313211,0
2817-NTQDO,0.5879678518669501,546.5999999999999,81.98999999999998,14.424968349142489,0.17593570373390038,0
3258-SANFR,0.5894371790817842,536.4000000000001,80.46000000000001,14.392230857840715,0.17887435816356842,0
6815-ABQFQ,0.5371969903910195,1287.0,193.04999999999998,14.36175798997266,0.07439398078203917,0
5939-XAIXZ,0.5709922591364591,673.2,100.98,14.337596655199292,0.1419845182729183,0
1258-YMZNM,0.5360197679533554,1326.0,198.9,14.328663691844753,0.07203953590671067,0
2957-LOLHO,0.5876453448950101,544.8,81.71999999999998,14.32475516964044,0.1752906897900201,0
7716-YTYHG,0.5482529777301123,984.5999999999999,147.68999999999997,14.252964561920578,0.09650595546022467,0
1215-FIGMP,0.5439690059507832,1078.8000000000002,161.82000000000002,14.230129085911472,0.08793801190156637,0
4791-QRGMF,0.5396071621517359,1194.0,179.1,14.187285482751776,0.07921432430347167,0
4646-QZXTF,0.5483760847387809,975.0,146.25,14.150004786093405,0.09675216947756174,0
1958-RNRKS,0.5785391676962751,598.8,89.82,14.108776084958848,0.1570783353925501,0
1596-OQSPS,0.57624582259155,613.2,91.98,14.026181523941545,0.15249164518310007,0
6202-DYYFX,0.5511134440676748,912.0,136.79999999999998,13.984638296915847,0.10222688813534977,0
2382-BCKQJ,0.538770795823435,1201.8000000000002,180.27,13.978422726181265,0.07754159164687005,0
1456-TWCGB,0.5787788648896329,591.0,88.64999999999999,13.967492744931931,0.15755772977926602,0
3016-KSVCP,0.6145471611236418,405.0,60.75,13.91748007652248,0.22909432224728363,0
8791-GFXLZ,0.5784314215296588,588.5999999999999,88.28999999999998,13.84942041370715,0.15686284305931764,0
4452-QIIEB,0.5871194841573014,526.8,79.02,13.768363276219915,0.17423896831460284,0
2433-KMEAS,0.5702112835301343,653.4000000000001,98.01,13.762815797576934,0.14042256706026868,0
7343-EOBEU,0.6602792201583133,283.20000000000005,42.480000000000004,13.6173225446503,0.3205584403166266,0
2911-UREFD,0.5675434532466038,670.8,100.61999999999999,13.592444531346558,0.1350869064932077,0
0481-SUMCB,0.5367097281577821,1225.8000000000002,183.87000000000003,13.499635432742764,0.07341945631556404,0
1353-LJWEM,0.561038551509473,730.8,109.61999999999999,13.382092032936868,0.12207710301894607,0
0668-OGMHD,0.6304214533146341,342.0,51.3,13.381241110081461,0.2608429066292683,0
6439-LAJXL,0.5534148337804642,827.4000000000001,124.11000000000001,13.258630040986816,0.10682966756092832,0
3566-VVORZ,0.580150268188986,550.8,82.61999999999999,13.244030315548045,0.160300536377972,0
6874-SGLHU,0.5379080543309885,1164.0,174.6,13.2374925723812,0.07581610866197709,0
8679-LZBMD,0.5404944105825197,1087.8000000000002,163.17000000000002,13.21494594949948,0.0809888211650394,0
1370-GGAWX,0.538797813502565,1129.8000000000002,169.47000000000003,13.150130908559362,0.07759562700512987,0
5443-SCMKX,0.5385220524418708,1131.6,169.73999999999998,13.077466362966277,0.07704410488374147,0
3132-TVFDZ,0.5808046476547232,538.2,80.73,13.046718410331607,0.16160929530944637,0
5828-DWPIL,0.5406505675804015,1069.1999999999998,160.37999999999997,13.039076057089574,0.08130113516080295,0
7426-GSWPO,0.5349918011309724,1242.0,186.29999999999998,13.03794510140034,0.06998360226194493,0
7009-LGECI,0.5715728913883142,606.5999999999999,90.98999999999998,13.024834774845417,0.1431457827766284,0
1379-FRVEB,0.5392580117774951,1092.0,163.79999999999998,12.860924658307397,0.07851602355499022,0
1285-OKIPP,0.5443556982625274,958.8000000000001,143.82,12.758473048233412,0.08871139652505503,0
7248-VZQLC,0.5415355477758609,1022.4000000000001,153.36,12.739783213812046,0.08307109555172174,0
9327-QSDED,0.5809302650591381,522.5999999999999,78.38999999999999,12.688246955971678,0.1618605301182763,0
1559-DTODC,0.6394326046042196,301.79999999999995,45.26999999999999,12.624228020866035,0.2788652092084391,0
4081-DYXAV,0.5770897941226641,538.2,80.73,12.446918159045353,0.1541795882453283,0
9163-GHAYE,0.5707169606657202,586.2,87.93,12.43628470267356,0.14143392133144045,0
1213-NGCUN,0.5695747751161123,595.8,89.36999999999999,12.435795304253915,0.13914955023222464,0
6770-XUAGN,0.6643967445345496,252.0,37.8,12.428393886811946,0.3287934890690991,0
5780-INQIK,0.5689978521997001,592.8,88.91999999999999,12.270578035194674,0.13799570439940032,0
6624-JDRDS,0.6147247173472717,353.4,53.01,12.163114533157746,0.2294494346945434,0
2003-CKLOR,0.533698757617466,1194.0,179.1,12.070894978576291,0.06739751523493183,0
8388-FYNPZ,0.5590519295056796,681.0,102.14999999999999,12.06430919801035,0.11810385901135928,0
5133-VRSAB,0.6133870350382186,352.20000000000005,52.830000000000005,11.980474122138183,0.2267740700764373,0
6896-SRVYQ,0.5447316985393788,886.1999999999999,132.92999999999998,11.89236937367923,0.08946339707875749,0
2153-MREFK,0.5332539077873767,1190.4,178.56,11.875635549027976,0.06650781557475345,0
5035-PGZXH,0.5307531765574769,1281.6,192.23999999999998,11.823981322818724,0.06150635311495384,0
0550-DCXLH,0.5445370669252033,880.1999999999999,132.02999999999997,11.760457892269187,0.08907413385040665,0
8455-HIRAQ,0.5730842122177993,533.4000000000001,80.01,11.69493563909225,0.14616842443559866,0
2778-OCLGR,0.5827574650827695,469.20000000000005,70.38000000000001,11.648940785050627,0.16551493016553886,0
5485-WUYWF,0.5485700434358272,796.8000000000001,119.52000000000001,11.61018318290013,0.09714008687165436,0
2446-ZKVAF,0.5567274923395579,681.5999999999999,102.23999999999998,11.599637633592792,0.11345498467911574,0
9233-PSYHO,0.5319000804742113,1201.8000000000002,180.27,11.501255014172187,0.06380016094842285,0
1575-KRZZE,0.5574571762971436,662.4000000000001,99.36000000000001,11.41789007376839,0.11491435259428733,0
9396-ZSFLL,0.5647881692861826,586.2,87.93,11.393647450668055,0.129576338572365,0
1091-SOZGA,0.5313964003572123,1197.6,179.64,11.280098720339197,0.06279280071442439,0
2920-RNCEZ,0.5446859632714454,839.4000000000001,125.91000000000001,11.252819271015355,0.08937192654289058,0
6849-OYAMU,0.5311209180503792,1200.0,180.0,11.203530498136502,0.06224183610075834,0
0191-ZHSKZ,0.5413594201138393,897.0,134.54999999999998,11.129819952634193,0.08271884022767889,0
1217-VASWC,0.5306416746035308,1206.6,180.98999999999998,11.091673372986094,0.06128334920706169,0
0390-DCFDQ,0.543493363832231,845.4000000000001,126.81,11.030786935130436,0.08698672766446208,0
2824-MYYBN,0.5321122102721502,1143.0,171.45,11.011276902320276,0.06422442054430025,0
7799-DSEWS,0.5446925837768228,820.1999999999999,123.02999999999999,10.997057164125025,0.08938516755364566,0
5309-TAIKL,0.5484084816023556,753.5999999999999,113.03999999999998,10.944189520660544,0.09681696320471113,0
3683-QKIUE,0.5591293968459399,609.5999999999999,91.43999999999998,10.81358409518549,0.11825879369187983,0
6854-EXGSF,0.5458432788765702,786.0,117.89999999999999,10.809845159095246,0.09168655775314034,0
5136-GFPMB,0.5335707575538721,1072.8000000000002,160.92000000000002,10.80441261113819,0.06714151510774415,0
5149-TGWDZ,0.5284797335062483,1254.6,188.18999999999997,10.719202097081734,0.0569594670124966,0
4450-YOOHP,0.5582578697325538,607.8,91.16999999999999,10.622739967033851,0.11651573946510753,0
3030-YZADT,0.5654498481776192,539.4000000000001,80.91000000000001,10.591094432102352,0.13089969635523854,0
8263-OKETD,0.5426523518988104,826.8000000000001,124.02000000000001,10.57948936498093,0.08530470379762077,0
9069-LGEUL,0.5484996981180653,719.4000000000001,107.91000000000001,10.467204847840847,0.09699939623613053,0
6897-UUBNU,0.5324310558451687,1075.8000000000002,161.37000000000003,10.466798963469728,0.06486211169033727,0
2623-DRYAM,0.5284635714750296,1221.0,183.15,10.426206231303354,0.05692714295005926,0
6549-NNDYT,0.5938524060045136,370.20000000000005,55.53000000000001,10.423248210861281,0.1877048120090272,0
2478-EEWWM,0.5648922787307203,531.5999999999999,79.73999999999998,10.349020611975291,0.12978455746144085,0
2607-FBDFF,0.5582509439764932,588.0,88.2,10.275466517453395,0.11650188795298634,0
2273-QCKXA,0.5581560739352909,588.5999999999999,88.28999999999998,10.26919953549367,0.11631214787058186,0
0929-PECLO,0.5317243528552869,1075.1999999999998,161.27999999999997,10.233007257001333,0.06344870571057375,0
7730-IUTDZ,0.5376879390636026,902.4000000000001,135.36,10.20287886329848,0.07537587812720507,0
8065-BVEPF,0.5283628824156494,1189.1999999999998,178.37999999999997,10.118741930607086,0.05672576483129885,0
2810-FTLEM,0.5552922607414433,601.8,90.27,9.982464754260178,0.11058452148288665,0
9237-HQITU,0.5391789550914732,848.4000000000001,127.26,9.971827649881774,0.07835791018294652,0
3113-IWHLC,0.5493877033836766,669.5999999999999,100.43999999999998,9.921001855712944,0.09877540676735311,0
8967-SZQAS,0.5546053851848213,605.4000000000001,90.81000000000002,9.917430057267225,0.10921077036964237,0
7596-LDUXP,0.5322148107342909,1021.8000000000001,153.27,9.87512808248951,0.06442962146858165,0
1122-JWTJW,0.5388025590831901,847.8000000000001,127.17,9.869042877218575,0.07760511816638024,0
8735-IJJEG,0.554158525956059,602.4000000000001,90.36000000000001,9.78752881077898,0.10831705191211796,0
4282-ACRXS,0.6092116198634177,298.20000000000005,44.730000000000004,9.770071512981346,0.21842323972683536,0
2305-MRGLV,0.5351902190206443,918.5999999999999,137.79,9.697720557709147,0.07038043804128853,0
1432-FPAXX,0.5877982947219544,367.20000000000005,55.080000000000005,9.671860146570502,0.17559658944390888,0
5311-IHLEI,0.5526222299298787,611.4000000000001,91.71000000000001,9.651969413738371,0.10524445985975761,0
5423-BHIXO,0.5477057074284264,650.4000000000001,97.56000000000002,9.308337633434562,0.09541141485685281,0
3307-TLCUD,0.5721154973767334,412.79999999999995,61.91999999999999,8.930783195134666,0.14423099475346685,0
3511-APPBJ,0.5248192289841485,1199.4,179.91,8.930454973076309,0.049638457968296974,0
2108-YKQTY,0.5488468890954065,608.4000000000001,91.26,8.915534197693589,0.09769377819081293,0
2207-OBZNX,0.5483792521181099,612.0,91.8,8.882430688884966,0.09675850423621968,0
0112-QAWRZ,0.5271337008507233,1089.6,163.43999999999997,8.869464134084438,0.05426740170144665,0
3606-SBKRY,0.5487092939117599,600.5999999999999,90.08999999999999,8.776440577020907,0.09741858782351989,0
4488-KQFDT,0.5232019187510376,1247.4,187.11,8.682622035013281,0.04640383750207515,0
9174-FKWZE,0.6228741576117061,233.39999999999998,35.01,8.603648515971656,0.24574831522341206,0
9103-TCIHJ,0.5427909548954118,668.4000000000001,100.26,8.580442275627988,0.08558190979082374,0
2565-JSLRY,0.5981905576874093,288.6,43.29,8.501338484575896,0.1963811153748186,0
3179-GBRWV,0.5363280710146273,779.4000000000001,116.91000000000001,8.494229564640165,0.07265614202925468,0
0107-WESLM,0.6184566085663805,238.20000000000002,35.730000000000004,8.464909248153553,0.23691321713276106,0
5542-DHSXL,0.5428113921153415,656.4000000000001,98.46000000000001,8.43041933535305,0.08562278423068302,0
2740-JFBOK,0.5975314930255664,288.0,43.199999999999996,8.426720997408943,0.19506298605113295,0
3815-SLMEF,0.5679242339921379,411.0,61.65,8.375058051230589,0.13584846798427558,0
7594-LZNWR,0.5335661350404312,829.8000000000001,124.47,8.355953656964942,0.0671322700808624,0
3982-XWFZQ,0.5460817119638225,603.0,90.45,8.336181694255473,0.0921634239276448,0
2087-QAREY,0.5423304151472533,656.4000000000001,98.46000000000001,8.335705350797127,0.08466083029450668,0
5136-RGMZO,0.5325374404881887,852.5999999999999,127.88999999999999,8.322426528068917,0.0650748809763775,0
8023-QHAIO,0.5299148379137724,922.1999999999999,138.32999999999998,8.276239057224274,0.059829675827544816,0
0406-BPDVR,0.522618196691671,1218.0,182.7,8.264689071136587,0.045236393383342025,0
6360-SVNWV,0.5308445608914808,882.5999999999999,132.39,8.167022832846271,0.061689121782961494,0
0823-HSCDJ,0.5458156343548295,589.8,88.46999999999998,8.10661834274353,0.091631268709659,0
8706-HRADD,0.5514965409014502,522.5999999999999,78.38999999999999,8.073627682529349,0.10299308180290025,0
3845-FXCYS,0.6137234809330643,235.79999999999998,35.37,8.044799041204968,0.2274469618661286,0
0899-WZRSD,0.521210797662816,1264.1999999999998,189.62999999999997,8.04440712159959,0.04242159532563198,0
2460-FPSYH,0.5400453256497783,669.5999999999999,100.43999999999998,8.04430501652746,0.08009065129955656,0
2480-EJWYP,0.5228166832631177,1173.6,176.04,8.033297843278461,0.0456333665262353,0
9779-DPNEJ,0.5274754583818443,961.8000000000001,144.27,7.927768761497333,0.05495091676368845,0
4987-GQWPO,0.585667104862051,301.20000000000005,45.18000000000001,7.740879595334931,0.17133420972410204,0
5686-CMAWK,0.52472258138449,1041.0,156.15,7.720862166376207,0.049445162768979874,0
9795-VOWON,0.5879869593918293,292.20000000000005,43.830000000000005,7.712936860287755,0.17597391878365853,0
7319-VENRZ,0.5328916474992703,771.5999999999999,115.73999999999998,7.613758563131086,0.06578329499854058,0
9693-XMUOB,0.541579397085353,603.0,90.45,7.521712932740343,0.08315879417070583,0
8896-BQTTI,0.5834784278471665,300.0,45.0,7.513058506244988,0.16695685569433308,0
3874-EQOEP,0.5214999042031825,1140.0,171.0,7.3529672374884285,0.04299980840636508,0
6047-YHPVI,0.5289430187230754,836.4000000000001,125.46000000000001,7.262382257994091,0.05788603744615089,0
2460-NGXBJ,0.5267356260259566,902.4000000000001,135.36,7.237868677746974,0.05347125205191322,0
1024-KPRBB,0.5225634717509928,1069.1999999999998,160.37999999999997,7.237459198848455,0.045126943501985636,0
6713-OKOMC,0.5675250833402204,357.0,53.55,7.231936425737608,0.13505016668044087,0
4819-HJPIW,0.5796538582839363,301.79999999999995,45.26999999999999,7.211860329027594,0.15930771656787268,0
8095-WANWK,0.5441636985997822,543.0,81.45,7.194266501904522,0.08832739719956442,0
3604-WLABM,0.5365818437893296,651.0,97.64999999999999,7.144434092056073,0.07316368757865924,0
2792-VPPET,0.5963771821659802,246.0,36.9,7.112636043849342,0.1927543643319605,0
4672-FOTSD,0.5292934191689002,807.0,121.05,7.091936780790732,0.05858683833780035,0
8120-JDCAM,0.5282484818407512,834.5999999999999,125.18999999999998,7.072854883287292,0.056496963681502456,0
3620-MWJNE,0.5359648693795099,653.4000000000001,98.01,7.049833695771554,0.07192973875902003,0
5934-RMPOV,0.5227713060295884,1017.0,152.54999999999998,6.947525469627465,0.04554261205917709,0
2408-TZMJL,0.517355122536069,1321.8000000000002,198.27,6.882000290452794,0.03471024507213796,0
5334-JLAXU,0.5200604997312335,1129.1999999999998,169.37999999999997,6.795694888952653,0.040120999462466965,0
5201-FRKKS,0.5253400131987551,891.5999999999999,133.73999999999998,6.777946730403016,0.05068002639751022,0
3195-TQDZX,0.5928239184606373,243.0,36.449999999999996,6.766863655780462,0.1856478369212747,0
4396-KLSEH,0.5938437573352721,238.20000000000002,35.730000000000004,6.706074899178539,0.18768751467054404,0
6313-GIDIT,0.5341296166184029,653.4000000000001,98.01,6.690087449539334,0.06825923323680577,0
8885-QSQBX,0.5373159781440026,594.5999999999999,89.18999999999998,6.656424181327168,0.07463195628800504,0
6982-UQZLY,0.5882756278059474,250.20000000000002,37.53,6.625968623114417,0.17655125561189494,0
0512-FLFDW,0.5181539011656721,1206.0,180.9,6.568081441740162,0.03630780233134418,0
3714-JTVOV,0.5245282124152164,889.8000000000001,133.47,6.547561022117861,0.049056424830432765,0
4130-MZLCC,0.5357796173852486,606.5999999999999,90.98999999999998,6.511174771767543,0.07155923477049725,0
2480-JZOSN,0.5872971846001914,247.79999999999998,37.169999999999995,6.489672703178229,0.17459436920038285,0
6351-SCJKT,0.5435188960267526,496.20000000000005,74.43,6.478222862542395,0.08703779205350523,0
4692-NNQRU,0.5226506685927557,950.4000000000001,142.56,6.458158629166519,0.0453013371855115,0
0843-WTBXE,0.5209120243695098,1025.4,153.81,6.432956936548607,0.04182404873901961,0
9408-SSNVZ,0.5254092453963016,841.8000000000001,126.27000000000001,6.416850832382011,0.050818490792603234,0
5651-CPDND,0.5387260523078619,552.0,82.8,6.413034262181924,0.07745210461572372,0
2692-PFYTJ,0.5689083060007483,309.0,46.35,6.3877999662693625,0.1378166120014965,0
8627-ZYGSZ,0.5224354994800636,946.8000000000001,142.02,6.372579272317267,0.044870998960127216,0
0228-MAUWC,0.5297208632622025,714.5999999999999,107.18999999999998,6.3715586661509604,0.0594417265244049,0
3629-WEAAM,0.5272494212339572,769.1999999999999,115.37999999999998,6.288076443947986,0.05449884246791461,0
2320-SLKMB,0.5392718235820113,533.4000000000001,80.01,6.284277209593455,0.07854364716402268,0
3419-SNJJD,0.5164480002223966,1263.0,189.45,6.232147284266063,0.032896000444793155,0
6270-OMFIW,0.5182999604171848,1132.8000000000002,169.92000000000002,6.219058548176093,0.03659992083436966,0
8563-IIOXK,0.5343612428122919,597.0,89.55,6.154098587681474,0.06872248562458375,0
5843-TTHGI,0.5340701389977653,600.0,90.0,6.132625019597768,0.06814027799553075,0
6769-DYBQN,0.5198856321022564,1020.0,153.0,6.085003423290431,0.039771264204512616,0
4925-LMHOK,0.5287816010764304,703.2,105.48,6.071766563083742,0.05756320215286065,0
4250-FDVOU,0.5299431256300581,675.0,101.25,6.063482940086757,0.059886251260116125,0
7814-LEEVE,0.5822330418305602,243.60000000000002,36.54,6.009590696977341,0.16446608366112045,0
3345-JHUEO,0.5818246771005523,242.39999999999998,36.35999999999999,5.950290518752162,0.1636493542011046,0
2027-OAQQC,0.5334449703680348,588.5999999999999,88.28999999999998,5.90571286758761,0.0668899407360699,0
7072-MBHEV,0.5208884998491455,937.1999999999999,140.57999999999998,5.873010617585749,0.041776999698291004,0
7351-MHQVU,0.5318123153196906,611.4000000000001,91.71000000000001,5.835014875937674,0.06362463063938145,0
3069-SSVSN,0.5624311268915279,310.20000000000005,46.53000000000001,5.809840668525581,0.12486225378305567,0
2604-XVDAM,0.536823987064925,525.5999999999999,78.83999999999999,5.806406280397368,0.07364797412984994,0
8807-ARQET,0.5395485163942587,484.20000000000005,72.63000000000001,5.7448174914300125,0.0790970327885173,0
3577-AMVUX,0.5288493330393792,660.5999999999999,99.08999999999999,5.717360821744165,0.057698666078758364,0
4177-JPDFU,0.5456986744506404,408.0,61.199999999999996,5.59351775275838,0.09139734890128073,0
5802-ADBRC,0.5145488275032125,1252.8000000000002,187.92000000000002,5.468031328807399,0.029097655006425065,0
1360-JYXKQ,0.5151982973972401,1189.1999999999998,178.37999999999997,5.42214457943939,0.030396594794480272,0
2828-SLQPF,0.5332203865632739,540.0,81.0,5.381702623250362,0.06644077312654768,0
7883-ROJOC,0.5327189627600812,538.8,80.82,5.288693140539522,0.06543792552016237,0
6158-DWPZT,0.5606785267809677,289.20000000000005,43.38,5.264468983516764,0.12135705356193553,0
0471-ARVMX,0.5138844551821043,1258.1999999999998,188.72999999999996,5.240826453037101,0.02776891036420867,0
1685-VAYJF,0.5318211907925553,542.4000000000001,81.36000000000001,5.1779441657646,0.06364238158511061,0
6344-SFJVH,0.5577458013922307,298.79999999999995,44.81999999999999,5.176333636799555,0.1154916027844613,0
0215-BQKGS,0.517024190961494,1011.5999999999999,151.73999999999998,5.1665014729941845,0.03404838192298791,0
8695-WDYEA,0.5278218279777225,615.0,92.25,5.133127261889797,0.05564365595544495,0
5188-HGMLP,0.5188853636485447,888.0,133.2,5.031060875972315,0.037770727297089454,0
0887-WBJVH,0.5149129785624713,1121.4,168.21,5.017024247986598,0.029825957124942615,0
9564-KCLHR,0.5270476978873742,615.0,92.25,4.990300260220522,0.05409539577474821,0
5066-GFJMM,0.56939497248624,238.79999999999998,35.81999999999999,4.9714558289142445,0.13878994497248034,0
6184-DYUOB,0.5699893987898959,235.20000000000002,35.28,4.938451978615049,0.13997879757979165,0
8799-OXZMD,0.5459240710406916,357.0,53.55,4.918468008458078,0.09184814208138334,0
0471-LVHGK,0.5185617117689911,876.0,131.4,4.878017852890849,0.037123423537982106,0
5366-OBVMR,0.5255833051192564,603.5999999999999,90.53999999999998,4.632624890994961,0.05116661023851295,0
7750-EYXWZ,0.521025263996689,727.8,109.16999999999999,4.590656141037087,0.042050527993378106,0
4390-KYULV,0.5601939367982521,246.60000000000002,36.99,4.453147444334697,0.12038787359650437,0
3689-MOZGR,0.5393823333207833,374.4,56.16,4.423423678590382,0.07876466664156663,0
6469-QJKZW,0.560949947090218,241.79999999999998,36.269999999999996,4.4213091619244125,0.12189989418043598,0
8722-NGNBH,0.5304599241352018,480.0,72.0,4.3862290754690605,0.060919848270403615,0
0719-SYFRB,0.5196641399593583,739.8,110.96999999999998,4.364259222579989,0.03932827991871667,0
6629-LADHQ,0.5233139327513907,611.4000000000001,91.71000000000001,4.276241545260092,0.0466278655027815,0
4524-QCSSM,0.5264541832410847,535.8,80.36999999999999,4.252245414171952,0.05290836648216937,0
0701-TJSEF,0.5161396418783049,819.0,122.85,3.9655100094995106,0.032279283756609774,0
7629-WIXZF,0.5185002504622065,709.2,106.38000000000001,3.936113288339058,0.037000500924413024,0
7617-EYGLW,0.5555578199674691,233.39999999999998,35.01,3.8901585541221806,0.11111563993493805,0
7251-LJBQN,0.509964886286793,1245.0,186.75,3.7218850281171854,0.019929772573586,0
1480-IVEVR,0.5126521200011511,979.1999999999999,146.88,3.7166867715381215,0.025304240002302025,0
3797-FKOGQ,0.5119483902868942,1034.4,155.16,3.707824473829021,0.02389678057378848,0
9314-QDMDW,0.5164769198771046,735.0,110.25,3.6331608329015808,0.032953839754209346,0
8992-CEUEN,0.5526953010313922,226.20000000000002,33.93,3.57590312799028,0.10539060206278456,0
0516-WJVXC,0.5177287337027665,650.4000000000001,97.56000000000002,3.4592305200837927,0.035457467405532926,0
8800-ZKRFW,0.5089293504830739,1290.0,193.5,3.455658636949579,0.017858700966147695,0
7242-QZLXF,0.5370597003708244,303.6,45.54,3.375397509774693,0.07411940074164895,0
2616-UUTFK,0.5127370887303835,873.0,130.95,3.3358435384874383,0.025474177460766998,0
9137-NOQKA,0.5480182987978587,230.39999999999998,34.559999999999995,3.3190248129079976,0.09603659759571753,0
0691-IFBQW,0.5083653185173677,1320.0,198.0,3.312666132877581,0.01673063703473526,0
2862-PFNIK,0.5354698345417702,296.4,44.459999999999994,3.1539776874542085,0.07093966908354046,0
1689-YQBYY,0.5111462255705527,919.1999999999999,137.88,3.0736831633355735,0.02229245114110512,0
7893-IXHRQ,0.5414888717527978,246.60000000000002,36.99,3.069346732271981,0.0829777435055956,0
4232-JGKIY,0.5442250936048145,230.39999999999998,34.559999999999995,3.056838469964781,0.08845018720962909,0
1725-MIMXW,0.5436031422872829,233.39999999999998,35.01,3.0530920229555463,0.08720628457456574,0
8980-WQFWL,0.5133873084674726,745.2,111.78,2.992866680988172,0.026774616934945178,0
9318-NKNFC,0.5436281049559969,226.20000000000002,33.93,2.9606032023139477,0.08725620991199375,0
5215-LNLDJ,0.5332618555235606,296.4,44.459999999999994,2.9576441931550193,0.06652371104712144,0
6121-VZNQB,0.5420654723825146,229.20000000000002,34.38,2.892421881021704,0.0841309447650292,0
5989-OMNJE,0.5138482088684636,691.2,103.68,2.871564590964624,0.027696417736927315,0
2709-UQGNP,0.5154387067686926,619.8,92.96999999999998,2.8706731365707157,0.03087741353738535,0
7089-XXAYG,0.5197446340089411,457.20000000000005,68.58,2.708174000666375,0.039489268017882405,0
4667-OHGKG,0.5388266721091646,231.60000000000002,34.74,2.697677178144758,0.07765334421832924,0
0761-AETCS,0.5387335280727203,231.60000000000002,34.74,2.69120553049261,0.0774670561454407,0
1134-YWTYF,0.5137534778406562,645.5999999999999,96.83999999999999,2.663773588178273,0.0275069556813122,0
2676-OXPPQ,0.5131498296409295,668.4000000000001,100.26,2.6368038395991817,0.026299659281858984,0
6637-KYRCV,0.5230052814408934,366.0,54.9,2.5259799022100964,0.04601056288178682,0
4661-NJEUX,0.5348899743380888,240.60000000000002,36.09,2.5183583477232503,0.06977994867617761,0
1156-ZFYDO,0.535298978920836,237.0,35.55,2.509757401271436,0.0705979578416719,0
1622-HSHSF,0.5353265298553304,234.60000000000002,35.190000000000005,2.4862811712181454,0.07065305971066056,0
8919-FYFQZ,0.5226000240974478,364.20000000000005,54.63,2.4692786328871463,0.04520004819489559,0
3756-VNWDH,0.5067243424019673,1209.0,181.35,2.438918989193553,0.013448684803934673,0
2465-BLLEU,0.5342083999399925,237.0,35.55,2.432217235733461,0.06841679987998484,0
8566-YPRGL,0.534407498317918,234.0,35.1,2.4154063819178404,0.0688149966358359,0
8152-UOBNY,0.5062721261115828,1281.6,192.23999999999998,2.411507047381349,0.01254425222316557,0
5356-RHIPP,0.5330181856392738,242.39999999999998,36.35999999999999,2.4010824596879914,0.06603637127854763,0
5906-BFOZT,0.5340327129881149,234.0,35.1,2.389096451765667,0.06806542597622983,0
2045-BMBTJ,0.5111407304766743,713.4000000000001,107.01,2.3843391366178395,0.022281460953348653,0
2369-FEVNO,0.5330887657033033,238.79999999999998,35.81999999999999,2.370479174984652,0.06617753140660672,0
1240-KNSEZ,0.5322659760486054,241.20000000000002,36.18,2.334766026877091,0.06453195209721091,0
7130-CTCUS,0.5118488348042932,654.5999999999999,98.18999999999998,2.326874178867101,0.023697669608586425,0
5143-WMWOG,0.532095447415605,239.39999999999998,35.91,2.3050950333887457,0.06419089483120985,0
7495-OOKFY,0.5078189027457221,967.8000000000001,145.17000000000002,2.270140223192925,0.015637805491443994,0
7074-STDCN,0.5154983805070499,487.20000000000005,73.08,2.2652432949104053,0.03099676101409969,0
7041-TXQJH,0.5155965665229036,482.40000000000003,72.36,2.257135107194614,0.03119313304580727,0
2108-GLPQB,0.5112670717151561,666.5999999999999,99.98999999999998,2.2531890015969083,0.02253414343031212,0
8262-COGGB,0.5301320066390912,245.39999999999998,36.809999999999995,2.2183183287698967,0.060264013278182475,0
7989-CHGTL,0.5314079634316276,235.20000000000002,35.28,2.2161458997356434,0.0628159268632552,0
6898-MDLZW,0.5113151500671966,645.0,96.75,2.189481538002539,0.02263030013439317,0
2081-KJSQF,0.5296910227030573,243.0,36.449999999999996,2.1644755550528814,0.05938204540611472,0
5701-ZIKJE,0.5118375540617076,606.5999999999999,90.98999999999998,2.154198088149556,0.02367510812341528,0
1000-AJSLD,0.5297379638246159,241.20000000000002,36.18,2.151839062349211,0.05947592764923192,0
7853-WNZSY,0.5302483954617101,237.0,35.55,2.150660917327585,0.06049679092342011,0
4918-FYJNT,0.5063221709350161,1085.4,162.81,2.0586252998599264,0.0126443418700321,0
4800-CZMPC,0.5055317234440282,1239.0,185.85,2.056141604145296,0.011063446888056475,0
8305-VHZBZ,0.528231271939863,242.39999999999998,36.35999999999999,2.052978095466841,0.056462543879726115,0
0670-KDOMA,0.5280158939171007,243.0,36.449999999999996,2.0423586665566376,0.05603178783420131,0
5624-RYAMH,0.5285841775850268,234.0,35.1,2.0066092664688853,0.05716835517005371,0
5088-QZLRL,0.526784381554848,247.79999999999998,37.169999999999995,1.991150924787398,0.053568763109695945,0
4588-YBNIB,0.528208530445846,235.20000000000002,35.28,1.990393908258902,0.05641706089169223,0
4190-MFLUW,0.5094891469996637,662.4000000000001,99.36000000000001,1.8856832917731765,0.018978293999327458,0
1098-TDVUQ,0.5269263456920278,231.0,34.65,1.8659957564575222,0.053852691384055476,0
1493-AMTIE,0.5251754857022927,242.39999999999998,36.35999999999999,1.8307613202707316,0.05035097140458559,0
4897-QSUYC,0.5249691937278015,241.79999999999998,36.269999999999996,1.8112653130147152,0.04993838745560285,0
6633-SYEUS,0.5057915710742559,998.4000000000001,149.76000000000002,1.7346913681610943,0.01158314214851158,0
9027-YFHQJ,0.5190862345725585,300.6,45.09,1.7211966337533227,0.03817246914511693,0
7016-BPGEU,0.5184254878872773,301.20000000000005,45.18000000000001,1.6649270854943765,0.03685097577455459,0
7298-IZWLY,0.5238219565920127,232.79999999999998,34.919999999999995,1.6637254483861668,0.0476439131840254,0
3584-WKTTW,0.5041008300829042,1338.6,200.79,1.646811344692651,0.008201660165808313,0
0156-FVPTA,0.5083724383100776,650.4000000000001,97.56000000000002,1.6336301630623353,0.016744876620155134,0
8735-DCXNF,0.5079825749828211,659.4000000000001,98.91000000000001,1.5791129831016661,0.015965149965642158,0
8620-RJPZN,0.5209975914510037,248.39999999999998,37.26,1.5647405149287863,0.04199518290200715,0
4415-WNGVR,0.5054501679949018,950.4000000000001,142.56,1.5539518987064298,0.0109003359898038,0
4365-MSDYN,0.5220762872001838,234.60000000000002,35.190000000000005,1.553729093148938,0.044152574400367656,0
7128-GGCNO,0.505856261154467,873.5999999999999,131.04,1.5348089233627036,0.011712522308933942,0
7839-QRKXN,0.5209097239051698,242.39999999999998,36.35999999999999,1.5205551223839464,0.04181944781033957,0
1356-MKYSK,0.5053466232612818,943.8000000000001,141.57,1.5138429101993438,0.010693246522563706,0
7291-CDTMJ,0.5210388318199419,235.79999999999998,35.37,1.4882869629426878,0.04207766363988374,0
4800-VHZKI,0.5206032756916824,238.79999999999998,35.81999999999999,1.4760186705521292,0.04120655138336487,0
9039-ZVJDC,0.5210634778151557,229.20000000000002,34.38,1.4483247345701074,0.042126955630311436,0
6575-SUVOI,0.505649801174151,834.0,125.1,1.4135802537725937,0.011299602348302108,0
5067-XJQFU,0.5035947787505066,1301.4,195.21,1.4034735197727741,0.007189557501013135,0
2832-SCUCO,0.5191919140554944,238.79999999999998,35.81999999999999,1.374908722935615,0.0383838281109887,0
8073-IJDCM,0.5179888823730985,243.60000000000002,36.54,1.31462752382604,0.03597776474619705,0
2640-LYMOV,0.5172895432333212,235.79999999999998,35.37,1.2230622883251456,0.03457908646664251,0
8713-IGZSO,0.5136202720211615,298.20000000000005,44.730000000000004,1.2184695350131065,0.02724054404232297,0
7636-XUHWW,0.5167225419275564,238.79999999999998,35.81999999999999,1.1980029036901385,0.03344508385511275,0
5469-CTCWN,0.5031150597373574,1272.0,190.79999999999998,1.1887067957756017,0.006230119474714894,0
5186-EJEGL,0.5046535852834039,834.0,125.1,1.164327037907654,0.009307170566807786,0
0871-OPBXW,0.515887348358768,240.60000000000002,36.09,1.146748804535875,0.031774696717536015,0
4693-VWVBO,0.5160309552930009,234.60000000000002,35.190000000000005,1.1282586335214049,0.032061910586001836,0
5996-DAOQL,0.5152357622040578,245.39999999999998,36.809999999999995,1.1216568134627352,0.0304715244081156,0
8070-AAWZP,0.5088699046525796,411.0,61.65,1.093659243663069,0.01773980930515927,0
7526-IVLYU,0.5150274294664818,235.79999999999998,35.37,1.0630403604589276,0.030054858932963745,0
2876-VBBBL,0.5137155318559661,243.0,36.449999999999996,0.9998622722999286,0.027431063711932203,0
4237-CLSMM,0.5138021881091538,240.0,36.0,0.9937575438590684,0.027604376218307455,0
6620-JDYNW,0.5044950107035797,727.2,109.08,0.9806315350929538,0.008990021407159458,0
2782-JEEBU,0.5075145237745466,432.0,64.8,0.9738822811812469,0.015029047549093316,0
6942-LBFDP,0.5115026797711845,246.60000000000002,36.99,0.8509682494722242,0.02300535954236886,0
3744-ZBHON,0.5106405645654907,242.39999999999998,36.35999999999999,0.7737818552024862,0.021281129130981475,0
1449-XQEMT,0.5101283294745811,237.60000000000002,35.64,0.7219473249481467,0.020256658949162367,0
4634-JLRJT,0.5097055270952164,244.20000000000002,36.63,0.7110269149955499,0.0194110541904327,0
8111-BKVDS,0.504400206747866,488.40000000000003,73.26,0.6447182926973198,0.00880041349573191,0
1087-UDSIH,0.5090779740415766,235.20000000000002,35.28,0.640541848373644,0.018155948083153173,0
3685-YLCMQ,0.5016859066926207,1255.8000000000002,188.37000000000003,0.6351484873779043,0.003371813385241303,0
0872-JCPIB,0.5026080980376268,789.0,118.35,0.6173368055062838,0.005216196075253771,0
9500-LTVBP,0.5019396905010166,960.5999999999999,144.08999999999997,0.5589800085829779,0.0038793810020332988,0
2955-PSXOE,0.5075704283811319,242.39999999999998,36.35999999999999,0.5505215518759101,0.015140856762263758,0
0268-QKIWO,0.5076729420502397,237.0,35.55,0.545546179772046,0.015345884100479495,0
8739-QOTTN,0.50740027262935,244.20000000000002,36.63,0.5421439728261745,0.014800545258699822,0
5445-GLVOT,0.5029867870041793,597.5999999999999,89.63999999999999,0.5354711741092615,0.005973574008358563,0
5651-WYIPH,0.5029369391294417,598.2,89.73,0.5270630961695986,0.0058738782588833,0
4832-VRBMR,0.5013940137679567,1237.8000000000002,185.67000000000002,0.517653072593049,0.002788027535913443,0
2393-DIVAI,0.5070001032610943,240.0,36.0,0.504007434798794,0.01400020652218872,0
7402-PWYJJ,0.5013139242203637,1093.8000000000002,164.07000000000002,0.43115109367013815,0.0026278484407273608,0
7610-TVOPG,0.5040283891598375,316.20000000000005,47.43000000000001,0.38213299570218595,0.008056778319675014,0
4123-FCVCB,0.5009620542992886,910.1999999999999,136.52999999999997,0.2626985469637759,0.001924108598577426,0
4986-MXSFP,0.5028197403709617,240.0,36.0,0.203021306709239,0.005639480741923306,0
0690-SRQID,0.5026987144813468,235.79999999999998,35.37,0.19090706241047428,0.005397428962693647,0
4712-AUQZO,0.5014948259691473,403.20000000000005,60.480000000000004,0.1808141492280555,0.002989651938294568,0
1450-SKCVI,0.5006516838316599,886.1999999999999,132.92999999999998,0.1732566634851196,0.00130336766331994,0
9375-MHRRS,0.500811747820342,600.5999999999999,90.08999999999999,0.14626072226920428,0.0016234956406838083,0
5370-IIVVL,0.5002025413063156,1254.0,188.1,0.07619603943592779,0.00040508261263119504,0
1077-HUUJM,0.5000995344944256,852.5999999999999,127.88999999999999,0.025458932984165017,0.00019906898885108313,0
2626-URJFX,0.49991304599845215,610.8,91.61999999999999,-0.015933451243625996,-0.00017390800309567778,0
5018-HEKFO,0.4995778650127798,294.0,44.1,-0.037232305872827,-0.0008442699744405215,0
3594-IVHJZ,0.4991470360403807,245.39999999999998,36.809999999999995,-0.06279520670717176,-0.0017059279192385701,0
2303-PJYHN,0.4983319151110126,238.20000000000002,35.730000000000004,-0.11920134616703848,-0.0033361697779747683,0
7673-LPRNY,0.4993724156004523,942.5999999999999,141.39,-0.177468316504104,-0.0012551687990954383,0
3763-GCZHZ,0.4995095895517397,1248.6,187.29,-0.18369794570935483,-0.0009808208965206623,0
9277-JOOMO,0.49769003948600543,295.20000000000005,44.28000000000001,-0.20457010311936585,-0.004619921027989291,0
2933-FILNV,0.49730148983328903,292.79999999999995,43.919999999999995,-0.2370371330438914,-0.005397020333421936,0
6890-PFRQX,0.498964759410749,834.0,125.1,-0.25901719543060153,-0.002070481178502011,0
2475-MROZF,0.4989888202656175,1140.0,171.0,-0.3458234691588302,-0.002022359468765089,0
7017-VFULY,0.49499656805245296,241.20000000000002,36.18,-0.3620483357245021,-0.010006863895094033,0
6549-YMFAW,0.493907647491204,255.0,38.25,-0.4660649669228931,-0.012184705017591977,0
2346-DJQTB,0.49272244253688685,289.79999999999995,43.46999999999999,-0.6327108458430573,-0.014555114926226303,0
9512-PHSMG,0.4913869123334107,246.60000000000002,36.99,-0.6371962255742716,-0.017226175333178467,0
2621-UDNLU,0.49096471428909744,250.20000000000002,37.53,-0.678188545460344,-0.018070571421805064,0
6469-MRVET,0.4905552179742479,242.39999999999998,36.35999999999999,-0.6868245489126963,-0.018889564051504302,0
5144-PQCDZ,0.49037180243931333,239.39999999999998,35.91,-0.6914971488085158,-0.019256395121373317,0
7808-DVWEP,0.4899118923495307,240.0,36.0,-0.7263437508337915,-0.020176215300938653,0
5702-SKUOB,0.4888485998230686,235.20000000000002,35.28,-0.7868427964842795,-0.022302800353862794,0
7880-XSOJX,0.494714790556303,508.79999999999995,76.32,-0.806734369485909,-0.010570418887393988,0
0303-WMMRN,0.48733146913768366,231.0,34.65,-0.8779291887585217,-0.02533706172463266,0
0567-GGCAC,0.495883954825883,736.8,110.52,-0.9098106252868234,-0.008232090348234015,0
5243-SAOTC,0.4967328786483956,958.1999999999999,143.73,-0.9391667037321838,-0.006534242703208682,0
6475-VHUIZ,0.4951393205822877,651.0,97.64999999999999,-0.9492906902792129,-0.009721358835424607,0
8003-EWNDZ,0.4875248232164387,254.39999999999998,38.16,-0.9521054921214045,-0.02495035356712276,0
9835-ZIITK,0.49759923833881076,1330.1999999999998,199.52999999999997,-0.958047948514178,-0.00480152332237848,0
1986-PHGZF,0.4953780225925071,700.8,105.11999999999999,-0.9717245301513202,-0.009243954814985923,0
9481-IEBZY,0.4974061620574526,1354.8000000000002,203.22000000000003,-1.0542394933689536,-0.005187675885094742,0
3794-NFNCH,0.4940638368305497,600.0,90.0,-1.0685093705010473,-0.011872326338900526,0
4903-UYAVB,0.48461127485123584,232.20000000000002,34.83,-1.0719785938629087,-0.030777450297528246,0
3007-FDPEA,0.4855694726493272,248.39999999999998,37.26,-1.0753628981721377,-0.028861054701345618,0
3638-DIMPH,0.49221211796727915,525.5999999999999,78.83999999999999,-1.2279932389194386,-0.015575764065441892,0
4501-VCPFK,0.49024557435072597,429.0,64.35,-1.2553945810615659,-0.019508851298548034,0
4541-RMRLG,0.4817816791756023,231.0,34.65,-1.262529633130761,-0.03643664164879541,0
4003-FUSHP,0.49420769205634335,738.5999999999999,110.78999999999998,-1.2834595941554312,-0.011584615887313219,0
0114-RSRRW,0.48177805022708403,239.39999999999998,35.91,-1.3087004326908271,-0.036443899545832006,0
9097-ZUBYC,0.4923520230733494,585.5999999999999,87.83999999999999,-1.3435965864739785,-0.015295953853301214,0
5712-VBOXD,0.48094593267866803,241.79999999999998,36.269999999999996,-1.382182043489422,-0.03810813464266397,0
8597-CWYHH,0.49583604286410304,1132.1999999999998,169.82999999999996,-1.414329680778735,-0.008327914271793767,0
4945-RVMTE,0.4932226236166373,714.5999999999999,107.18999999999998,-1.452933949065283,-0.013554752766725285,0
9817-APLHW,0.48363319993780013,300.0,45.0,-1.4730120055979938,-0.03273360012439986,0
8317-BVKSO,0.4794264554944868,240.60000000000002,36.09,-1.4849984424079423,-0.041147089011026386,0
0463-WZZKO,0.47978913881706986,249.0,37.35,-1.5097513303648782,-0.04042172236586019,0
8295-FHIVV,0.47830765074331955,232.79999999999998,34.919999999999995,-1.514993672086561,-0.04338469851336086,0
4881-JVQOD,0.48742237800099814,414.59999999999997,62.18999999999999,-1.5644046242358485,-0.025155243998003677,0
7580-UGXNC,0.4918853039394378,658.2,98.73,-1.6023278841186226,-0.016229392121124505,0
1899-VXWXM,0.4957625373540962,1273.1999999999998,190.97999999999996,-1.6185412322294042,-0.008474925291807543,0
7734-DBOAI,0.4886376210751876,481.20000000000005,72.18,-1.6402730215859265,-0.022724757849624914,0
9643-AVVWI,0.49425960596837676,960.0,144.0,-1.6532334811074918,-0.011480788063246471,0
1020-JPQOW,0.4948025533283768,1086.6,162.98999999999998,-1.694263666015729,-0.010394893343246392,0
0031-PVLZI,0.47661945439279807,244.20000000000002,36.63,-1.7128587711836119,-0.04676109121440381,0
2732-ISEZX,0.4767433673004676,246.0,36.9,-1.7163394932254903,-0.04651326539906478,0
6572-ADKRS,0.4934865331214231,897.5999999999999,134.64,-1.753946361063214,-0.013026933757153997,0
1386-ZIKUV,0.47325812253520555,227.39999999999998,34.10999999999999,-1.8243308806482759,-0.053483754929588866,0
7124-UGSUR,0.49513698020970276,1252.8000000000002,187.92000000000002,-1.827717357985307,-0.009726039580594438,0
2458-EOMRE,0.49201889045023506,768.5999999999999,115.28999999999998,-1.840284239984797,-0.015962219099529856,0
0096-FCPUF,0.4920235044087076,774.0,116.1,-1.852142276298082,-0.015952991182584687,0
3521-MNKLV,0.489208676544066,596.4000000000001,89.46000000000001,-1.9307835927357075,-0.021582646911867957,0
6345-HOVES,0.47796410081719315,300.6,45.09,-1.9871973883055247,-0.044071798365613764,0
3890-RTCMS,0.48883064935718784,593.4000000000001,89.01,-1.9883678014334123,-0.022338701285624225,0
4160-AMJTL,0.471747199170598,235.79999999999998,35.37,-1.9986031306719028,-0.05650560165880415,0
9831-BPFRI,0.4937008405421342,1074.6,161.18999999999997,-2.030723026026749,-0.01259831891573143,0
2669-QVCRG,0.49300554257328405,975.5999999999999,146.33999999999997,-2.0471377996512103,-0.013988914853431808,0
3807-BPOMJ,0.4939968776933411,1137.0,170.54999999999998,-2.0476650188013252,-0.012006244613317651,0
9360-AHGNL,0.4946923388659272,1314.6,197.18999999999997,-2.0932353980556115,-0.010615322268145504,0
7976-CICYS,0.4716775168955963,248.39999999999998,37.26,-2.110591440940162,-0.05664496620880736,0
8746-OQQRW,0.47645336924629483,303.0,45.449999999999996,-2.1403887355117917,-0.04709326150741016,0
1015-OWJKI,0.46781484348567204,228.60000000000002,34.29,-2.207258033752609,-0.06437031302865585,0
4486-EFAEB,0.469856994109757,244.79999999999998,36.72,-2.213702352579446,-0.06028601178048601,0
9776-OJUZI,0.4934812736534359,1145.4,171.81,-2.2399647472063577,-0.013037452693128209,0
9975-SKRNR,0.4659156846388015,226.79999999999998,34.019999999999996,-2.3190968171759465,-0.06816863072239703,0
6258-NGCNG,0.47135802733273086,282.0,42.3,-2.4231108876509637,-0.05728394533453815,0
9828-QHFBK,0.48674739063535005,613.8,92.07,-2.440335488406646,-0.026505218729299947,0
7109-MFBYV,0.4850684564978926,545.4000000000001,81.81000000000002,-2.44309914781482,-0.029863087004214882,0
3694-GLTJM,0.4649351592260129,235.79999999999998,35.37,-2.480486836351851,-0.0701296815479743,0
8053-WWDRO,0.4646199768955478,234.0,35.1,-2.483677621932543,-0.07076004620890436,0
2995-UPRYS,0.49299948998029064,1190.4,178.56,-2.50002213823862,-0.014001020039418796,0
7892-QVYKW,0.49182658241113575,1027.1999999999998,154.07999999999996,-2.5187203641843894,-0.016346835177728388,0
8217-QYOHV,0.4873350823693433,669.0,100.35,-2.5418489684727916,-0.02532983526131332,0
1663-MHLHE,0.4629860319202385,230.39999999999998,34.559999999999995,-2.558405473673112,-0.07402793615952293,0
6141-OOXUQ,0.46260425369879515,235.79999999999998,35.37,-2.6453750933472335,-0.07479149260240978,0
6615-ZGEDR,0.4619547156456631,236.39999999999998,35.459999999999994,-2.6981715664095702,-0.07609056870867374,0
2259-OUUSZ,0.47811169659214636,426.0,63.9,-2.797325175523696,-0.04377660681570729,0
7395-XWZOY,0.48586737249105433,660.0,99.0,-2.7982602467712496,-0.02826525501789141,0
1394-SUIUH,0.49086865651224704,1021.8000000000001,153.27,-2.799122032735795,-0.018262686975505937,0
4892-VLANZ,0.4602527106837667,237.60000000000002,35.64,-2.8331867824611052,-0.07949457863246648,0
6286-SUUWT,0.4599092448704954,239.39999999999998,35.91,-2.87931803340102,-0.0801815102590092,0
9025-ZRPVR,0.4574448890685274,227.39999999999998,34.10999999999999,-2.9031096677450563,-0.08511022186294509,0
5766-ZJYBB,0.45836320007233816,232.79999999999998,34.919999999999995,-2.9079141069479064,-0.08327359985532379,0
6067-NGCEU,0.4926797251961334,1332.6,199.89,-2.9264994610898043,-0.014640549607733276,0
4947-DSMXK,0.49164767335931864,1172.4,175.86,-2.9376803260604447,-0.0167046532813627,0
9788-YTFGE,0.4585694434158462,239.39999999999998,35.91,-2.9755425738739234,-0.08286111316830753,0
5955-EPOAZ,0.46036380354136697,251.39999999999998,37.709999999999994,-2.9893619369101003,-0.079272392917266,0
8605-ITULD,0.45726369743199635,234.60000000000002,35.190000000000005,-3.0077809747361,-0.08547260513600738,0
7698-YFGEZ,0.4580741719161773,240.0,36.0,-3.018659622035237,-0.08385165616764548,0
7239-HZZCX,0.45738480769297574,237.0,35.55,-3.0299401730294235,-0.08523038461404848,0
7926-IJOOU,0.45611095731920204,231.60000000000002,34.74,-3.0494106854618437,-0.08777808536159595,0
8329-IBCTI,0.4566660646827538,235.79999999999998,35.37,-3.0654425843419943,-0.08666787063449236,0
0366-NQSHS,0.45594666063951134,232.20000000000002,34.83,-3.0687556198516397,-0.08810667872097731,0
3148-BLQJT,0.45731891336986336,241.20000000000002,36.18,-3.0884034285566884,-0.08536217326027332,0
8294-UIMBA,0.4908852839375994,1132.8000000000002,169.92000000000002,-3.097545106646237,-0.018229432124801298,0
2599-CZABP,0.48060371967794047,535.2,80.28,-3.1142667685098644,-0.03879256064411889,0
7551-JOHTI,0.4553704187309475,234.0,35.1,-3.1329966050874845,-0.08925916253810497,0
6743-HHQPF,0.46524819329542866,301.20000000000005,45.18000000000001,-3.1401732538250684,-0.06950361340914271,0
6397-JNZZG,0.4842257728939405,666.5999999999999,99.98999999999998,-3.1545299366697748,-0.031548454212118965,0
7601-WFVZV,0.4545479386450351,234.60000000000002,35.190000000000005,-3.1989160781624335,-0.0909041227099299,0
0970-QXPXW,0.45468975369911224,235.79999999999998,35.37,-3.2052468233247993,-0.0906204926017755,0
1029-QFBEN,0.453798553019026,234.60000000000002,35.190000000000005,-3.251657838520952,-0.09240289396194803,0
9441-QHEVC,0.45243583025594136,229.20000000000002,34.38,-3.2705123116014754,-0.09512833948811737,0
4786-UKSNZ,0.4545922387855906,242.39999999999998,36.35999999999999,-3.3020523955118506,-0.0908155224288188,0
5028-HTLJB,0.4541279575548864,240.60000000000002,36.09,-3.3110440236882965,-0.0917440848902271,0
0423-UDIJQ,0.48115851384303676,590.4000000000001,88.56000000000002,-3.3372040281213344,-0.03768297231392653,0
6569-KTMDU,0.45140384350474516,229.20000000000002,34.38,-3.341471720613722,-0.09719231299050965,0
8203-XJZRC,0.45383343925468794,243.0,36.449999999999996,-3.365542278333244,-0.09233312149062399,0
9099-FTUHS,0.4828094016677619,652.8,97.91999999999999,-3.366606777385499,-0.034381196664476095,0
3981-QSVQI,0.45236920055493407,236.39999999999998,35.459999999999994,-3.3779762966440785,-0.09526159889013196,0
1066-JKSGK,0.4524835099192158,241.79999999999998,36.269999999999996,-3.4468461904600787,-0.0950329801615682,0
8495-LJDFO,0.4911605056201457,1307.4,196.11,-3.4670264856664517,-0.01767898875970859,0
7721-DVEKZ,0.4509216489030423,235.79999999999998,35.37,-3.4718025565987887,-0.09815670219391544,0
3785-NRHYR,0.45091371403825103,235.79999999999998,35.37,-3.4723638689341207,-0.0981725719234979,0
2676-ISHSF,0.45239522330513626,243.60000000000002,36.54,-3.4789570808606456,-0.09520955338972757,0
2308-STERM,0.4493087233016994,232.79999999999998,34.919999999999995,-3.5402787646093117,-0.10138255339660115,0
6917-YACBP,0.4890216110705367,1077.0,161.54999999999998,-3.547117463109572,-0.02195677785892648,0
6968-GMKPR,0.48790092052949724,978.5999999999999,146.79,-3.5520477509502086,-0.02419815894100558,0
2866-IKBTM,0.44902382154675263,234.60000000000002,35.190000000000005,-3.5877034395395526,-0.1019523569064948,0
1814-DKOLC,0.4608261891989767,305.4,45.809999999999995,-3.5891045455897554,-0.07834762160204663,0
1135-LMECX,0.44974782027052995,238.20000000000002,35.730000000000004,-3.591020763467938,-0.10050435945894032,0
6654-QGBZZ,0.4498492653745398,238.79999999999998,35.81999999999999,-3.5927986285679623,-0.10030146925092023,0
9426-SXNHE,0.446591809406117,225.0,33.75,-3.6050528650871065,-0.10681638118776612,0
8393-JMVMB,0.44842535184811827,233.39999999999998,35.01,-3.6112568635947646,-0.10314929630376363,0
8048-DSDFQ,0.4503299932817537,242.39999999999998,36.35999999999999,-3.612002888550869,-0.09934001343649257,0
7661-CPURM,0.4885466194815444,1052.4,157.86,-3.6160612972868194,-0.02290676103691131,0
6952-OMNWB,0.48749390547592325,964.1999999999999,144.63,-3.6175129020344343,-0.025012189048153458,0
7302-ZHMHP,0.4474051696923988,229.79999999999998,34.47,-3.6258876014060277,-0.10518966061520243,0
2220-IAHLS,0.44795155171767537,232.79999999999998,34.919999999999995,-3.6350636280375497,-0.10409689656464921,0
4877-EVATK,0.44885757876797583,240.0,36.0,-3.6822543287057456,-0.1022848424640485,0
1934-SJVJK,0.44911564835996026,241.79999999999998,36.269999999999996,-3.6911508679684815,-0.10176870328007946,0
9101-NTIXF,0.4467718627337416,232.79999999999998,34.919999999999995,-3.717453106675489,-0.10645627453251688,0
3976-NLDEZ,0.44956215270057037,247.20000000000002,37.08,-3.7404707557256955,-0.1008756945988591,0
6124-ACRHJ,0.44722805815768246,237.0,35.55,-3.7520850649887763,-0.10554388368463506,0
2229-VWQJH,0.4788390725363977,591.5999999999999,88.73999999999998,-3.75564140624013,-0.04232185492720454,0
0673-IGUQO,0.4489393147454985,245.39999999999998,36.809999999999995,-3.759087648436406,-0.10212137050900316,0
9122-UMROB,0.44808588893975787,243.60000000000002,36.54,-3.793883236282497,-0.10382822212048431,0
2576-HXMPA,0.4460184311059466,234.60000000000002,35.190000000000005,-3.7992228187634822,-0.1079631377881069,0
3930-ZGWVE,0.44644527274915075,237.0,35.55,-3.8077411075353815,-0.10710945450169851,0
1905-OEILC,0.44565168121767174,234.0,35.1,-3.8152519785194485,-0.10869663756465665,0
2592-YKDIF,0.44775681095047304,244.20000000000002,36.63,-3.8273360297683467,-0.10448637809905396,0
7310-EGVHZ,0.44711767519249773,242.39999999999998,36.35999999999999,-3.8456026600015676,-0.10576464961500463,0
3900-AQPHZ,0.4461161244427874,238.79999999999998,35.81999999999999,-3.8602408449187067,-0.1077677511144251,0
0898-XCGTF,0.488883493557973,1158.0,173.7,-3.861874337960188,-0.02223301288405405,0
1194-SPVSP,0.44494770598160716,235.79999999999998,35.37,-3.894399278861112,-0.11010458803678576,0
3247-MHJKM,0.4461303558503849,242.39999999999998,36.35999999999999,-3.9174005225600084,-0.10773928829923017,0
7878-RTCZG,0.4452033595058158,238.79999999999998,35.81999999999999,-3.9256313250033514,-0.10959328098836829,0
1349-WXNGG,0.44515389216369194,240.60000000000002,36.09,-3.9587920636247205,-0.10969221567261624,0
3717-OFRTN,0.4436113494939595,237.0,35.55,-4.0092330509794785,-0.11277730101208097,0
3030-ZKIWL,0.4442964212658973,240.60000000000002,36.09,-4.02068431302753,-0.11140715746820531,0
5067-DGXLL,0.44393694303089437,243.0,36.449999999999996,-4.0869968530478005,-0.11212611393821127,0
0959-WHOKV,0.48851629307741246,1188.0,178.2,-4.0927931472101875,-0.022967413845175016,0
3936-QQFLL,0.4424013292752622,237.0,35.55,-4.095265488528856,-0.11519734144947556,0
1051-GEJLJ,0.4416211973111224,234.0,35.1,-4.0981919487592045,-0.1167576053777551,0
7251-XFOIL,0.4872091810193594,1070.4,160.56,-4.107387791063331,-0.025581637961281337,0
4729-XKASR,0.45375025946045966,297.0,44.55,-4.12085188207304,-0.0924994810790806,0
0188-GWFLE,0.4426715452868077,240.60000000000002,36.09,-4.13796786119822,-0.11465690942638458,0
5174-RNGBH,0.48264710621076107,795.0,119.25,-4.138665168733496,-0.034705787578477955,0
5345-BMKWB,0.44305310009561344,243.0,36.449999999999996,-4.151429003029783,-0.1138937998087732,0
4211-MMAZN,0.442642484615536,243.0,36.449999999999996,-4.181362871527426,-0.11471503076892803,0
7096-UCLNH,0.44206310636845186,240.60000000000002,36.09,-4.181884982325144,-0.11587378726309625,0
4745-LSPLO,0.4432034491383382,246.0,36.9,-4.1915854535906405,-0.1135931017233236,0
6380-ARCEH,0.44209487223851845,242.39999999999998,36.35999999999999,-4.210860890814935,-0.11581025552296303,0
4195-SMMNX,0.4420207743844189,244.20000000000002,36.63,-4.2475580685974705,-0.11595845123116216,0
8749-CLJXC,0.4409312214540906,240.60000000000002,36.09,-4.263584435443743,-0.11813755709181886,0
5919-VCZYM,0.44051151457377064,240.60000000000002,36.09,-4.293878878065236,-0.11897697085245873,0
7140-ADSMJ,0.44124245190561834,245.39999999999998,36.809999999999995,-4.325730690708376,-0.11751509618876328,0
5049-GLYVG,0.44148623204784276,247.20000000000002,37.08,-4.339381031331982,-0.11702753590431451,0
7389-KBFIT,0.46014393218172045,363.0,54.449999999999996,-4.340325785410641,-0.07971213563655907,0
0880-FVFWF,0.48604362040851556,1036.8000000000002,155.52,-4.340992308135299,-0.02791275918296874,0
6579-JPICP,0.4408887706243533,244.79999999999998,36.72,-4.341128685347499,-0.11822245875129356,0
8992-OBVDG,0.48029429511778643,739.8,110.96999999999998,-4.373484141558478,-0.039411409764427134,0
3590-TCXTB,0.4400151381195164,244.20000000000002,36.63,-4.394490981364228,-0.11996972376096719,0
8150-QUDFX,0.4384061241907145,238.20000000000002,35.730000000000004,-4.401498365331548,-0.12318775161857116,0
0396-HUJBP,0.43661254356965784,231.60000000000002,34.74,-4.404160472780173,-0.12677491286068432,0
2027-CWDNU,0.4857009128568794,1027.1999999999998,154.07999999999996,-4.406406694024042,-0.028598174286241198,0
9753-OYLBX,0.4398800542764068,246.0,36.9,-4.436851994401181,-0.12023989144718648,0
9700-ZCLOT,0.43835743685891104,240.0,36.0,-4.438264546158404,-0.12328512628217789,0
9139-WQQDY,0.487596454313541,1205.4,180.81,-4.485370191137292,-0.024807091372917936,0
8974-OVACP,0.4381485567742372,241.79999999999998,36.269999999999996,-4.486703691596837,-0.1237028864515257,0
2668-TZSPS,0.438893262520628,245.39999999999998,36.809999999999995,-4.49867801323137,-0.1222134749587441,0
0426-TIRNE,0.4400305782990582,250.79999999999998,37.62,-4.512099288778863,-0.11993884340188367,0
6680-NENYN,0.4879871128391119,1255.1999999999998,188.27999999999997,-4.5235727893040405,-0.024025774321776296,0
4013-GUXND,0.43937018410703144,249.60000000000002,37.440000000000005,-4.5399606140654925,-0.12125963178593728,0
7434-SHXLS,0.4395432569439308,250.79999999999998,37.62,-4.548765347538648,-0.12091348611213845,0
9818-XQCUV,0.437771436575418,244.20000000000002,36.63,-4.5588645564848775,-0.12445712684916399,0
7245-JMTTQ,0.4885553543826296,1338.0,200.7,-4.593880750812474,-0.022889291234740778,0
1963-VAUKV,0.43744051229902603,244.79999999999998,36.72,-4.594368776759531,-0.125118975401948,0
7733-UDMTP,0.4767348334268393,660.0,99.0,-4.606502981485832,-0.04653033314632154,0
1699-HPSBG,0.4785845029798705,717.5999999999999,107.63999999999999,-4.610328198493477,-0.04283099404025899,0
3523-QRQLL,0.48153049946404924,834.0,125.1,-4.621069034094887,-0.03693900107190158,0
9708-KFDBY,0.43731546538201127,246.60000000000002,36.99,-4.637401871038811,-0.1253690692359776,0
2002-MZHWP,0.43696729372264737,246.0,36.9,-4.651813723268624,-0.12606541255470527,0
3806-YAZOV,0.43087811704795026,225.60000000000002,33.84,-4.678169038194728,-0.1382437659040995,0
7729-JTEEC,0.4707232959230414,534.0,80.1,-4.690127993128769,-0.05855340815391722,0
7446-YPODE,0.4782913929275342,723.0,108.45,-4.708596874017843,-0.0434172141449317,0
8944-AILEF,0.4323897810209164,233.39999999999998,35.01,-4.734067532915432,-0.13522043795816716,0
1796-JANOW,0.4333643665042124,239.39999999999998,35.91,-4.785771197667465,-0.1332712669915752,0
7234-KMNRQ,0.4298404332240167,228.0,34.199999999999996,-4.798914367477252,-0.14031913355196646,0
0991-BRRFB,0.47291521547173776,592.8,88.91999999999999,-4.816758080506162,-0.05416956905652454,0
2342-CKIAO,0.43391037289954004,243.60000000000002,36.54,-4.829829948501615,-0.13217925420091997,0
0883-EIBTI,0.43106102379544364,234.0,35.1,-4.839516129559858,-0.13787795240911274,0
8562-GHPPI,0.4319654129581502,237.60000000000002,35.64,-4.849505364343052,-0.13606917408369956,0
7622-NXQZR,0.45497645025754985,361.20000000000005,54.18000000000001,-4.878751850091902,-0.09004709948490036,0
1732-VHUBQ,0.4805412927450311,846.5999999999999,126.98999999999998,-4.942122468617001,-0.038917414509937805,0
4860-YZGZM,0.4312134103191749,240.0,36.0,-4.9526344570194105,-0.13757317936165028,0
0030-FNXPP,0.4303987375410574,238.20000000000002,35.730000000000004,-4.973706215316042,-0.1392025249178853,0
0178-CIIKR,0.43069083084221543,239.39999999999998,35.91,-4.9777845289120854,-0.13861833831556908,0
5624-BQSSA,0.4337320988719619,251.39999999999998,37.709999999999994,-4.997925103076632,-0.1325358022560762,0
8166-ORCHU,0.4850976086588327,1122.6,168.39,-5.018827355878329,-0.02980478268233464,0
4936-YPJNK,0.4295880986534312,238.79999999999998,35.81999999999999,-5.0443086124681855,-0.14082380269313755,0
9971-ZWPBF,0.48712606059248204,1306.8000000000002,196.02,-5.047099205323349,-0.025747878815035957,0
7243-LCGGZ,0.43256851353081177,250.79999999999998,37.62,-5.0735450419417205,-0.13486297293837643,0
3727-JEZTU,0.43051468131416176,244.79999999999998,36.72,-5.103001804287963,-0.13897063737167656,0
8410-BGQXN,0.42648518651399936,232.79999999999998,34.919999999999995,-5.134274573862285,-0.1470296269720013,0
2542-HYGIQ,0.42836522575622243,239.39999999999998,35.91,-5.144809486188105,-0.14326954848755516,0
2654-VBVPB,0.4279199268036116,238.79999999999998,35.81999999999999,-5.163816443789262,-0.14416014639277674,0
7845-URHJN,0.42875866110779787,241.79999999999998,36.269999999999996,-5.167846723240341,-0.14248267778440424,0
2111-DWYHN,0.43180905845254325,253.20000000000002,37.980000000000004,-5.179783919944818,-0.13638188309491356,0
7776-QWNFX,0.47139345145185313,604.8,90.71999999999998,-5.190372168575763,-0.05721309709629369,0
5222-JCXZT,0.4241170490738327,228.0,34.199999999999996,-5.190393843349842,-0.15176590185233457,0
0816-TSPHQ,0.43029046034991536,249.0,37.35,-5.207302611861323,-0.13941907930016928,0
3675-YDUPJ,0.42708182146747115,238.20000000000002,35.730000000000004,-5.210733037934514,-0.14583635706505774,0
1614-JBEBI,0.4298355847983151,248.39999999999998,37.26,-5.2286522208295665,-0.14032883040337002,0
6467-CHFZW,0.4853164477676394,1192.1999999999998,178.82999999999996,-5.251719291426099,-0.029367104464721246,0
0691-NIKRI,0.4861721577113479,1271.4,190.71,-5.27421560573768,-0.02765568457730418,0
4827-USJHP,0.4713091428378461,621.5999999999999,93.23999999999998,-5.350271043598468,-0.05738171432430791,0
4558-CGYCZ,0.4241048572411063,237.0,35.55,-5.396144650157339,-0.15179028551778734,0
4895-TMWIR,0.4235491459813389,239.39999999999998,35.91,-5.4907003356202395,-0.1529017080373222,0
4132-POCZS,0.4615372578148345,478.79999999999995,71.82,-5.524788287477179,-0.0769254843703311,0
6728-VOIFY,0.48396983145657757,1152.0,172.79999999999998,-5.540026248606779,-0.03206033708684479,0
2700-LUEVA,0.4257342799686603,249.0,37.35,-5.547649286341077,-0.14853144006267943,0
9770-LXDBK,0.42445920961468514,244.79999999999998,36.72,-5.547715645897526,-0.1510815807706298,0
9057-MSWCO,0.4497494405071709,369.0,55.35,-5.5627369358561864,-0.10050111898565829,0
6734-CKRSM,0.4227009475862377,240.0,36.0,-5.565531773790884,-0.15459810482752456,0
6776-TLWOI,0.4215601708463845,238.20000000000002,35.730000000000004,-5.605310191317368,-0.1568796583072311,0
3090-QFUVD,0.42318611110212895,243.60000000000002,36.54,-5.613559000656416,-0.15362777779574208,0
8006-PYCSW,0.422406243625042,241.20000000000002,36.18,-5.614684211291959,-0.15518751274991593,0
3445-HXXGF,0.4653929704133391,543.5999999999999,81.53999999999998,-5.643714384992663,-0.06921405917332185,0
2839-RFSQE,0.42396692701154154,247.79999999999998,37.169999999999995,-5.652298645962002,-0.15206614597691695,0
0137-UDEUO,0.4205800637928481,238.20000000000002,35.730000000000004,-5.67534864136308,-0.15883987241430392,0
1697-NVVGY,0.47614843993201394,796.8000000000001,119.52000000000001,-5.7014769186513945,-0.04770312013597217,0
7694-VLBWQ,0.4847294328178263,1249.1999999999998,187.37999999999997,-5.722797757191387,-0.03054113436434725,0
8439-LTUGF,0.4202121561187479,240.0,36.0,-5.7447247594501505,-0.1595756877625042,0
6728-WYQBC,0.42331072623885463,251.39999999999998,37.709999999999994,-5.7839050270655825,-0.15337854752229074,0
7968-QUXNS,0.4150890094153467,227.39999999999998,34.10999999999999,-5.792627777685041,-0.16982198116930644,0
1666-JZPZT,0.46556999287486617,588.0,88.2,-6.07345325687362,-0.0688600142502678,0
5562-YJQGT,0.4167776787026652,244.20000000000002,36.63,-6.096867258242746,-0.16644464259466954,0
4397-FRLTA,0.41563412214939266,241.79999999999998,36.269999999999996,-6.119900779283057,-0.1687317557012147,0
8445-DNBAE,0.4657541672899259,600.5999999999999,90.08999999999999,-6.170414137701158,-0.06849166542014828,0
1855-CFULU,0.41432650249168496,240.60000000000002,36.09,-6.183913050150181,-0.17134699501663012,0
5687-DKDTV,0.4148965399701177,244.20000000000002,36.63,-6.2346794817891755,-0.17020692005976454,0
8663-UPDGF,0.4749737299009005,834.0,125.1,-6.261572778794701,-0.05005254019819905,0
3847-BAERP,0.41631747231986577,250.79999999999998,37.62,-6.2962733826533,-0.1673650553602685,0
1336-EZFZY,0.4124970502486893,240.60000000000002,36.09,-6.315962913049606,-0.17500589950262138,0
6907-CQGPN,0.4483672121679396,411.59999999999997,61.739999999999995,-6.375616641502816,-0.10326557566412077,0
3863-IUBJR,0.4666482466186421,643.8,96.57,-6.4415576480754595,-0.06670350676271575,0
0277-BKSQP,0.4668784337661586,652.8,97.91999999999999,-6.486527531235495,-0.06624313246768276,0
1784-BXEFA,0.4110915559313092,246.60000000000002,36.99,-6.577446692201747,-0.17781688813738164,0
0520-FDVVT,0.4820982761811317,1228.1999999999998,184.22999999999996,-6.596069158300196,-0.03580344763773651,0
6112-KTHFQ,0.4049595715995391,231.60000000000002,34.74,-6.603408965264023,-0.1900808568009218,0
6377-KSLXC,0.40792548933110656,239.39999999999998,35.91,-6.612791356239928,-0.18414902133778693,0
9367-OIUXP,0.4111234755817784,248.39999999999998,37.26,-6.623078599645876,-0.17775304883644327,0
8785-EPNCG,0.4204596112462539,277.79999999999995,41.669999999999995,-6.628895998737207,-0.1590807775074924,0
4324-AHJKS,0.46677649314600045,669.5999999999999,100.43999999999998,-6.6739380568314175,-0.06644701370799899,0
6394-HHHZM,0.41041724599314294,248.39999999999998,37.26,-6.6757068285909895,-0.17916550801371417,0
2439-QKJUL,0.4080786926055648,243.0,36.449999999999996,-6.701063309054327,-0.18384261478887043,0
3363-EWLGO,0.40593579415139275,239.39999999999998,35.91,-6.755691264046973,-0.18812841169721453,0
1218-VKFPE,0.3999641366482583,228.0,34.199999999999996,-6.842453053259131,-0.2000717267034834,0
1385-TQOZW,0.4067521075113705,245.39999999999998,36.809999999999995,-6.864909845012907,-0.1864957849772591,0
1518-OMDIK,0.45669036672735247,534.5999999999999,80.18999999999998,-6.945998984267206,-0.08661926654529502,0
9701-CDXHR,0.47209036768287155,829.8000000000001,124.47,-6.947823869025939,-0.05581926463425676,0
0617-FHSGK,0.47422435007540287,902.4000000000001,135.36,-6.977983947586949,-0.05155129984919436,0
7854-EDSSA,0.4670473388699532,708.0,106.2,-6.9991452240219445,-0.06590532226009364,0
3977-QCRSL,0.40302146966641866,241.79999999999998,36.269999999999996,-7.03482259039799,-0.1939570606671627,0
4869-EPIUS,0.4757267162685336,970.8000000000001,145.62,-7.069351153952283,-0.04854656746293286,0
1324-NLTJE,0.46412732416050767,660.0,99.0,-7.102789816219499,-0.07174535167898484,0
5482-NUPNA,0.4667017162204509,724.8,108.71999999999998,-7.240378825025147,-0.06659656755909812,0
1120-BMWUB,0.4619589418930728,646.8,97.02,-7.381486915068152,-0.07608211621385438,0
2843-CQMEG,0.4586990642388369,596.4000000000001,89.46000000000001,-7.389563426387312,-0.0826018715223263,0
7746-AWNQW,0.44201617375836383,429.0,64.35,-7.462518437298577,-0.11596765248327238,0
8644-XYTSV,0.4481870676622741,481.79999999999995,72.27,-7.489041240094906,-0.10362586467545187,0
9986-BONCE,0.39978823435581773,251.39999999999998,37.709999999999994,-7.557971364884224,-0.20042353128836451,0
4785-NKHCX,0.39518261553589046,240.60000000000002,36.09,-7.56571881061943,-0.20963476892821914,0
9618-LFJRU,0.39666008020128113,245.39999999999998,36.809999999999995,-7.607884895581684,-0.20667983959743777,0
3675-EQOZA,0.39710555647277507,247.79999999999998,37.169999999999995,-7.649172931813901,-0.20578888705444986,0
2320-YKQBO,0.38916730369883207,231.60000000000002,34.74,-7.70065573900515,-0.2216653926023359,0
2684-EIWEO,0.4766483704365002,1100.4,165.06,-7.7088399515025685,-0.046703259126999686,0
7787-BNTZM,0.39369067166877375,241.79999999999998,36.269999999999996,-7.711678677147152,-0.2126186566624525,0
7706-DZNKK,0.3952096650387277,245.39999999999998,36.809999999999995,-7.714664459848866,-0.2095806699225446,0
5022-JNQEQ,0.47166018837993207,910.1999999999999,136.52999999999997,-7.738468960975723,-0.05667962324013568,0
8981-FJGLA,0.4724361949017301,936.0,140.4,-7.739916471594199,-0.055127610196539875,0
6621-YOBKI,0.3935627325862892,244.20000000000002,36.63,-7.797594210728452,-0.21287453482742155,0
1625-JAIIY,0.4738997443520222,996.0,149.4,-7.798756387615782,-0.0522005112959557,0
6806-YDEUL,0.388869657938443,234.0,35.1,-7.801350012721301,-0.22226068412311398,0
4140-WJAWW,0.39059060397198075,238.20000000000002,35.730000000000004,-7.818395440162259,-0.21881879205603857,0
6551-GNYDG,0.4730008676615792,970.8000000000001,145.62,-7.863227302241654,-0.05399826467684146,0
9970-QBCDA,0.38858092294329355,236.39999999999998,35.459999999999994,-7.901840944861618,-0.22283815411341285,0
0691-JVSYA,0.47673798811122564,1138.1999999999998,170.72999999999996,-7.943046579540862,-0.04652402377754855,0
5850-BDWCY,0.39071381101441915,242.39999999999998,36.35999999999999,-7.947291663031436,-0.21857237797116164,0
8205-OTCHB,0.4493592395529406,525.0,78.75,-7.975919770411863,-0.1012815208941189,0
6131-JLWZM,0.39044295429838544,243.60000000000002,36.54,-8.006428899873992,-0.21911409140322913,0
1925-GMVBW,0.39141934403447043,246.60000000000002,36.99,-8.032796928329876,-0.2171613119310591,0
2159-TURXX,0.388139310688133,240.60000000000002,36.09,-8.074104554530564,-0.2237213786237341,0
7083-YNSKY,0.4109754158515859,304.79999999999995,45.71999999999999,-8.14040797453098,-0.17804916829682813,0
2018-PZKMU,0.4780426402653304,1237.1999999999998,185.57999999999996,-8.14969363911996,-0.04391471946933916,0
4939-KYYPY,0.46182871227812117,713.4000000000001,107.01,-8.169418998236495,-0.07634257544375754,0
5600-KTXFM,0.4675076488284021,839.4000000000001,125.91000000000001,-8.182223872031784,-0.0649847023431958,0
1383-EZRWL,0.38528989821820814,240.60000000000002,36.09,-8.27977514660974,-0.2294202035635838,0
6972-SNKKW,0.383858285658372,240.0,36.0,-8.362203432597216,-0.232283428683256,0
0278-YXOOG,0.38796643365911226,252.60000000000002,37.89,-8.489903657312471,-0.22406713268177542,0
2928-HLDBA,0.3857127733666609,248.39999999999998,37.26,-8.516684128716435,-0.22857445326667833,0
1153-GNOLC,0.438973807725292,469.20000000000005,70.38000000000001,-8.590046824587908,-0.12205238454941612,0
6490-FGZAT,0.3832929044305738,247.79999999999998,37.169999999999995,-8.676005484631144,-0.23341419113885245,0
4879-GZLFH,0.4738040450404594,1105.8000000000002,165.87000000000003,-8.69024609827801,-0.052391909919081256,0
0733-VUNUW,0.4565729183344938,667.8,100.16999999999999,-8.700181540867504,-0.08685416333101233,0
8148-BPLZQ,0.4513308142028903,597.5999999999999,89.63999999999999,-8.725411629705832,-0.09733837159421947,0
8409-WQJUX,0.45508505489278245,650.4000000000001,97.56000000000002,-8.763804089320303,-0.08982989021443523,0
4913-EHYUI,0.4765190366725502,1254.6,188.18999999999997,-8.837764977185543,-0.04696192665489954,0
0314-TKOSI,0.4551429710278012,661.8,99.27,-8.905914532140358,-0.08971405794439768,0
6979-TNDEU,0.3707991921258354,230.39999999999998,34.559999999999995,-8.930359840262255,-0.2584016157483292,0
2000-MPKCA,0.4768555314339718,1293.0,193.95,-8.977739356762356,-0.04628893713205649,0
1208-DNHLN,0.44811317056397854,580.2,87.03,-9.031421531633896,-0.10377365887204293,0
1710-RCXUS,0.47221764068244476,1084.1999999999998,162.62999999999997,-9.036490191628019,-0.0555647186351105,0
2212-LYASK,0.4451589899288991,550.2,82.53,-9.05205712233591,-0.10968202014220174,0
7634-WSWDB,0.43468460722902574,462.0,69.3,-9.052713438057026,-0.13063078554194843,0
2023-VQFDL,0.36737738091631006,228.0,34.199999999999996,-9.071387145324387,-0.26524523816737977,0
0621-HJWXJ,0.4688509715456673,978.5999999999999,146.79,-9.144731773623022,-0.06229805690866559,0
0750-EKNGL,0.37734235391720017,249.0,37.35,-9.162526162385152,-0.24531529216559977,0
5863-OOKCL,0.3649515084587683,226.20000000000002,33.93,-9.164390635987985,-0.27009698308246344,0
3870-MQAMG,0.47685883564349146,1324.1999999999998,198.62999999999997,-9.193058952266568,-0.04628232871301702,0
1009-IRMNA,0.3718660374375864,240.0,36.0,-9.225645304493781,-0.25626792512482727,0
9364-YKUVW,0.36900207990590367,237.60000000000002,35.64,-9.337531744307185,-0.2619958401881926,0
7502-BNYGS,0.46208142481088155,829.1999999999999,124.37999999999998,-9.432624764045116,-0.07583715037823699,0
1991-VOPLL,0.362413457002913,228.60000000000002,34.29,-9.435685118740224,-0.27517308599417395,0
6345-ULYRW,0.4701935587309376,1060.8000000000002,159.12000000000003,-9.485601869466421,-0.05961288253812481,0
6671-NGWON,0.37010562299428296,244.20000000000002,36.63,-9.516062059438834,-0.25978875401143414,0
7356-AYNJP,0.3876936713389127,286.79999999999995,43.01999999999999,-9.66283651799995,-0.2246126573221746,0
2332-EFBJY,0.3635094426264756,236.39999999999998,35.459999999999994,-9.679910328930344,-0.27298111474704867,0
9820-RMCQV,0.44416441668930395,582.5999999999999,87.38999999999999,-9.758943251043462,-0.11167116662139219,0
6778-JFCMK,0.4463887656575503,607.2,91.08,-9.765822447820625,-0.10722246868489926,0
1591-NFNLQ,0.4658421053537213,960.0,144.0,-9.837473658128289,-0.06831578929255756,0
9505-SQFSW,0.43197112846927344,483.59999999999997,72.53999999999999,-9.86962868167781,-0.13605774306145313,0
9191-MYQKX,0.4630807944068013,901.8000000000001,135.27,-9.988121881184,-0.07383841118639757,0
4568-TTZRT,0.3639526004815619,244.79999999999998,36.72,-9.991321020634093,-0.27209479903687617,0
7727-SHVZV,0.35657071309433225,234.0,35.1,-10.068735940777877,-0.2868585738113355,0
8651-ENBZX,0.473577971883916,1272.0,190.79999999999998,-10.082645929097652,-0.05284405623216799,0
0771-WLCLA,0.4751978848439717,1355.4,203.31,-10.08503606474423,-0.049604230312056616,0
0310-VQXAM,0.358815769606769,238.20000000000002,35.730000000000004,-10.08902510390029,-0.28236846078646205,0
2252-ISRNH,0.4689210741560931,1084.1999999999998,162.62999999999997,-10.10873141998917,-0.06215785168781388,0
5396-IZEPB,0.3571079677624719,236.39999999999998,35.459999999999994,-10.13390292628549,-0.28578406447505617,0
6278-FEPBZ,0.36036672535539616,243.0,36.449999999999996,-10.179265721591616,-0.2792665492892076,0
3723-BFBGR,0.4483757771180711,657.5999999999999,98.63999999999999,-10.18442669014695,-0.10324844576385799,0
8190-ZTQFB,0.4448392709992278,616.2,92.43,-10.197012363082749,-0.11032145800154439,0
3530-CRZSB,0.36267852599873157,247.79999999999998,37.169999999999995,-10.208478377254295,-0.2746429480025369,0
2967-MXRAV,0.34793122241943075,225.60000000000002,33.84,-10.29201486665293,-0.3041375551611386,0
5294-DMSFH,0.46730984180598806,1053.6,158.04,-10.332705201963307,-0.06538031638802397,0
6036-TTFYU,0.35355709864415186,235.20000000000002,35.28,-10.333011119668644,-0.29288580271169623,0
4083-EUGRJ,0.3567741019452505,243.0,36.449999999999996,-10.441167968191234,-0.2864517961094989,0
5897-ZYEKH,0.47243038122152264,1267.1999999999998,190.07999999999996,-10.480866274825928,-0.0551392375569546,0
5351-QESIO,0.37837884535694977,290.4,43.559999999999995,-10.595634992502532,-0.2432423092861004,0
3071-VBYPO,0.46685251433508396,1078.1999999999998,161.72999999999996,-10.72188571317372,-0.06629497132983196,0
3927-NLNRY,0.4680629333104821,1131.0,169.65,-10.836246727753434,-0.06387413337903586,0
4623-ZKHLY,0.3518488903006272,245.39999999999998,36.809999999999995,-10.90688469606782,-0.2963022193987455,0
0787-LHDYT,0.35279416105924416,247.20000000000002,37.08,-10.91678501584645,-0.2944116778815116,0
2791-SFVEW,0.3493601008040304,241.79999999999998,36.269999999999996,-10.927418287675632,-0.30127979839193914,0
7998-ZLXWN,0.35082778033772954,245.39999999999998,36.809999999999995,-10.982058811536351,-0.29834443932454097,0
2428-ZMCTB,0.34539603474706726,237.0,35.55,-10.992341929483516,-0.3092079305058654,0
5349-AZPEW,0.37778128936320504,300.6,45.09,-11.02168332522617,-0.24443742127358992,0
3402-XRIUO,0.45156100439157615,762.5999999999999,114.38999999999999,-11.081873415295206,-0.09687799121684769,0
4360-QRAVE,0.41558388122996126,439.79999999999995,65.96999999999998,-11.137862710518903,-0.1688322375400774,0
1226-JZNKR,0.34244069328501253,237.60000000000002,35.64,-11.230827382644307,-0.31511861342997494,0
4801-JZAZL,0.39426598456530654,355.20000000000005,53.28000000000001,-11.267016684720936,-0.2114680308693869,0
2731-GJRDG,0.47136027650927603,1314.6,197.18999999999997,-11.2949341502717,-0.05727944698144785,0
3164-YAXFY,0.44145656895511687,645.0,96.75,-11.328153907184884,-0.11708686208976625,0
8903-XEBGX,0.4430355370300169,663.5999999999999,99.53999999999998,-11.34048528806423,-0.11392892593996616,0
7483-IQWIB,0.46591882984396005,1115.4,167.31,-11.40424115761408,-0.06816234031207985,0
9932-WBWIK,0.34415635095506236,244.20000000000002,36.63,-11.41710572903213,-0.3116872980898752,0
0142-GVYSN,0.3428666961065302,243.60000000000002,36.54,-11.483301848534769,-0.3142666077869395,0
5073-WXOYN,0.436948409658976,609.5999999999999,91.43999999999998,-11.530874841566472,-0.12610318068204807,0
3750-RNQKR,0.33489151938889783,233.39999999999998,35.01,-11.560895812389376,-0.3302169612222044,0
8637-XJIVR,0.4593016502025613,947.4000000000001,142.11,-11.567284979428052,-0.08139669959487757,0
0098-BOWSO,0.3343486135790265,232.79999999999998,34.919999999999995,-11.569092827640787,-0.331302772841947,0
4685-ERGHK,0.4629572335180261,1042.8000000000002,156.42000000000002,-11.588459066220707,-0.07408553296394775,0
3787-TRIAL,0.3762054103046073,312.6,46.89,-11.609456621633925,-0.24758917939078534,0
7296-PIXQY,0.45400800410170356,842.4000000000001,126.36000000000001,-11.623097203417487,-0.09198399179659296,0
3545-CNWRG,0.4670439264026834,1180.1999999999998,177.02999999999997,-11.6684274178659,-0.06591214719463312,0
1237-WIYYZ,0.33418203971250504,234.60000000000002,35.190000000000005,-11.670268045033897,-0.3316359205749899,0
9323-HGFWY,0.4680743940974581,1222.8000000000002,183.42000000000002,-11.711589269288453,-0.0638512118050837,0
1563-IWQEX,0.3346586244407498,236.39999999999998,35.459999999999994,-11.72601035466202,-0.3306827511185003,0
1113-IUJYX,0.469234855033216,1271.4,190.71,-11.73444159323077,-0.061530289933568086,0
2371-JUNGC,0.33830095040785285,243.0,36.449999999999996,-11.787860715267524,-0.32339809918429424,0
0380-ZCSBI,0.33579973239046923,240.0,36.0,-11.822419267886218,-0.3284005352190616,0
6202-JVYEU,0.3345842973861267,238.79999999999998,35.81999999999999,-11.850380935257878,-0.3308314052277465,0
3237-AJGEH,0.39378629453332464,372.0,55.8,-11.853449530080972,-0.21242741093335077,0
3313-QKNKB,0.46145990284789257,1026.6,153.98999999999998,-11.869579120906053,-0.07708019430421491,0
6131-FOYAS,0.44449523487592,715.2,107.28,-11.909102405022594,-0.1110095302481599,0
0810-BDHAW,0.4575285147329415,940.8000000000001,141.12,-11.987152001774604,-0.08494297053411709,0
2672-TGEFF,0.46241696820654093,1065.6,159.83999999999997,-12.014543603732989,-0.0751660635869181,0
3858-XHYJO,0.4683792589920492,1269.0,190.35,-12.038016101726868,-0.06324148201590159,0
6281-FKEWS,0.4317523967995055,588.5999999999999,88.28999999999998,-12.05116177314332,-0.13649520640098906,0
7143-BQIBA,0.4460339007529184,747.0,112.05,-12.093802841270985,-0.10793219849416319,0
2882-DDZPG,0.32707725505981766,233.39999999999998,35.01,-12.108050600711568,-0.34584548988036473,0
5562-BETPV,0.32776688314999386,235.79999999999998,35.37,-12.183770685969435,-0.34446623370001234,0
8547-NSBBO,0.46492251663176776,1161.0,174.15,-12.2174874571553,-0.07015496673646454,0
1840-BIUOG,0.45031997443772726,824.4000000000001,123.66000000000001,-12.2868639220613,-0.09936005112454552,0
3842-IYKUE,0.4599528653438297,1023.5999999999999,153.54,-12.297674110216775,-0.0800942693123406,0
9342-VNIMQ,0.4374782458562721,655.8,98.36999999999999,-12.300529910237032,-0.12504350828745586,0
2538-OIMXF,0.361175531803595,296.4,44.459999999999994,-12.34427171202433,-0.27764893639280996,0
8182-PNAGI,0.4317070369250665,603.0,90.45,-12.35419702025547,-0.13658592614986698,0
1041-RXHRA,0.45105809163593197,843.0,126.44999999999999,-12.377408625272807,-0.09788381672813609,0
8292-TYSPY,0.4373181097984713,660.0,99.0,-12.411014259902686,-0.12536378040305743,0
9367-TCUYN,0.3282908463774418,241.20000000000002,36.18,-12.42487435612831,-0.34341830724511635,0
8942-DBMHZ,0.3309246261788606,245.39999999999998,36.809999999999995,-12.447329020712282,-0.3381507476422788,0
7036-ZZKBD,0.447787394622532,796.8000000000001,119.52000000000001,-12.480901189429972,-0.10442521075493616,0
7531-GQHME,0.3270792242615355,240.60000000000002,36.09,-12.481421592802366,-0.3458415514769289,0
2946-KIQSP,0.3962438342727198,401.40000000000003,60.21,-12.494317476879075,-0.2075123314545603,0
5025-GOOKI,0.31546953432210995,226.79999999999998,34.019999999999996,-12.555452884723639,-0.36906093135578016,0
9256-JTBNZ,0.3272873890281076,243.60000000000002,36.54,-12.621837609825896,-0.3454252219437848,0
8457-XIGKN,0.3209595129136476,235.20000000000002,35.28,-12.633096768813026,-0.3580809741727048,0
3318-ISQFQ,0.3190682640503315,234.0,35.1,-12.70140786366673,-0.36186347189933704,0
4580-TMHJU,0.4371414142326831,673.8,101.07,-12.706234527005435,-0.12571717153463377,0
1179-INLAT,0.3180910923848947,233.39999999999998,35.01,-12.737261711209676,-0.36381781523021073,0
4350-ZTLPI,0.4672380653699516,1307.4,196.11,-12.849886000597593,-0.06552386926009685,0
1539-LNKHM,0.3245219634743476,244.79999999999998,36.72,-12.887107002443912,-0.35095607305130483,0
6838-HVLXG,0.3232471297067453,243.60000000000002,36.54,-12.917099761031054,-0.3535057405865094,0
7530-HDYDS,0.4573047751538458,1011.0,151.65,-12.949461695838579,-0.08539044969230847,0
2667-WYLWJ,0.3178254315075984,237.0,35.55,-12.95261181980975,-0.36434913698480315,0
3417-TSCIC,0.35515468702738473,298.20000000000005,44.730000000000004,-12.957861698530163,-0.28969062594523054,0
6664-FPDAC,0.4677668947375761,1343.4,201.51000000000002,-12.99058608286208,-0.0644662105248478,0
3174-RKMOW,0.46703650459778867,1319.4,197.91,-13.047610750103274,-0.06592699080442259,0
1397-XKKWR,0.3966993858360514,423.59999999999997,63.53999999999999,-13.127442047954588,-0.20660122832789724,0
4464-JCOLN,0.31475030640868046,238.20000000000002,35.730000000000004,-13.237943104035697,-0.37049938718263914,0
5537-UXXVS,0.30806958060177797,231.0,34.65,-13.300778064296786,-0.38386083879644406,0
4697-LUPSU,0.3170677661569876,242.39999999999998,36.35999999999999,-13.302832045063855,-0.3658644676860247,0
8715-KKTFG,0.46412658491429987,1239.6,185.93999999999997,-13.340605602070156,-0.07174683017140022,0
3061-BCKYI,0.3120291091645856,238.79999999999998,35.81999999999999,-13.466234619449086,-0.3759417816708288,0
7018-WBJNK,0.4521945684134207,939.5999999999999,140.93999999999997,-13.475395055624958,-0.0956108631731585,0
0804-XBFBV,0.3509839091667559,302.4,45.35999999999999,-13.518739760391899,-0.2980321816664881,0
9092-GDZKO,0.34871535172012175,298.20000000000005,44.730000000000004,-13.53392463511791,-0.3025692965597565,0
8108-UXRQN,0.42539719639205814,606.5999999999999,90.98999999999998,-13.576218200573251,-0.14920560721588366,0
4770-QAZXN,0.30600647256819574,233.39999999999998,35.01,-13.583426790774933,-0.3879870548636085,0
6097-EQISJ,0.4629128237685701,1229.4,184.41,-13.678492337675976,-0.0741743524628598,0
3623-FQBOX,0.30923820503236116,239.39999999999998,35.91,-13.700512114575822,-0.38152358993527774,0
2239-JALAW,0.46310059482735627,1239.0,185.85,-13.715508902671672,-0.07379881034528746,0
8212-DJRCH,0.45756158466266644,1084.1999999999998,162.62999999999997,-13.803518972621106,-0.08487683067466709,0
8138-EALND,0.3052957552851066,237.0,35.55,-13.843471799228919,-0.3894084894297868,0
4881-GQJTW,0.30316124869515365,235.20000000000002,35.28,-13.88894229206996,-0.3936775026096927,0
1140-UKVZG,0.34436292887844794,297.6,44.64,-13.89527770973217,-0.3112741422431042,0
4701-AHWMW,0.42913790624544285,654.5999999999999,98.18999999999998,-13.915897971519925,-0.14172418750911425,0
3886-CERTZ,0.4645728028071881,1311.0,196.65,-13.93351665593292,-0.0708543943856238,0
6994-ORCWG,0.4285953706766505,651.0,97.64999999999999,-13.945324106850165,-0.1428092586466991,0
2223-KAGMX,0.30023648332483743,232.79999999999998,34.919999999999995,-13.95148400459335,-0.3995270333503251,0
8904-OPDCK,0.34448292566793126,299.4,44.91,-13.968543616506413,-0.3110341486641375,0
9367-WXLCH,0.45390843786194845,1014.0,152.1,-14.02105320239528,-0.09218312427610309,0
7311-MQJCH,0.3001998093421755,234.60000000000002,35.190000000000005,-14.061937418497692,-0.39960038131564907,0
2716-GFZOR,0.45425763946776193,1033.1999999999998,154.97999999999996,-14.1783020705725,-0.09148472106447608,0
9391-TTOYH,0.29749715912835073,234.0,35.1,-14.21569942918978,-0.40500568174329854,0
9867-NNXLC,0.30208875426399173,240.60000000000002,36.09,-14.28523371722508,-0.3958224914720166,0
6040-CGACY,0.29690621937398354,235.20000000000002,35.28,-14.330297160971721,-0.4061875612520329,0
9575-IWCAZ,0.3411211330942826,301.20000000000005,45.18000000000001,-14.356294413600626,-0.3177577338114348,0
3055-OYMSE,0.4456322558953541,885.5999999999999,132.83999999999997,-14.444422253722323,-0.10873548820929183,0
3709-OIJEA,0.45265887146120115,1022.4000000000001,153.36,-14.520470945420385,-0.0946822570775977,0
7921-LMDFQ,0.4569909912839579,1128.0,169.2,-14.554248549508657,-0.08601801743208426,0
7603-USHJS,0.44494767686676406,885.0,132.75,-14.61639179187415,-0.11010464626647194,0
0347-UBKUZ,0.29556386493952697,238.79999999999998,35.81999999999999,-14.645804715732282,-0.40887227012094596,0
3256-EZDBI,0.36096793659990745,353.4,53.01,-14.74017936167781,-0.2780641268001851,0
8573-CGOCC,0.2903539631242386,237.0,35.55,-14.905833221866633,-0.4192920737515228,0
3339-EAQNV,0.45737532025109223,1167.0,175.04999999999998,-14.922900380092614,-0.08524935949781556,0
3845-JHAMY,0.382997101282945,426.0,63.9,-14.95297045603963,-0.23400579743411,0
2320-JRSDE,0.2906324366642085,238.79999999999998,35.81999999999999,-14.999092237376097,-0.4187351266715829,0
6082-GLJIX,0.2823992495859593,231.0,34.65,-15.079732003693021,-0.43520150082808146,0
9522-ZSINC,0.28971894331092746,239.39999999999998,35.91,-15.10238549140919,-0.42056211337814514,0
5198-EFNBM,0.4537123340965377,1087.8000000000002,163.17000000000002,-15.105516890935888,-0.0925753318069246,0
4361-JEIVL,0.4052579981902956,532.8,79.91999999999999,-15.143561569263142,-0.1894840036194087,0
4079-ULGFR,0.2887979592109089,240.0,36.0,-15.206546936814561,-0.42240408157818227,0
5577-OTWWW,0.2856908072893426,237.0,35.55,-15.237383601727739,-0.42861838542131475,0
2659-VXMWZ,0.4616905912494409,1335.6,200.33999999999997,-15.349813898174034,-0.07661881750111828,0
6924-TDGMT,0.2920016183443623,246.60000000000002,36.99,-15.387720274884082,-0.4159967633112755,0
2656-FMOKZ,0.442466554502692,893.4000000000001,134.01000000000002,-15.420114062188503,-0.11506689099461608,0
7957-RYHQD,0.4458830883997229,950.4000000000001,142.56,-15.429813835470995,-0.10823382320055411,0
1202-KKGFU,0.4208948031174997,650.4000000000001,97.56000000000002,-15.435006015713455,-0.15821039376500054,0
9498-FIMXL,0.27658376474405183,230.39999999999998,34.559999999999995,-15.442530180891136,-0.4468324705118964,0
4628-CTTLA,0.3907898329812429,471.59999999999997,70.74,-15.451054429813752,-0.21842033403751418,0
6128-DAFVY,0.4041088030241036,538.2,80.73,-15.482592663728227,-0.19178239395179272,0
2958-NHPPS,0.2937302228445868,250.20000000000002,37.53,-15.482609473285315,-0.4125395543108264,0
4283-IVYCI,0.43362520183774594,779.4000000000001,116.91000000000001,-15.519755306298237,-0.13274959632450803,0
1984-FCOWB,0.4606261884074493,1314.0,197.1,-15.521156529783497,-0.07874762318510145,0
8752-IMQOS,0.2849382843471788,241.20000000000002,36.18,-15.56186574463814,-0.43012343130564235,0
4488-PSYCG,0.2846060514020341,243.0,36.449999999999996,-15.70221885279171,-0.43078789719593175,0
0870-VEMYL,0.41895078402905883,646.2,96.93,-15.71220100812667,-0.16209843194188248,0
3780-YVMFA,0.43594125175714693,822.5999999999999,123.38999999999999,-15.808417891371278,-0.12811749648570614,0
1057-FOGLZ,0.27430931457361624,235.79999999999998,35.37,-15.965359087062389,-0.4513813708527676,0
5882-CMAZQ,0.37002948842340827,411.0,61.65,-16.02536407739376,-0.25994102315318346,0
4929-ROART,0.4205407634299923,675.0,101.25,-16.090495405426566,-0.15891847314001548,0
3824-RHKVR,0.27279203495611604,236.39999999999998,35.459999999999994,-16.113588880912246,-0.45441593008776787,0
8671-KKKOS,0.4015895071968483,546.5999999999999,81.98999999999998,-16.137352609860812,-0.1968209856063034,0
2484-DGXPZ,0.2706685296203953,234.60000000000002,35.190000000000005,-16.140348885316584,-0.4586629407592095,0
1193-RTSLK,0.4464752529252218,1006.8000000000001,151.02,-16.166614606466027,-0.10704949414955651,0
8189-DUKMV,0.2802173252430117,246.0,36.9,-16.219961397065738,-0.43956534951397663,0
1698-XFZCI,0.45816662112202744,1293.0,193.95,-16.227167666765524,-0.08366675775594497,0
7089-RKVSZ,0.31522337226375885,292.79999999999995,43.919999999999995,-16.230778980351424,-0.36955325547248236,0
0516-QREYC,0.27686429282507585,243.60000000000002,36.54,-16.306757480343453,-0.4462714143498482,0
7542-CYDDM,0.2737461972703525,240.60000000000002,36.09,-16.33099948102596,-0.452507605459295,0
4198-VFOEA,0.3648988870856593,403.20000000000005,60.480000000000004,-16.34183061811865,-0.27020222582868136,0
9142-KZXOP,0.43399468872248453,826.1999999999999,123.92999999999998,-16.36007645324497,-0.13201062255503085,0
2155-AMQRX,0.4172113253727159,658.8,98.82,-16.36235365333644,-0.16557734925456832,0
6022-KOUQO,0.34347038847522665,348.6,52.29,-16.369866773260796,-0.3130592230495467,0
2243-FNMMI,0.2655293292641428,232.79999999999998,34.919999999999995,-16.37543164419226,-0.4689413414717143,0
3190-XFANI,0.45468575166316993,1207.1999999999998,181.07999999999996,-16.41100817766636,-0.09062849667366006,0
8204-TIFGJ,0.2752595572289648,243.60000000000002,36.54,-16.424031557707252,-0.4494808855420704,0
1355-KUSBG,0.406271348081561,585.5999999999999,87.83999999999999,-16.466249569031362,-0.187457303836878,0
6179-GJPSO,0.45769392413296744,1297.8000000000002,194.67000000000002,-16.471447578070467,-0.08461215173406517,0
8780-RSYYU,0.26162600037485517,230.39999999999998,34.559999999999995,-16.476410854090005,-0.4767479992502896,0
2120-SMPEX,0.2723101231532858,241.79999999999998,36.269999999999996,-16.51662366646065,-0.4553797536934285,0
6261-LHRTG,0.4161225491698726,657.0,98.55,-16.5322455586181,-0.1677549016602547,0
7740-KKCXF,0.3466678928018838,360.6,54.09,-16.58746735669221,-0.3066642143962323,0
4323-SADQS,0.3657834564768093,414.0,62.099999999999994,-16.669694705580277,-0.2684330870463813,0
4701-MLJPN,0.4161726953263865,663.0,99.45,-16.67325089958173,-0.16765460934722706,0
5151-HQRDG,0.41582770691627924,660.5999999999999,99.08999999999999,-16.68126504333179,-0.16834458616744166,0
7639-SUPCW,0.4047967782975287,585.5999999999999,87.83999999999999,-16.725301988690163,-0.19040644340494267,0
5697-GOMBF,0.37019406402733857,430.79999999999995,64.61999999999999,-16.776119165106763,-0.2596118719453229,0
9033-EOXWV,0.4370652913763471,888.5999999999999,133.29,-16.777134624893407,-0.12586941724730594,0
2270-CHBFN,0.4509890277046293,1141.1999999999998,171.17999999999998,-16.779396475043114,-0.09802194459074143,0
7909-FIOIY,0.3120187821797649,298.20000000000005,44.730000000000004,-16.81679974619823,-0.37596243564047016,0
0853-NWIFK,0.4533565627329794,1203.6,180.54,-16.8420123283758,-0.09328687453404122,0
1170-SASML,0.44514847831418863,1024.8000000000002,153.72000000000003,-16.863551827085843,-0.10970304337162269,0
0308-IVGOK,0.3838827796295647,484.79999999999995,72.71999999999998,-16.8880885306761,-0.23223444074087052,0
9546-KDTRB,0.3091139607357886,296.4,44.459999999999994,-16.973586611373676,-0.3817720785284228,0
2316-ESMLS,0.3576932702358884,397.79999999999995,59.66999999999999,-16.98288513004907,-0.2846134595282231,0
7956-XQWGU,0.25593809853017624,232.79999999999998,34.919999999999995,-17.045283198652488,-0.48812380293964747,0
4926-UMJZD,0.4037317397741014,590.4000000000001,88.56000000000002,-17.051034251211163,-0.1925365204517972,0
3370-GQEAL,0.44446403701716586,1025.4,153.81,-17.08397293277943,-0.11107192596566824,0
1744-JHKYS,0.30743062143399585,296.4,44.459999999999994,-17.123269142089086,-0.3851387571320083,0
2903-YYTBW,0.39322605034916636,534.5999999999999,80.18999999999998,-17.124406045000697,-0.2135478993016673,0
6598-RFFVI,0.2533259590144404,231.60000000000002,34.74,-17.13891236767668,-0.4933480819711192,0
4815-TUMEQ,0.2531229582315169,231.60000000000002,34.74,-17.153016862074203,-0.4937540835369661,0
5206-HPJKM,0.4141001214326199,666.0,99.89999999999999,-17.162795737762536,-0.17179975713476014,0
5173-ZXXXL,0.2603696627598814,239.39999999999998,35.91,-17.210250820585316,-0.4792606744802372,0
8075-GXIUB,0.25908136000984766,238.20000000000002,35.730000000000004,-17.21604601369629,-0.4818372799803047,0
1866-OBPNR,0.4358273448428507,895.1999999999999,134.27999999999997,-17.234208269004,-0.12834531031429852,0
4826-TZEVA,0.43585409862174107,897.5999999999999,134.64,-17.27320832313758,-0.128291802756518,0
4828-FAZPK,0.4398722462759656,959.4000000000001,143.91,-17.305970076851565,-0.12025550744806869,0
6627-CFOSN,0.4516310152271102,1193.4,179.01000000000002,-17.31706392839004,-0.09673796954577979,0
9571-EDEBV,0.45122377353914467,1183.8000000000002,177.57000000000002,-17.322389065308187,-0.09755245292171079,0
5945-AZYHT,0.45599387892618076,1315.1999999999998,197.27999999999997,-17.363055130886124,-0.08801224214763852,0
1767-TGTKO,0.3936073640278296,545.4000000000001,81.81000000000002,-17.407963097766526,-0.21278527194434083,0
9967-ATRFS,0.2570032891353581,238.79999999999998,35.81999999999999,-17.408284366342944,-0.48599342172928384,0
0895-LMRSF,0.4252703506186601,778.8000000000001,116.82000000000001,-17.459835281456265,-0.14945929876267988,0
3097-PYWXL,0.256795856997027,239.39999999999998,35.91,-17.46692155047352,-0.486408286005946,0
2926-JEJJC,0.25898032482648925,242.39999999999998,36.35999999999999,-17.5269507786177,-0.48203935034702156,0
8631-XVRZL,0.2583465923448243,241.79999999999998,36.269999999999996,-17.529538191306443,-0.4833068153103514,0
6837-BJYDQ,0.2512650924556984,235.20000000000002,35.28,-17.55073507632592,-0.4974698150886032,0
3635-JBPSG,0.3743305376430951,465.59999999999997,69.83999999999999,-17.55351050201247,-0.25133892471380975,0
0002-ORFBO,0.425669058076932,787.1999999999999,118.07999999999998,-17.553995244551743,-0.14866188384613604,0
3948-XHGNA,0.40158573997996244,594.5999999999999,89.18999999999998,-17.5551357023743,-0.19682852004007517,0
6260-XLACS,0.25205815330085923,236.39999999999998,35.459999999999994,-17.58403576790306,-0.49588369339828153,0
7856-GANIL,0.4504389910622675,1184.4,177.66,-17.61001769575509,-0.09912201787546487,0
4318-RAJVY,0.2529093444259852,237.60000000000002,35.64,-17.61262192931577,-0.4941813111480295,0
3750-YHRYO,0.26252523106199194,247.79999999999998,37.169999999999995,-17.653874322851514,-0.47494953787601607,0
7677-SJJJK,0.2531045379068712,238.79999999999998,35.81999999999999,-17.687590904351744,-0.4937909241862576,0
7203-OYKCT,0.45312601681581943,1259.4,188.91,-17.709928326647116,-0.0937479663683612,0
4673-KKSLS,0.4436182971149682,1051.1999999999998,157.67999999999998,-17.78053382182364,-0.11276340577006368,0
7797-EJMDP,0.42514230032302974,792.5999999999999,118.88999999999999,-17.799663829189996,-0.1497153993539406,0
1110-KYLGQ,0.4542169872192509,1299.0,194.85,-17.841640080657925,-0.0915660255614982,0
8731-WBBMB,0.43936211616275267,982.8000000000001,147.42000000000002,-17.87847367057401,-0.1212757676744947,0
2351-RRBUE,0.25911723923912755,247.79999999999998,37.169999999999995,-17.907224434963254,-0.48176552152174484,0
8985-OOPOS,0.43271911663318413,889.1999999999999,133.38,-17.9478484469318,-0.13456176673363174,0
2862-JVEOY,0.23964737479678727,229.79999999999998,34.47,-17.948709981509484,-0.5207052504064255,0
1696-MZVAU,0.30201908805432964,303.0,45.449999999999996,-17.99646489586143,-0.3959618238913406,0
6419-ZTTLE,0.2587835332685522,249.0,37.35,-18.018870064839156,-0.48243293346289573,0
2284-VFLKH,0.44944559536876205,1191.0,178.65,-18.063088774741317,-0.10110880926247588,0
4163-KIUHY,0.3039690985273118,307.20000000000005,46.080000000000005,-18.06620787972295,-0.39206180294537646,0
1984-GPTEH,0.3001655658353453,301.79999999999995,45.26999999999999,-18.09300966926783,-0.3996688683293093,0
8246-SHFGA,0.2617639762658606,253.20000000000002,37.980000000000004,-18.09640836284523,-0.4764720474682788,0
5380-WJKOV,0.45272942959697177,1276.1999999999998,191.42999999999998,-18.098010584503413,-0.0945411408060566,0
4412-YLTKF,0.4355202380169454,936.5999999999999,140.48999999999998,-18.117523521998677,-0.12895952396610919,0
2908-ZTPNF,0.35551686709956576,418.20000000000005,62.730000000000004,-18.12685385368848,-0.2889662658008685,0
3146-JTQHR,0.2424743067663587,235.20000000000002,35.28,-18.171012914565733,-0.5150513864672827,0
6870-ECSHE,0.2525132033671494,245.39999999999998,36.809999999999995,-18.21997796811046,-0.49497359326570123,0
6674-KVJHG,0.29907733462295,302.4,45.35999999999999,-18.22770420300597,-0.40184533075409995,0
3694-DELSO,0.36828204077195337,462.59999999999997,69.38999999999999,-18.2798183816683,-0.26343591845609315,0
0447-BEMNG,0.3878223557262692,543.5999999999999,81.53999999999998,-18.293930228160008,-0.22435528854746153,0
3376-BMGFE,0.42827338148986727,850.8000000000001,127.62,-18.30750210852628,-0.14345323702026547,0
2586-CWXVV,0.33220993198815985,364.79999999999995,54.71999999999999,-18.362945043215788,-0.33558013602368036,0
7811-JIVPF,0.39731971010462275,596.4000000000001,89.46000000000001,-18.371557468080894,-0.20536057979075445,0
3679-XASPY,0.23725611802341343,233.39999999999998,35.01,-18.397326616000594,-0.5254877639531732,0
4393-OBCRR,0.24696975964674678,243.0,36.449999999999996,-18.445904521752155,-0.5060604807065063,0
2172-EJXVF,0.4515063333535932,1270.8000000000002,190.62000000000003,-18.48772547227614,-0.09698733329281364,0
8970-ANWXO,0.4302355491541697,885.0,132.75,-18.522461699567927,-0.13952890169166046,0
2065-MMKGR,0.42752249004847714,852.0,127.8,-18.52525154360923,-0.14495501990304563,0
2486-WYVVE,0.4351048935114548,951.5999999999999,142.73999999999998,-18.526255000349877,-0.12979021297709037,0
0851-DFJKB,0.4125812177769446,707.4000000000001,106.11000000000001,-18.552013963376822,-0.17483756444611082,0
7047-YXDMZ,0.2414016995603801,240.0,36.0,-18.619077631652633,-0.5171966008792398,0
0032-PGELS,0.33001933367085007,366.0,54.9,-18.663877162940658,-0.3399613326582998,0
5961-VUSRV,0.23064066733085092,232.20000000000002,34.83,-18.763571113732922,-0.5387186653382982,0
9501-UKKNL,0.3991336966758869,620.4000000000001,93.06000000000002,-18.773236374683947,-0.20173260664822634,0
2858-MOFSQ,0.4064557425159356,670.2,100.53,-18.808008409745995,-0.18708851496812887,0
5619-XZZKR,0.23788389764400245,239.39999999999998,35.91,-18.825178471207742,-0.524232204711995,0
0282-NVSJS,0.3214078184530648,351.6,52.74,-18.837903309570727,-0.3571843630938704,0
5777-ZPQNC,0.24002088324640783,241.79999999999998,36.269999999999996,-18.858885129305573,-0.5199582335071843,0
9374-YOLBJ,0.2271476638338444,231.0,34.65,-18.90866689631458,-0.5457046723323111,0
5982-FPVQN,0.4446489217344499,1141.8000000000002,171.27,-18.959958349081518,-0.11070215653110012,0
1952-DVVSW,0.2378456514285115,241.20000000000002,36.18,-18.969488662632905,-0.5243086971429769,0
1918-ZBFQJ,0.43347699968907794,951.0,142.65,-18.979011988706063,-0.1330460006218441,0
1423-BMPBQ,0.2224069121213443,228.0,34.199999999999996,-18.987367210900047,-0.5551861757573113,0
0103-CSITQ,0.4517819159842564,1312.8000000000002,196.92000000000002,-18.99021020876046,-0.09643616803148719,0
6137-MFAJN,0.3821598925059722,537.5999999999999,80.63999999999999,-19.005252536636803,-0.23568021498805564,0
3239-TPHPZ,0.23601441073878626,240.60000000000002,36.09,-19.05447983287441,-0.5279711785224275,0
5156-UMKOW,0.3213755153630496,355.79999999999995,53.36999999999999,-19.066377490148085,-0.3572489692739009,0
9103-CXVOK,0.23096988432649823,237.0,35.55,-19.128041224385974,-0.5380602313470035,0
1629-DQQVB,0.3936356858083745,601.2,90.18,-19.18386770760158,-0.21272862838325102,0
1866-ZSLJM,0.23994168562037,246.0,36.9,-19.192303601216697,-0.5201166287592601,0
6508-NJYRO,0.21556609197685622,225.60000000000002,33.84,-19.250486895006375,-0.5688678160462877,0
4923-ADWXJ,0.4187165451060207,789.5999999999999,118.43999999999998,-19.254424795285814,-0.1625669097879586,0
5546-QUERU,0.23112399676275164,239.39999999999998,35.91,-19.310674552499176,-0.5377520064744967,0
2550-QHZGP,0.2242965953890076,234.0,35.1,-19.35437900369167,-0.5514068092219848,0
1680-VDCWW,0.22813437318667992,237.60000000000002,35.64,-19.378581879253456,-0.5437312536266402,0
0956-SYCWG,0.2259968672545272,235.79999999999998,35.37,-19.382981610414745,-0.5480062654909457,0
9629-NHXFW,0.2215037889932763,232.79999999999998,34.919999999999995,-19.45017537670958,-0.5569924220134475,0
7854-EKTJL,0.22395165130893793,235.20000000000002,35.28,-19.47797148364134,-0.5520966973821242,0
5533-RJFTJ,0.32063096742109753,362.4,54.35999999999999,-19.50100122197827,-0.3587380651578049,0
0536-BGFMZ,0.23531608775765692,246.0,36.9,-19.53367272348492,-0.5293678244846862,0
8091-TTVAX,0.4458967552653885,1204.1999999999998,180.62999999999997,-19.54533819282574,-0.10820648946922296,0
5539-HIVAK,0.28728098322562845,308.4,46.26,-19.680763431964856,-0.4254380335487431,0
1498-DQNRX,0.22437251269130382,238.20000000000002,35.730000000000004,-19.696340243079433,-0.5512549746173924,0
6689-VRRTK,0.450133756832145,1317.6,197.64,-19.711128599389724,-0.09973248633571001,0
9058-HRZSV,0.44195681671535003,1132.8000000000002,169.92000000000002,-19.725395407455437,-0.11608636656929988,0
9467-ROOLM,0.21228079710621783,228.60000000000002,34.29,-19.73178293445558,-0.5754384057875643,0
8064-RAVOH,0.3899311239548132,598.2,89.73,-19.752960495069217,-0.22013775209037353,0
8937-RDTHP,0.4350123147018819,1015.1999999999999,152.27999999999997,-19.792649434394832,-0.12997537059623612,0
0365-TRTPY,0.43968471872184345,1094.4,164.16,-19.80271314924434,-0.12063056255631299,0
6142-VSJQO,0.37593672510784143,532.2,79.83,-19.807942469282033,-0.24812654978431709,0
3131-NWVFJ,0.21854225310436684,234.60000000000002,35.190000000000005,-19.808996226514665,-0.5629154937912664,0
0621-JFHOL,0.31381673535275995,355.20000000000005,53.28000000000001,-19.839688680809907,-0.37236652929448016,0
0222-CNVPT,0.38692693742348316,585.5999999999999,87.83999999999999,-19.864675633442488,-0.2261461251530338,0
9332-GYWLO,0.39931147351666624,658.2,98.73,-19.88195643939909,-0.20137705296666758,0
2978-XXSOG,0.40621083610409814,708.5999999999999,106.28999999999998,-19.93770046099081,-0.1875783277918037,0
3807-XHCJH,0.22180255003121277,240.0,36.0,-20.03021639775268,-0.5563948999375745,0
8495-PRWFH,0.39999005265648374,667.8,100.16999999999999,-20.035992850800042,-0.2000198946870325,0
3082-WQRVY,0.21576421793464523,235.79999999999998,35.37,-20.106839223303194,-0.5684715641307095,0
4393-RYCRE,0.4472346854978832,1272.6,190.89,-20.144741770618168,-0.1055306290042337,0
2907-ILJBN,0.22835591198769462,247.20000000000002,37.08,-20.145125566992565,-0.5432881760246108,0
1577-HKTFG,0.21452346098104708,235.79999999999998,35.37,-20.194610370200728,-0.5709530780379058,0
8909-BOLNL,0.23494406201233717,254.39999999999998,38.16,-20.22906918721843,-0.5301118759753257,0
1038-ZAGBI,0.2161322889931749,237.60000000000002,35.64,-20.234090440566494,-0.5677354220136502,0
8865-TNMNX,0.3865174962264939,594.5999999999999,89.18999999999998,-20.243009023118006,-0.2269650075470121,0
4118-CEVPF,0.4491689947982966,1329.6,199.43999999999997,-20.275471354855426,-0.10166201040340668,0
3285-UCQVC,0.30306711512040146,343.20000000000005,51.480000000000004,-20.276209827203466,-0.39386576975919707,0
1585-MQSSU,0.39047189065670035,618.0,92.7,-20.306511472247763,-0.21905621868659939,0
6647-ZEDXT,0.4488702904014438,1325.4,198.81,-20.33019513057789,-0.10225941919711228,0
9837-FWLCH,0.20370328290127823,230.39999999999998,34.559999999999995,-20.480029085863645,-0.5925934341974435,0
7435-ZNUYY,0.22380057890099841,247.20000000000002,37.08,-20.482949068701956,-0.5523988421980032,0
3556-BVQGL,0.21541498274569026,240.0,36.0,-20.490121242310302,-0.5691700345086195,0
2720-FVBQP,0.3837144314913343,587.4000000000001,88.11000000000001,-20.491842882597084,-0.2325711370173315,0
4781-ZXYGU,0.21693305795030252,241.79999999999998,36.269999999999996,-20.533675976285053,-0.566133884099395,0
2673-ZALNP,0.21331192877628113,238.79999999999998,35.81999999999999,-20.538333422467215,-0.5733761424474377,0
5951-AOFIH,0.41401646709514256,796.8000000000001,119.52000000000001,-20.55350370557713,-0.1719670658097149,0
9389-ACWBI,0.41829153179654505,839.4000000000001,125.91000000000001,-20.57582646299403,-0.16341693640690994,0
4592-IWTJI,0.3073542715789159,356.4,53.459999999999994,-20.597681282782304,-0.3852914568421681,0
8076-FEZKJ,0.20507293546003844,234.0,35.1,-20.703879930705305,-0.5898541290799232,0
6878-GGDWG,0.2034606243629602,232.79999999999998,34.919999999999995,-20.710309994490856,-0.5930787512740796,0
0373-AIVNJ,0.3545281942847732,474.59999999999997,71.19,-20.712275697733993,-0.2909436114304536,0
4747-LCAQL,0.42707747845344746,948.0,142.2,-20.739165127839527,-0.14584504309310498,0
7353-YOWFP,0.21325936392695602,243.0,36.449999999999996,-20.9033923697249,-0.5734812721460879,0
7853-GVUDZ,0.21183318661924744,241.79999999999998,36.269999999999996,-20.903620642639787,-0.5763336267615051,0
4710-FDUIZ,0.44199171523761016,1203.6,180.54,-20.945631462003718,-0.11601656952477965,0
0384-RVBPI,0.4094614722450376,772.8000000000001,115.92,-20.990452274710492,-0.18107705550992487,0
1915-OAKWD,0.19777041858616307,231.60000000000002,34.74,-20.99891131663339,-0.6044591628276738,0
4459-BBGHE,0.3685928514183885,534.0,80.1,-21.051425202774162,-0.262814297163223,0
7649-PHJVR,0.19932839514076206,234.0,35.1,-21.107146661118506,-0.6013432097184759,0
2379-GYFLQ,0.4380522312495844,1138.8000000000002,170.82000000000002,-21.16383571589199,-0.12389553750083122,0
0330-BGYZE,0.4425382684492749,1230.0,184.5,-21.20337894221757,-0.11492346310145024,0
4403-BWPAY,0.2621956249905697,297.6,44.64,-21.231174600841936,-0.47560875001886055,0
9943-VSZUV,0.4220478927857835,908.4000000000001,136.26000000000002,-21.243508258018295,-0.15590421442843308,0
0537-QYZZN,0.4260427424933053,958.1999999999999,143.73,-21.259753242874467,-0.14791451501338948,0
4255-DDUOU,0.21006647997744612,246.0,36.9,-21.397093777664473,-0.5798670400451077,0
8573-JGCZW,0.19663602424498158,235.79999999999998,35.37,-21.45996764491,-0.6067279515100369,0
6147-CBCRA,0.20223524926754752,240.60000000000002,36.09,-21.492659707868423,-0.595529501464905,0
3221-CJMSG,0.38314746134131167,613.2,91.98,-21.49619301165231,-0.2337050773173767,0
5726-CVNYA,0.19889584573663147,238.20000000000002,35.730000000000004,-21.51690286366032,-0.6022083085267371,0
5968-XQIVE,0.4328348666919651,1076.4,161.46,-21.688964847830647,-0.1343302666160699,0
9842-EFSYY,0.3945514201538243,686.4000000000001,102.96000000000001,-21.71397156192451,-0.21089715969235148,0
7407-SUJIZ,0.20619410356617382,247.20000000000002,37.08,-21.788645279532545,-0.5876117928676523,0
7025-IWFHT,0.43237214949957575,1074.6,161.18999999999997,-21.80186644432675,-0.13525570100084838,0
8378-LKJAF,0.4399347715855315,1213.8000000000002,182.07000000000002,-21.87215227484458,-0.1201304568289371,0
9766-HGEDE,0.1858701098486404,232.20000000000002,34.83,-21.882288147943704,-0.6282597803027191,0
6818-DJXAA,0.4332518204443415,1093.1999999999998,163.97999999999996,-21.890732967073745,-0.13349635911131694,0
8189-HBVRW,0.4329684660606174,1089.6,163.43999999999997,-21.911267814105372,-0.13406306787876515,0
6705-LNMDD,0.3780564836836618,600.0,90.0,-21.94983293694088,-0.24388703263267644,0
7175-NTIXE,0.41990429312272487,913.8000000000001,137.07,-21.957437083336202,-0.16019141375455026,0
8851-RAGOV,0.4141493547044723,852.5999999999999,127.88999999999999,-21.958878053690086,-0.1717012905910555,0
3308-MHOOC,0.1822659180972671,230.39999999999998,34.559999999999995,-21.961779741116892,-0.6354681638054657,0
1724-IQWNM,0.183640874832143,231.60000000000002,34.74,-21.980632016662703,-0.6327182503357139,0
7159-FVYPK,0.4116708422853784,829.8000000000001,124.47,-21.988660521477897,-0.17665831542924318,0
7409-JURKQ,0.44533210184076405,1341.6,201.23999999999998,-22.002735651129285,-0.10933579631847191,0
9142-XMYJH,0.18411916052476748,232.20000000000002,34.83,-22.004259277844696,-0.631761678950465,0
7266-GSSJX,0.20097788652824625,245.39999999999998,36.809999999999995,-22.014007993790507,-0.5980442269435075,0
8952-WCVCD,0.44136930852837,1253.4,188.01000000000002,-22.04631260716235,-0.11726138294326019,0
4138-NAXED,0.42419890198539245,972.0,145.79999999999998,-22.103600181059534,-0.15160219602921493,0
6231-WFGFH,0.20005273823567665,246.0,36.9,-22.13610791820706,-0.5998945235286466,0
9313-QOLTZ,0.2055963567772609,250.79999999999998,37.62,-22.15093011607889,-0.5888072864454782,0
1735-XMJVH,0.18133703259082692,232.20000000000002,34.83,-22.198062309722992,-0.6373259348183461,0
5602-BVFMK,0.18050454912262273,231.60000000000002,34.74,-22.198543926960173,-0.6389909017547545,0
7665-VIGUD,0.19566815847867947,244.20000000000002,36.63,-22.295350709851945,-0.6086636830426411,0
1591-MQJTP,0.4338137243271608,1123.8000000000002,168.57000000000002,-22.31404098034102,-0.13237255134567846,0
6296-DDOOR,0.39344477313315657,698.4000000000001,104.76,-22.32545113314103,-0.21311045373368678,0
3373-YZZYM,0.17672749529480014,230.39999999999998,34.559999999999995,-22.34459552522341,-0.6465450094103997,0
2788-CJQAQ,0.17996786412295693,233.39999999999998,35.01,-22.408650154110557,-0.6400642717540862,0
8332-OSJDW,0.2639204877787269,316.79999999999995,47.51999999999999,-22.43699684150979,-0.47215902444254615,0
3570-YUEKJ,0.3739798785180685,594.5999999999999,89.18999999999998,-22.479469269946932,-0.25204024296386296,0
9101-BWFSS,0.4424697561122173,1302.6,195.39,-22.48166870646773,-0.11506048777556543,0
9862-KJTYK,0.2532768117356263,304.20000000000005,45.63,-22.515958161006747,-0.49344637652874745,0
8884-MRNSU,0.18562345601835292,238.79999999999998,35.81999999999999,-22.52193561084519,-0.6287530879632941,0
2186-QZEYA,0.3930959555208464,702.5999999999999,105.38999999999999,-22.533234495315995,-0.21380808895830722,0
4425-OWHWB,0.17629419994395976,232.20000000000002,34.83,-22.54934603190376,-0.6474116001120804,0
2387-KDZQY,0.18806725678658984,241.20000000000002,36.18,-22.571453298922357,-0.6238654864268203,0
6791-YBNAK,0.25453454446746177,306.6,45.99,-22.577912599882865,-0.4909309110650764,0
0422-OHQHQ,0.19437488357645646,246.60000000000002,36.99,-22.610146113013755,-0.6112502328470871,0
6322-PJJDJ,0.43370251047013714,1137.6,170.64,-22.626007226751597,-0.13259497905972573,0
7868-BGSZA,0.4214962667740197,962.4000000000001,144.36,-22.665597857005054,-0.15700746645196073,0
0811-GSDTP,0.2911570035320766,361.79999999999995,54.26999999999999,-22.667818836628403,-0.41768599293584685,0
1429-UYJSV,0.18028081368266757,236.39999999999998,35.459999999999994,-22.67448469362521,-0.6394383726346649,0
0620-XEFWH,0.16585551233851611,226.20000000000002,33.93,-22.675044932708296,-0.6682889753229677,0
8084-OIVBS,0.18475606533759764,240.0,36.0,-22.69756329569297,-0.6304878693248047,0
6746-WAUWT,0.1797226434818826,236.39999999999998,35.459999999999994,-22.71407012426488,-0.6405547130362347,0
9800-ONTFE,0.41674298525996745,909.5999999999999,136.43999999999997,-22.719174182260062,-0.166514029480065,0
2592-HODOV,0.17201664480100717,231.60000000000002,34.74,-22.78828351922602,-0.6559667103979856,0
6959-GQEGV,0.4165663069485704,911.4000000000001,136.71,-22.81244035412189,-0.16686738610285926,0
9442-JTWDL,0.18363643049917008,240.60000000000002,36.09,-22.835122446569905,-0.6327271390016598,0
3167-SNQPL,0.4371507072852086,1213.8000000000002,182.07000000000002,-22.885941449164136,-0.12569858542958276,0
1345-ZUKID,0.17145793486200242,232.20000000000002,34.83,-22.88624025751291,-0.6570841302759951,0
3391-JSQEW,0.37295472144078406,601.8,90.27,-22.93675459108084,-0.25409055711843187,0
8878-RYUKI,0.3927123449282908,713.4000000000001,107.01,-22.9617039384472,-0.21457531014341838,0
4378-BZYFP,0.18843000521360379,246.0,36.9,-22.99386561523604,-0.6231399895727924,0
5688-KZTSN,0.18051397865103572,240.0,36.0,-23.002993537125427,-0.6389720426979285,0
1964-SVLEA,0.17513957013595607,236.39999999999998,35.459999999999994,-23.039101685957988,-0.6497208597280878,0
5515-IDEJJ,0.1783994022188697,238.79999999999998,35.81999999999999,-23.03946682504017,-0.6432011955622605,0
8044-BGWPI,0.19731849986759223,253.79999999999998,38.06999999999999,-23.046169420081526,-0.6053630002648156,0
4760-XOHVN,0.17073469711028125,233.39999999999998,35.01,-23.055156508338108,-0.6585306057794376,0
7721-JXEAW,0.3435769418157239,492.59999999999997,73.88999999999999,-23.11619953847231,-0.3128461163685521,0
2061-VVFST,0.17054319145560584,234.0,35.1,-23.12786795981647,-0.6589136170887883,0
2233-FAGXV,0.2355420257436037,291.6,43.74,-23.13478358794955,-0.5289159485127926,0
7785-RDVIG,0.1662502202114944,231.60000000000002,34.74,-23.18893469970537,-0.6674995595770112,0
2480-SQIOB,0.35619704829409937,537.5999999999999,80.63999999999999,-23.19254005112765,-0.28760590341180126,0
2577-GVSIL,0.41225291093288874,881.4000000000001,132.21,-23.202085291125556,-0.1754941781342225,0
7743-EXURX,0.3735238609207721,612.5999999999999,91.88999999999999,-23.243784839980506,-0.2529522781584559,0
0307-BCOPK,0.16082349335462512,228.60000000000002,34.29,-23.260724825739807,-0.6783530132907497,0
5993-BQHEA,0.17749289098645657,240.60000000000002,36.09,-23.27856312859757,-0.6450142180270869,0
4765-OXPPD,0.40046403194373476,780.0,117.0,-23.29141652516607,-0.19907193611253052,0
5468-BPMMO,0.16967677017975838,235.20000000000002,35.28,-23.30760709611625,-0.6606464596404833,0
0247-SLUJI,0.17056071178925025,236.39999999999998,35.459999999999994,-23.363834319906367,-0.6588785764214995,0
4612-THJBS,0.43784085203553624,1257.0,188.54999999999998,-23.440214697399284,-0.12431829592892753,0
4472-LVYGI,0.37584785172013535,630.5999999999999,94.58999999999999,-23.487103411584798,-0.24830429655972935,0
9962-BFPDU,0.1744266694406268,240.60000000000002,36.09,-23.49988299977556,-0.6511466611187464,0
3721-CNZHX,0.1693824509726073,237.60000000000002,35.64,-23.56641889467255,-0.6612350980547854,0
3506-LCJDC,0.17183136219110642,239.39999999999998,35.91,-23.569071567434733,-0.6563372756177871,0
9617-UDPEU,0.15981371654586768,231.0,34.65,-23.574909443371368,-0.6803725669082646,0
9867-JCZSP,0.18367331677915702,249.0,37.35,-23.62960323659697,-0.6326533664416859,0
4946-EDSEW,0.15839746048310915,231.0,34.65,-23.673055988520534,-0.6832050790337817,0
9621-OUPYD,0.17433664908860758,242.39999999999998,36.35999999999999,-23.68223887827645,-0.6513267018227848,0
6686-YPGHK,0.42299534805382094,1026.0,153.9,-23.70203186903393,-0.15400930389235823,0
1216-JWVUX,0.4127232442718775,906.0,135.9,-23.72182220690371,-0.1745535114562451,0
3413-CSSTH,0.38141466394940804,668.4000000000001,100.26,-23.7787315848647,-0.23717067210118392,0
5312-TSZVC,0.1631209052195545,235.79999999999998,35.37,-23.830827164768714,-0.6737581895608911,0
2533-TIBIX,0.2806019858916127,362.4,54.35999999999999,-23.852952093863863,-0.4387960282167746,0
2436-QBZFP,0.3308972978633721,470.40000000000003,70.56,-23.86377332552093,-0.3382054042732558,0
5868-YTYKS,0.17229159327206728,243.0,36.449999999999996,-23.88994285046629,-0.6554168134558654,0
4797-MIWUM,0.17222235045006049,243.0,36.449999999999996,-23.894990652190586,-0.655555299099879,0
1465-WCZVT,0.16210747372344858,235.79999999999998,35.37,-23.902517308803247,-0.6757850525531028,0
5730-RIITO,0.30124437380865127,401.40000000000003,60.21,-23.93415250596221,-0.3975112523826974,0
3115-CZMZD,0.17147463697236603,243.0,36.449999999999996,-23.94949896471451,-0.6570507260552678,0
6402-SSEJG,0.3909462761331691,732.5999999999999,109.88999999999999,-23.967827431452093,-0.2181074477336618,0
6100-FJZDG,0.16740903660098108,240.60000000000002,36.09,-24.006415738141186,-0.6651819267980378,0
2718-GAXQD,0.35487298103340836,552.0,82.8,-24.033034340867573,-0.2902540379331833,0
9391-YZEJW,0.42883593378158513,1128.0,169.2,-24.081920008311585,-0.1423281324368297,0
5039-LZRQT,0.16865764314364387,242.39999999999998,36.35999999999999,-24.09521619059421,-0.6626847137127122,0
6082-OQFBA,0.15765310673951788,235.79999999999998,35.37,-24.217619229246502,-0.6846937865209642,0
1755-RMCXH,0.16818750533684645,243.60000000000002,36.54,-24.24885710998326,-0.6636249893263071,0
7369-TRPFD,0.14157903450682172,225.60000000000002,33.84,-24.25793094457831,-0.7168419309863566,0
1257-SXUXQ,0.15345073262064965,233.39999999999998,35.01,-24.265379701902113,-0.6930985347587008,0
3407-QGWLG,0.16269823645656986,240.60000000000002,36.09,-24.34644129256479,-0.6746035270868603,0
2682-KEVRP,0.16243287389827232,240.60000000000002,36.09,-24.365595162022707,-0.6751342522034554,0
3452-FLHYD,0.17670196688367967,251.39999999999998,37.709999999999994,-24.383137657632876,-0.6465960662326407,0
3178-CIFOT,0.15507879191506668,235.79999999999998,35.37,-24.39972625992818,-0.6898424161698666,0
3374-PZLXD,0.15542680175605866,236.39999999999998,35.459999999999994,-24.437131219460312,-0.6891463964878826,0
9347-AERRL,0.1479284136271521,231.60000000000002,34.74,-24.461933821185475,-0.7041431727456958,0
0440-QEXBZ,0.3645027570852396,601.8,90.27,-24.462672235830837,-0.27099448582952074,0
1930-BZLHI,0.16601291614633146,244.20000000000002,36.63,-24.46789376311976,-0.6679741677073372,0
7748-UMTRK,0.43286468874977074,1215.6,182.33999999999997,-24.482905306733585,-0.13427062250045843,0
7813-TKCVO,0.1657927155912501,244.20000000000002,36.63,-24.484025655785018,-0.6684145688174997,0
0130-SXOUN,0.42391117376640125,1072.8000000000002,160.92000000000002,-24.48842783502141,-0.15217765246719742,0
3043-SUDUA,0.15792842986288222,238.79999999999998,35.81999999999999,-24.506007284623113,-0.6841431402742355,0
9609-BENEA,0.40126400489967456,828.0,124.19999999999999,-24.526021182920843,-0.19747199020065093,0
7609-NRNCA,0.1510384473503198,234.60000000000002,35.190000000000005,-24.5599140754845,-0.6979231052993605,0
4709-LKHYG,0.1586979284858433,240.0,36.0,-24.573749149019285,-0.6826041430283135,0
4016-BJKTZ,0.4373078590106206,1306.8000000000002,196.02,-24.57782695347632,-0.1253842819787589,0
7817-OMJNA,0.16511970962929187,244.79999999999998,36.72,-24.593608524824806,-0.6697605807414163,0
4311-QTTAI,0.1469360841050648,232.20000000000002,34.83,-24.594432381241184,-0.7061278317898704,0
5186-PEIZU,0.14451829696052898,231.0,34.65,-24.634882020635338,-0.7109634060789419,0
0523-VNGTF,0.3644053497164782,606.0,90.89999999999999,-24.651107421544253,-0.2711893005670435,0
9591-YVTEB,0.3472988765658789,538.2,80.73,-24.6551233896732,-0.3054022468682423,0
5510-BOIUJ,0.14421144538212183,231.0,34.65,-24.65614683501896,-0.7115771092357565,0
8559-WNQZS,0.16482502693622272,245.39999999999998,36.809999999999995,-24.67558151695528,-0.6703499461275545,0
2085-JVGAD,0.16279217984044908,244.20000000000002,36.63,-24.703844904888705,-0.674415640319102,0
4092-OFQZS,0.1676806840961269,247.79999999999998,37.169999999999995,-24.704617944293922,-0.6646386318077462,0
8969-PRHFK,0.15076423566919678,235.79999999999998,35.37,-24.70493796876102,-0.6984715286616064,0
2758-RNWXS,0.42303051673551945,1070.4,160.56,-24.716440465889974,-0.15393896652896097,0
3803-KMQFW,0.1656992775131625,246.60000000000002,36.99,-24.73156744957624,-0.668601444973675,0
4182-BGSIQ,0.15182183875755115,237.60000000000002,35.64,-24.818139333361756,-0.6963563224848978,0
0428-AXXLJ,0.14612939154401966,234.0,35.1,-24.84171671360982,-0.7077412169119607,0
1406-PUQVY,0.3615132123257712,598.8,89.82,-24.877766537798465,-0.2769735753484577,0
6303-KFWSL,0.37481803696130783,663.0,99.45,-24.898692448395877,-0.2503639260773844,0
3243-ZHOHY,0.15483103538439028,241.20000000000002,36.18,-24.976426279585517,-0.6903379292312194,0
1376-HHBDV,0.3577387375348733,585.5999999999999,87.83999999999999,-24.992458589873465,-0.2845225249302535,0
0829-DDVLK,0.1545220481844054,241.20000000000002,36.18,-24.998784593376424,-0.6909559036311892,0
3724-UCSHY,0.14400382214071222,234.60000000000002,35.190000000000005,-25.05501099773668,-0.7119923557185757,0
8267-KFGYD,0.1692803455957663,252.60000000000002,37.89,-25.06193541075283,-0.6614393088084675,0
7874-ECPQJ,0.15221556847385467,240.60000000000002,36.09,-25.103080267557175,-0.6955688630522907,0
3156-QLHBO,0.13733284302799867,231.0,34.65,-25.13283397815969,-0.7253343139440027,0
8763-KIAFH,0.16004828895833115,246.60000000000002,36.99,-25.149627582862664,-0.6799034220833378,0
3823-KYNQY,0.2196265365519252,299.4,44.91,-25.183144486906077,-0.5607469268961496,0
0927-CNGRH,0.14204835735405713,234.60000000000002,35.190000000000005,-25.192636609421463,-0.7159032852918857,0
5474-LAMUQ,0.15175136687950422,241.20000000000002,36.18,-25.199271092599073,-0.6964972662409915,0
2749-CTKAJ,0.1525102830243414,241.79999999999998,36.269999999999996,-25.20690406941427,-0.6949794339513172,0
0655-YDGFJ,0.35694216748767676,587.4000000000001,88.11000000000001,-25.20965124532161,-0.2861156650246465,0
7094-MSZAO,0.15045082983092858,240.60000000000002,36.09,-25.23045910280358,-0.6990983403381429,0
1439-LCGVL,0.13463254218228907,230.39999999999998,34.559999999999995,-25.254198684360176,-0.7307349156354219,0
0699-NDKJM,0.3804237390143119,705.0,105.75,-25.290379198473033,-0.2391525219713762,0
4616-EWBNJ,0.15013585574812552,241.20000000000002,36.18,-25.316169478065635,-0.6997282885037489,0
8499-BRXTD,0.14979994586049689,241.20000000000002,36.18,-25.340475917534445,-0.7004001082790062,0
3077-RSNTJ,0.14231927736795888,236.39999999999998,35.459999999999994,-25.366716849064353,-0.7153614452640823,0
9847-HNVGP,0.1464378199268789,239.39999999999998,35.91,-25.392835772851555,-0.7071243601462422,0
1919-RTPQD,0.34213529131332115,537.0,80.55,-25.43200456942396,-0.3157294173733577,0
5505-OVWQW,0.14880703168881276,241.79999999999998,36.269999999999996,-25.47553792129352,-0.7023859366223745,0
7196-LIWRH,0.13792508152785105,234.60000000000002,35.190000000000005,-25.482832762069847,-0.7241498369442979,0
6164-HXUGH,0.1433446467037086,238.20000000000002,35.730000000000004,-25.486591546552987,-0.7133107065925828,0
5876-QMYLD,0.14685213311677434,240.60000000000002,36.09,-25.490213031631228,-0.7062957337664513,0
9863-JZAIC,0.3712452362301659,660.0,99.0,-25.493443226427146,-0.25750952753966816,0
9633-DENPU,0.37911748760703223,703.2,105.48,-25.501374814420487,-0.2417650247859356,0
0723-VSOBE,0.29274706832224545,410.40000000000003,61.56,-25.51698094816514,-0.4145058633555091,0
2320-TZRRH,0.1357420842527048,234.0,35.1,-25.570905685460126,-0.7285158314945904,0
3230-WYKIR,0.41336627794930975,984.0,147.6,-25.574274749363767,-0.17326744410138054,0
8404-VLQFB,0.2180337378432192,303.0,45.449999999999996,-25.630733230051373,-0.5639325243135616,0
0594-UFTUL,0.14099643578994847,238.20000000000002,35.730000000000004,-25.654394698450286,-0.7180071284201031,0
4359-INNWN,0.14418404299609805,240.60000000000002,36.09,-25.682795776541646,-0.7116319140078039,0
0042-JVWOJ,0.13580068642234058,235.20000000000002,35.28,-25.69790356603965,-0.7283986271553188,0
4291-HPAXL,0.13931393650041085,238.20000000000002,35.730000000000004,-25.774626097680645,-0.7213721269991783,0
7016-NVRIC,0.4204642068514721,1081.1999999999998,162.17999999999998,-25.79822986565651,-0.1590715862970558,0
7279-NMVJC,0.13955852846538006,238.79999999999998,35.81999999999999,-25.822027020740165,-0.7208829430692398,0
9350-ZXYJC,0.21639927546010237,303.6,45.54,-25.830353991093876,-0.5672014490797953,0
7102-JJVTX,0.3520813478715904,583.2,87.48,-25.879847376386543,-0.2958373042568192,0
1641-BYBTK,0.14408250632323827,242.39999999999998,36.35999999999999,-25.882320140174105,-0.7118349873535234,0
5546-BYZSM,0.14819912972535448,245.39999999999998,36.809999999999995,-25.8995800696194,-0.703601740549291,0
3682-YEUWS,0.20505657390843246,292.79999999999995,43.919999999999995,-25.90783054788329,-0.5898868521831351,0
5760-WRAHC,0.3967464446624813,837.0,125.55,-25.926967745250934,-0.20650711067503733,0
3126-WQMGH,0.361854769431263,625.8,93.86999999999999,-25.93538558697469,-0.2762904611374741,0
3546-GHEAE,0.12958345808465366,233.39999999999998,35.01,-25.93656626491255,-0.7408330838306927,0
6849-WLEYG,0.13496664153801696,237.0,35.55,-25.953871786646992,-0.7300667169239661,0
5522-JBWMO,0.33611778005679377,528.0,79.2,-25.95894363900387,-0.32776443988641246,0
7964-YESJC,0.3912173462113275,795.5999999999999,119.33999999999997,-25.964243806280336,-0.2175653075773449,0
5640-CAXOA,0.32100087071459066,484.20000000000005,72.63000000000001,-26.001413519998565,-0.3579982585708187,0
9860-LISIZ,0.14484366913675245,244.20000000000002,36.63,-26.018752799041515,-0.710312661726495,0
1133-KXCGE,0.1404159715577978,241.20000000000002,36.18,-26.01950029807775,-0.7191680568844044,0
4020-KIUDI,0.13572816713658517,238.20000000000002,35.730000000000004,-26.030865176419628,-0.7285436657268297,0
3778-FOAQW,0.14086492125936076,241.79999999999998,36.269999999999996,-26.051658611845966,-0.7182701574812784,0
0516-VRYBW,0.14032183833320439,241.79999999999998,36.269999999999996,-26.091053847309354,-0.7193563233335913,0
6823-SIDFQ,0.10287195284780769,219.0,32.85,-26.091312697899035,-0.7942560943043846,0
2466-NEJOJ,0.13109430907836797,235.79999999999998,35.37,-26.096388575796247,-0.737811381843264,0
8314-DPQHL,0.3573015095918306,609.5999999999999,91.43999999999998,-26.09669992584601,-0.28539698081633874,0
3181-MIZBN,0.13246911648465978,237.0,35.55,-26.131445817940687,-0.7350617670306804,0
5789-LDFXO,0.204063041908544,295.20000000000005,44.28000000000001,-26.20817700857935,-0.5918739161829121,0
2812-SFXMJ,0.13678467491152418,240.60000000000002,36.09,-26.216882164886187,-0.7264306501769516,0
4933-IKULF,0.14709557248019728,247.79999999999998,37.169999999999995,-26.23491514182213,-0.7058088550396053,0
1763-KUAAW,0.1412820605586105,244.20000000000002,36.63,-26.279676243476196,-0.7174358788827789,0
3703-TTEPD,0.3881906973286293,784.1999999999999,117.62999999999998,-26.30425654646666,-0.22361860534274136,0
9150-KPBJQ,0.128004379070563,235.79999999999998,35.37,-26.31497022454837,-0.743991241858874,0
3528-HFRIQ,0.36018299984136276,627.5999999999999,94.13999999999999,-26.32474478986822,-0.27963400031727453,0
9798-DRYDS,0.3819298377128942,743.4000000000001,111.51,-26.332007593270333,-0.23614032457421158,0
0568-ONFPC,0.2175466480895065,310.79999999999995,46.61999999999999,-26.335950532134408,-0.564906703820987,0
4732-RRJZC,0.13861349943683596,243.0,36.449999999999996,-26.345075891054655,-0.722773001126328,0
7777-UNYHB,0.13559347466580451,241.20000000000002,36.18,-26.368456173182384,-0.728813050668391,0
3752-CQSJI,0.13988705782073566,245.39999999999998,36.809999999999995,-26.51151480323744,-0.7202258843585287,0
2829-HYVZP,0.12797247268544262,237.60000000000002,35.64,-26.51812214698165,-0.7440550546291147,0
6648-INWPS,0.13442069191290756,241.79999999999998,36.269999999999996,-26.519123008637685,-0.731158616174185,0
3387-PLKUI,0.10816166494903934,225.60000000000002,33.84,-26.51961851624902,-0.7836766701019213,0
5149-CUZUJ,0.42067036927989643,1114.8000000000002,167.22000000000003,-26.531001698031446,-0.15865926144020717,0
9046-DQMTP,0.14444773132409505,249.0,37.35,-26.5597544700901,-0.7111045373518098,0
9357-UJRUN,0.3732309090316468,700.2,105.03,-26.62911524881227,-0.25353818193670635,0
8022-BECSI,0.12217100489575482,235.20000000000002,35.28,-26.65961389455554,-0.7556579902084903,0
9229-RQABD,0.18813089478602277,285.0,42.75,-26.664808495795054,-0.6237382104279545,0
4789-KWMXN,0.4331310244907493,1330.1999999999998,199.52999999999997,-26.684733366721588,-0.13373795101850144,0
1178-PZGAB,0.1339221213640948,243.0,36.449999999999996,-26.687077352557488,-0.7321557572718105,0
2923-ARZLG,0.12341010214337714,236.39999999999998,35.459999999999994,-26.70775555599169,-0.7531797957132458,0
5616-PRTNT,0.1174157488725461,232.79999999999998,34.919999999999995,-26.719684098741375,-0.7651685022549077,0
1322-AGOQM,0.2549327403752745,363.6,54.54,-26.731936679865054,-0.49013451924945095,0
7219-TLZHO,0.14378934168137786,250.20000000000002,37.53,-26.737172013395778,-0.7124213166372443,0
0319-QZTCO,0.373395365175039,704.4000000000001,105.66000000000001,-26.754091431210753,-0.2532092696499219,0
7521-YXVZY,0.12726017093850267,239.39999999999998,35.91,-26.770174523196737,-0.7454796581229947,0
1845-CSBRZ,0.41284701119014894,1024.1999999999998,153.62999999999997,-26.778627341714824,-0.17430597761970207,0
5995-WWKKG,0.12411613576405033,237.60000000000002,35.64,-26.79300184273849,-0.7517677284718993,0
5140-FOMCQ,0.43177768191761756,1309.8000000000002,196.47000000000003,-26.807277667291373,-0.13644463616476496,0
7593-JNWRU,0.33302288797951013,535.2,80.28,-26.809845106009853,-0.33395422404097974,0
0584-BJQGZ,0.40483835211265584,940.1999999999999,141.02999999999997,-26.84129440310427,-0.1903232957746882,0
3594-BDSOA,0.13412681255579234,244.79999999999998,36.72,-26.869726885902608,-0.7317463748884153,0
5774-XZTQC,0.13344615799899745,245.39999999999998,36.809999999999995,-26.985693848113804,-0.7331076840020051,0
3415-TAILE,0.3858342342489171,788.4000000000001,118.26,-27.002486915446127,-0.22833153150216579,0
6917-IAYHD,0.2764216249014816,403.20000000000005,60.480000000000004,-27.04404025191679,-0.4471567501970368,0
5766-XQXMQ,0.39060045474849797,826.1999999999999,123.92999999999998,-27.115771286037287,-0.21879909050300406,0
1552-TKMXS,0.12975240798233872,244.20000000000002,36.63,-27.124338591213867,-0.7404951840353226,0
5914-GXMDA,0.1094421021354724,231.60000000000002,34.74,-27.13596274362738,-0.7811157957290552,0
7061-OVMIM,0.11428876482715648,234.60000000000002,35.190000000000005,-27.14635673146473,-0.771422470345687,0
1790-NESIO,0.13010763779963316,244.79999999999998,36.72,-27.164895079994942,-0.7397847244007337,0
3011-WQKSZ,0.1224981459895094,240.0,36.0,-27.180133488755324,-0.7550037080209813,0
9259-PACGQ,0.3793913977660969,751.8,112.77,-27.202064147834506,-0.2412172044678062,0
1998-VHJHK,0.10457916007737265,229.79999999999998,34.47,-27.260312704265928,-0.7908416798452547,0
3985-HOYPM,0.10957855039101422,232.79999999999998,34.919999999999995,-27.267034040691563,-0.7808428992179716,0
5619-PTMIK,0.35718757278149305,637.2,95.58,-27.300023587089782,-0.28562485443701385,0
8746-BFOAJ,0.12980842973659645,246.0,36.9,-27.32013788543918,-0.7403831405268071,0
0208-BPQEJ,0.10837073319787127,232.79999999999998,34.919999999999995,-27.351387993460666,-0.7832585336042575,0
1345-GKDZZ,0.11102715760546542,234.60000000000002,35.190000000000005,-27.37590864772735,-0.7779456847890692,0
3012-VFFMN,0.131634820212893,247.79999999999998,37.169999999999995,-27.384267465373533,-0.7367303595742141,0
2410-CIYFZ,0.1270624192622751,244.79999999999998,36.72,-27.388535929378516,-0.7458751614754499,0
1159-WFSGR,0.1267253798229216,244.79999999999998,36.72,-27.41328810580464,-0.7465492403541568,0
1093-YSWCA,0.11042738679552488,234.60000000000002,35.190000000000005,-27.418120517330962,-0.7791452264089502,0
5847-MXBEO,0.12448544311047335,243.60000000000002,36.54,-27.442603817486606,-0.7510291137790532,0
2017-CCBLH,0.11862706232394873,240.0,36.0,-27.458851512675693,-0.7627458753521026,0
7492-TAFJD,0.30195416080315596,462.59999999999997,69.38999999999999,-27.48480156373801,-0.3960916783936881,0
6728-DKUCO,0.42664026451887105,1249.8000000000002,187.47000000000003,-27.505499221294485,-0.14671947096225788,0
3523-BRGUW,0.10401307068206786,231.60000000000002,34.74,-27.513171849009925,-0.7919738586358642,0
8945-MUQUF,0.4193588528569024,1137.6,170.64,-27.52121069699635,-0.1612822942861952,0
7382-DFJTU,0.36136480656785425,662.4000000000001,99.36000000000001,-27.549585638836007,-0.2772703868642915,0
8873-TMKGR,0.09911001709899447,229.20000000000002,34.38,-27.565195224273143,-0.801779965802011,0
3645-DEYGF,0.13097905658469888,249.0,37.35,-27.565864473122996,-0.7380418868306022,0
1171-TYKUR,0.19853041088597095,304.79999999999995,45.71999999999999,-27.56637922858681,-0.6029391782280581,0
9534-NSXEM,0.12895971732258252,247.79999999999998,37.169999999999995,-27.583134614239214,-0.742080565354835,0
3039-MJSLN,0.12055021424866785,242.39999999999998,36.35999999999999,-27.59358841983687,-0.7588995715026643,0
4719-UMSIY,0.10975914283663352,235.79999999999998,35.37,-27.605638235736542,-0.780481714326733,0
6016-NXBNJ,0.09926792335584626,229.79999999999998,34.47,-27.62646936384796,-0.8014641532883076,0
8250-ZNGGW,0.37178348302121256,718.8,107.82,-27.648609721305732,-0.256433033957575,0
0219-QAERP,0.11184679984702468,237.60000000000002,35.64,-27.66756010690408,-0.7763064003059507,0
7623-HKYRK,0.10985248489123262,236.39999999999998,35.459999999999994,-27.669261771513778,-0.7802950302175348,0
7446-SFAOA,0.11254967871554758,238.20000000000002,35.730000000000004,-27.687199958986973,-0.7749006425689049,0
2809-ILCYT,0.2123351085325748,321.6,48.24,-27.753908728777184,-0.5753297829348504,0
4753-PADAS,0.4269935253943611,1268.4,190.26000000000002,-27.780423716937747,-0.14601294921127797,0
1530-ZTDOZ,0.31000036887502297,487.79999999999995,73.16999999999999,-27.80454601882913,-0.379999262249954,0
1245-HARPS,0.12133818914975658,244.79999999999998,36.72,-27.808923388841876,-0.7573236217004868,0
4801-KFYKL,0.10269911933833048,233.39999999999998,35.01,-27.819007663930098,-0.794601761323339,0
9294-TDIPC,0.11724620040861779,242.39999999999998,36.35999999999999,-27.83385630628531,-0.7655075991827645,0
6738-ISCBM,0.3567531985042248,648.0,97.2,-27.847178210778708,-0.28649360299155047,0
7469-LKBCI,0.09127044352508741,227.39999999999998,34.10999999999999,-27.88353034271853,-0.8174591129498251,0
8388-DMKAE,0.11733262154397642,243.0,36.449999999999996,-27.896451889444116,-0.7653347569120471,0
3941-XTSKM,0.3279543102099312,541.2,81.18,-27.933338194315574,-0.34409137958013764,0
7137-NAXML,0.11460494496960578,241.79999999999998,36.269999999999996,-27.956557291904794,-0.7707901100607885,0
3891-PUQOD,0.36869287288783187,710.4000000000001,106.56000000000002,-27.984174930145272,-0.2626142542243362,0
3125-RAHBV,0.1164536391677118,243.60000000000002,36.54,-28.02956804962362,-0.7670927216645764,0
7764-BDPEE,0.12543906480505465,250.20000000000002,37.53,-28.1145437957326,-0.7491218703898908,0
4712-UYOOI,0.10901416996088881,240.0,36.0,-28.150979762816007,-0.7819716600782224,0
2096-XOTMO,0.09549549614068689,232.20000000000002,34.83,-28.17778373883975,-0.8090090077186263,0
4795-UXVCJ,0.10438536683214344,237.60000000000002,35.64,-28.199411052204816,-0.7912292663357131,0
0487-VVUVK,0.09041637341832072,229.79999999999998,34.47,-28.23669521654097,-0.8191672531633586,0
1682-VCOIO,0.11638724376960172,245.39999999999998,36.809999999999995,-28.241571113681918,-0.7672255124607965,0
9531-NSBMR,0.09161157212421404,231.0,34.65,-28.301318051791966,-0.8167768557515719,0
9929-PLVPA,0.1142196400686958,244.79999999999998,36.72,-28.331709633354983,-0.7715607198626084,0
9938-EKRGF,0.4067848203531509,1013.4000000000001,152.01000000000002,-28.339278916235088,-0.18643035929369833,0
4054-CUMIA,0.11108243632717757,243.0,36.449999999999996,-28.352090391748753,-0.7778351273456449,0
6479-OAUSD,0.10340083447175522,238.79999999999998,35.81999999999999,-28.41236421844345,-0.7931983310564895,0
3280-NMUVX,0.09729527544838971,235.20000000000002,35.28,-28.414845364361625,-0.8054094491032207,0
4694-PHWFW,0.10429696557808268,239.39999999999998,35.91,-28.4193919321821,-0.7914060688438347,0
5495-GPSRW,0.09917361083177756,236.39999999999998,35.459999999999994,-28.42660751981033,-0.8016527783364449,0
6061-PQHMK,0.10285768631806667,238.79999999999998,35.81999999999999,-28.4512753521737,-0.7942846273638666,0
3266-FTKHB,0.08701978469723522,229.79999999999998,34.47,-28.470856042972603,-0.8259604306055296,0
5063-IUOKK,0.09891349998886775,237.0,35.55,-28.5172501507915,-0.8021730000222645,0
5469-NUJUR,0.10286742222769057,239.39999999999998,35.91,-28.52206173560726,-0.7942651555446189,0
0484-JPBRU,0.1859665338853377,303.0,45.449999999999996,-28.545642069822797,-0.6280669322293245,0
6698-OXETB,0.1105533746199563,244.79999999999998,36.72,-28.600960167910408,-0.7788932507600874,0
2739-CCZMB,0.1094957469399038,244.20000000000002,36.63,-28.60834157918265,-0.7810085061201923,0
9644-UMGQA,0.33818841294376045,589.8,88.46999999999998,-28.630942213731018,-0.32362317411247904,0
1328-EUZHC,0.10406119020426002,241.20000000000002,36.18,-28.650132276819743,-0.79187761959148,0
5384-ZTTWP,0.09796378967977762,237.60000000000002,35.64,-28.657141071625453,-0.8040724206404448,0
5701-SVCWR,0.16819088011440025,288.0,43.199999999999996,-28.668307958115815,-0.6636182397711995,0
8474-UMLNT,0.38234917216928926,813.5999999999999,122.03999999999998,-28.716214056919867,-0.23530165566142144,0
9030-QGZNL,0.1170671280285518,250.20000000000002,37.53,-28.7429413701769,-0.7658657439428963,0
0559-CKHUS,0.09083773926853486,234.60000000000002,35.190000000000005,-28.79683991028052,-0.8183245214629303,0
5014-GSOUQ,0.09901999105358107,239.39999999999998,35.91,-28.798384242531803,-0.8019600178928378,0
6188-UXBBR,0.10477313737010197,243.0,36.449999999999996,-28.812038285719563,-0.7904537252597961,0
7241-AJHFS,0.40867304145560734,1051.8000000000002,157.77,-28.817308499097663,-0.18265391708878534,0
9063-ZGTUY,0.0873786161314278,232.79999999999998,34.919999999999995,-28.817477449381077,-0.8252427677371443,0
8318-LCNBW,0.3493036441855911,637.8,95.66999999999999,-28.834240721528985,-0.3013927116288177,0
4452-ROHMO,0.09102329613147005,235.20000000000002,35.28,-28.857396224963473,-0.8179534077370598,0
7244-KXYZN,0.10797637396492324,245.39999999999998,36.809999999999995,-28.860779348702348,-0.7840472520701536,0
6476-EPYZR,0.10874120376394812,246.0,36.9,-28.87489916222063,-0.7825175924721038,0
4750-UKWJK,0.09058998573192846,235.20000000000002,35.28,-28.88797060675513,-0.8188200285361431,0
9578-FOMUK,0.17608170358511127,297.6,44.64,-28.919425503921264,-0.6478365928297775,0
5696-EXCYS,0.0869478319279549,233.39999999999998,35.01,-28.9219128084046,-0.8261043361440903,0
0909-SDHNU,0.2303227971062656,357.6,53.64,-28.930970326439827,-0.5393544057874688,0
3525-DVKFN,0.0854483245717495,232.79999999999998,34.919999999999995,-28.95228901190901,-0.829103350856501,0
6728-CZFEI,0.35675755271872633,673.8,101.07,-28.955028293436655,-0.28648489456254733,0
4430-YHXGG,0.18395291290723031,305.4,45.809999999999995,-28.956234119439557,-0.6320941741855394,0
8595-SIZNC,0.18532788372842052,307.20000000000005,46.080000000000005,-29.00018223558877,-0.629344232543159,0
2717-HVIZY,0.09818901088115564,240.60000000000002,36.09,-29.00271719459819,-0.8036219782376888,0
0440-MOGPM,0.39976248164161554,966.5999999999999,144.98999999999998,-29.06687557356433,-0.200475036716769,0
7026-YMSBE,0.09010722619681699,236.39999999999998,35.459999999999994,-29.069595518121734,-0.819785547606366,0
9972-VAFJJ,0.4140739732045754,1128.0,169.2,-29.07736746757169,-0.17185205359084924,0
7277-KAMWT,0.09593009626739736,240.0,36.0,-29.09303306874739,-0.8081398074652052,0
1850-AKQEP,0.10283693942197619,244.20000000000002,36.63,-29.096165817946027,-0.7943261211560476,0
9746-UGFAC,0.11230469837297921,250.20000000000002,37.53,-29.10040934012418,-0.7753906032540415,0
2150-OEGBV,0.09752726468730438,241.20000000000002,36.18,-29.122927127226653,-0.8049454706253912,0
0708-SJDIS,0.3754767924288245,780.0,117.0,-29.13843057165508,-0.2490464151423511,0
8387-UGUSU,0.09618942017908727,240.60000000000002,36.09,-29.147047651473486,-0.8076211596418255,0
1045-LTCYT,0.11526643245063799,252.60000000000002,37.89,-29.155109748890652,-0.769467135098724,0
9227-UAQFT,0.08994102539753594,237.0,35.55,-29.15519309423519,-0.8201179492049281,0
1934-MKPXS,0.09668304584836696,241.20000000000002,36.18,-29.184014802412165,-0.806633908303266,0
1431-CYWMH,0.07422709957639197,228.60000000000002,34.29,-29.199505511051036,-0.851545800847216,0
5214-CHIWJ,0.09976257535755761,243.60000000000002,36.54,-29.249350992869687,-0.8004748492848847,0
2811-POVEX,0.40807465964217043,1061.4,159.21,-29.270866876740087,-0.1838506807156591,0
9821-BESNZ,0.4219749404739615,1251.0,187.65,-29.28280484012228,-0.15605011905207716,0
0895-UADGO,0.31723552804122684,534.5999999999999,80.18999999999998,-29.31176601274803,-0.3655289439175463,0
6319-QSUSR,0.08633769735569229,236.39999999999998,35.459999999999994,-29.336930503534298,-0.8273246052886154,0
4063-EIKNQ,0.11081913876282463,251.39999999999998,37.709999999999994,-29.35202055450776,-0.7783617224743506,0
5651-YLPRD,0.4052787413920014,1033.1999999999998,154.97999999999996,-29.359801318135254,-0.1894425172159973,0
0661-KQHNK,0.07065851687188246,228.0,34.199999999999996,-29.366957445963237,-0.8586829662562351,0
4716-MRVEN,0.09161081154416433,240.0,36.0,-29.40402156882017,-0.8167783769116714,0
7305-ZWMAJ,0.1051119440817893,248.39999999999998,37.26,-29.42705792702506,-0.7897761118364214,0
6563-VRERX,0.10232807264274316,247.20000000000002,37.08,-29.491350132814166,-0.7953438547145136,0
8963-MQVYN,0.10064858087684672,246.60000000000002,36.99,-29.544017986730882,-0.7987028382463066,0
9824-QCJPK,0.08957716490098128,240.0,36.0,-29.55044412712935,-0.8208456701980374,0
0164-XAIRP,0.08010231070579285,234.60000000000002,35.190000000000005,-29.552399372526303,-0.8397953785884142,0
8735-NBLWT,0.09753824155124609,244.79999999999998,36.72,-29.556791540476485,-0.8049235168975079,0
2896-TBNBE,0.39837475706958875,969.5999999999999,145.43999999999997,-29.560750663598014,-0.20325048586082248,0
3865-ZFZIB,0.08175347921677778,235.79999999999998,35.37,-29.58675888020514,-0.8364930415664444,0
9548-LERKT,0.08306322973509782,237.0,35.55,-29.644204365834543,-0.8338735405298043,0
2690-DVRVK,0.09898124343090754,246.60000000000002,36.99,-29.66736761098146,-0.8020375131381849,0
5871-DGTXZ,0.08336798626905481,237.60000000000002,35.64,-29.697529938741773,-0.8332640274618903,0
9115-YQHGA,0.3384450824217064,613.2,91.98,-29.71964263770289,-0.3231098351565872,0
4774-HHGGS,0.06572262658002206,228.60000000000002,34.29,-29.782742269142087,-0.8685547468399559,0
0827-ITJPH,0.053708758329610834,222.60000000000002,33.39,-29.80332911874859,-0.8925824833407784,0
5701-GUXDC,0.26596523669768074,424.79999999999995,63.71999999999999,-29.825390235247568,-0.4680695266046386,0
1064-FBXNK,0.08218419162615688,238.20000000000002,35.730000000000004,-29.85711766639483,-0.8356316167476862,0
5917-RYRMG,0.08078359072142748,237.60000000000002,35.64,-29.88174565337665,-0.8384328185571451,0
8717-VCTXJ,0.07533895489288567,234.60000000000002,35.190000000000005,-29.88764435463871,-0.8493220902142287,0
2277-AXSDC,0.0794938104630987,237.0,35.55,-29.89799007607368,-0.8410123790738026,0
4846-WHAFZ,0.3914345659586832,918.0,137.7,-29.89892053497863,-0.2171308680826335,0
1872-EBWSC,0.09165288087145629,244.20000000000002,36.63,-29.915509947357116,-0.8166942382570874,0
1867-TJHTS,0.3957604620083174,957.5999999999999,143.64,-29.945934474250592,-0.20847907598336532,0
6506-EYCNH,0.07441196525398547,234.60000000000002,35.190000000000005,-29.952885885424507,-0.8511760694920291,0
1852-XEMDW,0.37205534841701055,780.5999999999999,117.08999999999997,-29.96207850770446,-0.2558893031659789,0
6861-OKBCE,0.08587105647757934,241.20000000000002,36.18,-29.966370353282358,-0.8282578870448413,0
3190-FZATL,0.08271265022674046,239.39999999999998,35.91,-29.9695774607155,-0.8345746995465191,0
6383-ZTSIW,0.4158802803829089,1189.1999999999998,178.37999999999997,-30.01055117059343,-0.16823943923418228,0
0895-LNKRC,0.071316285623846,233.39999999999998,35.01,-30.016433680618302,-0.857367428752308,0
4703-MQYKT,0.073852525742215,235.20000000000002,35.28,-30.06896578362931,-0.85229494851557,0
3161-GETRM,0.4072181747621688,1080.6,162.08999999999997,-30.078012105600095,-0.18556365047566228,0
7552-KEYGT,0.07253898639037913,234.60000000000002,35.190000000000005,-30.08470613784512,-0.8549220272192417,0
3721-WKIIL,0.07351439639424398,235.20000000000002,35.28,-30.092824190422146,-0.8529712072115121,0
3705-PSNGL,0.08985381173747022,244.79999999999998,36.72,-30.121136066000187,-0.8202923765250596,0
5148-HKFIR,0.07520731822339576,236.39999999999998,35.459999999999994,-30.126296991596767,-0.8495853635532085,0
8510-BBWMU,0.07626781792794533,237.0,35.55,-30.127358145323086,-0.8474643641441094,0
0835-DUUIQ,0.1015721165347154,252.60000000000002,37.89,-30.192865008999267,-0.7968557669305691,0
6048-NJXHX,0.07508236188422576,237.0,35.55,-30.211644070031547,-0.8498352762315485,0
4075-JFPGR,0.4102137614867933,1122.0,168.29999999999998,-30.222047883545372,-0.1795724770264134,0
7190-XHTWJ,0.06496941897050283,231.60000000000002,34.74,-30.225924769929463,-0.8700611620589943,0
3982-JGSFD,0.08691355710353361,244.20000000000002,36.63,-30.26271280659513,-0.8261728857929328,0
1488-SYSFC,0.0923147605989026,247.79999999999998,37.169999999999995,-30.307320697077575,-0.8153704788021948,0
9504-DSHWM,0.3576518612246966,710.4000000000001,106.56000000000002,-30.33723533579267,-0.28469627755060684,0
0274-JKUJR,0.35678393412705206,706.2,105.93,-30.34175571584275,-0.2864321317458959,0
0788-DXBFY,0.06822191848030018,234.60000000000002,35.190000000000005,-30.38854137735648,-0.8635561630393996,0
2239-CFOUJ,0.08608310441460469,244.79999999999998,36.72,-30.39805681179143,-0.8278337911707906,0
4451-RWASJ,0.06657337961560789,234.0,35.1,-30.426548750984328,-0.8668532407687842,0
2171-UDMFD,0.06528908362398649,233.39999999999998,35.01,-30.438458364648465,-0.869421832752027,0
0731-EBJQB,0.08538579267262052,244.79999999999998,36.72,-30.44926738612275,-0.8292284146547589,0
6131-IUNXN,0.0812456948767575,242.39999999999998,36.35999999999999,-30.45181306856219,-0.837508610246485,0
2333-KWEWW,0.07766751629568808,240.60000000000002,36.09,-30.483958673777238,-0.8446649674086238,0
3530-VWVGU,0.07443936867467595,238.79999999999998,35.81999999999999,-30.48716362814621,-0.8511212626506481,0
3423-HHXAO,0.06564464207812004,234.0,35.1,-30.491746126115974,-0.8687107158437599,0
7328-OWMOM,0.07847321135975815,241.20000000000002,36.18,-30.5016784260079,-0.8430535772804837,0
0967-BMLBD,0.07632434192845047,240.0,36.0,-30.504647381151564,-0.847351316143099,0
8999-XXGNS,0.41984778790750654,1269.0,190.35,-30.513947143612256,-0.16030442418498692,0
2164-SOQXL,0.07723164433729127,240.60000000000002,36.09,-30.51541991173432,-0.8455367113254175,0
8461-EFQYM,0.15035783525025442,291.0,43.65,-30.52376098265279,-0.6992843294994912,0
9139-TWBAS,0.32276952795143915,574.2,86.13000000000001,-30.529721115085096,-0.3544609440971217,0
3486-NPGST,0.06614737158731537,234.60000000000002,35.190000000000005,-30.534547987684746,-0.8677052568253693,0
1452-KIOVK,0.40476520385063636,1069.1999999999998,160.37999999999997,-30.54751321286986,-0.19046959229872718,0
7762-ONLJY,0.06926757845630868,236.39999999999998,35.459999999999994,-30.547543335878583,-0.8614648430873826,0
5569-IDSEY,0.4194888683922848,1268.4,190.26000000000002,-30.63609579936781,-0.1610222632154305,0
8979-CAMGB,0.4166457645721063,1225.1999999999998,183.77999999999997,-30.637682773876634,-0.16670847085578755,0
5260-UMPWX,0.07926113710802199,243.0,36.449999999999996,-30.671863104825192,-0.841477725783956,0
5986-WWXDV,0.05961613842728881,232.20000000000002,34.83,-30.67713979715506,-0.8807677231454224,0
9415-TPKRV,0.3470773887133262,669.0,100.35,-30.69156808523543,-0.3058452225733476,0
4163-HFTUK,0.05334757973706598,229.20000000000002,34.38,-30.711820417279345,-0.893304840525868,0
2080-SRCDE,0.16394284912795512,304.79999999999995,45.71999999999999,-30.729065875739778,-0.6721143017440897,0
9732-OUYRN,0.050345117202930605,228.0,34.199999999999996,-30.75639398331954,-0.8993097655941388,0
3572-UUHRS,0.04674283852384391,226.20000000000002,33.93,-30.758030977771952,-0.9065143229523122,0
8908-SLFCJ,0.08980254591887121,250.20000000000002,37.53,-30.78942090332953,-0.8203949081622576,0
8610-ZIKJJ,0.07842376066449572,243.60000000000002,36.54,-30.80879157063865,-0.8431524786710085,0
7010-ZMVBF,0.0814457208159842,245.39999999999998,36.809999999999995,-30.81396603352724,-0.8371085583680317,0
7233-IOQNP,0.24810876185396005,408.0,61.199999999999996,-30.831487549075288,-0.50378247629208,0
8847-GEOOQ,0.35766933975220255,722.4000000000001,108.36000000000001,-30.845900688902674,-0.28466132049559495,0
1360-RCYRT,0.2176461774401052,364.20000000000005,54.63,-30.849978652894105,-0.5647076451197895,0
0111-KLBQG,0.40873555068996686,1127.4,169.11,-30.867462045639428,-0.18252889862006638,0
0409-WTMPL,0.42248906326479096,1327.8000000000002,199.17000000000002,-30.875706539103163,-0.15502187347041804,0
2235-ZGKPT,0.33087773199621057,610.2,91.53,-30.95952238077369,-0.3382445360075788,0
0129-QMPDR,0.08039806518093201,246.0,36.9,-30.966622789647218,-0.839203869638136,0
4023-RTIQM,0.32923095983407663,604.8,90.71999999999998,-30.984334647705133,-0.34153808033184674,0
8512-WIWYV,0.07705157805144439,244.20000000000002,36.63,-30.985201391951186,-0.8458968438971112,0
4980-URKXC,0.08702387525372203,250.20000000000002,37.53,-30.997987923455625,-0.825952249492556,0
3551-GAEGL,0.21668378430140495,364.79999999999995,54.71999999999999,-31.006126646054238,-0.5666324313971901,0
0519-DRGTI,0.07657626903506201,244.20000000000002,36.63,-31.02002253049136,-0.846847461929876,0
2495-TTHBQ,0.07761395605258471,244.79999999999998,36.72,-31.020031067498177,-0.8447720878948306,0
9805-FILKB,0.07294669667177263,242.39999999999998,36.35999999999999,-31.055316218028686,-0.8541066066564547,0
1353-GHZOS,0.3554752360402758,717.0,107.55,-31.08727672773668,-0.28904952791944843,0
1038-RQOST,0.0804923210681888,247.20000000000002,37.08,-31.110689469583118,-0.8390153578636225,0
1472-TNCWL,0.4086739854778763,1136.4,170.46,-31.13486487088241,-0.18265202904424738,0
4893-GYUJU,0.05297239433686511,232.20000000000002,34.83,-31.139943010493973,-0.8940552113262697,0
5917-HBSDW,0.05295151880364912,232.20000000000002,34.83,-31.1413972001378,-0.8940969623927018,0
8017-UVSZU,0.34714454291942803,679.2,101.88000000000001,-31.14582793473734,-0.3057109141611439,0
9046-JBFWA,0.04775816181201564,229.79999999999998,34.47,-31.17755232467964,-0.9044836763759687,0
9447-YPTBX,0.06338130000588613,238.20000000000002,35.730000000000004,-31.20077230157938,-0.8732373999882277,0
5918-VUKWP,0.07808968542428887,246.60000000000002,36.99,-31.212925072311112,-0.8438206291514223,0
7596-IIWYC,0.07180108144039861,243.0,36.449999999999996,-31.215701162994936,-0.8563978371192027,0
1015-JPFYW,0.05384369119647723,233.39999999999998,35.01,-31.239864742422665,-0.8923126176070456,0
2812-REYAT,0.06696189501019274,240.60000000000002,36.09,-31.25669041816429,-0.8660762099796144,0
9451-WLYRI,0.04370775996387854,228.60000000000002,34.29,-31.29252182167721,-0.9125844800722429,0
0564-MUUQK,0.4089614293641909,1146.0,171.9,-31.29906058459119,-0.1820771412716183,0
5924-SNGKP,0.07056566406179239,243.0,36.449999999999996,-31.30576308989533,-0.8588686718764151,0
3458-IDMFK,0.08058524831566544,249.0,37.35,-31.330281950819796,-0.8388295033686692,0
1407-DIGZV,0.04410946202387141,229.20000000000002,34.38,-31.347033391238604,-0.9117810759522572,0
6447-EGDIV,0.08387363640070902,251.39999999999998,37.709999999999994,-31.384250342658518,-0.8322527271985819,0
1755-FZQEC,0.0616077599894272,238.79999999999998,35.81999999999999,-31.406420074357428,-0.8767844800211455,0
6974-DAFLI,0.05712860348236412,236.39999999999998,35.459999999999994,-31.40843944103073,-0.8857427930352717,0
6876-ADESB,0.3217348455174084,587.4000000000001,88.11000000000001,-31.413885522922307,-0.35653030896518334,0
2428-HYUNX,0.04851118214868996,232.20000000000002,34.83,-31.450711051522255,-0.90297763570262,0
1627-AFWVJ,0.04954020509227687,232.79999999999998,34.919999999999995,-31.46011207635538,-0.9009195898154463,0
7108-DGVUU,0.3780191469782509,860.4000000000001,129.06,-31.485697781973883,-0.24396170604349823,0
9313-CDOGY,0.052957543902962464,235.20000000000002,35.28,-31.543315702206968,-0.894084912194075,0
5808-TOTXO,0.07359550125680184,246.60000000000002,36.99,-31.5454048170218,-0.8528089974863963,0
2805-AUFQN,0.0572261592409898,237.60000000000002,35.64,-31.560919369302248,-0.8855476815180204,0
8444-WRIDW,0.3910110509339075,965.4000000000001,144.81,-31.56537942852171,-0.217977898132185,0
8327-WKMIE,0.06475678998425621,241.79999999999998,36.269999999999996,-31.572542454542052,-0.8704864200314876,0
6510-UPNKS,0.1462581333397085,297.6,44.64,-31.582073855430824,-0.707483733320583,0
4933-BSAIP,0.04068511623238223,229.20000000000002,34.38,-31.5824914078614,-0.9186297675352355,0
0239-OXEXL,0.3958665013474695,1011.0,151.65,-31.583690141312516,-0.2082669973050611,0
0839-QNXME,0.047055664762957666,232.79999999999998,34.919999999999995,-31.63363237295503,-0.9058886704740846,0
5380-XPJNZ,0.061531722889836715,240.60000000000002,36.09,-31.648640241811588,-0.8769365542203266,0
8681-ICONS,0.07405613882936044,247.79999999999998,37.169999999999995,-31.66466663942534,-0.8518877223412792,0
5642-MHDQT,0.05663552340763891,238.20000000000002,35.730000000000004,-31.68282549729013,-0.8867289531847222,0
0902-RFHOF,0.06190266254190457,241.20000000000002,36.18,-31.700723338467785,-0.8761946749161909,0
0221-NAUXK,0.058565267187488744,239.39999999999998,35.91,-31.703842510594555,-0.8828694656250226,0
0877-SDMBN,0.4152608659162463,1247.4,187.11,-31.71107875682233,-0.1694782681675075,0
2122-SZZZD,0.04815591740998957,234.0,35.1,-31.719454597818732,-0.9036881651800208,0
8769-KKTPH,0.41154780013254694,1195.8000000000002,179.37000000000003,-31.731342180450127,-0.17690439973490618,0
9039-RBEEE,0.31986661920481896,587.4000000000001,88.11000000000001,-31.743104363726815,-0.36026676159036214,0
1131-ALZWV,0.1414938437842533,295.20000000000005,44.28000000000001,-31.749305194466533,-0.7170123124314934,0
3079-BCHLN,0.05660760623738134,238.79999999999998,35.81999999999999,-31.764631089153994,-0.8867847875252373,0
6223-DHJGV,0.0725963401747314,247.79999999999998,37.169999999999995,-31.773188071410463,-0.8548073196505371,0
1272-ILHFG,0.05055329175498029,235.79999999999998,35.37,-31.793860141252694,-0.8988934164900395,0
0064-YIJGF,0.38340907021644566,909.0,136.35,-31.794346551975266,-0.23318185956710868,0
7605-SNLQG,0.32419731405805824,603.0,90.45,-31.80270588689727,-0.3516053718838836,0
0547-HURJB,0.0801089687782084,252.60000000000002,37.89,-31.819342345987366,-0.8397820624435831,0
7168-HDQHG,0.03907349347308922,230.39999999999998,34.559999999999995,-31.85924013114007,-0.9218530130538216,0
2005-DWQZJ,0.035442923986586,228.60000000000002,34.29,-31.85932427299993,-0.929114152026828,0
3719-TDVQB,0.032516521378363084,227.39999999999998,34.10999999999999,-31.891722911568063,-0.9349669572432738,0
9631-RXVJM,0.039705329056586816,231.0,34.65,-31.898420696378533,-0.9205893418868264,0
1686-STUHN,0.05230380777030136,237.60000000000002,35.64,-31.91178458213292,-0.8953923844593973,0
7473-ZBDSN,0.0283790729524179,225.60000000000002,33.84,-31.91930434258036,-0.9432418540951643,0
0301-KOBTQ,0.057780022863256404,240.60000000000002,36.09,-31.919437949730156,-0.8844399542734872,0
9764-REAFF,0.017831898874103105,220.79999999999998,33.12,-31.938815018579408,-0.9643362022517938,0
2706-QZIHY,0.14792124920471142,302.4,45.35999999999999,-31.940584272148577,-0.7041575015905772,0
9845-QOMAD,0.050713528013257514,237.0,35.55,-31.944268158257387,-0.898572943973485,0
6765-MBQNU,0.15818107461697076,312.0,46.8,-31.994251415851537,-0.6836378507660585,0
8884-FEEWR,0.06795081325449914,247.20000000000002,37.08,-32.04076768904634,-0.8640983734910017,0
5171-EPLKN,0.0516010498273517,238.20000000000002,35.730000000000004,-32.04258897933745,-0.8967979003452966,0
4537-CIBHB,0.05980330698469352,243.0,36.449999999999996,-32.09033892081584,-0.880393386030613,0
6368-TZZDT,0.04223726817810458,234.0,35.1,-32.13494377389706,-0.9155254636437907,0
9891-NQDBD,0.1505366526731583,306.6,45.99,-32.1436386871229,-0.6989266946536834,0
4323-ELYYB,0.05309172538176459,240.0,36.0,-32.17739577251295,-0.8938165492364709,0
9170-ARBTB,0.04389269237270572,235.20000000000002,35.28,-32.18293162618188,-0.9122146152545885,0
9945-PSVIP,0.021825873553798638,224.39999999999998,33.66,-32.190682192358274,-0.9563482528924028,0
9509-MPYOD,0.06867521881417563,249.0,37.35,-32.219961154581085,-0.8626495623716488,0
9904-EHEVJ,0.4019902137563601,1096.1999999999998,164.42999999999998,-32.23149830408343,-0.19601957248727991,0
1354-YZFNB,0.042007832639289894,234.60000000000002,35.190000000000005,-32.23348873884678,-0.9159843347214202,0
2692-AQCPF,0.41708259817086973,1296.6,194.48999999999998,-32.25321096349509,-0.16583480365826056,0
6551-ZCOTS,0.14001983085434955,298.79999999999995,44.81999999999999,-32.26862236221611,-0.719960338291301,0
7319-ZNRTR,0.042608627846140106,235.20000000000002,35.28,-32.27353521917635,-0.9147827443077197,0
7644-OMVMY,0.04829989776879935,238.20000000000002,35.730000000000004,-32.2784893054416,-0.9034002044624013,0
4310-KEDTB,0.19856039748856136,357.6,53.64,-32.338440557427134,-0.6028792050228772,0
4530-NDRKU,0.028445626499492723,228.60000000000002,34.29,-32.339198934664786,-0.9431087470010145,0
7297-DVYGA,0.04732826832123199,238.20000000000002,35.730000000000004,-32.34792194576477,-0.905343463357536,0
4018-KJYUY,0.05319286745817061,241.79999999999998,36.269999999999996,-32.4113893945843,-0.8936142650836587,0
0621-CXBKL,0.01815709392561149,224.39999999999998,33.66,-32.43766443692783,-0.963685812148777,0
4825-FUREZ,0.0550205918533216,243.0,36.449999999999996,-32.438998853892855,-0.8899588162933569,0
3724-BSCVH,0.059227536904882014,245.39999999999998,36.809999999999995,-32.44966873306258,-0.881544926190236,0
6551-VLJMV,0.05026973542634419,240.60000000000002,36.09,-32.46153049692648,-0.8994605291473116,0
5857-XRECV,0.05959534897132454,246.0,36.9,-32.50186324591625,-0.8808093020573509,0
9659-ZTWSM,0.41589384673257174,1288.1999999999998,193.22999999999996,-32.50366399173032,-0.16821230653485653,0
4291-YZODP,0.04946245248299136,240.60000000000002,36.09,-32.51980017977769,-0.9010750950340174,0
2520-SGTTA,0.04821994123959072,240.0,36.0,-32.52816423074947,-0.9035601175208186,0
4083-BFNYK,0.40485528333718995,1140.0,171.0,-32.53949309868105,-0.19028943332562018,0
7815-PDTHL,0.0521508250803708,242.39999999999998,36.35999999999999,-32.56759200015543,-0.8956983498392584,0
7614-QVWQL,0.32521466364241,621.5999999999999,93.23999999999998,-32.59396952396338,-0.34957067271518005,0
8582-KRHPJ,0.2412913137647934,420.0,63.0,-32.597294465636026,-0.5174173724704131,0
6425-JWTDV,0.028672907625709756,231.0,34.65,-32.66296750153831,-0.9426541847485804,0
2229-DPMBI,0.034663787378544794,234.0,35.1,-32.666602126026156,-0.9306724252429104,0
1293-HHSHJ,0.06993598198171105,253.20000000000002,37.980000000000004,-32.667662808669235,-0.860128036036578,0
7337-CINUD,0.03456803073945636,234.0,35.1,-32.67332424209017,-0.9308639385210874,0
1069-QJOEE,0.043892154217135326,238.79999999999998,35.81999999999999,-32.67556607188442,-0.9122156915657293,0
3524-WQDSG,0.4085732195063508,1191.6,178.73999999999998,-32.68324549086972,-0.18285356098729846,0
4685-TFLLS,0.04138804858381473,237.60000000000002,35.64,-32.689859896945684,-0.9172239028323704,0
2346-CZYIL,0.05370760785945464,244.20000000000002,36.63,-32.69538064821636,-0.8925847842810908,0
0956-ACVZC,0.403382757583757,1129.1999999999998,169.37999999999997,-32.730057040926454,-0.1932344848324859,0
1229-RCALF,0.4209307919106488,1380.0,207.0,-32.73465214899139,-0.15813841617870236,0
1395-WSWXR,0.06169309377755477,249.0,37.35,-32.74152589481666,-0.8766138124448905,0
1561-BWHIN,0.04043866264567634,237.60000000000002,35.64,-32.75753212661619,-0.9191226747086473,0
7682-AZNDK,0.3986863360536873,1078.1999999999998,161.72999999999996,-32.77091774007428,-0.2026273278926253,0
3945-GFWQL,0.29565876106394123,534.5999999999999,80.18999999999998,-32.7722479005651,-0.40868247787211753,0
2796-NNUFI,0.04350271704945743,239.39999999999998,35.91,-32.785634861507965,-0.9129945659010852,0
8464-EETCQ,0.015568388947773954,225.60000000000002,33.84,-32.78633143601466,-0.9688632221044521,0
9483-GCPWE,0.04666709449551689,241.20000000000002,36.18,-32.8031690423044,-0.9066658110089661,0
0608-JDVEC,0.03977893423976617,237.60000000000002,35.64,-32.804557567389466,-0.9204421315204676,0
2466-FCCPT,0.03728979485125912,236.39999999999998,35.459999999999994,-32.8154077491487,-0.9254204102974818,0
2801-NISEI,0.33408498003719383,659.4000000000001,98.91000000000001,-32.82130924904233,-0.33183003992561244,0
4884-LEVMQ,0.05411735632806705,245.39999999999998,36.809999999999995,-32.8258802271277,-0.8917652873438658,0
0357-NVCRI,0.04507275842484938,240.60000000000002,36.09,-32.836648296894374,-0.9098544831503013,0
9424-CMPOG,0.03449813144131573,235.20000000000002,35.28,-32.84581184550076,-0.9310037371173685,0
8748-HFWBO,0.04146959083746207,238.79999999999998,35.81999999999999,-32.84911851240421,-0.9170608183250758,0
5647-URDKA,0.036508101003956926,236.39999999999998,35.459999999999994,-32.87084547679937,-0.9269837979920861,0
1985-MBRYP,0.03522146691556565,235.79999999999998,35.37,-32.87843343039288,-0.9295570661688687,0
5231-FIQPA,0.03983874314885162,238.20000000000002,35.730000000000004,-32.88312341458307,-0.9203225137022968,0
0754-EEBDC,0.04066193106855279,238.79999999999998,35.81999999999999,-32.906979258248874,-0.9186761378628945,0
8148-WOCMK,0.033500787410339,235.20000000000002,35.28,-32.91618444032648,-0.9329984251793221,0
3764-MNMOI,0.023571616011234545,230.39999999999998,34.559999999999995,-32.930729901303465,-0.9528567679775309,0
2589-AYCRP,0.036716428485367804,237.0,35.55,-32.93946193469035,-0.9265671430292645,0
3078-ZKNTS,0.036449916609196345,237.0,35.55,-32.958410929086135,-0.9271001667816072,0
1401-FTHFQ,0.04216094871102864,240.0,36.0,-32.96441169280594,-0.9156781025779428,0
2138-VFAPZ,0.0351728733714584,236.39999999999998,35.459999999999994,-32.96553982049616,-0.9296542532570831,0
8859-YSTWS,0.040780476626247994,239.39999999999998,35.91,-32.981146168702864,-0.918439046747504,0
5859-HZYLF,0.021463078636370866,229.79999999999998,34.47,-32.99033535880859,-0.9570738427272584,0
9565-JSNFM,0.36991686021675174,845.4000000000001,126.81,-32.99168591182742,-0.26016627956649646,0
7812-FZHPE,0.1196412197847025,289.20000000000005,43.38,-32.999927771479214,-0.760717560430595,0
9624-EGDEQ,0.03700950034233289,237.60000000000002,35.64,-33.00196281559851,-0.9259809993153342,0
2650-GYRYL,0.02843955662013603,233.39999999999998,35.01,-33.018662245458074,-0.9431208867597279,0
4654-GGUII,0.2717579466130447,482.40000000000003,72.36,-33.03118996616017,-0.4564841067739106,0
2266-FUBDZ,0.025723640033009573,232.20000000000002,34.83,-33.03809123530055,-0.9485527199339807,0
3316-UWXUY,0.4018148787789641,1122.0,168.29999999999998,-33.04911180300067,-0.19637024244207174,0
7560-QRBXH,0.03974193404933377,239.39999999999998,35.91,-33.055734296576844,-0.9205161319013324,0
8779-YIQQA,0.035945159753324726,237.60000000000002,35.64,-33.07782901278301,-0.9281096804933505,0
2030-BTZRO,0.049158932125032084,244.79999999999998,36.72,-33.10976802473764,-0.9016821357499357,0
1231-YNDEK,0.01972506715864308,229.79999999999998,34.47,-33.110153870083145,-0.9605498656827138,0
7073-QETQY,0.047561118735231465,244.20000000000002,36.63,-33.145672441456945,-0.9048777625295371,0
4104-PVRPS,0.3282222597279042,643.2,96.48,-33.14623276290361,-0.3435554805441916,0
0859-YGKFW,0.04068493801458307,240.60000000000002,36.09,-33.153361174107395,-0.9186301239708338,0
1047-RNXZV,0.028846770949368893,234.60000000000002,35.190000000000005,-33.15976426058342,-0.9423064581012622,0
8314-HTWVE,0.035894311670666174,238.20000000000002,35.730000000000004,-33.1649924880142,-0.9282113766586677,0
0203-HHYIJ,0.13580389447525876,303.6,45.54,-33.17098129119343,-0.7283922110494824,0
0486-LGCCH,0.030835981877954787,235.79999999999998,35.37,-33.18866264195348,-0.9383280362440904,0
8917-FAEMR,0.03542792135973561,238.20000000000002,35.730000000000004,-33.198320739633296,-0.9291441572805288,0
3653-NCRDJ,0.01964031994568842,230.39999999999998,34.559999999999995,-33.20246108535401,-0.9607193601086231,0
0048-PIHNL,0.04900057019892682,245.39999999999998,36.809999999999995,-33.202578021955006,-0.9019988596021464,0
0621-TSSMU,0.03746130652912377,239.39999999999998,35.91,-33.219528965078325,-0.9250773869417523,0
0362-RAOQO,0.030245883225003403,235.79999999999998,35.37,-33.230406220663255,-0.9395082335499931,0
9646-NMHXE,0.030220361369025034,235.79999999999998,35.37,-33.23221163675517,-0.93955927726195,0
0442-TDYUO,0.039526571152108766,240.60000000000002,36.09,-33.23697209424079,-0.9209468576957824,0
1099-GODLO,0.04629686088540445,244.20000000000002,36.63,-33.238291971535276,-0.9074062782291912,0
4635-EJYPD,0.012659893762492283,227.39999999999998,34.10999999999999,-33.24634204752277,-0.9746802124750154,0
3352-RICWQ,0.03230146923720121,237.0,35.55,-33.25336553723499,-0.9353970615255975,0
5372-FBKBN,0.054702704918807105,249.0,37.35,-33.26370794256511,-0.8905945901623858,0
0854-UYHZD,0.027335988047724823,234.60000000000002,35.190000000000005,-33.266093161201134,-0.9453280239045504,0
1051-EQPZR,0.0285258039865588,235.20000000000002,35.28,-33.26721927070841,-0.9429483920268823,0
6729-FZWSY,0.024613175092289698,233.39999999999998,35.01,-33.28658548003787,-0.9507736498154206,0
5093-FEGLU,0.029310023660595607,235.79999999999998,35.37,-33.29660892624946,-0.9413799526788087,0
5442-PPTJY,0.03045336884284197,236.39999999999998,35.459999999999994,-33.30024708166564,-0.939093262314316,0
4429-WYGFR,0.3117989015474768,589.8,88.46999999999998,-33.30030236018945,-0.3764021969050464,0
2892-GESUL,0.021575738849861522,232.20000000000002,34.83,-33.32703403171865,-0.9568485223002771,0
4573-JKNAE,0.021474116709151878,232.20000000000002,34.83,-33.33411303004048,-0.9570517665816962,0
4203-QGNZA,0.042474302931505094,243.0,36.449999999999996,-33.35362331629327,-0.9150513941369898,0
6265-FRMTQ,0.045723714943603305,244.79999999999998,36.72,-33.362050374541774,-0.9085525701127934,0
5207-PLSTK,0.3098392347656539,585.0,87.75,-33.37321429862774,-0.38032153046869216,0
8241-JUIQO,0.023372387037527732,233.39999999999998,35.01,-33.37346545963231,-0.9532552259249446,0
6447-GORXK,0.12887408338238104,300.0,45.0,-33.401332495585706,-0.7422518332352379,0
7416-CKTEP,0.02656996950949908,235.20000000000002,35.28,-33.40522295140975,-0.9468600609810018,0
2587-YNLES,0.038153411007528774,241.20000000000002,36.18,-33.419219179495215,-0.9236931779849424,0
1222-KJNZD,0.044927775285045914,244.79999999999998,36.72,-33.42050418306623,-0.9101444494299082,0
5003-OKNNK,0.0437127939313555,244.20000000000002,36.63,-33.4276007165889,-0.912574412137289,0
5310-NOOVA,0.03439243394152498,239.39999999999998,35.91,-33.439935394319676,-0.9312151321169502,0
1768-HNVGJ,0.3672941733209212,840.5999999999999,126.08999999999997,-33.465755371930086,-0.2654116533581576,0
4632-PAOYU,0.03402607039823692,239.39999999999998,35.91,-33.46624762399862,-0.9319478592035261,0
3970-XGJDU,0.015491967965353012,230.39999999999998,34.559999999999995,-33.489195174234794,-0.969016064069294,0
5124-EOGYE,0.0450808819846215,245.39999999999998,36.809999999999995,-33.49114546829216,-0.909838236030757,0
2817-LVCPP,0.020420464956266347,232.79999999999998,34.919999999999995,-33.493834727454356,-0.9591590700874674,0
2146-EGVDT,0.01786111642802397,231.60000000000002,34.74,-33.49900963058089,-0.964277767143952,0
8194-PEEBY,0.03192635349671643,238.79999999999998,35.81999999999999,-33.53279603549523,-0.9361472930065672,0
9500-WBGRP,0.01206762898549534,229.20000000000002,34.38,-33.55022983095734,-0.9758647420290093,0
6733-LRIZX,0.41444829648393555,1307.4,196.11,-33.55508915307081,-0.17110340703212895,0
1087-GRUYI,0.04290348739848328,244.79999999999998,36.72,-33.569167885455386,-0.9141930252030334,0
8857-CUPFQ,0.01556076973450877,231.0,34.65,-33.57163865739854,-0.9688784605309824,0
8859-DZTGQ,0.04153335028077171,244.20000000000002,36.63,-33.587266758430665,-0.9169332994384566,0
9602-WCXPI,0.0368621846030334,241.79999999999998,36.269999999999996,-33.59601712889595,-0.9262756307939332,0
0318-ZOPWS,0.03647311961714615,241.79999999999998,36.269999999999996,-33.624239902972214,-0.9270537607657077,0
8143-ETQTI,0.02452734247927655,235.79999999999998,35.37,-33.63493579301598,-0.950945315041447,0
0825-CPPQH,0.01009100139319671,229.20000000000002,34.38,-33.6861427442038,-0.9798179972136066,0
8430-TWCBX,0.04774196914407678,248.39999999999998,37.26,-33.7022684593834,-0.9045160617118465,0
1699-TLDLZ,0.024702626972612014,236.39999999999998,35.459999999999994,-33.70808969510235,-0.950594746054776,0
4299-OPXEJ,0.020807050240798455,234.60000000000002,35.190000000000005,-33.72559980405261,-0.958385899518403,0
1813-JLKWR,0.026579255101151368,237.60000000000002,35.64,-33.74543069638993,-0.9468414897976972,0
2300-RQGOI,0.0324406057325777,240.60000000000002,36.09,-33.748437078222544,-0.9351187885348445,0
0224-NIJLP,0.034720170540553305,241.79999999999998,36.269999999999996,-33.75139882898826,-0.9305596589188934,0
9588-YRFHY,0.02872697061436355,238.79999999999998,35.81999999999999,-33.76199982518699,-0.942546058771273,0
7554-NEWDD,0.134658782721851,308.4,46.26,-33.801369422574346,-0.730682434556298,0
3097-FQTVJ,0.030454668875341463,240.0,36.0,-33.807263840975416,-0.9390906622493171,0
6217-KDYWC,0.020848386042037384,235.20000000000002,35.28,-33.80893788087384,-0.9583032279159251,0
4641-FROLU,0.013288356458927486,231.60000000000002,34.74,-33.81672499323372,-0.973423287082145,0
1089-XZWHH,0.022971150049558162,236.39999999999998,35.459999999999994,-33.83088603848533,-0.9540576999008837,0
9801-NOSHQ,0.025303136108880412,237.60000000000002,35.64,-33.836392458159004,-0.9493937277822392,0
2384-OVPSA,0.03463243026359258,242.39999999999998,36.35999999999999,-33.84152967123154,-0.9307351394728148,0
9814-AOUDH,0.017897280188924745,234.0,35.1,-33.84361093073748,-0.9642054396221504,0
6323-AYBRX,0.013956415612848008,232.20000000000002,34.83,-33.857796088409,-0.9720871687743039,0
2878-DHMIN,0.027076557562955576,238.79999999999998,35.81999999999999,-33.880235416189855,-0.9458468848740889,0
8747-UDCOI,0.01361610461964615,232.20000000000002,34.83,-33.881502152195445,-0.9727677907607076,0
4475-NVTLU,0.00976557881313219,230.39999999999998,34.559999999999995,-33.8850031924363,-0.9804688423737357,0
0557-ASKVU,0.32695277844437226,652.8,97.91999999999999,-33.88956786945414,-0.34609444311125553,0
3308-DGHKL,0.012184679810607987,231.60000000000002,34.74,-33.89340844675896,-0.9756306403787841,0
1760-CAZHT,0.04724231025281731,249.60000000000002,37.440000000000005,-33.902495808269045,-0.9055153794943654,0
6051-PTVNS,0.007774956122576094,229.79999999999998,34.47,-33.9339945249096,-0.9844500877548478,0
4698-KVLLG,0.018801463390889023,235.20000000000002,35.28,-33.953368743138874,-0.962397073218222,0
6016-LVTJQ,0.04317427031740876,247.79999999999998,37.169999999999995,-33.96042474460383,-0.9136514593651824,0
3170-GWYKC,0.4101079764033675,1259.4,188.91,-33.96300435527968,-0.17978404719326493,0
7009-PCARS,0.005980675102632994,229.20000000000002,34.38,-33.968768779942955,-0.988038649794734,0
2819-GWENI,0.025743540224470386,238.79999999999998,35.81999999999999,-33.975732778318935,-0.9485129195510592,0
1697-LYYYX,0.0058587312026716475,229.20000000000002,34.38,-33.9771536425043,-0.9882825375946567,0
9620-QJREV,0.04064338731607337,246.60000000000002,36.99,-33.98320220635689,-0.9187132253678533,0
8008-OTEZX,0.01942804149499988,235.79999999999998,35.37,-33.9956603446437,-0.9611439170100001,0
7632-YUTXB,0.028945687232982523,240.60000000000002,36.09,-34.00070029552332,-0.942108625534035,0
6072-NUQCB,0.033595113920513085,243.0,36.449999999999996,-34.00091619519459,-0.9328097721589738,0
8259-NFJTV,0.22738299603756434,415.79999999999995,62.36999999999999,-34.00624507427422,-0.5452340079248713,0
9710-NJERN,0.031187617873022582,241.79999999999998,36.269999999999996,-34.00765019949094,-0.9376247642539549,0
8896-RAZCR,0.025297721238934784,238.79999999999998,35.81999999999999,-34.007671250442705,-0.9494045575221304,0
1241-FPMOF,0.019167190146208705,235.79999999999998,35.37,-34.014112969057194,-0.9616656197075826,0
4332-MUOEZ,0.39978543348304957,1131.6,169.73999999999998,-34.02084104117432,-0.2004291330339008,0
3712-PKXZA,0.04001551960509064,246.60000000000002,36.99,-34.0296518596154,-0.9199689607898188,0
0206-OYVOC,0.008887684808827567,231.0,34.65,-34.03408344274825,-0.9822246303823449,0
6848-HJTXY,0.01389079578651797,233.39999999999998,35.01,-34.03736647902801,-0.972218408426964,0
0354-VXMJC,0.017604249604830882,235.20000000000002,35.28,-34.037844147883135,-0.9647915007903383,0
0582-AVCLN,0.0342385381939431,243.60000000000002,36.54,-34.037847628786636,-0.9315229236121138,0
8347-GDTMP,0.013814841835739472,233.39999999999998,35.01,-34.042684774661524,-0.9723703163285211,0
4830-FAXFM,0.10754053415816399,289.20000000000005,43.38,-34.04978325643769,-0.784918931683672,0
4735-BJKOU,0.030591163145490263,241.79999999999998,36.269999999999996,-34.05091702542613,-0.9388176737090195,0
1494-EJZDW,0.030478641867592332,241.79999999999998,36.269999999999996,-34.05907931892485,-0.9390427162648154,0
6000-UKLWI,0.030466282622096226,241.79999999999998,36.269999999999996,-34.059975858593134,-0.9390674347558075,0
9750-BOOHV,0.1861831936261127,361.79999999999995,54.26999999999999,-34.061676163821716,-0.6276336127477745,0
3378-AJRAO,0.11914065674213113,298.20000000000005,44.730000000000004,-34.07167684784895,-0.7617186865157377,0
5787-KXGIY,0.009573172255675659,231.60000000000002,34.74,-34.074855991675655,-0.9808536554886487,0
5555-RNPGT,0.11820525218489392,297.6,44.64,-34.08663508493267,-0.7635894956302121,0
7216-KAOID,0.014410792384008114,234.0,35.1,-34.088362374642635,-0.9711784152319839,0
9661-MHUMO,0.3076979921757331,591.0,88.64999999999999,-34.09514598724251,-0.3846040156485337,0
9184-GALIL,0.036751475543817996,245.39999999999998,36.809999999999995,-34.10435637046412,-0.9264970489123641,0
4487-ZYJZK,0.01658496319381282,235.20000000000002,35.28,-34.10976499704457,-0.9668300736123745,0
5921-NGYRH,0.37116272034106496,882.5999999999999,132.39,-34.11353490809282,-0.2576745593178701,0
2675-IJRGJ,0.01771212440463,235.79999999999998,35.37,-34.11704431961647,-0.9645757511907399,0
2900-PHPLN,0.01513219721034329,234.60000000000002,35.190000000000005,-34.124995960336044,-0.9697356055793134,0
1302-TPUBN,0.009955319566410888,232.20000000000002,34.83,-34.136512439003816,-0.9800893608671782,0
1074-WVEVG,0.033817969196672966,244.20000000000002,36.63,-34.15249557665174,-0.932364061606654,0
9518-RWHZL,0.40511520859076233,1200.6,180.08999999999997,-34.175604169779206,-0.18976958281847525,0
3498-LZGQZ,0.004269037217953131,229.79999999999998,34.47,-34.17569257419431,-0.9914619255640936,0
1657-DYMBM,0.02291416534491969,238.79999999999998,35.81999999999999,-34.17842919468995,-0.9541716693101606,0
5353-WILCI,0.330593576675453,672.5999999999999,100.88999999999999,-34.18282809842708,-0.3388128466490939,0
7427-AUFPY,0.01677006911429214,235.79999999999998,35.37,-34.18368531085497,-0.9664598617714156,0
7205-BAIAD,0.038993158712073164,247.20000000000002,37.08,-34.18826734991265,-0.9220136825758536,0
1834-WULEG,0.030892779253920137,243.0,36.449999999999996,-34.19791639238922,-0.9382144414921597,0
4189-NAKJS,0.3156825031345067,618.5999999999999,92.78999999999998,-34.205641068298235,-0.36863499373098657,0
5465-BUBFA,0.00769024642041826,231.60000000000002,34.74,-34.20568167870934,-0.9846195071591635,0
9565-AXSMR,0.005046060363382423,230.39999999999998,34.559999999999995,-34.211216307683,-0.9899078792732352,0
4803-LBYPN,0.04310844052695817,249.60000000000002,37.440000000000005,-34.212039973341376,-0.9137831189460837,0
3976-HXHCE,0.0075698938979445705,231.60000000000002,34.74,-34.214043771970815,-0.9848602122041109,0
5057-RKGLH,0.03295409228237302,244.20000000000002,36.63,-34.21578319939336,-0.934091815435254,0
3910-MRQOY,0.010042538000066104,232.79999999999998,34.919999999999995,-34.21862914607538,-0.9799149239998678,0
9916-AYHTC,0.021124202822762454,238.20000000000002,35.730000000000004,-34.2204644662854,-0.9577515943544751,0
2848-YXSMW,0.009875336282651914,232.79999999999998,34.919999999999995,-34.23030651401959,-0.9802493274346963,0
7941-RCJOW,0.013618863186413439,234.60000000000002,35.190000000000005,-34.231504408940225,-0.972762273627173,0
8249-THVEC,0.009791844015464535,232.79999999999998,34.919999999999995,-34.236137613959954,-0.980416311969071,0
6725-TPKJO,0.025645764642243617,240.60000000000002,36.09,-34.23888870812286,-0.9487084707155127,0
7977-HXJKU,0.01460141015111312,235.20000000000002,35.28,-34.24972449973746,-0.9707971796977738,0
8173-RXAYP,0.017020784783858097,236.39999999999998,35.459999999999994,-34.252885943128774,-0.9659584304322837,0
0484-FFVBJ,0.35326032785136885,778.1999999999999,116.72999999999999,-34.25784385981943,-0.29347934429726236,0
0607-DAAHE,0.018063570700722096,237.0,35.55,-34.265680123178655,-0.9638728585985558,0
8966-SNIZF,0.010608408419743552,233.39999999999998,35.01,-34.26719924244956,-0.9787831831605129,0
5160-UXJED,0.28653219900019167,535.2,80.28,-34.27439012852923,-0.42693560199961667,0
5995-OIGLP,0.3319107067255756,679.8,101.96999999999998,-34.2801304703861,-0.3361785865488487,0
8922-NPKBJ,0.007804282357391847,232.20000000000002,34.83,-34.28635369098408,-0.9843914352852162,0
6479-SZPLM,0.010229682217528987,233.39999999999998,35.01,-34.29371765112862,-0.979540635564942,0
8174-LNWMW,0.0441172041445831,250.79999999999998,37.62,-34.30062156016157,-0.9117655917108338,0
7850-THJMU,0.014852190007838464,235.79999999999998,35.37,-34.3193560788455,-0.970295619984323,0
4742-TXUEX,0.006034022791127449,231.60000000000002,34.74,-34.320756096472465,-0.9879319544177451,0
4079-VTGLK,0.37261088182517177,898.1999999999999,134.73,-34.32627178338922,-0.2547782363496565,0
3173-NVMPX,0.3275469437973231,663.5999999999999,99.53999999999998,-34.33195442882891,-0.3449061124053538,0
1776-SPBWV,0.0255009716590616,241.20000000000002,36.18,-34.3347496907503,-0.9489980566818768,0
7293-LSCDV,0.004514920342818753,231.0,34.65,-34.33711602024266,-0.9909701593143625,0
0613-WUXUM,0.003010932096467032,230.39999999999998,34.559999999999995,-34.3518843734922,-0.9939781358070661,0
4962-CHQPW,0.019033881302890576,238.20000000000002,35.730000000000004,-34.36983884209544,-0.9619322373942187,0
7706-YLMQA,0.015219657081506868,236.39999999999998,35.459999999999994,-34.38062191977953,-0.9695606858369863,0
0969-RGKCU,0.017538502308751477,237.60000000000002,35.64,-34.3898555554322,-0.9649229953824972,0
2616-FLVQC,0.011330191783511958,234.60000000000002,35.190000000000005,-34.39258110227643,-0.9773396164329761,0
0936-NQLJU,0.03735861353225833,247.79999999999998,37.169999999999995,-34.39276067001191,-0.9252827729354833,0
6527-PZFPV,0.04067690399430221,249.60000000000002,37.440000000000005,-34.39411342890666,-0.9186461920113956,0
8224-IVVPA,0.3314834930108512,680.4000000000001,102.06000000000002,-34.39758940662506,-0.3370330139782976,0
5016-LIPDW,0.007383656416907909,232.79999999999998,34.919999999999995,-34.40432543584315,-0.9852326871661843,0
8627-EHGIP,0.3228459292481719,647.4000000000001,97.11000000000001,-34.40686362142006,-0.3543081415036562,0
3646-ITDGM,0.014795287979773654,236.39999999999998,35.459999999999994,-34.41071817647445,-0.9704094240404527,0
6286-ZHAOK,0.12587908377444307,306.6,45.99,-34.41164187442673,-0.7482418324511139,0
9972-EWRJS,0.00335352008779209,231.0,34.65,-34.41760105791601,-0.9932929598244159,0
3170-NMYVV,0.025525532343441633,241.79999999999998,36.269999999999996,-34.41837788380674,-0.9489489353131167,0
2068-WWXQZ,0.02287779154263077,240.60000000000002,36.09,-34.43868100645292,-0.9542444169147385,0
6518-PPLMZ,0.006626170087840202,232.79999999999998,34.919999999999995,-34.457228281065234,-0.9867476598243196,0
0281-CNTZX,0.020088281670647887,239.39999999999998,35.91,-34.46725961041407,-0.9598234366587043,0
1945-XISKS,0.01256576164711266,235.79999999999998,35.37,-34.48109802108325,-0.9748684767057747,0
3620-EHIMZ,0.004986945041741851,232.20000000000002,34.83,-34.482609408392264,-0.9900261099165164,0
6532-YLWSI,0.039490168803599034,249.60000000000002,37.440000000000005,-34.48297615998651,-0.9210196623928019,0
0386-CWRGM,0.006221151320679179,232.79999999999998,34.919999999999995,-34.48551479176376,-0.9875576973586417,0
2821-WARNZ,0.007490269840830924,233.39999999999998,35.01,-34.48553130574501,-0.9850194603183381,0
6762-NSODU,0.006217242314304573,232.79999999999998,34.919999999999995,-34.48578779676896,-0.9875655153713908,0
5821-MMEIL,0.018586123711885925,238.79999999999998,35.81999999999999,-34.48849009728048,-0.9628277525762281,0
6349-JDHQP,0.017361375288850636,238.20000000000002,35.730000000000004,-34.48935612185874,-0.9652772494222989,0
0064-SUDOG,0.027773612515842826,243.60000000000002,36.54,-34.5103043973422,-0.9444527749683143,0
4644-OBGFZ,0.008186694260494388,234.0,35.1,-34.5252940629133,-0.9836266114790112,0
1270-XKUCC,0.013166621310301222,236.39999999999998,35.459999999999994,-34.52622321667343,-0.9736667573793975,0
2075-PUEPR,0.004354301530175763,232.20000000000002,34.83,-34.52667935540796,-0.9912913969396485,0
2851-MMUTZ,0.32916724282454324,673.8,101.07,-34.53213353544683,-0.3416655143509136,0
6723-WSNTY,0.4112642855417945,1297.1999999999998,194.57999999999996,-34.53239063855523,-0.1774714289164109,0
7643-RCHXS,0.004252030486969537,232.20000000000002,34.83,-34.533803556277704,-0.991495939026061,0
7601-GNDYK,0.010554761727905596,235.20000000000002,35.28,-34.53525601247898,-0.9788904765441888,0
7602-DBTOU,0.01049459517148797,235.20000000000002,35.28,-34.53950136469981,-0.979010809657024,0
5478-JJVZK,0.34237456528397375,730.8,109.61999999999999,-34.55780030714159,-0.3152508694320525,0
3199-NPKCN,0.41368907651025144,1335.0,200.25,-34.567524857644315,-0.1726218469794972,0
8540-ZQGEA,0.021074348581539303,240.60000000000002,36.09,-34.5688535193845,-0.9578513028369214,0
1169-SAOCL,0.4099218320795939,1279.8000000000002,191.97000000000003,-34.58461179136074,-0.1801563358408123,0
7872-BAAZR,0.008413918306051132,234.60000000000002,35.190000000000005,-34.59782842962013,-0.9831721633878978,0
1223-UNPKS,0.02058135834924495,240.60000000000002,36.09,-34.604437554351506,-0.9588372833015102,0
2007-QVGAW,0.003180951115017525,232.20000000000002,34.83,-34.60841494532788,-0.993638097769965,0
5519-TEEUH,0.022846010576582483,241.79999999999998,36.269999999999996,-34.6127503927747,-0.9543079788468349,0
1460-UZPRJ,0.018015714665683073,239.39999999999998,35.91,-34.61611137271064,-0.963968570668634,0
1098-KFQEC,0.004129967888993921,232.79999999999998,34.919999999999995,-34.631563042632656,-0.9917400642220121,0
3274-NSDWE,0.009089052156921087,235.20000000000002,35.28,-34.63867647980765,-0.9818218956861579,0
9798-OPFEM,0.043914150557124346,253.20000000000002,37.980000000000004,-34.64428112368084,-0.9121716988857513,0
5529-GIBVH,0.022392478376595318,241.79999999999998,36.269999999999996,-34.64564961856177,-0.9552150432468093,0
3717-FDJFU,0.029389091772877317,245.39999999999998,36.809999999999995,-34.646375063680765,-0.9412218164542453,0
5849-ASHZJ,0.019872442298865086,240.60000000000002,36.09,-34.65560711486792,-0.9602551154022698,0
4335-UPJSI,0.012491588317070909,237.0,35.55,-34.661848070656255,-0.9750168233658582,0
2595-KIWPV,0.010936602381357257,236.39999999999998,35.459999999999994,-34.68437615911414,-0.9781267952372855,0
2626-VEEWG,0.0033018847499702362,232.79999999999998,34.919999999999995,-34.689396369062074,-0.9933962305000595,0
8191-XWSZG,0.03334085724573278,247.79999999999998,37.169999999999995,-34.69144067235222,-0.9333182855085345,0
1106-HRLKZ,0.008282663348437266,235.20000000000002,35.28,-34.69557527413427,-0.9834346733031255,0
1757-TCATG,0.019201867107804502,240.60000000000002,36.09,-34.704009232158676,-0.9615962657843911,0
9507-HSMMZ,0.017877051674509262,240.0,36.0,-34.71285227943533,-0.9642458966509815,0
7167-PCEYD,0.012954640483992308,237.60000000000002,35.64,-34.71659322630103,-0.9740907190320154,0
1403-LKLIK,0.020223117479836804,241.20000000000002,36.18,-34.71665521915901,-0.9595537650403264,0
4361-FEBGN,0.0213913997525105,241.79999999999998,36.269999999999996,-34.71826786195288,-0.9572172004949789,0
5176-LMJXE,0.03070328126630579,246.60000000000002,36.99,-34.718571251918696,-0.9385934374673883,0
9385-EHGDO,0.014147054912743342,238.20000000000002,35.730000000000004,-34.719051455935364,-0.9717058901745134,0
3451-VAWLI,0.010266052631115822,236.39999999999998,35.459999999999994,-34.73193154740126,-0.9794678947377684,0
5542-NKVRU,0.034942164375432856,249.0,37.35,-34.739820321155165,-0.9301156712491342,0
0404-AHASP,0.010090098431796616,236.39999999999998,35.459999999999994,-34.74441021921698,-0.9798198031364068,0
9146-JRIOX,0.12219110925064532,306.6,45.99,-34.75086177112564,-0.7556177814987093,0
4609-KNNWG,0.014920373712746711,238.79999999999998,35.81999999999999,-34.75110442721882,-0.9701592525745066,0
8999-EXMNO,0.02086970848574832,241.79999999999998,36.269999999999996,-34.75611134644382,-0.9582605830285035,0
2984-RGEYA,0.011134597209179063,237.0,35.55,-34.75833013842737,-0.9777308055816419,0
5346-BZCHP,0.002308097712396689,232.79999999999998,34.919999999999995,-34.75880245576621,-0.9953838045752066,0
5730-DBDSI,0.009632292590262279,236.39999999999998,35.459999999999994,-34.77687780949859,-0.9807354148194755,0
2230-XTUWL,0.005804242058350644,234.60000000000002,35.190000000000005,-34.78149744393329,-0.9883915158832988,0
8395-ETZKQ,0.004441739834166424,234.0,35.1,-34.78818986364152,-0.9911165203316672,0
4804-NCPET,0.021601023386494687,242.39999999999998,36.35999999999999,-34.7891735793341,-0.9567979532270106,0
7969-FFOWG,0.014289024195595282,238.79999999999998,35.81999999999999,-34.79633430662755,-0.9714219516088095,0
2911-WDXMV,0.3800038227179122,966.5999999999999,144.98999999999998,-34.79649148825982,-0.23999235456417561,0
8007-YYPWD,0.11402420504579004,300.6,45.09,-34.80729718897066,-0.7719515899084199,0
7242-EDTYC,0.005276729008401192,234.60000000000002,35.190000000000005,-34.81862381238873,-0.9894465419831976,0
1552-CZCLL,0.016367324791892256,240.0,36.0,-34.82155261498376,-0.9672653504162155,0
0932-YIXYU,0.02232129907821489,243.0,36.449999999999996,-34.82277729719813,-0.9553574018435702,0
6582-PLFUU,0.005212670333091245,234.60000000000002,35.190000000000005,-34.82313226195704,-0.9895746593338175,0
8755-OGKNA,0.00386231765264645,234.0,35.1,-34.82886530078422,-0.9922753646947071,0
7114-AEOZE,0.012567585260650275,238.20000000000002,35.730000000000004,-34.83192035727394,-0.9748648294786995,0
5627-TVBPP,0.018528897023528192,241.20000000000002,36.18,-34.8392490113775,-0.9629422059529436,0
8514-VZHEB,0.0036484438159099584,234.0,35.1,-34.84387924412312,-0.9927031123681801,0
7328-ZJAJO,0.0034231763096444967,234.0,35.1,-34.85969302306296,-0.9931536473807111,0
3279-DYZQM,0.002118684734769054,233.39999999999998,35.01,-34.86164969487147,-0.9957626305304619,0
0505-SPOOW,0.010461323970538998,237.60000000000002,35.64,-34.89431682737998,-0.979077352058922,0
2729-VNVAP,0.010460724695464794,237.60000000000002,35.64,-34.89435954370727,-0.9790785506090703,0
5656-JAMLX,0.011608828159205112,238.20000000000002,35.730000000000004,-34.90043313974321,-0.9767823436815898,0
2359-QWQUL,0.40740540696962557,1256.4,188.46,-34.900754005008736,-0.18518918606074888,0
8035-BUYVG,0.27106500644825154,508.20000000000005,76.23,-34.903429116899574,-0.45786998710349697,0
1167-OYZJF,0.016435744391167177,240.60000000000002,36.09,-34.90366796984556,-0.9671285112176656,0
9503-XJUME,0.0065793993849050355,235.79999999999998,35.37,-34.904573287511816,-0.9868412012301899,0
7606-BPHHN,0.01026045377252528,237.60000000000002,35.64,-34.9086348550944,-0.9794790924549495,0
1839-FBNFR,0.011293514732984946,238.20000000000002,35.730000000000004,-34.9229654371809,-0.9774129705340301,0
4625-LAMOB,0.02438912588423378,244.79999999999998,36.72,-34.92886259506187,-0.9512217482315325,0
2202-OUTMO,0.3405415945245805,730.2,109.53,-34.930958303445394,-0.31891681095083896,0
9938-PRCVK,0.007421897407177292,236.39999999999998,35.459999999999994,-34.93363903588298,-0.9851562051856455,0
5804-JMYIO,0.008521139721656643,237.0,35.55,-34.94414696579021,-0.9829577205566867,0
3777-XROBG,0.0034424274695885877,234.60000000000002,35.190000000000005,-34.94772195469036,-0.9931151450608228,0
5799-JRCZO,0.002094271823964942,234.0,35.1,-34.95298211795766,-0.99581145635207,0
2228-BZDEE,0.016939121981139896,241.20000000000002,36.18,-34.95428513344471,-0.9661217560377201,0
8402-OOOHJ,0.029704856674816454,247.79999999999998,37.169999999999995,-34.96174095479414,-0.940590286650367,0
6060-QBMGV,0.010700085955109311,238.20000000000002,35.730000000000004,-34.965371857647895,-0.9785998280897814,0
4116-IQRFR,0.09697428005065892,289.20000000000005,43.38,-34.96651146280483,-0.8060514398986821,0
8043-PNYSD,0.0030859388389408095,234.60000000000002,35.190000000000005,-34.97281162451535,-0.9938281223221184,0
3635-QQRQD,0.01544871619994369,240.60000000000002,36.09,-34.974911664688065,-0.9691025676001126,0
6345-FZOQH,0.011740418751872189,238.79999999999998,35.81999999999999,-34.97891640061587,-0.9765191624962557,0
4011-ARPHK,0.306967978359474,604.2,90.63000000000001,-34.988984242561756,-0.3860640432810521,0
7696-CFTAT,0.009073777224047272,237.60000000000002,35.64,-34.99322115946991,-0.9818524455519054,0
1215-EXRMO,0.026839659465617352,246.60000000000002,36.99,-35.004401992733634,-0.9463206810687654,0
8285-ABVLB,0.01013867471429782,238.20000000000002,35.730000000000004,-35.00549030491628,-0.9797226505714043,0
7267-FRMJW,0.016209485469881876,241.20000000000002,36.18,-35.007081631399345,-0.9675810290602361,0
8966-OIQHG,0.03109096420279598,249.0,37.35,-35.02750497405114,-0.937818071594408,0
4955-VCWBI,0.013449517611098657,240.0,36.0,-35.031634732000896,-0.9731009647778026,0
1591-XWLGB,0.009726912043349623,238.20000000000002,35.730000000000004,-35.03491486538224,-0.9805461759133008,0
1955-IBMMB,0.018139422334706234,242.39999999999998,36.35999999999999,-35.040901207820156,-0.9637211553305876,0
9418-RUKPH,0.012046659818302061,239.39999999999998,35.91,-35.04480889184954,-0.9759066803633959,0
3472-OAOOR,0.22145174173516738,419.40000000000003,62.910000000000004,-35.04694185488124,-0.5570965165296652,0
5006-MXVRN,0.029678850047132124,248.39999999999998,37.26,-35.04833209448771,-0.9406422999057358,0
6139-ZZRBQ,0.014409904076946006,240.60000000000002,36.09,-35.049893123726044,-0.971180191846108,0
1166-PQLGG,0.0018901123580496119,234.60000000000002,35.190000000000005,-35.05697389224047,-0.9962197752839007,0
6211-WHMYA,0.2778807196036275,526.2,78.93,-35.06374960337137,-0.44423856079274504,0
3973-SKMLN,0.010439833334417958,238.79999999999998,35.81999999999999,-35.07209033992229,-0.9791203333311641,0
2718-YSKCS,0.0028460391250905697,235.20000000000002,35.28,-35.07918347933361,-0.9943079217498187,0
3454-JFUBC,0.012704392987783019,240.0,36.0,-35.08528370487962,-0.9745912140244339,0
1269-FOYWN,0.012591317820897403,240.0,36.0,-35.09342511689539,-0.9748173643582052,0
6922-NCEDI,0.03999788934231327,254.39999999999998,38.16,-35.10736108539465,-0.9200042213153735,0
1709-EJDOX,0.0059569920791302,237.0,35.55,-35.12645786317384,-0.9880860158417396,0
1862-QRWPE,0.027442737429677774,247.79999999999998,37.169999999999995,-35.129906899477746,-0.9451145251406443,0
9975-GPKZU,0.005904431724679265,237.0,35.55,-35.1301949043753,-0.9881911365506415,0
8917-SZTTJ,0.003379372342632305,235.79999999999998,35.37,-35.130943200482186,-0.9932412553147353,0
0052-YNYOT,0.02467200794867339,246.60000000000002,36.99,-35.164764851957145,-0.9506559841026532,0
1222-LRYKO,0.1292567863845961,316.20000000000005,47.43000000000001,-35.16870124355722,-0.7414864272308079,0
1730-VFMWO,0.30538128183646307,602.4000000000001,90.36000000000001,-35.171494746514405,-0.3892374363270739,0
6696-YDAYZ,0.023294586723808006,246.0,36.9,-35.18085949978297,-0.953410826552384,0
9585-KKMFD,0.01137617170443384,240.0,36.0,-35.18091563728076,-0.9772476565911323,0
6961-MJKBO,0.022126737015056252,245.39999999999998,36.809999999999995,-35.181029620951556,-0.9557465259698875,0
9135-HSWOC,0.003848723142270823,236.39999999999998,35.459999999999994,-35.18704855475015,-0.9923025537154584,0
6968-MHOMU,0.2827344666929105,540.0,81.0,-35.1970163957485,-0.434531066614179,0
2429-AYKKO,0.007413985695468751,238.20000000000002,35.730000000000004,-35.200196582201805,-0.9851720286090624,0
9504-YAZWB,0.017058528773905672,243.0,36.449999999999996,-35.206433252382276,-0.9658829424521888,0
3154-HMWUU,0.022794508877675243,246.0,36.9,-35.21776524482757,-0.9544109822446496,0
5146-YYFRZ,0.00945393895292817,239.39999999999998,35.91,-35.2310181044007,-0.9810921220941436,0
9950-MTGYX,0.017818755530371738,243.60000000000002,36.54,-35.237805345840435,-0.9643624889392566,0
3662-FXJFO,0.02249289557694429,246.0,36.9,-35.24002430642151,-0.9550142088461114,0
8902-ZEOVF,0.01171143541618389,240.60000000000002,36.09,-35.24466859165985,-0.9765771291676323,0
9625-RZFUK,0.0029857608013932153,236.39999999999998,35.459999999999994,-35.24824984396518,-0.9940284783972134,0
9853-JFZDU,0.32776861783411015,682.2,102.33,-35.248874674071004,-0.3444627643317796,0
2418-TPEUN,0.005252410286129706,237.60000000000002,35.64,-35.26560819480468,-0.9894951794277407,0
5512-IDZEI,0.10645995004252916,298.79999999999995,44.81999999999999,-35.27693007818768,-0.7870800999149418,0
1399-OUPJN,0.003794517857742961,237.0,35.55,-35.28020978031447,-0.992410964284514,0
4660-IRIBM,0.38849957326936657,1054.8000000000002,158.22000000000003,-35.283195034641665,-0.22300085346126697,0
6980-CDGFC,0.029914057661589045,250.20000000000002,37.53,-35.28465083192113,-0.9401718846768219,0
9639-BUJXT,0.02186620579922703,246.0,36.9,-35.286274012017046,-0.956267588401546,0
0704-VCUMB,0.01587656920082481,243.0,36.449999999999996,-35.29259810525987,-0.9682468615983505,0
7729-XBTWX,0.003581740490396831,237.0,35.55,-35.29533825113278,-0.9928365190192063,0
0042-RLHYP,0.0021368094223844897,236.39999999999998,35.459999999999994,-35.308457475764484,-0.9957263811552309,0
5924-IFQTT,0.3652727985167024,873.5999999999999,131.04,-35.30930496474264,-0.26945440296659523,0
8232-UTFOZ,0.008355788946618386,239.39999999999998,35.91,-35.309887237853864,-0.9832884221067633,0
3173-WSSUE,0.0019879985030450105,236.39999999999998,35.459999999999994,-35.319011146164044,-0.99602400299391,0
1830-IPXVJ,0.0032131065740678816,237.0,35.55,-35.32154812258377,-0.9935737868518643,0
8590-OHDIW,0.016670094306678176,243.60000000000002,36.54,-35.32174950806796,-0.9666598113866437,0
4086-WITJG,0.00194665576406079,236.39999999999998,35.459999999999994,-35.3219431732128,-0.9961066884718784,0
6928-ONTRW,0.0018578507267495048,236.39999999999998,35.459999999999994,-35.32824122645892,-0.996284298546501,0
3774-VBNXY,0.01390860571370996,242.39999999999998,36.35999999999999,-35.34856619249901,-0.9721827885725801,0
8701-DGLVH,0.019801669329993197,245.39999999999998,36.809999999999995,-35.35220110392589,-0.9603966613400136,0
3359-DSRKA,0.00514924861648683,238.20000000000002,35.730000000000004,-35.36203469386586,-0.9897015027670264,0
0374-FIUCA,0.01847325330786509,244.79999999999998,36.72,-35.36332427707039,-0.9630534933842699,0
2208-MPXIO,0.00870485752221921,240.0,36.0,-35.37325025840022,-0.9825902849555617,0
7157-SMCFK,0.002444666499367538,237.0,35.55,-35.376184211894966,-0.9951106670012649,0
9371-BITHB,0.004887955657557236,238.20000000000002,35.730000000000004,-35.380706688710966,-0.9902240886848855,0
3769-MHZNV,0.011029982789198978,241.20000000000002,36.18,-35.381870445373565,-0.9779400344216022,0
3736-BLEPA,0.3922662999607823,1095.0,164.25,-35.39052046288302,-0.21546740007843543,0
7951-QKZPL,0.09867264425497795,294.0,44.1,-35.39707277671095,-0.8026547114900442,0
5893-KCLGT,0.002082880847705825,237.0,35.55,-35.40190717172811,-0.9958342383045883,0
4518-FZBSX,0.014351036938475384,243.0,36.449999999999996,-35.40380940718514,-0.9712979261230493,0
7463-IFMQU,0.009452576637095395,240.60000000000002,36.09,-35.407713018334455,-0.9810948467258092,0
9040-KZVWO,0.36968462470780694,906.0,135.9,-35.41971900441807,-0.26063075058438606,0
0625-AFOHS,0.012837132509213775,242.39999999999998,36.35999999999999,-35.42648372392997,-0.9743257349815725,0
5324-KTGCG,0.028008868668671114,250.20000000000002,37.53,-35.42765431772955,-0.9439822626626578,0
5845-BZZIB,0.010369967488268638,241.20000000000002,36.18,-35.429629152548884,-0.9792600650234629,0
4163-NCJAK,0.09721257135591858,293.4,44.01,-35.453349469252046,-0.8055748572881629,0
2607-DHDAK,0.002603107257489351,237.60000000000002,35.64,-35.45445051468616,-0.9947937854850213,0
5848-FHRFC,0.008791562844507876,240.60000000000002,36.09,-35.455424993883426,-0.9824168743109842,0
8711-LOBKY,0.003679136351026191,238.20000000000002,35.730000000000004,-35.46708891635567,-0.9926417272979475,0
6734-JDTTV,0.0036329083247857758,238.20000000000002,35.730000000000004,-35.47039237111081,-0.9927341833504284,0
8215-NGSPE,0.0073018068116814045,240.0,36.0,-35.47426990955894,-0.9853963863766373,0
3070-FNFZQ,0.01687801529994535,244.79999999999998,36.72,-35.48047855637201,-0.9662439694001094,0
5970-GHJAW,0.005961264610750851,239.39999999999998,35.91,-35.48186197565587,-0.9880774707784982,0
7876-DNYAP,0.0021788339571245665,237.60000000000002,35.64,-35.48469271553616,-0.9956423320857509,0
0831-JNISG,0.0020881699180387513,237.60000000000002,35.64,-35.4911552482422,-0.9958236601639225,0
3996-ZNWYK,0.0020699675630526286,237.60000000000002,35.64,-35.49245271210561,-0.9958600648738948,0
8750-QWZAJ,0.002052532766736397,237.60000000000002,35.64,-35.49369546438703,-0.9958949344665272,0
4636-TVXVG,0.005721724896742507,239.39999999999998,35.91,-35.49906571791595,-0.9885565502065149,0
1409-PHXTF,0.4107034003633201,1325.4,198.81,-35.50611394753665,-0.17859319927335973,0
5158-RIVOP,0.028042140695166775,250.79999999999998,37.62,-35.51010933409565,-0.9439157186096665,0
8577-QSOCG,0.011660249628910355,242.39999999999998,36.35999999999999,-35.51206664698563,-0.9766795007421792,0
6080-TCMYC,0.3784917270599746,974.4000000000001,146.16,-35.51929834582822,-0.24301654588005075,0
1574-DYCWE,0.004937101398497744,239.39999999999998,35.91,-35.55541737755989,-0.9901257972030045,0
5296-BFCYD,0.008556140572163804,241.20000000000002,36.18,-35.56087766819822,-0.9828877188556723,0
5567-GZKQY,0.013368226627200277,243.60000000000002,36.54,-35.5630499980842,-0.9732635467455995,0
1843-TLSGD,0.025904800364822646,250.20000000000002,37.53,-35.58558568461641,-0.9481903992703546,0
4817-KEQSP,0.0019653296246493397,238.20000000000002,35.730000000000004,-35.589557545022565,-0.9960693407507014,0
6772-WFQRD,0.015359884558476943,244.79999999999998,36.72,-35.591970078025454,-0.9692802308830462,0
9251-AWQGT,0.005453417136320924,240.0,36.0,-35.607353966184895,-0.9890931657273582,0
5177-RVZNU,0.012718417692976745,243.60000000000002,36.54,-35.61053803499726,-0.9745631646140466,0
5774-QPLTF,0.013837597333064779,244.20000000000002,36.63,-35.616257619379674,-0.9723248053338703,0
9537-JALFH,0.0022318782517108783,238.79999999999998,35.81999999999999,-35.66010824204743,-0.9955362434965783,0
3642-BYHDO,0.0019696642362104014,238.79999999999998,35.81999999999999,-35.67889325411788,-0.9960606715275793,0
1052-QJIBV,0.001963536954015065,238.79999999999998,35.81999999999999,-35.679332212614355,-0.9960729260919698,0
2181-TIDSV,0.0031928771819225454,239.39999999999998,35.91,-35.68068756079432,-0.9936142456361549,0
7634-HLQJR,0.005663398161514488,240.60000000000002,36.09,-35.68121592070189,-0.988673203676971,0
9068-FHQHD,0.007679462190796571,241.79999999999998,36.269999999999996,-35.712931812679614,-0.9846410756184069,0
0784-ZQJZX,0.0014811701872768186,238.79999999999998,35.81999999999999,-35.71388896778348,-0.9970376596254463,0
3507-GASNP,0.0025814643669553844,239.39999999999998,35.91,-35.724599229165264,-0.9948370712660893,0
1722-LDZJS,0.00863454547494193,242.39999999999998,36.35999999999999,-35.73209585306221,-0.9827309090501161,0
1635-HDGFT,0.015727765366829693,246.0,36.9,-35.73929091592797,-0.9685444692663406,0
0506-YLVKJ,0.008436002810124472,242.39999999999998,36.35999999999999,-35.74653387564774,-0.9831279943797511,0
3678-MNGZX,0.0022717148319859565,239.39999999999998,35.91,-35.74684544076676,-0.995456570336028,0
2642-MAWLJ,0.009504479849748606,243.0,36.449999999999996,-35.75712341895332,-0.9809910403005028,0
0953-LGOVU,0.22019419817492003,426.0,63.9,-35.75918147324522,-0.5596116036501599,0
1764-VUUMT,0.0019027083350370336,239.39999999999998,35.91,-35.773347487377634,-0.9961945833299258,0
4277-BWBML,0.001864870518487902,239.39999999999998,35.91,-35.7760649993622,-0.9962702589630242,0
6621-NRZAK,0.002794527118142016,240.0,36.0,-35.79879404749377,-0.9944109457637159,0
6828-HMKWP,0.027580903505472196,252.60000000000002,37.89,-35.79991913235532,-0.9448381929890557,0
8129-GMVGI,0.003958000735177199,240.60000000000002,36.09,-35.804311506934916,-0.9920839985296457,0
0508-SQWPL,0.0050066777767572065,241.20000000000002,36.18,-35.817716796073846,-0.9899866444464855,0
9800-OUIGR,0.0025208210912801444,240.0,36.0,-35.81850088142783,-0.9949583578174397,0
8815-LMFLX,0.10820901616198814,304.79999999999995,45.71999999999999,-35.8253675621478,-0.7835819676760237,0
8434-VGEQQ,0.015725346440083686,246.60000000000002,36.99,-35.82663887036261,-0.9685493071198326,0
4807-IZYOZ,0.017955846184491735,247.79999999999998,37.169999999999995,-35.83516239464488,-0.9640883076310166,0
0847-HGRML,0.0022485392074438545,240.0,36.0,-35.838105177064044,-0.9955029215851123,0
9257-AZMTZ,0.0046078799223448095,241.20000000000002,36.18,-35.84657380881913,-0.9907842401553104,0
7945-PRBVF,0.035752651532162484,257.4,38.60999999999999,-35.84918024868641,-0.9284946969356751,0
7064-JHXCE,0.0030775930078330463,240.60000000000002,36.09,-35.867859336694615,-0.9938448139843339,0
7083-MIOPC,0.0073658543119210496,243.0,36.449999999999996,-35.91302922066095,-0.9852682913761579,0
7493-GVFIO,0.014343857328175965,246.60000000000002,36.99,-35.928841434861546,-0.9713122853436481,0
7515-LODFU,0.008307662719898454,243.60000000000002,36.54,-35.93287600842982,-0.9833846745602032,0
9089-UOWJG,0.32893095270737444,700.2,105.03,-35.93476407428892,-0.3421380945852511,0
8838-GPHZP,0.015382896633190936,247.20000000000002,37.08,-35.93920438568256,-0.9692342067336182,0
1403-GYAFU,0.0020288933389089937,240.60000000000002,36.09,-35.94355447879755,-0.995942213322182,0
8859-AXJZP,0.08032138694848787,285.6,42.84,-35.958063566253564,-0.8393572261030243,0
7033-CLAMM,0.0054670217931973835,242.39999999999998,36.35999999999999,-35.96243817519868,-0.9890659564136052,0
6625-FLENO,0.018469997518764544,249.0,37.35,-35.97029118534829,-0.9630600049624708,0
8957-THMOA,0.0036783700470098615,241.79999999999998,36.269999999999996,-36.0031710367899,-0.9926432599059802,0
4821-WQOYN,0.002426315971615728,241.20000000000002,36.18,-36.004431776293885,-0.9951473680567685,0
3190-ITQXP,0.005843675069840307,243.0,36.449999999999996,-36.02399608740864,-0.9883126498603195,0
0264-CNITK,0.0019237853941510294,241.20000000000002,36.18,-36.04079488887923,-0.996152429211698,0
0464-WJTKO,0.001845018708579506,241.20000000000002,36.18,-36.04649444624719,-0.996309962582841,0
9081-WWXKP,0.0053036124237574095,243.0,36.449999999999996,-36.06336665430808,-0.9893927751524852,0
5902-WBLSE,0.0027629022511258213,241.79999999999998,36.269999999999996,-36.06957907070333,-0.9944741954977483,0
4012-ZTHBR,0.27709466567692675,539.4000000000001,80.91000000000001,-36.07054120015972,-0.4458106686461465,0
7673-BQGKU,0.002077597116341896,241.79999999999998,36.269999999999996,-36.11929110518056,-0.9958448057673163,0
0780-XNZFN,0.013887202498627516,247.79999999999998,37.169999999999995,-36.137625366252024,-0.972225595002745,0
5242-UOWHD,0.006585181346717638,244.20000000000002,36.63,-36.14756961453947,-0.9868296373065648,0
1785-BPHTP,0.38242624998705327,1025.4,153.81,-36.16803697898267,-0.23514750002589344,0
9067-SQTNS,0.012133273257353,247.20000000000002,37.08,-36.1801964552347,-0.9757334534852941,0
6169-PPETC,0.009639370322300238,246.0,36.9,-36.18861447021424,-0.9807212593553996,0
1927-QEWMY,0.009608466944571445,246.0,36.9,-36.19089513949063,-0.9807830661108572,0
2525-GVKQU,0.011957045918931127,247.20000000000002,37.08,-36.193265474652065,-0.9760859081621377,0
0902-XKXPN,0.0021855348920559355,242.39999999999998,36.35999999999999,-36.20106790264968,-0.995628930215888,0
6980-IMXXE,0.002137995440318212,242.39999999999998,36.35999999999999,-36.20452497158005,-0.9957240091193635,0
7647-GYYKX,0.005772143425230084,244.20000000000002,36.63,-36.20713277266765,-0.9884557131495398,0
0397-ZXWQF,0.009158742910941278,246.0,36.9,-36.224084773172535,-0.9816825141781175,0
1085-LDWAM,0.005501430500906141,244.20000000000002,36.63,-36.22696520150362,-0.9889971389981876,0
8344-WFMFH,0.29911874147639356,601.2,90.18,-36.23094378731766,-0.40176251704721294,0
8380-MQINP,0.004099770077979136,243.60000000000002,36.54,-36.24038880270128,-0.9918004598440416,0
4990-ALDGW,0.01479860201835968,249.0,37.35,-36.24454442922853,-0.9704027959632806,0
7321-KKSDU,0.008769102290630278,246.0,36.9,-36.252840250951486,-0.9824617954187395,0
6248-BSHKG,0.006175778987403764,244.79999999999998,36.72,-36.26645079116506,-0.9876484420251924,0
9392-XBGTD,0.010868971010213242,247.20000000000002,37.08,-36.27395710988259,-0.9782620579795737,0
7695-PKLCZ,0.008359218553087005,246.0,36.9,-36.283089670782175,-0.983281562893826,0
1022-RKXDR,0.09441536178566744,298.20000000000005,44.730000000000004,-36.2836017346542,-0.8111692764286652,0
3457-PQBYH,0.0034024171338951996,243.60000000000002,36.54,-36.291351355854935,-0.9931951657322096,0
6008-NAIXK,0.3180421460754792,665.4000000000001,99.81000000000002,-36.32242680041285,-0.3639157078490416,0
0962-CQPWQ,0.00290708761371189,243.60000000000002,36.54,-36.32755003718994,-0.9941858247725763,0
6923-AQONU,0.017167595446487313,250.79999999999998,37.62,-36.32831011860629,-0.9656648091070253,0
6425-YQLLO,0.4046743158889777,1271.4,190.71,-36.35912243362614,-0.19065136822204468,0
8067-NIOYM,0.020910995912629703,253.20000000000002,37.980000000000004,-36.39160075047665,-0.9581780081747405,0
9084-OAYKL,0.013962879558713953,249.60000000000002,37.440000000000005,-36.394459578643506,-0.9720742408825721,0
0040-HALCW,0.004339402451724704,244.79999999999998,36.72,-36.40131428394534,-0.9913211950965507,0
0794-YVSGE,0.0018737502858461774,243.60000000000002,36.54,-36.40306632911036,-0.9962524994283076,0
1839-UMACK,0.0963155015116899,300.6,45.09,-36.40426807367581,-0.8073689969766202,0
3978-YNKDD,0.014880668634816333,250.20000000000002,37.53,-36.413057012270684,-0.9702386627303673,0
6585-WCEWR,0.002721670930720751,244.20000000000002,36.63,-36.4306103876154,-0.9945566581385585,0
4957-SREEC,0.0020951077524659365,244.20000000000002,36.63,-36.47651240605435,-0.9958097844950681,0
3212-KXOCR,0.017423304112780064,252.0,37.8,-36.48279820907383,-0.9651533917744399,0
1306-RPWXZ,0.003898630071471819,245.39999999999998,36.809999999999995,-36.52298285413824,-0.9922027398570564,0
2545-LXYVJ,0.009842605731001694,248.39999999999998,37.26,-36.52652902092575,-0.9803147885379966,0
7396-VJUZB,0.27562160438815425,543.0,81.45,-36.55124064516967,-0.44875679122369144,0
4302-ZYFEL,0.0055627320549959175,246.60000000000002,36.99,-36.5784690825714,-0.9888745358900081,0
2400-FEQME,0.004258131301267016,246.0,36.9,-36.585749909966495,-0.991483737397466,0
7268-WNTCP,0.003030830144202239,245.39999999999998,36.809999999999995,-36.58687028478383,-0.9939383397115955,0
6340-DACFT,0.004961676153389239,246.60000000000002,36.99,-36.622935198172264,-0.9900766476932215,0
6892-BOGQE,0.013071008324768416,250.79999999999998,37.62,-36.63653733364442,-0.9738579833504631,0
2346-LOCWC,0.003507092881133058,246.0,36.9,-36.64117654537238,-0.9929858142377339,0
5266-PFRQK,0.011776158283293665,250.20000000000002,37.53,-36.646081559255975,-0.9764476834334126,0
8544-JNBOX,0.01017227971403357,249.60000000000002,37.440000000000005,-36.67829969501317,-0.9796554405719329,0
4878-BUNFV,0.007502385759220728,248.39999999999998,37.26,-36.70092221322287,-0.9849952284815585,0
7717-BICXI,0.0032635332120193247,246.60000000000002,36.99,-36.748563812974815,-0.9934729335759614,0
8229-BUJHX,0.0019334868453663968,246.0,36.9,-36.75730867081196,-0.9961330263092673,0
6855-VLGOS,0.0027899828826752748,246.60000000000002,36.99,-36.78359706633969,-0.9944200342346495,0
0458-HEUZG,0.21112292846334293,424.79999999999995,63.71999999999999,-36.81449399663157,-0.5777541430733141,0
8164-OCKUJ,0.0035461571896875394,247.20000000000002,37.08,-36.81701698281277,-0.9929076856206248,0
3893-JRNFS,0.24360562310649558,478.79999999999995,71.82,-36.82848829698297,-0.5127887537870088,0
7188-CBBBA,0.39286059278787555,1146.0,171.9,-36.83452819952839,-0.21427881442424893,0
2804-ETQDK,0.0018847767697405247,246.60000000000002,36.99,-36.8505642145746,-0.996230446460519,0
5480-XTFFL,0.012080927450062612,252.0,37.8,-36.886681884775264,-0.9758381450998748,0
4584-LBNMK,0.08503882052239702,296.4,44.459999999999994,-36.89834807914845,-0.8299223589552058,0
0023-UYUPN,0.09314000314078857,302.4,45.35999999999999,-36.910338915067655,-0.8137199937184229,0
2236-HILPA,0.0029548568775103453,247.79999999999998,37.169999999999995,-36.950335939725875,-0.9940902862449793,0
9494-BDNNC,0.39220471098574095,1143.6,171.54,-36.98240775501202,-0.21559057802851825,0
3887-PBQAO,0.10334034523548351,310.79999999999995,46.61999999999999,-36.98454621024351,-0.793319309529033,0
5295-PCJOO,0.29175100442928914,592.8,88.91999999999999,-37.03500137229521,-0.4164979911414217,0
8727-JQFHV,0.0037499452725709152,249.0,37.35,-37.069879088138954,-0.9925001094548582,0
1293-BSEUN,0.002544913866362543,248.39999999999998,37.26,-37.07035301867866,-0.9949101722672749,0
6619-RPLQZ,0.006047953618142011,250.20000000000002,37.53,-37.076040601422264,-0.987904092763716,0
7107-UBYKY,0.09933593309323163,309.0,46.35,-37.14155900225743,-0.8013281338135367,0
6505-OZNPG,0.33725113542283414,760.8,114.11999999999999,-37.14580085109233,-0.3254977291543317,0
7558-IMLMT,0.0033590698544941366,249.60000000000002,37.440000000000005,-37.188472849295486,-0.9932818602910118,0
3450-WXOAT,0.27087120632340966,542.4000000000001,81.36000000000001,-37.28383730705479,-0.45825758735318073,0
9173-IVZVP,0.0043996267383200685,250.79999999999998,37.62,-37.288972084208794,-0.9912007465233599,0
3373-DIUUN,0.012419884276800451,255.0,38.25,-37.29987885282477,-0.9751602314463992,0
2569-WGERO,0.009325809735217752,253.79999999999998,38.06999999999999,-37.359932846760515,-0.9813483805295645,0
6685-XSHHU,0.004343600777202079,251.39999999999998,37.709999999999994,-37.38240562938341,-0.9913127984455958,0
8958-JPTRR,0.0722201983791016,291.6,43.74,-37.4221770457962,-0.8555596032417969,0
3486-KHMLI,0.07889636401442855,296.4,44.459999999999994,-37.44453531183701,-0.8422072719711429,0
6518-KZXCB,0.08775412168819638,303.0,45.449999999999996,-37.47315033854294,-0.8244917566236072,0
6921-OZMFH,0.3130459584098043,668.4000000000001,100.26,-37.48802441966604,-0.37390808318039137,0
5793-YOLJN,0.0040795838275966894,252.0,37.8,-37.491583462633685,-0.9918408323448066,0
5451-MHQOF,0.07390403677982421,293.4,44.01,-37.504966682639875,-0.8521919264403517,0
3739-YBWAB,0.20522410263222762,424.20000000000005,63.63,-37.51318069902271,-0.5895517947355448,0
7521-AFHAB,0.26665701411773773,537.5999999999999,80.63999999999999,-37.633556763091256,-0.4666859717645246,0
8515-OCTJS,0.07737508707479483,297.0,44.55,-37.65587974163578,-0.8452498258504103,0
0640-YJTPY,0.0018411753339358315,252.0,37.8,-37.66080714475445,-0.9963176493321284,0
1970-KKFWL,0.050899631455098036,279.6,41.940000000000005,-37.67053891354638,-0.8982007370898039,0
3160-TYXLT,0.2737658923424252,555.5999999999999,83.33999999999999,-37.70870106436456,-0.4524682153151496,0
8350-NYMVI,0.24473027359313293,493.20000000000005,73.98,-37.76970871916006,-0.5105394528137341,0
2888-ADFAO,0.00734990151389141,255.60000000000002,38.34,-37.77640955191481,-0.9853001969722172,0
0980-PVMRC,0.2929834382202111,610.2,91.53,-37.896451799408155,-0.4140331235595778,0
6773-LQTVT,0.204282322670534,427.79999999999995,64.16999999999999,-37.952406708463656,-0.5914353546589319,0
4538-WNTMJ,0.07699540371671361,299.4,44.91,-37.99427283816478,-0.8460091925665728,0
2851-STERV,0.3552213862741577,876.0,131.4,-38.04781968715136,-0.2895572274516846,0
0784-GTUUK,0.05467661957218763,285.0,42.75,-38.07514902657796,-0.8906467608556248,0
8205-MQUGY,0.2848309739287351,590.4000000000001,88.56000000000002,-38.11073789774245,-0.4303380521425299,0
3372-CDXFJ,0.06783582250391587,294.0,44.1,-38.11688045515462,-0.8643283549921683,0
2794-XIMMO,0.32435658617148394,725.4000000000001,108.81000000000002,-38.22351971736167,-0.3512868276570321,0
5442-BXVND,0.06150562685851263,291.0,43.65,-38.28055877525185,-0.8769887462829747,0
5206-XZZQI,0.36777109909700056,967.1999999999999,145.07999999999998,-38.36753788601432,-0.2644578018059989,0
1535-VTJOQ,0.07587468892533676,301.79999999999995,45.26999999999999,-38.4003056647,-0.8482506221493264,0
5313-FPXWG,0.06579245494375134,295.20000000000005,44.28000000000001,-38.45342019018139,-0.8684150901124974,0
4121-AGSIN,0.06261323412406133,294.0,44.1,-38.577512750257796,-0.8747735317518774,0
9825-YCXWZ,0.3937605098447949,1213.1999999999998,181.97999999999996,-38.666924836888455,-0.2124789803104103,0
6174-NRBTZ,0.15069936678970783,369.0,55.35,-38.667580096379346,-0.6986012664205844,0
4647-XXZAM,0.2639157951705515,546.0,81.89999999999999,-38.67059275106365,-0.4721684096588969,0
7669-LCRSD,0.30903190353575294,675.5999999999999,101.33999999999999,-38.705413791373594,-0.3819361929284942,0
3957-SQXML,0.06907772205976068,299.4,44.91,-38.70543900459229,-0.8618445558804786,0
3935-TBRZZ,0.08141902056812508,308.4,46.26,-38.72711221703707,-0.8371619588637499,0
3506-OVLKD,0.08936449759449329,314.4,47.16,-38.73114058688739,-0.8212710048110134,0
0999-QXNSA,0.2647916580334146,549.0,82.35,-38.738813921896615,-0.4704166839331708,0
7746-QYVCO,0.3072532766974775,670.2,100.53,-38.75365618720517,-0.385493446605045,0
1548-ARAGG,0.3159334093340023,702.0,105.3,-38.76442399425912,-0.36813318133199546,0
3549-ZTMNH,0.05132166434465147,288.0,43.199999999999996,-38.76580820062211,-0.8973566713106971,0
1357-MVDOZ,0.3190718072394166,715.8,107.36999999999999,-38.85252011340768,-0.36185638552116683,0
8384-FZBJK,0.3926100863997701,1207.1999999999998,181.07999999999996,-38.89233110945926,-0.21477982720045988,0
9408-HRXRK,0.39700065186602007,1261.8000000000002,189.27,-38.98937324263676,-0.20599869626795983,0
1208-NBVFH,0.281387328838268,595.2,89.28,-39.035478562638865,-0.437225342323464,0
7361-YPXFS,0.33142624210661475,773.4000000000001,116.01,-39.11248330642324,-0.3371475157867705,0
0487-RPVUM,0.39063435512435135,1192.8000000000002,178.92000000000002,-39.1354023623021,-0.21873128975129721,0
4950-HKQTE,0.08585475494195696,315.0,47.25,-39.13672565798507,-0.8282904901160861,0
1371-OJCEK,0.05333504582360349,292.20000000000005,43.830000000000005,-39.15464988310292,-0.8933299083527929,0
3865-ZYKAD,0.37186403013496433,1018.8000000000001,152.82,-39.16347782954949,-0.2562719397300713,0
4608-LCIMN,0.2562681872667053,535.8,80.36999999999999,-39.17745157874978,-0.48746362546658933,0
8375-KVTHK,0.3914973872256442,1203.6,180.54,-39.17812342056439,-0.2170052255487116,0
8098-TDCBU,0.06850101203865079,303.0,45.449999999999996,-39.22325800568664,-0.8629979759226984,0
6289-CPNLD,0.3524323296012607,886.8000000000001,133.02,-39.25890303288061,-0.2951353407974786,0
4526-EXKKN,0.05618020611628388,295.20000000000005,44.28000000000001,-39.304680946341904,-0.8876395877674321,0
3251-YMVWZ,0.04587321343881015,288.6,43.29,-39.318297180467816,-0.9082535731223796,0
2324-AALNO,0.05494852748332055,294.6,44.190000000000005,-39.33364914102413,-0.8901029450333588,0
1371-WEPDS,0.3041746492694519,669.5999999999999,100.43999999999998,-39.337396454752486,-0.3916507014610961,0
7105-MXJLL,0.31997992677267245,728.4000000000001,109.26,-39.33798640163562,-0.3600401464546551,0
3547-LQRIK,0.09298499938733748,322.79999999999995,48.419999999999995,-39.41533265933023,-0.814030001225325,0
2750-BJLSB,0.39410367724501866,1244.4,186.66,-39.53321521088964,-0.2117926455099627,0
2402-TAIRZ,0.3627314508268783,960.5999999999999,144.08999999999997,-39.558050500710195,-0.27453709834624335,0
7471-WNSUF,0.04450279955475913,289.79999999999995,43.46999999999999,-39.60092660670924,-0.9109944008904818,0
5447-WZAFP,0.3900068371864773,1203.6,180.54,-39.71633122870679,-0.2199863256270455,0
4139-JPIAM,0.25179698241352816,533.4000000000001,80.01,-39.717446874187225,-0.4964060351729437,0
4597-ELFTS,0.056356981431254186,298.79999999999995,44.81999999999999,-39.76816018450237,-0.8872860371374917,0
1142-IHLOO,0.37381368473727744,1050.6,157.58999999999997,-39.77140284450488,-0.25237263052544506,0
4676-MQUEA,0.3915347224233919,1222.8000000000002,183.42000000000002,-39.78940242620294,-0.21693055515321633,0
2129-ALKBS,0.07800333266649577,314.4,47.16,-39.802725662896115,-0.8439933346670084,0
0269-XFESX,0.0448231953721608,292.20000000000005,43.830000000000005,-39.90079869367639,-0.9103536092556784,0
7078-NVFAM,0.18403566458671497,421.79999999999995,63.26999999999999,-39.98212700319708,-0.63192867082657,0
8148-NLEGT,0.015745204847131024,275.4,41.309999999999995,-40.00913117553003,-0.9685095903057379,0
5337-IIWKZ,0.25189899435282154,538.2,80.73,-40.058388371793434,-0.49620201129435687,0
6777-TGHTM,0.395781792157899,1283.4,192.51000000000002,-40.12609438336574,-0.20843641568420204,0
3213-VVOLG,0.06006483608736053,304.20000000000005,45.63,-40.14848305866748,-0.879870327825279,0
7250-EQKIY,0.27893998203321246,605.4000000000001,90.81000000000002,-40.14892046312796,-0.4421200359335751,0
1346-PJWTK,0.38093616328191465,1129.8000000000002,169.47000000000003,-40.35549681722787,-0.2381276734361708,0
7742-MYPGI,0.270167385815224,585.5999999999999,87.83999999999999,-40.376993659981444,-0.45966522836955204,0
2332-TODQS,0.05111795589914045,300.6,45.09,-40.48018273701552,-0.8977640882017192,0
6814-ZPWFQ,0.05002205477766893,300.0,45.0,-40.4980150700098,-0.8999558904446622,0
4776-XSKYQ,0.12793689324374724,363.0,54.449999999999996,-40.517672325755925,-0.7441262135125055,0
9361-YNQWJ,0.0380973424068277,292.79999999999995,43.919999999999995,-40.57352944298425,-0.9238053151863447,0
4018-PPNDW,0.032311047769220495,289.20000000000005,43.38,-40.57669349554243,-0.9353779044615589,0
1623-NLDOT,0.16387908452219246,402.59999999999997,60.38999999999999,-40.59668417140959,-0.6722418309556151,0
4367-NUYAO,0.06177884036817084,309.0,46.35,-40.623101497870564,-0.8764423192636583,0
9178-JHUVJ,0.031216895844297154,289.20000000000005,43.38,-40.67162211654878,-0.9375662083114057,0
7601-DHFWZ,0.02916114474974544,288.0,43.199999999999996,-40.68047709362199,-0.9416777105005091,0
6134-KWTBV,0.0170670365083668,280.79999999999995,42.11999999999999,-40.68227284453517,-0.9658659269832663,0
6734-PSBAW,0.01996083809448487,282.6,42.39,-40.697720146349575,-0.9600783238110303,0
3389-KTRXV,0.025353140914169518,286.20000000000005,42.93000000000001,-40.753179321109414,-0.949293718171661,0
2632-TACXW,0.021204432792210064,283.79999999999995,42.56999999999999,-40.76465459207123,-0.95759113441558,0
7996-BPXHY,0.0470179530218686,300.0,45.0,-40.76838422803183,-0.9059640939562629,0
7789-CRUVC,0.3794836145814002,1130.4,169.56,-40.86951662315556,-0.2410327708371996,0
1207-BLKSA,0.007072964720798122,276.6,41.49,-40.903085387468174,-0.9858540705584038,0
9648-BCHKM,0.038735430348020336,295.79999999999995,44.36999999999999,-40.93261791091667,-0.9225291393039594,0
1897-RCFUM,0.02933503616644582,290.4,43.559999999999995,-41.004331649179235,-0.9413299276671083,0
2925-MXLSX,0.33480320669262714,827.4000000000001,124.11000000000001,-41.005148034756104,-0.33039358661474577,0
5180-UCIIQ,0.21535821617439319,480.59999999999997,72.08999999999999,-41.03965239197598,-0.5692835676512136,0
8277-RVRSV,0.027870702097433205,289.79999999999995,43.46999999999999,-41.04692115964915,-0.9442585958051336,0
1732-FEKLD,0.37964978954248985,1137.0,170.54999999999998,-41.05145678705671,-0.2407004209150203,0
1750-CSKKM,0.29390185084501136,664.2,99.63000000000001,-41.06711720062304,-0.4121962983099772,0
1371-DWPAZ,0.2962561123909454,672.5999999999999,100.88999999999999,-41.11144164175503,-0.4074877752181092,0
6865-JZNKO,0.2934693628420577,663.5999999999999,99.53999999999998,-41.11611924540314,-0.4130612743158846,0
9470-XCCEM,0.3725803467492106,1075.8000000000002,161.37000000000003,-41.12341889015978,-0.2548393065015788,0
8028-PNXHQ,0.028714993558361542,291.0,43.65,-41.14318106235503,-0.9425700128832769,0
0732-OCQOC,0.04327900997313643,300.6,45.09,-41.18709888062256,-0.9134419800537271,0
0946-FKYTX,0.11979679902226928,361.20000000000005,54.18000000000001,-41.198818857946904,-0.7604064019554614,0
2075-RMJIK,0.2679475771743248,592.8,88.91999999999999,-41.26820287531807,-0.46410484565135035,0
7964-ZRKKG,0.3701927546067766,1060.8000000000002,159.12000000000003,-41.30985777393944,-0.25961449078644694,0
3034-ZBEQN,0.16915954682116066,416.40000000000003,62.46,-41.32858941110061,-0.6616809063576786,0
5815-HGGHV,0.32094833052613597,769.8000000000001,115.47,-41.350192548294146,-0.35810333894772794,0
2560-QTSBS,0.006919886000677946,279.6,41.940000000000005,-41.35955996226314,-0.9861602279986441,0
8612-GXIDD,0.04730580575933856,304.79999999999995,45.71999999999999,-41.39435712136608,-0.905388388481323,0
3283-WCWXT,0.04704058457064625,304.79999999999995,45.71999999999999,-41.4186089468601,-0.9059188308587074,0
1734-ZMNTZ,0.03968140244561381,300.0,45.0,-41.42867377989476,-0.9206371951087724,0
3460-TJBWI,0.024239999904907016,290.4,43.559999999999995,-41.4482112082845,-0.951520000190186,0
6546-OPBBH,0.01903168782229394,287.4,43.10999999999999,-41.46908787596181,-0.9619366243554122,0
9402-CXWPL,0.38340610242111356,1186.8000000000002,178.02,-41.512091293986714,-0.2331877951577728,0
2995-YWTCD,0.0368713494318004,298.79999999999995,44.81999999999999,-41.51485223693341,-0.9262573011363993,0
9668-PUGNU,0.029070579773348978,294.0,44.1,-41.535974863990624,-0.9418588404533021,0
9309-BZGNT,0.11279511216312468,357.6,53.64,-41.539340367139985,-0.7744097756737507,0
1810-BOHSY,0.38027165388016054,1156.8000000000002,173.52,-41.55052523742907,-0.2394566922396788,0
4213-HKBJO,0.050879529461734616,308.4,46.26,-41.552625934200314,-0.8982409410765309,0
7527-QNRUS,0.040887498385135654,301.79999999999995,45.26999999999999,-41.56804589620981,-0.9182250032297288,0
5356-KZCKT,0.027549793658971294,293.4,44.01,-41.58506716213734,-0.9449004126820574,0
5075-JSDKI,0.02753419760267176,293.4,44.01,-41.58643992701283,-0.9449316047946565,0
7161-DFHUF,0.015132633857938229,286.20000000000005,42.93000000000001,-41.63071205695743,-0.9697347322841234,0
3812-LRZIR,0.02790344884229939,294.0,44.1,-41.6389158121092,-0.9441931023154012,0
4779-ZGICK,0.008514955226848314,282.6,42.39,-41.6681020958678,-0.9829700895463034,0
6092-QZVPP,0.3538040229622954,950.4000000000001,142.56,-41.68339697299032,-0.29239195407540913,0
6368-NWMCE,0.32968134144410877,817.8000000000001,122.67,-41.78597969010235,-0.3406373171117824,0
2252-JHJGE,0.3883492792227668,1248.0,187.2,-41.80202985899612,-0.22330144155446646,0
1131-QQZEB,0.015168308956829106,287.4,43.10999999999999,-41.802188401742185,-0.9696633820863417,0
0626-QXNGV,0.018850602595005886,289.79999999999995,43.46999999999999,-41.83112861039018,-0.9622987948099883,0
0804-YGEQV,0.024376650123701566,293.4,44.01,-41.864367256111784,-0.9512466997525968,0
8592-PLTMQ,0.028714285618742855,296.4,44.459999999999994,-41.90672572278138,-0.9425714287625143,0
1043-YCUTE,0.037098716714151755,301.79999999999995,45.26999999999999,-41.91108218870069,-0.9258025665716965,0
8450-LUGUK,0.016792903684104635,289.20000000000005,43.38,-41.923047676367084,-0.9664141926317907,0
7014-ZZXAW,0.019441908386151223,291.0,43.65,-41.95272139788899,-0.9611161832276974,0
4785-FCIFB,0.0222822659993345,292.79999999999995,43.919999999999995,-41.962725754618454,-0.9554354680013311,0
5934-TSSAU,0.3451431780314133,903.5999999999999,135.54,-41.97858729924448,-0.3097136439371734,0
2560-WBWXF,0.016991466853792096,289.79999999999995,43.46999999999999,-41.992761871731304,-0.9660170662924157,0
5071-FBJFS,0.2679624207143846,603.5999999999999,90.53999999999998,-42.017364857039226,-0.4640751585712308,0
4656-CAURT,0.012592314570130004,287.4,43.10999999999999,-42.024290637763386,-0.97481537085974,0
9388-ZEYVT,0.23545985292409863,529.8,79.46999999999998,-42.04601097624376,-0.5290802941518028,0
3284-SVCRO,0.041877191723359096,306.0,45.9,-42.055673799795635,-0.9162456165532818,0
7799-LGRDP,0.04500484596990171,308.4,46.26,-42.09615165086469,-0.9099903080601965,0
3785-KTYSH,0.024517116458801565,295.20000000000005,44.28000000000001,-42.10876416640854,-0.9509657670823969,0
8361-LBRDI,0.0192953550006786,292.20000000000005,43.830000000000005,-42.138569180640516,-0.9614092899986427,0
1705-GUHPV,0.016155701926752006,290.4,43.559999999999995,-42.15251524814136,-0.967688596146496,0
9661-JALZV,0.025908599138744073,296.4,44.459999999999994,-42.15620736458287,-0.9481828017225118,0
6080-LNESI,0.02681422848732169,297.0,44.55,-42.16085224177964,-0.9463715430253566,0
9066-QRSDU,0.05388249848314605,315.6,47.34,-42.238405043615735,-0.892235003033708,0
9964-WBQDJ,0.018920577104031673,292.79999999999995,43.919999999999995,-42.25801650718185,-0.9621588457919366,0
0799-DDIHE,0.24646925544927856,555.5999999999999,83.33999999999999,-42.25850450171425,-0.5070614891014429,0
2662-NNTDK,0.026653756591678717,297.6,44.64,-42.26035261149492,-0.9466924868166425,0
7551-DACSP,0.2876279130453985,663.5999999999999,99.53999999999998,-42.279035070922056,-0.424744173909203,0
3521-HTQTV,0.0498084745614915,313.20000000000005,46.980000000000004,-42.29999573020226,-0.900383050877017,0
0971-QIFJK,0.01540595732008767,291.0,43.65,-42.30505992595634,-0.9691880853598246,0
1599-EAHXY,0.009072335087318452,287.4,43.10999999999999,-42.3277832687714,-0.9818553298253632,0
4589-IUAJB,0.01513128992250882,291.0,43.65,-42.32903838976498,-0.9697374201549824,0
0323-XWWTN,0.054367162314994534,316.79999999999995,47.51999999999999,-42.35294489358291,-0.8912656753700109,0
3612-YVGSJ,0.01879689259568684,293.4,44.01,-42.35549751372764,-0.9624062148086263,0
4291-HYEBC,0.19905697890216198,469.20000000000005,70.38000000000001,-42.360739649731684,-0.601886042195676,0
5197-YPYBZ,0.03395264740669492,303.0,45.449999999999996,-42.363704350731425,-0.9320947051866101,0
6341-AEVKX,0.38716617913420714,1251.6,187.73999999999998,-42.36684305868789,-0.22566764173158568,0
6925-BAYGL,0.030691898556626913,301.20000000000005,45.18000000000001,-42.4066800464232,-0.9386162028867462,0
7228-PAQPD,0.3005947514973984,709.2,106.38000000000001,-42.425460671413525,-0.39881049700520327,0
6292-TOSSS,0.026477749963535916,298.79999999999995,44.81999999999999,-42.446534493268636,-0.9470445000729282,0
3896-ZVNET,0.02262244722563413,296.4,44.459999999999994,-42.448411992696606,-0.9547551055487317,0
5296-PSYVW,0.019502821876618247,294.6,44.190000000000005,-42.466340602544484,-0.9609943562467635,0
1395-OFUWC,0.09691695126250555,351.6,52.74,-42.51719998083092,-0.8061660974749889,0
8165-ZJRNM,0.002677875150010604,285.0,42.75,-42.521041674674095,-0.9946442496999788,0
8735-SDUFN,0.013909292147805187,291.6,43.74,-42.52321512291,-0.9721814157043895,0
2511-ALLCS,0.013900271593531275,291.6,43.74,-42.52400424099788,-0.9721994568129374,0
3120-FAZKD,0.008113802561019604,288.6,43.29,-42.58750697426692,-0.9837723948779608,0
6407-GSJNL,0.025560045529623068,299.4,44.91,-42.61419671052926,-0.9488799089407539,0
1092-WPIVQ,0.028009410443154914,301.20000000000005,45.18000000000001,-42.64906967235653,-0.9439811791136903,0
4785-QRJHC,0.3019234135506992,718.8,107.82,-42.713235101927225,-0.39615317289860164,0
4565-NLZBV,0.018662542905498597,295.79999999999995,44.36999999999999,-42.713885942566044,-0.9626749141890028,0
5846-ABOBJ,0.01445198528622246,293.4,44.01,-42.737936255106696,-0.971096029427555,0
2853-CWQFQ,0.30063541324294374,714.5999999999999,107.18999999999998,-42.73978010897771,-0.3987291735141125,0
2208-NKVVH,0.010225370366374973,291.0,43.65,-42.757325167015466,-0.9795492592672501,0
2144-ESWKO,0.16247367313541164,422.40000000000003,63.36,-42.77133614028064,-0.6750526537291768,0
0562-HKHML,0.002844485812444035,286.79999999999995,43.01999999999999,-42.7752604406973,-0.9943110283751119,0
1555-HAPSU,0.0027880999681356823,286.79999999999995,43.01999999999999,-42.78011187874159,-0.9944238000637285,0
5044-XDPYX,0.03382076028438576,306.0,45.9,-42.795254205893386,-0.9323584794312285,0
5220-AGAAX,0.004579466930903208,288.0,43.199999999999996,-42.80433405716996,-0.9908410661381937,0
6227-FBDXH,0.38048882475461365,1194.0,179.1,-42.808902972897386,-0.23902235049077267,0
4707-YNOQA,0.0354153727671766,307.20000000000005,46.080000000000005,-42.81611924577701,-0.9291692544656468,0
5406-KGRMX,0.01548512484443321,294.6,44.190000000000005,-42.821424666249,-0.9690297503111337,0
7503-EPSZW,0.005390288261207613,288.6,43.29,-42.823308842344645,-0.9892194234775847,0
0701-RFGFI,0.3750771108432834,1144.8000000000002,171.72000000000003,-42.90351705198276,-0.24984577831343321,0
6614-YWYSC,0.023184344430864944,300.0,45.0,-42.913409001222156,-0.9536313111382702,0
5699-BNCAS,0.015773414408555175,295.79999999999995,44.36999999999999,-42.97026720538481,-0.9684531711828898,0
1820-DJFPH,0.0036290856224835723,288.6,43.29,-42.975793766805374,-0.9927418287550329,0
4979-HPRFL,0.005673206624601346,289.79999999999995,43.46999999999999,-42.97677141605715,-0.9886535867507972,0
1619-YWUBB,0.021507724703115877,299.4,44.91,-42.978176167166126,-0.9569845505937682,0
3580-GICBM,0.006240667308335338,290.4,43.559999999999995,-43.01631306409782,-0.9875186653833293,0
6609-MXJHJ,0.023871396408775114,301.20000000000005,45.18000000000001,-43.022980620503084,-0.9522572071824497,0
6963-KQYQB,0.0030641828516085354,288.6,43.29,-43.024703048707735,-0.993871634296783,0
6484-LATFU,0.013098233764426672,294.6,44.190000000000005,-43.03237809989997,-0.9738035324711466,0
5103-MHMHY,0.23985070560417274,551.4000000000001,82.71000000000001,-43.03389627895775,-0.5202985887916545,0
6509-TSGWN,0.047966685237242464,317.4,47.60999999999999,-43.04261223170977,-0.9040666295255151,0
1430-SFQSA,0.16374870598908056,427.20000000000005,64.08,-43.09396584043944,-0.6725025880218389,0
3148-AOIQT,0.020201318865601045,299.4,44.91,-43.09551753949171,-0.9595973622687979,0
7010-BRBUU,0.0026819808002822073,289.20000000000005,43.38,-43.14731134576752,-0.9946360383994356,0
7115-IRDHS,0.013648234078778179,295.79999999999995,44.36999999999999,-43.15885570784921,-0.9727035318424436,0
2808-CHTDM,0.022266910743232875,301.20000000000005,45.18000000000001,-43.16796194524149,-0.9554661785135343,0
1333-PBMXB,0.015495320432651175,297.0,44.55,-43.169366949450776,-0.9690093591346977,0
4652-ODEVH,0.009042746844375176,293.4,44.01,-43.214057422758096,-0.9819145063112497,0
5995-LFTLE,0.025279400304484348,303.6,45.54,-43.23755222026757,-0.9494411993910313,0
3768-VHXQO,0.01658091505750744,298.20000000000005,44.730000000000004,-43.24667133895539,-0.966838169884985,0
9397-TZSHA,0.011515358953753692,295.20000000000005,44.28000000000001,-43.26019981105558,-0.9769692820924926,0
4458-KVRBJ,0.01919337679732093,300.0,45.0,-43.272596088241116,-0.9616132464053582,0
4443-EMBNA,0.014188399225091668,297.0,44.55,-43.28581362904433,-0.9716232015498166,0
3298-QEICA,0.15239097335195984,415.20000000000005,62.28,-43.29818035927988,-0.6952180532960803,0
3027-YNWZU,0.01885230515429174,300.0,45.0,-43.303292536113744,-0.9622953896914166,0
5605-XNWEN,0.018826180586574242,300.0,45.0,-43.30564374720832,-0.9623476388268516,0
5249-QYHEX,0.014799012029509657,297.6,44.64,-43.31874420600538,-0.9704019759409807,0
0080-EMYVY,0.26608575251479266,617.4000000000001,92.61000000000001,-43.32559691921011,-0.46782849497041473,0
9593-CVZKR,0.007722872756090234,293.4,44.01,-43.33023274000894,-0.9845542544878196,0
8292-ITGYJ,0.011564448513293748,295.79999999999995,44.36999999999999,-43.343770838930304,-0.9768711029734125,0
1982-FEBTD,0.02968936495387483,307.20000000000005,46.080000000000005,-43.3438281258509,-0.9406212700922503,0
6813-GZQCG,0.011367798123011178,295.79999999999995,44.36999999999999,-43.36122159456398,-0.9772644037539776,0
8749-TZYEC,0.01424033381211431,297.6,44.64,-43.368622997254434,-0.9715193323757714,0
4883-KCPZJ,0.022884362112102236,303.0,45.449999999999996,-43.3698114840099,-0.9542312757757955,0
9087-EYCPR,0.01803369912552013,300.0,45.0,-43.37696707870319,-0.9639326017489598,0
2143-LJULT,0.02278799411158514,303.0,45.449999999999996,-43.37857133525691,-0.9544240117768298,0
3836-FZSDJ,0.015037633276052847,298.20000000000005,44.730000000000004,-43.384733327124316,-0.9699247334478943,0
7663-ZTEGJ,0.3801150744121816,1206.6,180.98999999999998,-43.395945364278504,-0.23976985117563682,0
5666-MBJPT,0.019665279396188184,301.20000000000005,45.18000000000001,-43.40304535376044,-0.9606694412076235,0
0480-KYJVA,0.0027035429632134515,291.0,43.65,-43.413980699311466,-0.9945929140735731,0
6754-WKSHP,0.02413626738669984,304.20000000000005,45.63,-43.42732423828978,-0.9517274652266003,0
0774-IFUVM,0.31480023033035914,781.8000000000001,117.27000000000001,-43.43675397831757,-0.3703995393392817,0
1468-DEFNC,0.005420138593193984,292.79999999999995,43.919999999999995,-43.44389502597384,-0.9891597228136121,0
5968-HYJRZ,0.008287848002396016,294.6,44.190000000000005,-43.457519993548246,-0.983424303995208,0
7684-XSZIY,0.0026672639865371684,291.6,43.74,-43.50666774645773,-0.9946654720269257,0
7608-RGIRO,0.0044040810512222,292.79999999999995,43.919999999999995,-43.533145520460636,-0.9911918378975556,0
8237-ULIXL,0.013280653656099435,298.20000000000005,44.730000000000004,-43.54191272392535,-0.9734386926878011,0
2073-QBVBI,0.15875004835680634,425.40000000000003,63.81,-43.55031882870438,-0.6824999032863873,0
8042-RNLKO,0.024638667007323947,305.4,45.809999999999995,-43.55260532878898,-0.9507226659853522,0
1679-JRFBR,0.3881276805599069,1297.8000000000002,194.67000000000002,-43.55636885080585,-0.2237446388801862,0
2207-RYYRL,0.006956639523168403,294.6,44.190000000000005,-43.57517219894238,-0.9860867209536632,0
3129-AAQOU,0.027050849309208803,307.20000000000005,46.080000000000005,-43.58699372766332,-0.9458983013815824,0
1073-XXCZD,0.028856609647576175,308.4,46.26,-43.59018647540625,-0.9422867807048476,0
9108-EQPNQ,0.03590143895663772,313.20000000000005,46.980000000000004,-43.606700795634325,-0.9281971220867246,0
6370-ZVHDV,0.02119788676501221,303.6,45.54,-43.60929647344269,-0.9576042264699757,0
8092-NLTGF,0.010461493631776224,297.0,44.55,-43.61788091740873,-0.9790770127364475,0
7996-MHXLW,0.01807295269575248,301.79999999999995,45.26999999999999,-43.63367486292656,-0.963854094608495,0
9365-CSLBQ,0.0021400192220806784,292.20000000000005,43.830000000000005,-43.642405914992416,-0.9957199615558388,0
2696-RZVZW,0.015608005033775693,300.6,45.09,-43.68247010605411,-0.9687839899324486,0
8606-OEGQZ,0.02020162850852574,303.6,45.54,-43.70003567544347,-0.9595967429829485,0
4195-PNGZS,0.003142752414785336,293.4,44.01,-43.733374932450594,-0.9937144951704293,0
4836-WNFNO,0.013622030717859253,300.0,45.0,-43.77401723539267,-0.9727559385642816,0
9153-BTBVV,0.013601107460975821,300.0,45.0,-43.77590032851218,-0.9727977850780485,0
0402-OAMEN,0.002626670802184942,293.4,44.01,-43.77880043599168,-0.99474665839563,0
1241-EZFMJ,0.02213104665907043,305.4,45.809999999999995,-43.78235350509596,-0.9557379066818591,0
1987-AUELQ,0.014420434956508892,300.6,45.09,-43.78956517562203,-0.9711591300869822,0
9079-LWTFD,0.3792245184554879,1209.0,181.35,-43.80526715619456,-0.24155096308902432,0
8059-UDZFY,0.3844735861981181,1264.1999999999998,189.62999999999997,-43.81454769850171,-0.23105282760376375,0
1926-QUZNN,0.017967998228951797,303.0,45.449999999999996,-43.81670896098828,-0.9640640035420964,0
6797-UCJHZ,0.38357228003416677,1255.1999999999998,188.27999999999997,-43.84202223033415,-0.23285543993166644,0
0867-MKZVY,0.3521297846575706,988.8000000000001,148.32,-43.864220679178246,-0.2957404306848587,0
5334-AFQJB,0.014429519967865456,301.20000000000005,45.18000000000001,-43.87614857570368,-0.971140960064269,0
6010-DDPPW,0.015289903744024674,301.79999999999995,45.26999999999999,-43.88565211501599,-0.9694201925119507,0
6873-UDNLD,0.3192305880049063,809.4000000000001,121.41000000000001,-43.89442862064867,-0.3615388239901875,0
1767-CJKBA,0.014221891227528304,301.20000000000005,45.18000000000001,-43.894909908680546,-0.9715562175449434,0
0057-QBUQH,0.014145838596210585,301.20000000000005,45.18000000000001,-43.90178202444642,-0.9717083228075788,0
5201-CBWYG,0.00784326114416354,297.6,44.64,-43.93975364504908,-0.984313477711673,0
4176-RELJR,0.013346344814347716,301.20000000000005,45.18000000000001,-43.97402428257555,-0.9733073103713046,0
2072-ZVJJX,0.016078162609287065,303.0,45.449999999999996,-43.988495018815804,-0.967843674781426,0
0071-NDAFP,0.020688398625656926,306.0,45.9,-44.00080500616469,-0.9586232027486861,0
8780-IHCRN,0.00396434217649435,295.79999999999995,44.36999999999999,-44.01820427525788,-0.9920713156470112,0
9650-VBUOG,0.011659326170391721,300.6,45.09,-44.03856196595408,-0.9766813476592167,0
8966-KZXXA,0.012581739378889595,301.20000000000005,45.18000000000001,-44.04311402972354,-0.9748365212422208,0
1248-DYXUB,0.006682899133248076,297.6,44.64,-44.043350765383614,-0.9866342017335039,0
9953-ZMKSM,0.015440193060064401,303.0,45.449999999999996,-44.04648645084014,-0.9691196138798712,0
2263-SFSQZ,0.009548939971391494,299.4,44.91,-44.05231421176961,-0.980902120057217,0
9107-UKCKY,0.3466531087349969,957.5999999999999,143.64,-44.053494922610085,-0.3066937825300062,0
2812-ENYMO,0.275597982698657,654.5999999999999,98.18999999999998,-44.06806815763774,-0.4488040346026861,0
5622-UEJFI,0.01805682227283112,304.79999999999995,45.71999999999999,-44.06888417137232,-0.9638863554543379,0
6857-TKDJV,0.0033104649299269544,295.79999999999995,44.36999999999999,-44.076229342118275,-0.9933790701401461,0
3621-CHYVB,0.2544589366019659,598.8,89.82,-44.108996628822844,-0.4910821267960682,0
8626-XHBIE,0.005787068204518492,297.6,44.64,-44.12333055070059,-0.988425863590963,0
1852-QSWCD,0.005452702665259375,297.6,44.64,-44.15318270604564,-0.9890945946694812,0
6096-EGVTU,0.00729097458051306,298.79999999999995,44.81999999999999,-44.1664370386028,-0.9854180508389738,0
4521-WFJAI,0.026984712323780836,311.4,46.709999999999994,-44.18908817471239,-0.9460305753524383,0
2450-ZKEED,0.27182819042864664,645.5999999999999,96.83999999999999,-44.192316077779715,-0.4563436191427067,0
8219-VYBVI,0.008905145853523729,300.0,45.0,-44.19853687318287,-0.9821897082929526,0
1299-AURJA,0.002884754132480585,296.4,44.459999999999994,-44.20348766253982,-0.9942304917350389,0
0485-ZBSLN,0.0038187004489732574,297.0,44.55,-44.20975378999648,-0.9923625991020536,0
6661-EIPZC,0.08371089401915927,354.0,53.1,-44.209903055165285,-0.8325782119616815,0
7711-GQBZC,0.0027876686757064015,296.4,44.459999999999994,-44.21212050135618,-0.9944246626485872,0
3913-RDSJZ,0.01927585724667465,306.6,45.99,-44.21700665045087,-0.9614482855066507,0
5549-ZGHFB,0.0074869757202246446,299.4,44.91,-44.23751984080942,-0.9850260485595507,0
2908-WGAXL,0.007332077380274081,299.4,44.91,-44.25143280970378,-0.9853358452394518,0
8874-EJNSR,0.011900073396884859,302.4,45.35999999999999,-44.2804253414346,-0.9761998532062304,0
1080-BWSYE,0.02032075713164814,307.79999999999995,46.169999999999995,-44.293581286463606,-0.9593584857367037,0
9700-ISPUP,0.31213297229413095,786.0,117.89999999999999,-44.299045133043904,-0.375734055411738,0
4193-IBKSW,0.0027429910315542186,297.0,44.55,-44.305599499088515,-0.9945140179368915,0
6181-AXXYF,0.0026723404070403945,297.0,44.55,-44.3118944697327,-0.9946553191859192,0
7452-FOLON,0.016272895820816757,305.4,45.809999999999995,-44.319077284896764,-0.9674542083583665,0
1304-SEGFY,0.3739898065440733,1174.1999999999998,176.12999999999997,-44.38835074678471,-0.2520203869118533,0
8727-XDPUD,0.15556224181947031,429.59999999999997,64.44,-44.39113827430667,-0.6888755163610595,0
8234-GSZYK,0.03374261157014304,317.4,47.60999999999999,-44.397028526290974,-0.932514776859714,0
3967-VQOGC,0.004686615216719946,298.79999999999995,44.81999999999999,-44.39989181197322,-0.9906267695665602,0
8774-GSBUN,0.014091707263677247,304.79999999999995,45.71999999999999,-44.431454287809345,-0.9718165854726455,0
4312-KFRXN,0.013683806216071374,304.79999999999995,45.71999999999999,-44.468752759602424,-0.9726323875678572,0
1635-NZATJ,0.01436050074180797,305.4,45.809999999999995,-44.494290922035546,-0.971278998516384,0
3472-QPRCH,0.010448033777542312,303.0,45.449999999999996,-44.5002737296214,-0.9791039324449153,0
8441-SHIPE,0.01710986410481195,307.20000000000005,46.080000000000005,-44.503154924100535,-0.9657802717903761,0
4335-BSMJS,0.02079395120204655,309.6,46.440000000000005,-44.508657812353924,-0.958412097595907,0
3873-WOSBC,0.016779766799487172,307.20000000000005,46.080000000000005,-44.533576691759265,-0.9664404664010257,0
2452-MRMZF,0.01847490689762212,308.4,46.26,-44.550701613832,-0.9630501862047557,0
7980-MHFLQ,0.002742439963078678,298.79999999999995,44.81999999999999,-44.57416768170962,-0.9945151200738426,0
4896-CPRPF,0.013191711298331955,305.4,45.809999999999995,-44.60137541084682,-0.9736165774033361,0
2481-SBOYW,0.004270589749254009,300.0,45.0,-44.61564692256714,-0.9914588205014919,0
1925-LFCZZ,0.25234869687442824,600.5999999999999,90.08999999999999,-44.62181179716552,-0.4953026062511436,0
0665-XHDJU,0.37523330834120217,1192.8000000000002,178.92000000000002,-44.646512943184206,-0.2495333833175956,0
3137-NYQQI,0.3082878536185691,777.5999999999999,116.63999999999999,-44.7226095078602,-0.38342429276286183,0
0795-XCCTE,0.010633840527046216,304.79999999999995,45.71999999999999,-44.747641622206885,-0.9787323189459075,0
0639-TSIQW,0.37924901239468745,1235.4,185.31,-44.75273102628094,-0.2415019752106251,0
8224-KDLKN,0.002593988501894827,300.0,45.0,-44.766541034829466,-0.9948120229962103,0
5202-IVJNU,0.08678336354278583,361.20000000000005,54.18000000000001,-44.776154726503734,-0.8264332729144284,0
6770-UAYGJ,0.00740977068081019,303.0,45.449999999999996,-44.77645184511435,-0.9851804586383797,0
9717-IOAAF,0.018802380316488232,310.20000000000005,46.53000000000001,-44.780250487747615,-0.9623952393670235,0
3130-ICDUP,0.34553890339750526,966.5999999999999,144.98999999999998,-44.79062879279142,-0.30892219320498954,0
3696-DFHHB,0.012073534471488014,306.0,45.9,-44.7916495355174,-0.975852931057024,0
2169-RRLFW,0.013766355201617057,307.20000000000005,46.080000000000005,-44.81129270461898,-0.9724672895967659,0
4534-WGCIR,0.00495532711556766,301.79999999999995,45.26999999999999,-44.82134468295649,-0.9900893457688646,0
5322-ZSMZY,0.01635297275714994,309.0,46.35,-44.8340794254122,-0.9672940544857,0
1125-SNVCK,0.21562118201208133,525.5999999999999,78.83999999999999,-44.84085202033501,-0.5687576359758373,0
9430-NKQLY,0.0035408445659787825,301.20000000000005,45.18000000000001,-44.860049285018164,-0.9929183108680424,0
8207-VVMYB,0.020492043125658957,312.0,46.8,-44.88194476343832,-0.9590159137486821,0
5598-IKHQQ,0.009731095985984898,305.4,45.809999999999995,-44.91843698576406,-0.9805378080280303,0
4231-LZUYM,0.013315579961241556,307.79999999999995,46.169999999999995,-44.94043934637895,-0.9733688400775169,0
5884-FBCTL,0.0026497885239714783,301.20000000000005,45.18000000000001,-44.94056510897394,-0.994700422952057,0
7824-PANSQ,0.34513635892687394,967.8000000000001,145.17000000000002,-44.963109549171435,-0.30972728214625217,0
3118-UHVVQ,0.015823988481967623,309.6,46.440000000000005,-44.97026794979485,-0.9683520230360647,0
5743-KHMNA,0.011068767789545315,306.6,45.99,-44.97189473871762,-0.9778624644209093,0
3896-RCYYE,0.26605027116393976,640.8,96.11999999999999,-44.97449587144421,-0.46789945767212043,0
4402-FTBXC,0.3608340161633431,1077.6,161.64,-44.98957925471444,-0.2783319676733138,0
0394-YONDK,0.0029013777682916604,301.79999999999995,45.26999999999999,-45.00730925685886,-0.9941972444634166,0
2961-VNFKL,0.018101316643082555,311.4,46.709999999999994,-45.01897499920322,-0.963797366713835,0
6024-RUGGH,0.0037196892033565083,302.4,45.35999999999999,-45.02254979547149,-0.9925606215932871,0
2097-YVPKN,0.014259386596468089,309.0,46.35,-45.02815486250741,-0.9714812268070637,0
9067-YGSCA,0.019783175950549577,312.6,46.89,-45.03473375935746,-0.9604336480989007,0
8946-BFWSG,0.004151866534259623,303.0,45.449999999999996,-45.072595332035796,-0.9916962669314807,0
4003-OCTMP,0.3043619555721001,768.0,115.19999999999999,-45.07500543618812,-0.3912760888557997,0
6302-JGYRJ,0.3423692525133958,953.4000000000001,143.01000000000002,-45.08554639611856,-0.31526149497320854,0
2799-TSLAG,0.004881813096208624,303.6,45.54,-45.09536446319732,-0.9902363738075828,0
7008-LZVOZ,0.004735218917467561,303.6,45.54,-45.108716260997056,-0.9905295621650649,0
8898-KASCD,0.14751109344211386,426.59999999999997,63.989999999999995,-45.11153026127826,-0.7049778131157722,0
6917-FIJHC,0.0178887880121846,312.0,46.8,-45.12560944205952,-0.9642224239756308,0
6976-BWGLQ,0.0025346083600525544,302.4,45.35999999999999,-45.130060329576025,-0.9949307832798949,0
2509-TFPJU,0.013120677815613649,309.0,46.35,-45.13371316649262,-0.9737586443687728,0
0943-ZQPXH,0.3649614619593404,1115.4,167.31,-45.186595599165514,-0.2700770760813192,0
9337-SRRNI,0.0035931831455058086,303.6,45.54,-45.21273287910733,-0.9928136337089883,0
7136-RVDTZ,0.2222376785124874,543.0,81.45,-45.247482170315806,-0.5555246429750252,0
4707-MAXGU,0.013350120227671122,310.20000000000005,46.53000000000001,-45.28763781161293,-0.9732997595446577,0
1240-HCBOH,0.017525892815877974,313.20000000000005,46.980000000000004,-45.333267111020106,-0.964948214368244,0
3810-PJUHR,0.0029939436287374347,304.20000000000005,45.63,-45.356772704441426,-0.9940121127425252,0
0174-QRVVY,0.0028023916046635263,304.20000000000005,45.63,-45.37425374215841,-0.9943952167906729,0
0603-TPMIB,0.004716435246070454,305.4,45.809999999999995,-45.37788020275502,-0.9905671295078592,0
3088-FVYWK,0.0060854563862187796,306.6,45.99,-45.4302597215956,-0.9878290872275624,0
9574-BOSMD,0.0031049446352356337,304.79999999999995,45.71999999999999,-45.43608386255404,-0.9937901107295287,0
3727-OVPRY,0.008875928875163757,308.4,46.26,-45.43879906046985,-0.9822481422496725,0
5854-KSRBJ,0.002972627689465317,304.79999999999995,45.71999999999999,-45.44818292407528,-0.9940547446210694,0
6199-IPCAO,0.016235304436237604,313.20000000000005,46.980000000000004,-45.45453079517112,-0.9675293911275248,0
8807-OPMBM,0.0072068950375113435,307.79999999999995,46.169999999999995,-45.504515312236194,-0.9855862099249773,0
5081-NWSUP,0.30512373794448805,778.8000000000001,116.82000000000001,-45.530889866649815,-0.3897525241110239,0
8467-WYNSR,0.27036726167178127,661.2,99.18,-45.54994997478548,-0.4592654766564375,0
3261-CQXOL,0.0026799127536570747,305.4,45.809999999999995,-45.56446639350993,-0.9946401744926858,0
2055-SIFSS,0.25472127516861004,619.8,92.96999999999998,-45.60712609514864,-0.49055744966277987,0
0463-TXOAK,0.0047943652793917355,307.20000000000005,46.080000000000005,-45.638151295851266,-0.9904112694412166,0
3192-LNKRK,0.34915885753501535,1008.5999999999999,151.29,-45.64151288705506,-0.30168228492996935,0
5115-SQAAU,0.003976050894899988,307.20000000000005,46.080000000000005,-45.71356714952602,-0.9920478982102,0
2294-SALNE,0.35369559221733254,1041.6,156.23999999999998,-45.717201343927925,-0.29260881556533497,0
6285-FTQBF,0.0026852406633472202,306.6,45.99,-45.74301156378532,-0.9946295186733055,0
8532-UEFWH,0.00648272508673811,309.0,46.35,-45.74905138445938,-0.9870345498265237,0
8080-POTJR,0.33950171425671594,951.5999999999999,142.73999999999998,-45.81905061399273,-0.3209965714865681,0
9560-BBZXK,0.08901215668618286,372.6,55.89,-45.94022112561848,-0.8219756866276342,0
7225-IILWY,0.003187858791797613,309.0,46.35,-46.05448549000036,-0.9936242824164048,0
9972-NKTFD,0.2657841043910848,655.8,98.36999999999999,-46.07963530209798,-0.46843179121783046,0
3640-JQGJG,0.21422672601015963,537.5999999999999,80.63999999999999,-46.089513629081445,-0.5715465479796807,0
2673-CXQEU,0.3839796502225639,1326.0,198.9,-46.152895141464086,-0.23204069955487222,0
0842-IWYCP,0.2147606680214572,539.4000000000001,80.91000000000001,-46.157428700767795,-0.5704786639570855,0
4821-SJHJV,0.35675606122718506,1075.1999999999998,161.27999999999997,-46.204764890559176,-0.2864878775456299,0
2805-EDJPQ,0.371296535844973,1197.0,179.54999999999998,-46.21741397807017,-0.25740692831005385,0
7623-TRNQN,0.24263758732377486,598.8,89.82,-46.232583813157085,-0.5147248253524503,0
2957-JIRMN,0.3477922458588481,1013.4000000000001,152.01000000000002,-46.27420141399301,-0.30441550828230385,0
1543-LLLFT,0.3692169974639584,1179.6,176.93999999999997,-46.281488937454384,-0.26156600507208316,0
7096-ZNBZI,0.012760003868772884,317.4,47.60999999999999,-46.394992431615435,-0.9744799922624542,0
7480-SPLEF,0.004039180059410185,312.0,46.8,-46.421932746439204,-0.9919216398811797,0
0756-MPZRL,0.117265354189315,404.40000000000003,60.660000000000004,-46.43336722975231,-0.76546929162137,0
8201-AAXCB,0.28622570766820626,724.2,108.63000000000001,-46.444602752005515,-0.4275485846635875,0
7916-VCCPB,0.3238405614368464,879.0,131.85,-46.453243949103594,-0.35231887712630716,0
5982-XMDEX,0.012797349036697917,318.0,47.699999999999996,-46.479132901899014,-0.9744053019266041,0
2050-ONYDQ,0.003390922304054931,312.0,46.8,-46.48260967234046,-0.9932181553918902,0
2834-JKOOW,0.2184492643212819,550.8,82.61999999999999,-46.523443563551375,-0.5631014713574363,0
6485-QXWWE,0.0029394829647455514,312.0,46.8,-46.524864394499815,-0.9941210340705089,0
0442-ZXKVS,0.38814998449789867,1387.1999999999998,208.07999999999996,-46.54750245135446,-0.22370003100420258,0
5168-MQQCA,0.38076071180991283,1302.0,195.29999999999998,-46.574865967048055,-0.2384785763801744,0
2391-SOORI,0.2376734925717999,592.2,88.83,-46.60492730969403,-0.5246530148564001,0
9931-KGHOA,0.26453616923780837,660.0,99.0,-46.62183849091394,-0.4709276615243832,0
5939-SXWHM,0.006957699788949904,315.6,47.34,-46.681244983982225,-0.9860846004221001,0
9838-BFCQT,0.0026666256362898526,313.20000000000005,46.980000000000004,-46.72944385521421,-0.9946667487274202,0
8548-AWOFC,0.2960469502010868,766.2,114.93,-46.88064802677819,-0.40790609959782637,0
2452-SNHFZ,0.32734402550021,905.4000000000001,135.81,-46.89681579363295,-0.34531194899957995,0
4625-XMOYM,0.0035059740455261686,315.0,47.25,-46.91868545269778,-0.9929880519089477,0
6651-RLGGM,0.003304754940986717,315.6,47.34,-47.02710580218738,-0.9933904901180265,0
1921-KYSAY,0.30915384318249717,823.1999999999999,123.47999999999999,-47.131366887650486,-0.3816923136350056,0
7123-WQUHX,0.3619605518802278,1140.0,171.0,-47.209491256962096,-0.2760788962395444,0
4999-IEZLT,0.05450475731871776,353.4,53.01,-47.23140562906954,-0.8909904853625645,0
9651-GTSAQ,0.3757677847394107,1273.1999999999998,190.97999999999996,-47.451736940934694,-0.24846443052117867,0
5756-JYOJT,0.29659153200087796,778.8000000000001,116.82000000000001,-47.52435446331488,-0.4068169359982441,0
9236-NDUCW,0.12328504184776931,421.20000000000005,63.18000000000001,-47.60170211211587,-0.7534299163044613,0
1809-DMJHQ,0.21233147261961155,552.0,82.8,-47.63790813419232,-0.5753370547607769,0
7595-EHCDL,0.23825965538810356,607.2,91.08,-47.67862117450305,-0.5234806892237929,0
8809-RIHDD,0.37162782675906647,1240.8000000000002,186.12000000000003,-47.78525776720511,-0.25674434648186706,0
1264-FUHCX,0.26362104792491514,675.5999999999999,101.33999999999999,-47.90928600657819,-0.4727579041501697,0
7134-MJPDY,0.37058617240426117,1234.1999999999998,185.12999999999997,-47.91676380559824,-0.2588276551914776,0
2361-FJWNO,0.1299735117241596,432.0,64.8,-47.95543288054891,-0.7400529765516808,0
5074-FBGHB,0.37269944469476696,1255.8000000000002,188.37000000000003,-47.95921120569352,-0.2546011106104662,0
5268-DSMNQ,0.3636762443600244,1175.4,176.31,-48.0704827137682,-0.27264751127995124,0
5170-PTRKA,0.1265576947831692,429.59999999999997,64.44,-48.129244296345156,-0.7468846104336617,0
6253-WRFHY,0.2934053304413652,777.0,116.55,-48.15721747411777,-0.4131893391172696,0
1877-HKBQX,0.25499346749367735,655.2,98.28,-48.158484029442775,-0.49001306501264524,0
5294-CDGWY,0.2743274474911519,711.5999999999999,106.73999999999998,-48.17657650958888,-0.45134510501769615,0
9796-MVYXX,0.16192572423964313,476.40000000000003,71.46000000000001,-48.31757549167021,-0.6761485515207137,0
4187-CINZD,0.3588881912688131,1143.0,171.45,-48.387239213923976,-0.28222361746237373,0
1360-XFJMR,0.3774140461311202,1316.4,197.46,-48.41164490189803,-0.24517190773775968,0
3038-PQIUY,0.2964027269630362,793.8000000000001,119.07000000000001,-48.484654601022555,-0.4071945460739275,0
8224-UAXBZ,0.20291795022757508,544.2,81.63000000000001,-48.5016154458461,-0.5941640995448498,0
7989-AWGEH,0.15628824229863422,470.40000000000003,70.56,-48.50460324681674,-0.6874235154027316,0
0549-CYCQN,0.33068119094891174,955.1999999999999,143.27999999999997,-48.519997921679845,-0.3386376181021765,0
1183-CANVH,0.27508394596090835,720.0,108.0,-48.5818676724438,-0.4498321080781833,0
5245-VDBUR,0.11913322835405185,425.40000000000003,63.81,-48.60621739745591,-0.7617335432918964,0
8450-JOVAH,0.2617980758760929,680.4000000000001,102.06000000000002,-48.621776752171925,-0.4764038482478142,0
9200-NLNPD,0.24927792329423634,648.5999999999999,97.28999999999998,-48.78550168540748,-0.5014441534115274,0
6968-URWQU,0.2593443603360361,676.2,101.43,-48.81940306223173,-0.4813112793279279,0
2040-OBMLJ,0.33399115472091634,980.4000000000001,147.06,-48.82652157348409,-0.3320176905581673,0
6784-XYJAE,0.2564327935700855,669.5999999999999,100.43999999999998,-48.92778042764121,-0.48713441285982895,0
4468-YDOVK,0.2203022622813441,583.8,87.57,-48.98626178404539,-0.5593954754373118,0
7740-BTPUX,0.38005411947136647,1363.1999999999998,204.47999999999996,-49.053067300989966,-0.2398917610572671,0
5447-VYTKW,0.24501442288241007,641.4000000000001,96.21000000000001,-49.064324748966655,-0.5099711542351798,0
2985-JUUBZ,0.31712872192546854,894.5999999999999,134.18999999999997,-49.07899360964274,-0.36574255614906287,0
5678-VFNEQ,0.3687135432104982,1249.1999999999998,187.37999999999997,-49.20091254643367,-0.26257291357900353,0
6035-BXTTY,0.24954671202484396,655.8,98.36999999999999,-49.27417987623219,-0.5009065759503121,0
8123-QBNAZ,0.3688970156941986,1254.0,188.1,-49.32094269584249,-0.26220596861160284,0
5343-SGUBI,0.32904726562966824,962.4000000000001,144.36,-49.3574734674022,-0.3419054687406636,0
4544-RXFMG,0.1842774770867339,521.4000000000001,78.21000000000001,-49.38531703409309,-0.6314450458265323,0
8049-WJCLQ,0.2715459136805684,722.4000000000001,108.36000000000001,-49.510569587147224,-0.4569081726388632,0
8082-GHXOP,0.1866031378248725,528.0,79.2,-49.6420629685402,-0.626793724350255,0
5481-NTDOH,0.3711080226386829,1284.6,192.68999999999997,-49.672390235504366,-0.25778395472263416,0
4456-RHSNB,0.2217476482050274,595.2,89.28,-49.684739936510304,-0.5565047035899452,0
0206-TBWLC,0.37961510946662524,1375.8000000000002,206.37000000000003,-49.687659718745124,-0.2407697810667496,0
9378-FXTIZ,0.3030634708861677,841.8000000000001,126.27000000000001,-49.734351062407214,-0.3938730582276646,0
6122-EFVKN,0.11342913131923478,429.0,64.35,-49.75167079921448,-0.7731417373615305,0
4908-XAXAY,0.3459417002366296,1078.1999999999998,161.72999999999996,-49.831697641459755,-0.30811659952674064,0
8905-IAZPF,0.35483900718314,1147.8000000000002,172.17000000000002,-49.984736266557576,-0.29032198563371997,0
9758-MFWGD,0.03559478958174322,358.79999999999995,53.81999999999999,-49.98857684942115,-0.9288104208365136,0
0628-CNQRM,0.29425032865546386,810.0,121.5,-49.99717013672229,-0.41149934268907234,0
2483-XSSMZ,0.2090533624095008,574.2,86.13000000000001,-50.118467791339405,-0.5818932751809985,0
5522-NYKPB,0.3378016580203355,1030.8000000000002,154.62000000000003,-50.158215273791456,-0.32439668395932897,0
0297-RBCSG,0.28653992578159887,784.1999999999999,117.62999999999998,-50.21861706062104,-0.42692014843680226,0
4455-BFSPD,0.3617840681117315,1213.8000000000002,182.07000000000002,-50.329949437794085,-0.27643186377653695,0
6114-TCFID,0.14589948353386203,474.0,71.1,-50.353093441484816,-0.708201032932276,0
8756-RDDLT,0.18881253734834103,539.4000000000001,80.91000000000001,-50.35635520629146,-0.622374925303318,0
0089-IIQKO,0.3594538333071784,1199.4,179.91,-50.571321699411044,-0.28109233338564305,0
7801-CEDNV,0.21088057561115808,584.4000000000001,87.66000000000001,-50.688417483851765,-0.5782388487776837,0
3097-IDVPU,0.21865083235008304,601.2,90.18,-50.744135877339026,-0.5626983352998339,0
4324-BZCKL,0.2461347307598175,666.5999999999999,99.98999999999998,-50.76797654265168,-0.507730538480365,0
9518-IMLHK,0.3051614686919163,869.4000000000001,130.41,-50.81778573577438,-0.3896770626161673,0
0121-SNYRK,0.10122425307425552,424.79999999999995,63.71999999999999,-50.81998118821687,-0.7975514938514889,0
0289-IVARM,0.266796471441668,726.5999999999999,108.98999999999998,-50.833705155145196,-0.46640705711666397,0
5298-GSTLM,0.36031948731239155,1216.8000000000002,182.52,-50.988974351484586,-0.2793610253752169,0
5382-TEMLV,0.22066298452241176,610.8,91.61999999999999,-51.18571471611327,-0.5586740309551765,0
9762-YAQAA,0.32523811460376345,976.8000000000001,146.52,-51.21222289651317,-0.34952377079247315,0
8268-YDIXR,0.3470098295125015,1117.8000000000002,167.67000000000002,-51.303723771277745,-0.30598034097499693,0
4833-QTJNO,0.32938344240293405,1006.1999999999999,150.92999999999998,-51.502314076250315,-0.34123311519413185,0
2242-MFOTG,0.32136716899790346,961.1999999999999,144.17999999999998,-51.51056314776454,-0.357265662004193,0
8591-NXRCV,0.3079769422137624,895.8000000000001,134.37,-51.6042765494735,-0.3840461155724752,0
1502-XFCVR,0.365286285970955,1277.4,191.61,-51.62498949021062,-0.26942742805808995,0
2237-ZFSMY,0.3497890262638809,1146.6,171.98999999999998,-51.669570745750235,-0.30042194747223816,0
9909-DFRJA,0.349929802204335,1150.1999999999998,172.52999999999997,-51.78322245137217,-0.30014039559133004,0
9060-HJJRW,0.24490796424322214,676.8,101.52,-51.79388694005618,-0.5101840715135558,0
4742-DRORA,0.34893112160436346,1144.8000000000002,171.72000000000003,-51.88309559619742,-0.3021377567912731,0
6933-FHBZC,0.24276100646776907,672.5999999999999,100.88999999999999,-51.90568411493356,-0.5144779870644619,0
1950-KSVVJ,0.3727113848832051,1359.6,203.93999999999997,-51.91848033383829,-0.25457723023358975,0
2391-IPLOP,0.2926162116884752,835.8000000000001,125.37,-51.99941108123174,-0.4147675766230497,0
2359-KLTEK,0.3477708879473852,1138.8000000000002,170.82000000000002,-52.00755384165532,-0.3044582241052296,0
8221-EQDGL,0.2629767048287949,732.0,109.8,-52.05031561959664,-0.4740465903424102,0
4726-DLWQN,0.2942798649654761,844.1999999999999,126.62999999999998,-52.10068139884352,-0.4114402700690478,0
9411-TPQQV,0.23461611198130172,654.5999999999999,98.18999999999998,-52.116087929111956,-0.5307677760373966,0
9763-GRSKD,0.2100702213638702,599.4000000000001,89.91000000000001,-52.13517279434886,-0.5798595572722596,0
1347-KTTTA,0.3585927935298921,1229.4,184.41,-52.15380589030519,-0.2828144129402158,0
5872-OEQNH,0.17405329075411693,533.4000000000001,80.01,-52.15799241352621,-0.6518934184917661,0
6483-OATDN,0.21736609351897782,615.5999999999999,92.33999999999999,-52.19682984891518,-0.5652678129620444,0
9114-AAFQH,0.27912218054859733,787.8000000000001,118.17,-52.202263849144515,-0.4417556389028054,0
3733-ZEECP,0.21607778092725557,613.2,91.98,-52.230331420622065,-0.5678444381454888,0
7683-CBDKJ,0.27831932940467086,785.4000000000001,117.81,-52.23239960567146,-0.44336134119065834,0
3104-OWCGK,0.340195230662336,1091.4,163.71,-52.32327757653795,-0.319609538675328,0
3537-RYBHH,0.28443048918540015,809.4000000000001,121.41000000000001,-52.34458861600113,-0.43113902162919965,0
0983-TATYJ,0.21736079488061993,617.4000000000001,92.61000000000001,-52.35043357221158,-0.56527841023876,0
5240-CAOYT,0.3334990815174798,1050.6,157.58999999999997,-52.4777594873207,-0.3330018369650403,0
7244-QWYHG,0.17194642790135417,533.4000000000001,80.01,-52.49513260722531,-0.6561071441972917,0
3714-XPXBW,0.3150625960776482,946.8000000000001,142.02,-52.52962021010481,-0.3698748078447036,0
0305-SQECB,0.09515870410479273,432.59999999999997,64.88999999999999,-52.54030338127998,-0.8096825917904145,0
5092-STPKP,0.24086412512769778,676.2,101.43,-52.568303576595234,-0.5182717497446044,0
7080-TNUWP,0.34605070411520683,1140.0,171.0,-52.65065919259928,-0.3078985917695864,0
4139-SUGLD,0.08682555434525178,424.79999999999995,63.71999999999999,-52.654951354241106,-0.8263488913094964,0
4134-BSXLX,0.25940418388361497,730.8,109.61999999999999,-52.74822672535625,-0.48119163223277006,0
3086-RUCRN,0.3575527050576592,1237.1999999999998,185.57999999999996,-52.8707379907992,-0.2848945898846816,0
5732-IKGQH,0.3593806898256495,1253.4,188.01000000000002,-52.87567301175929,-0.28123862034870106,0
4002-BQWPQ,0.32016271605348545,981.0,147.15,-52.92611266545924,-0.35967456789302915,0
1707-HABPF,0.33894992139054775,1095.6,164.33999999999997,-52.93393983735474,-0.3221001572189044,0
6563-VNPMN,0.32826916623572244,1028.4,154.26000000000002,-52.98239683295493,-0.3434616675285552,0
3255-GRXMG,0.17759060150199635,547.8,82.16999999999999,-52.984760549161905,-0.6448187969960072,0
0178-SZBHO,0.3306612648529082,1046.4,156.96,-53.158815737375065,-0.3386774702941836,0
3863-QSTYI,0.270964193474284,775.8000000000001,116.37,-53.305793610795135,-0.4580716130514319,0
5285-MVEHD,0.35938314641147645,1267.1999999999998,190.07999999999996,-53.45690306021311,-0.28123370717704715,0
7325-ENZFI,0.13151419715273388,483.59999999999997,72.53999999999999,-53.459920277081366,-0.7369716056945322,0
8849-GYOKR,0.36057836857699177,1278.6,191.79,-53.47934938123751,-0.27884326284601657,0
3466-WAESX,0.2840708295124868,829.1999999999999,124.37999999999998,-53.71454045047378,-0.4318583409750264,0
6198-PNNSZ,0.3637904226297994,1317.6,197.64,-53.8409217428929,-0.2724191547404013,0
9928-BZVLZ,0.19980715400515744,598.2,89.73,-53.87260814223445,-0.6003856919896852,0
1089-HDMKP,0.22538657107551607,654.5999999999999,98.18999999999998,-53.92858517219015,-0.5492268578489679,0
5966-EMAZU,0.36183859722082906,1302.0,195.29999999999998,-53.96584392554416,-0.2763228055583419,0
5724-BIDBU,0.228432026206851,664.2,99.63000000000001,-54.11263445802288,-0.543135947586298,0
1099-BTKWT,0.22334424443742446,652.8,97.91999999999999,-54.18026316937478,-0.5533115111251511,0
4576-CSAJH,0.22700208032448513,661.8,99.27,-54.201006972376724,-0.5459958393510298,0
5996-NRVXR,0.34654476195567374,1177.8000000000002,176.67000000000002,-54.22187381058225,-0.3069104760886526,0
7901-IIDQV,0.22374836588621394,655.2,98.28,-54.30002120140579,-0.5525032682275721,0
9420-LOJKX,0.3477404166578096,1189.1999999999998,178.37999999999997,-54.32012895315984,-0.3045191666843808,0
1791-PQHBB,0.25311409917730543,734.4000000000001,110.16000000000001,-54.393901669256074,-0.49377180164538914,0
4510-PYUSH,0.23558306782266492,685.8,102.86999999999999,-54.40113962616492,-0.5288338643546702,0
1930-WNXSB,0.33722527995217116,1114.1999999999998,167.12999999999997,-54.409077923187255,-0.32554944009565767,0
5832-TRLPB,0.2993727480016561,904.1999999999999,135.63,-54.42214837707077,-0.40125450399668783,0
7771-ZONAT,0.2333704409801287,681.0,102.14999999999999,-54.472418907759696,-0.5332591180397426,0
4256-ZWTZI,0.20251028106597418,612.0,91.8,-54.619112396287136,-0.5949794378680516,0
4115-UMJFQ,0.07560605816962314,429.0,64.35,-54.619500313569496,-0.8487878836607538,0
6366-XIVKZ,0.25939586385138325,757.8,113.66999999999999,-54.698944312026526,-0.4812082722972335,0
2150-WLKUW,0.26216912935086534,766.8,115.02,-54.710613484126945,-0.4756617412982694,0
9036-CSKBW,0.3583759369161199,1289.4,193.41,-54.783020082106475,-0.2832481261677601,0
9114-VEPUF,0.34140225081071685,1153.1999999999998,172.97999999999996,-54.86847730952438,-0.31719549837856625,0
7674-YTAFD,0.309115703157044,959.4000000000001,143.91,-54.940318317339575,-0.3817685936859119,0
5829-NVSQN,0.27797567326602446,825.0,123.75,-54.95102086665895,-0.44404865346795114,0
8220-OCUFY,0.24614190868308589,723.0,108.45,-55.06182000663868,-0.5077161826338283,0
7964-VEXDG,0.30944221817250234,964.1999999999999,144.63,-55.12074397142197,-0.3811155636549953,0
9481-SFCQY,0.2436040996604711,717.5999999999999,107.63999999999999,-55.19690942509377,-0.5127918006790577,0
1116-DXXDF,0.34729946763213543,1205.4,180.81,-55.21956651486718,-0.3054010647357291,0
8920-NAVAY,0.3614897740239303,1329.0,199.35,-55.22402709665897,-0.2770204519521393,0
4730-AWNAU,0.2471372017520735,728.4000000000001,109.26,-55.2555786731369,-0.505725596495853,0
7501-VTYLJ,0.20180279618288618,618.5999999999999,92.78999999999998,-55.339437084379966,-0.5963944076342276,0
5985-BEHZK,0.3535036580969,1260.0,189.0,-55.37561723937179,-0.29299268380619997,0
8319-QBEHW,0.11483542385362482,479.40000000000003,71.91,-55.39436934137167,-0.7703291522927503,0
8741-LQOBK,0.06097897677042591,420.59999999999997,63.08999999999999,-55.39567271110765,-0.8780420464591482,0
6718-BDGHG,0.26255828096490846,778.1999999999999,116.72999999999999,-55.43314372593246,-0.474883438070183,0
4922-CVPDX,0.29036379179136057,882.0,132.29999999999998,-55.469740692005985,-0.41927241641727886,0
2683-JXWQQ,0.04049705155232773,403.20000000000005,60.480000000000004,-55.58147664423044,-0.9190058968953445,0
9074-KGVOX,0.10840519741348975,473.40000000000003,71.01,-55.61429386333619,-0.7831896051730205,0
2091-MJTFX,0.19824692840371752,614.4000000000001,92.16000000000001,-55.61912615662679,-0.6035061431925649,0
6906-MPARY,0.3275687302435167,1075.1999999999998,161.27999999999997,-55.619430372651266,-0.34486253951296675,0
7184-LRUUR,0.26313155236418573,783.0,117.44999999999999,-55.64039834965277,-0.47373689527162854,0
3648-GZPHF,0.0732197318638738,435.0,65.25,-55.69482499176447,-0.8535605362722524,0
3354-OADJP,0.2144974087586215,651.0,97.64999999999999,-55.75865606944121,-0.5710051824827569,0
9754-CLVZW,0.1011322914817613,466.20000000000005,69.93,-55.78563771336087,-0.7977354170364774,0
5176-LDKUH,0.29348159006048297,901.8000000000001,135.27,-55.87149062503694,-0.41303681987903407,0
6386-SZZKH,0.355495676115946,1295.4,194.31,-56.157270347821054,-0.2890086477681079,0
8050-WYBND,0.184505617889692,593.4000000000001,89.01,-56.16430990327703,-0.630988764220616,0
1453-RZFON,0.18733951487299116,598.8,89.82,-56.16632954821586,-0.6253209702540177,0
1708-PBBOA,0.21492688146957148,657.0,98.55,-56.18791166234746,-0.5701462370608571,0
9052-DHNKM,0.24610236873481436,738.5999999999999,110.78999999999998,-56.258637135739825,-0.5077952625303713,0
0661-WCQNQ,0.22169294227269346,675.0,101.25,-56.35717918977958,-0.5566141154546131,0
1104-FEJAM,0.2565836903179643,772.8000000000001,115.92,-56.43363723668316,-0.4868326193640714,0
3920-HIHMQ,0.18281778697868659,594.0,89.1,-56.52187036039805,-0.6343644260426269,0
8984-EYLLL,0.3507368861829215,1263.0,189.45,-56.55579382529106,-0.2985262276341571,0
4323-OHFOW,0.35088959046257623,1266.6,189.98999999999998,-56.65897341603028,-0.29822081907484754,0
7841-FCRQD,0.2063125043216591,645.0,96.75,-56.82853041375897,-0.5873749913566818,0
8624-GIOUT,0.23570931323661962,717.0,107.55,-56.84892672280312,-0.5285813735267608,0
2580-ASVVY,0.15182759924144887,544.8,81.71999999999998,-56.90529717997758,-0.6963448015171022,0
6075-QMNRR,0.18091589053372178,597.0,89.55,-57.14796400541043,-0.6381682189325565,0
3701-SFMUH,0.2721935148657579,836.4000000000001,125.46000000000001,-57.16120324988404,-0.45561297026848424,0
1794-SWWKL,0.23372660236202836,715.8,107.36999999999999,-57.17954940877803,-0.5325467952759433,0
0230-UBYPQ,0.058466686097658024,433.20000000000005,64.98,-57.381669474748364,-0.8830666278046839,0
7338-ERIVA,0.14603591072875627,540.5999999999999,81.08999999999999,-57.40589599801031,-0.7079281785424876,0
5199-FPUSP,0.030779530218559666,408.59999999999997,61.28999999999999,-57.517045185808946,-0.9384409395628807,0
3999-WRNGR,0.17843918866888459,597.0,89.55,-57.59154130940277,-0.6431216226622308,0
0013-MHZWF,0.2692003609769267,832.8000000000001,124.92,-57.66298181352464,-0.46159927804614664,0
5913-INRQV,0.321863762840644,1081.8000000000002,162.27,-57.81233440769739,-0.35627247431871195,0
5709-LVOEQ,0.3008911043395082,970.1999999999999,145.52999999999997,-57.95263517094271,-0.39821779132098345,0
7159-NOKYQ,0.3271137828220504,1117.8000000000002,167.67000000000002,-57.975664068453625,-0.3457724343558992,0
9839-ETQOE,0.10162732312435105,485.40000000000003,72.81,-58.011029206632,-0.796745353751298,0
9351-LZYGF,0.25703860269164647,796.8000000000001,119.52000000000001,-58.07749241258884,-0.4859227946167071,0
1898-JSNDC,0.22457574616432427,703.2,105.48,-58.10350058917415,-0.5508485076713514,0
6682-VCIXC,0.18496492548889598,615.0,92.25,-58.12397124729869,-0.630070149022208,0
6497-TILVL,0.18143197292911906,608.4000000000001,91.26,-58.14503630097719,-0.6371360541417619,0
7516-GMHUV,0.34615368204422536,1260.6,189.08999999999997,-58.181600524514835,-0.3076926359115492,0
9885-MFVSU,0.1510088942604535,556.2,83.43,-58.23265590370073,-0.697982211479093,0
0979-MOZQI,0.08477301069947211,468.0,70.2,-58.29786929779412,-0.8304539786010559,0
2947-DOMLJ,0.1798800135285484,607.2,91.08,-58.31305673563962,-0.6402399729429031,0
6543-JXSOO,0.21943842717962775,693.0,103.95,-58.3287509893554,-0.5611231456407446,0
7459-IMVYU,0.26815215138824805,839.4000000000001,125.91000000000001,-58.38392523741139,-0.46369569722350396,0
9592-ERDKV,0.2952789417134701,951.0,142.65,-58.406917929147,-0.4094421165730599,0
8930-XOTDP,0.20990456868524987,671.4000000000001,100.71000000000001,-58.43102177541697,-0.5801908626295003,0
0607-MVMGC,0.29387226165601593,945.0,141.75,-58.43721382051949,-0.4122554766879682,0
0975-UYDTX,0.3197841567580234,1081.1999999999998,162.17999999999998,-58.45481091396752,-0.3604316864839532,0
7336-RLLRH,0.29910795460287987,970.1999999999999,145.52999999999997,-58.47163873328576,-0.40178409079424016,0
6620-HVDUJ,0.2312966883823238,725.4000000000001,108.81000000000002,-58.47521467423871,-0.5374066232353524,0
0265-PSUAE,0.33867668477256047,1208.4,181.26000000000002,-58.4829282362514,-0.3226466304548791,0
0345-XMMUG,0.3507621378558461,1306.8000000000002,196.02,-58.50721147499411,-0.2984757242883079,0
0260-ZDLGK,0.2768152528772279,874.8000000000001,131.22,-58.572605034900306,-0.4463694942455442,0
1447-PJGGA,0.3290960158126696,1143.0,171.45,-58.60297617783557,-0.3418079683746607,0
1338-CECEE,0.26230261904099084,822.0,123.3,-58.616174144491666,-0.4753947619180184,0
6941-KXRRV,0.2227386915224123,707.4000000000001,106.11000000000001,-58.84039488511367,-0.5545226169551754,0
4808-YNLEU,0.23659638307347686,745.8,111.86999999999999,-58.93392525114028,-0.5268072338530463,0
5949-EBSQK,0.23343787483235068,737.4000000000001,110.61000000000001,-58.96887332958739,-0.5331242503352986,0
5777-KJIRB,0.17378758231693908,603.0,90.45,-59.01182635886572,-0.6524248353661218,0
4032-RMHCI,0.03625825989221535,424.79999999999995,63.71999999999999,-59.09924735933607,-0.9274834802155693,0
4274-DRSQT,0.3150895651008997,1066.8000000000002,160.02,-59.17873558510806,-0.36982086979820056,0
9495-REDIY,0.09541361734269573,487.79999999999995,73.16999999999999,-59.2071712380699,-0.8091727653146086,0
9391-DXGGG,0.31526873032218816,1069.8000000000002,160.47000000000003,-59.28765369039694,-0.3694625393556236,0
7619-ODSGN,0.19816671871755914,657.0,98.55,-59.49133974076909,-0.6036665625648817,0
5155-AZQPB,0.16875667591292828,598.8,89.82,-59.50455073900156,-0.6624866481741435,0
0074-HDKDG,0.23163010436113082,739.2,110.88000000000001,-59.513708056875636,-0.5367397912777384,0
8550-XSXUQ,0.26512757962731043,846.5999999999999,126.98999999999998,-59.65289732625568,-0.4697448407453791,0
8292-FRFZQ,0.09730599505562171,493.79999999999995,74.07,-59.6550898924602,-0.8053880098887566,0
7993-NQLJE,0.27808771886925643,901.1999999999999,135.17999999999998,-59.99620432650782,-0.44382456226148714,0
1097-FSPVW,0.19407751719381913,654.5999999999999,98.18999999999998,-60.07705717347779,-0.6118449656123618,0
2233-TXSIU,0.12395445450269862,533.4000000000001,80.01,-60.174808190478174,-0.7520910909946028,0
0815-MFZGM,0.3311387749066334,1188.0,178.2,-60.182140623275856,-0.33772245018673325,0
9581-GVBXT,0.01944045812248385,417.59999999999997,62.63999999999999,-60.204499406415216,-0.9611190837550323,0
0117-LFRMW,0.08393464560438918,482.40000000000003,72.36,-60.2129780881328,-0.8321307087912216,0
2930-UOTMB,0.24362116968061512,783.0,117.44999999999999,-60.223387242023506,-0.5127576606387698,0
7340-KEFQE,0.010758359484022236,410.40000000000003,61.56,-60.235430780327185,-0.9784832810319556,0
9894-QMIMJ,0.20004293212638435,669.5999999999999,100.43999999999998,-60.2553757944519,-0.5999141357472313,0
3470-BTGQO,0.13271838036945613,547.8,82.16999999999999,-60.359061370083566,-0.7345632392610877,0
7872-RDDLZ,0.19458171535028398,658.8,98.82,-60.36286977816987,-0.6108365692994321,0
0191-EQUUH,0.021344830913914998,420.59999999999997,63.08999999999999,-60.396709235282195,-0.95731033817217,0
1936-CZAKF,0.16174883115211044,595.8,89.36999999999999,-60.45901391987178,-0.6765023376957792,0
5977-CKHON,0.31848242404983995,1110.6,166.58999999999997,-60.478025955074315,-0.3630351519003201,0
9537-VHDTA,0.17181243119732503,614.4000000000001,92.16000000000001,-60.49153268170906,-0.6563751376053499,0
6481-LXPWL,0.03430559003033835,433.20000000000005,64.98,-60.521645519657234,-0.9313888199393233,0
0233-FTHAV,0.2875348785796305,950.4000000000001,142.56,-60.578055419375744,-0.42493024284073894,0
1337-BOZWO,0.1368483392701142,556.8,83.52,-60.66085340832012,-0.7263033214597716,0
6810-VCAEX,0.07436023506078017,475.79999999999995,71.36999999999999,-60.75582004742423,-0.8512795298784397,0
7191-ADRGF,0.1888261254308432,651.5999999999999,97.73999999999998,-60.828269000778754,-0.6223477491383136,0
8069-RHUXK,0.02661730489245356,428.40000000000003,64.26,-60.83914397522187,-0.9467653902150929,0
8496-DMZUK,0.312790543591341,1084.8000000000002,162.72000000000003,-60.925445493634,-0.37441891281731804,0
5120-ZBLAI,0.27614556912738325,908.4000000000001,136.26000000000002,-61.00480950140553,-0.44770886174523356,0
3891-NLXJB,0.08101048863732209,486.59999999999997,72.99,-61.16408886872372,-0.8379790227253558,0
6035-RIIOM,0.3250193862360939,1166.4,174.96,-61.22921636826602,-0.34996122752781217,0
9738-QLWTP,0.2922820984944101,982.8000000000001,147.42000000000002,-61.24354607990814,-0.4154358030111799,0
8109-YUOHE,0.19666351696165638,673.2,100.98,-61.26183611442388,-0.6066729660766872,0
7246-ZGQDF,0.18726967178520618,654.0,98.1,-61.357690395742544,-0.6254606564295876,0
0603-OLQDC,0.2558646261634989,838.1999999999999,125.72999999999999,-61.39028110492656,-0.48827074767300216,0
2338-BQEZT,0.16234515726314694,606.5999999999999,90.98999999999998,-61.44642828125251,-0.6753096854737062,0
7470-DYNOE,0.22053914375920255,733.2,109.98,-61.4702099387258,-0.5589217124815948,0
2722-VOJQL,0.3372665865003865,1267.8000000000002,190.17000000000002,-61.894026490443,-0.32546682699922697,0
4903-CNOZC,0.2574215748864581,850.8000000000001,127.62,-61.91571722598043,-0.48515685022708377,0
6119-SPUDB,0.049913916614030995,459.0,68.85,-61.97685368224793,-0.900172166771938,0
5844-QVTAT,0.20525617143596536,701.4000000000001,105.21000000000001,-62.01999640644417,-0.5894876571280693,0
4795-WRNVT,0.23461506932571471,781.1999999999999,117.17999999999998,-62.195612352825485,-0.5307698613485705,0
2972-YDYUW,0.3175013888617765,1136.4,170.46,-62.21742650924317,-0.36499722227644704,0
9496-IVVRP,0.16103215749337096,612.0,91.8,-62.23449588421709,-0.6779356850132581,0
2680-XKKNJ,0.20292957400511244,698.4000000000001,104.76,-62.24219565444884,-0.5941408519897751,0
8992-VONJD,0.19120196743467746,672.0,100.8,-62.253683365169024,-0.6175960651306451,0
9987-LUTYD,0.18620140235364416,661.8,99.27,-62.30157357670749,-0.6275971952927117,0
7816-VGHTO,0.0730342590787935,486.59999999999997,72.99,-62.328458859677724,-0.8539314818424131,0
1282-IHQAC,0.10639001466881015,528.5999999999999,79.28999999999998,-62.41867147382007,-0.7872199706623797,0
4797-AXPXK,0.2110155990079272,720.0,108.0,-62.420630614287724,-0.5779688019841456,0
7758-UJWYS,0.07224224646124178,486.59999999999997,72.99,-62.444076861587924,-0.8555155070775164,0
5386-THSLQ,0.1189340278129458,546.5999999999999,81.98999999999998,-62.48719811923313,-0.7621319443741084,0
5651-CRHKQ,0.2984943236467363,1034.4,155.16,-62.531241485944776,-0.4030113527065273,0
2746-DIJLO,0.19132619112494612,675.5999999999999,101.33999999999999,-62.56200758279592,-0.6173476177501078,0
4611-ANLQC,0.15181147952044594,600.5999999999999,90.08999999999999,-62.73660762000605,-0.6963770409591081,0
0678-RLHVP,0.3347156140157481,1266.6,189.98999999999998,-62.80476098629602,-0.3305687719685037,0
9000-PLFUZ,0.1470953769392016,593.4000000000001,89.01,-62.82408099728333,-0.7058092461215968,0
1729-VLAZJ,0.06606563091742285,483.0,72.45,-62.87709008006543,-0.8678687381651543,0
2959-EEXWB,0.15661758660221994,610.8,91.61999999999999,-62.921393431009214,-0.6867648267955602,0
5060-TQUQN,0.29051271187720046,1002.5999999999999,150.39,-63.00958652157564,-0.4189745762455991,0
4940-KHCWD,0.0353204390109363,452.40000000000003,67.86,-63.066310017435725,-0.9293591219781274,0
6967-PEJLL,0.06373512082129426,482.40000000000003,72.36,-63.13625331474229,-0.8725297583574114,0
4223-BKEOR,0.22953809832312433,778.1999999999999,116.72999999999999,-63.14203556548339,-0.5409238033537513,0
3205-MXZRA,0.20492311787019743,713.4000000000001,107.01,-63.152354313420346,-0.5901537642596051,0
3428-MMGUB,0.30343117321272167,1074.6,161.18999999999997,-63.36985837968277,-0.3931376535745566,0
7825-ECJRF,0.3346906019163647,1279.1999999999998,191.87999999999997,-63.4391346085759,-0.33061879616727075,0
4328-VUFWD,0.20253600953384443,711.5999999999999,106.73999999999998,-63.502612684714876,-0.5949279809323111,0
6992-TKNYO,0.24426968911286662,828.0,124.19999999999999,-63.523409224363924,-0.5114606217742668,0
8745-PVESG,0.0703522194695262,493.20000000000005,73.98,-63.57068560728891,-0.8592955610609476,0
6769-DCQLI,0.3318050592342116,1260.0,189.0,-63.57768760946803,-0.3363898815315769,0
8046-DNVTL,0.04243485184904978,463.20000000000005,69.48,-63.58325298705605,-0.9151302963019005,0
5985-TBABQ,0.2637047302646229,897.0,134.54999999999998,-63.587057085789965,-0.4725905394707542,0
8680-CGLTP,0.19893264693957585,705.0,105.75,-63.67574517227971,-0.6021347061208483,0
2019-HDCZY,0.3274830345602088,1231.1999999999998,184.67999999999998,-63.72086635484129,-0.3450339308795825,0
3969-JQABI,0.22872623271002954,783.0,117.44999999999999,-63.72220793641406,-0.542547534579941,0
2877-VDUER,0.06703061086217751,490.79999999999995,73.61999999999999,-63.75041285665297,-0.8659387782756449,0
0496-AHOOK,0.26197405000297086,892.8000000000001,133.92000000000002,-63.7528704472043,-0.47605189999405834,0
7795-CFOCW,0.08087823182553931,507.59999999999997,76.13999999999999,-63.82386285760686,-0.8382435363489213,0
3800-LYTRK,0.1815481509230211,668.4000000000001,100.26,-63.85596477691581,-0.6369036981539578,0
5315-CKEQK,0.1519646012108123,612.0,91.8,-63.89929921769486,-0.6960707975783754,0
9495-SKLKD,0.3150050516137949,1151.4,172.71,-63.900955071562976,-0.36998989677241023,0
9473-CBZOP,0.19903130778781314,708.0,106.2,-63.92575022586849,-0.6019373844243737,0
8976-OQHGT,0.18562414206852626,678.0,101.7,-63.944049503261766,-0.6287517158629475,0
0056-EPFBG,0.048670220141398365,472.79999999999995,70.91999999999999,-64.01661597514405,-0.9026595597172034,0
5524-KHNJP,0.2619631956352705,897.0,134.54999999999998,-64.0557040545487,-0.476073608729459,0
9076-AXYIK,0.3256812563587901,1225.1999999999998,183.77999999999997,-64.07259741276312,-0.3486374872824199,0
4682-BLBUC,0.24898007879115724,851.4000000000001,127.71000000000001,-64.11550827516263,-0.5020398424176855,0
4759-PXTAN,0.2776246939780732,961.1999999999999,144.17999999999998,-64.1241432444828,-0.4447506120438535,0
6507-DTJZV,0.23154172917038698,796.8000000000001,119.52000000000001,-64.17226505911071,-0.5369165416592261,0
1702-CCFNJ,0.20942997891474266,736.2,110.43,-64.17529485688993,-0.5811400421705146,0
8647-SDTWQ,0.260047949878116,891.5999999999999,133.73999999999998,-64.18237436660151,-0.4799041002437679,0
3884-UEBXB,0.006271821484217528,433.79999999999995,65.07,-64.25378515204392,-0.9874563570315649,0
9674-EHPPG,0.05790499783568431,484.79999999999995,72.71999999999998,-64.29829711477805,-0.8841900043286313,0
3933-DQPWX,0.04961354040299552,476.40000000000003,71.46000000000001,-64.36923280560389,-0.9007729191940089,0
7931-PXHFC,0.21226914070916908,747.5999999999999,112.13999999999999,-64.53227712174755,-0.5754617185816618,0
5590-ZSKRV,0.17159723515658726,655.8,98.36999999999999,-64.60995995529302,-0.6568055296868255,0
0303-UNCIP,0.22388633678882963,780.0,117.0,-64.61059719141386,-0.5522273264223406,0
2748-MYRVK,0.3201543267818444,1198.8000000000002,179.82000000000002,-64.67969791617749,-0.3596913464363112,0
5125-CNDSP,0.05710395139134638,487.20000000000005,73.08,-64.73368646464081,-0.8857920972173072,0
8883-GRDWQ,0.16683604229802498,648.0,97.2,-64.76707337726396,-0.6663279154039501,0
3786-WOVKF,0.33140010469539954,1282.1999999999998,192.32999999999996,-64.85363572786758,-0.33719979060920086,0
2996-XAUVF,0.04952113365600135,480.59999999999997,72.08999999999999,-64.95004294947772,-0.9009577326879974,0
7029-IJEJK,0.09078898888399863,529.2,79.38000000000001,-64.9663401247764,-0.8184220222320029,0
5734-EJKXG,0.34779717614384864,1423.1999999999998,213.47999999999996,-64.98451767362238,-0.3044056477123027,0
4906-ZHGPK,0.24465789713078104,848.4000000000001,127.26,-64.98967202227361,-0.5106842057384379,0
4250-ZBWLV,0.3334594275475123,1301.4,195.21,-65.02077029690025,-0.3330811449049754,0
0128-MKWSG,0.10560636449413605,549.5999999999999,82.43999999999998,-65.02762262220683,-0.7887872710117279,0
4316-XCSLJ,0.1400620627632061,603.5999999999999,90.53999999999998,-65.17756167483861,-0.7198758744735877,0
4657-FWVFY,0.3117289458206776,1156.1999999999998,173.42999999999998,-65.30369785263976,-0.37654210835864477,0
0734-OXWBT,0.2431551464684732,848.4000000000001,127.26,-65.3721521208442,-0.5136897070630536,0
7963-SHNDT,0.03509455614388834,469.20000000000005,70.38000000000001,-65.44009027718629,-0.9298108877122233,0
4598-ZADCK,0.16069670952683593,643.2,96.48,-65.47196292970173,-0.6786065809463281,0
5944-UGLLK,0.16852726087808764,658.8,98.82,-65.51227216005475,-0.6629454782438247,0
6440-DKQGE,0.2177308649968138,774.0,116.1,-65.54289314773985,-0.5645382700063725,0
5027-YOCXN,0.33451125941435067,1320.6,198.08999999999997,-65.56332924522255,-0.33097748117129866,0
8242-PDSGJ,0.03353667338645995,469.79999999999995,70.46999999999998,-65.74334125291232,-0.93292665322708,0
3249-VHRIP,0.0807928372255275,523.2,78.48,-65.79875626908121,-0.838414325548945,0
3340-QBBFM,0.16116259404769603,649.2,97.38000000000001,-65.99197318327073,-0.677674811904608,0
3908-MKIMJ,0.06293322610345939,503.40000000000003,75.51,-66.00582419385557,-0.8741335477930813,0
6663-JOCQO,0.25623093504346967,903.0,135.45,-66.03703969672405,-0.4875381299130606,0
5639-NTUPK,0.1478477042549798,625.2,93.78,-66.04968458993599,-0.7043045914900404,0
6749-UTDVX,0.322814524901806,1243.8000000000002,186.57000000000002,-66.11498817814011,-0.354370950196388,0
2937-FTHUR,0.21650451034260274,777.5999999999999,116.63999999999999,-66.13382782727763,-0.5669909793147946,0
1095-WGNGG,0.31818212028113785,1212.6,181.89,-66.14170828412767,-0.36363575943772436,0
3948-FVVRP,0.1646620559810948,657.5999999999999,98.63999999999999,-66.15546959604961,-0.6706758880378104,0
9445-ZUEQE,0.2837241062995373,1022.4000000000001,153.36,-66.33614211580593,-0.4325517874009254,0
7013-PSXHK,0.2717674510808819,969.0,145.35,-66.34720197078762,-0.45646509783823613,0
0343-QLUZP,0.034465014414768416,475.20000000000005,71.28,-66.36666754503061,-0.9310699711704631,0
0807-ZABDG,0.1653214014415779,661.2,99.18,-66.38684681004861,-0.6693571971168442,0
5397-TUPSH,0.23969280671401577,851.4000000000001,127.71000000000001,-66.4876633091061,-0.5206143865719685,0
0076-LVEPS,0.08938514313098735,540.0,81.0,-66.51960681278005,-0.8212297137380253,0
2560-PPCHE,0.3238909887791244,1260.6,189.08999999999997,-66.6009058635107,-0.3522180224417511,0
0667-NSRGI,0.23384157703786904,834.5999999999999,125.18999999999998,-66.64074594125834,-0.532316845924262,0
7321-ZNSLA,0.042947578752026046,486.59999999999997,72.99,-66.72051245377924,-0.9141048424959479,0
6371-NZYEG,0.21154021742145315,771.0,115.64999999999999,-66.72074771041788,-0.5769195651570937,0
8200-KLNYW,0.2705418069994894,970.8000000000001,145.62,-66.8274041294687,-0.45891638600102114,0
7605-BDWDC,0.12739980039559431,598.2,89.73,-66.86683182100666,-0.7452003992088114,0
9909-IDLEK,0.3078699135538305,1161.6,174.23999999999998,-66.95349252476115,-0.38426017289233905,0
5753-QQWPW,0.18918848698813545,718.8,107.82,-67.02339466587847,-0.6216230260237291,0
5472-CVMDX,0.021080560224946646,466.79999999999995,70.02,-67.06787834609847,-0.9578388795501067,0
3422-WJOYD,0.15671817040411934,652.2,97.83,-67.16652277873001,-0.6865636591917613,0
9644-KVCNC,0.297531071480522,1105.8000000000002,165.87000000000003,-67.16704234705166,-0.40493785703895613,0
2511-MORQY,0.1600294885531251,658.8,98.82,-67.19177188236036,-0.6799410228937499,0
2038-YSEZE,0.22323856976652678,809.4000000000001,121.41000000000001,-67.20321048929196,-0.5535228604669463,0
8328-SKJNO,0.04074466516601686,487.79999999999995,73.16999999999999,-67.20742569960508,-0.9185106696679662,0
8208-EUMTE,0.159453083265761,658.2,98.73,-67.24439417834284,-0.6810938334684781,0
5876-HZVZM,0.16567981652708608,670.8,100.61999999999999,-67.2785937220892,-0.668640366945828,0
8734-FNWVH,0.18671627095992896,716.4000000000001,107.46000000000001,-67.33093904529207,-0.626567458080142,0
4353-HYOJD,0.12463747329613493,598.2,89.73,-67.36255904227562,-0.7507250534077301,0
9626-VFRGG,0.28853884081075043,1062.0,159.29999999999998,-67.3715253176949,-0.42292231837849914,0
6341-JVQGF,0.2693589038814828,973.8000000000001,146.07,-67.3794898200636,-0.4612821922370343,0
4626-OZDTJ,0.261895096539912,943.8000000000001,141.57,-67.4170223656893,-0.47620980692017595,0
6568-POCUI,0.30311161091743133,1142.4,171.36,-67.47758870637794,-0.39377677816513734,0
9475-NNDGC,0.3342463758363458,1357.8000000000002,203.67000000000002,-67.51808126682292,-0.33150724832730843,0
3327-YBAKM,0.3059949008111124,1162.8000000000002,174.42000000000002,-67.67673880105154,-0.3880101983777751,0
8498-XXGWA,0.1586898060045027,661.8,99.27,-67.76372591586603,-0.6826203879909947,0
4622-YNKIJ,0.2882892662803357,1067.4,160.11,-67.7940111517109,-0.42342146743932857,0
8570-KLJYJ,0.1541022934455938,653.4000000000001,98.01,-67.8028684387947,-0.6917954131088123,0
9730-DRTMJ,0.24128640898634385,873.5999999999999,131.04,-67.80365793285901,-0.5174271820273124,0
5915-DGNVC,0.2375989141932272,861.5999999999999,129.23999999999998,-67.82543265933461,-0.5248021716135455,0
1929-ZCBHE,0.03236806200995784,483.59999999999997,72.53999999999999,-67.84404156359531,-0.9352638759800843,0
3092-IGHWF,0.284300695947383,1048.8000000000002,157.32000000000002,-67.86762902711543,-0.431398608105234,0
7672-VFMXZ,0.1607605399233939,668.4000000000001,100.26,-68.02429653456106,-0.6784789201532122,0
6156-UZDLF,0.2830846331248675,1045.8000000000002,156.87000000000003,-68.0550272034041,-0.43383073375026504,0
2277-BKJKN,0.3093439521039905,1190.4,178.56,-68.08708782462291,-0.38131209579201897,0
4476-OSWTN,0.32870330228718,1326.6,198.98999999999998,-68.1726597557481,-0.34259339542564,0
0384-LPITE,0.19450233716292203,744.5999999999999,111.68999999999998,-68.24206792454646,-0.6109953256741559,0
7269-JISCY,0.07917740861352116,540.5999999999999,81.08999999999999,-68.24900787105913,-0.8416451827729577,0
6461-PPAXN,0.15478274171123446,659.4000000000001,98.91000000000001,-68.2908780346836,-0.6904345165775311,0
8963-JLGJT,0.16029134993853458,670.8,100.61999999999999,-68.36296873836929,-0.6794173001229308,0
4186-ZBUEW,0.2313449063450706,848.4000000000001,127.26,-68.37809443705262,-0.5373101873098587,0
5440-VHLUL,0.3194198988793456,1262.4,189.36,-68.38929589641424,-0.3611602022413088,0
2070-FNEXE,0.2514233274628386,917.4000000000001,137.61,-68.41327181567758,-0.49715334507432285,0
3511-BFTJW,0.0055432065216441005,462.0,69.3,-68.53171157610012,-0.9889135869567117,0
8417-GSODA,0.29285674428642466,1106.4,165.96,-68.75498943644993,-0.41428651142715067,0
8631-WUXGY,0.30859856328150165,1197.6,179.64,-68.76670818422208,-0.3828028734369967,0
2335-GSODA,0.02322069967244767,481.20000000000005,72.18,-68.82785979528546,-0.9535586006551047,0
7879-CGSFV,0.3104993176244171,1210.8000000000002,181.62000000000003,-68.83422786610674,-0.3790013647511658,0
0997-YTLNY,0.10815545522360605,585.5999999999999,87.83999999999999,-68.83924962631689,-0.7836890895527879,0
6559-ILWKJ,0.11252045644439025,592.2,88.83,-68.83961570808962,-0.7749590871112195,0
0136-IFMYD,0.3258723399491441,1319.4,197.91,-68.92321040132978,-0.3482553201017118,0
2522-WLNSF,0.20177812239914114,770.4000000000001,115.56,-68.9250403511105,-0.5964437552017177,0
6732-FZUGP,0.29794972578660306,1138.8000000000002,170.82000000000002,-69.02845568226495,-0.40410054842679394,0
7995-ZHHNZ,0.15820279469123444,673.2,100.98,-69.02936358415829,-0.683594410617531,0
5630-AHZIL,0.2025817933418919,774.0,116.1,-69.06050758601269,-0.5948364133162162,0
8634-CILSZ,0.31658862295720924,1256.4,188.46,-69.13141623496868,-0.36682275408558146,0
9554-DFKIC,0.14650467914137885,653.4000000000001,98.01,-69.29215279470692,-0.7069906417172424,0
1116-FRYVH,0.011426069538489972,472.79999999999995,70.91999999999999,-69.29932629666057,-0.97714786092302,0
4837-PZTIC,0.040103926820574856,502.79999999999995,75.41999999999999,-69.37072367838448,-0.9197921463588503,0
2606-PKWJB,0.02110722788926783,483.0,72.45,-69.39156267884509,-0.9577855442214643,0
8929-KSWIH,0.30541719831368375,1191.6,178.73999999999998,-69.55945994682433,-0.38916560337263256,0
9013-AQORL,0.07572345501041705,546.5999999999999,81.98999999999998,-69.57286784739179,-0.8485530899791658,0
5203-XEHAX,0.19959966259701586,772.1999999999999,115.82999999999998,-69.5907421627753,-0.6008006748059683,0
1174-FGIFN,0.286278835301962,1085.4,162.81,-69.59188564897514,-0.427442329396076,0
9480-BQJEI,0.29054502622995715,1107.6,166.14,-69.59769868430983,-0.4189099475400857,0
8882-TLVRW,0.005464962490953894,469.20000000000005,70.38000000000001,-69.61075187977335,-0.9890700750180923,0
8383-SGHJU,0.17425276885002522,712.8,106.91999999999999,-69.6577879091106,-0.6514944622999496,0
6214-EDAKZ,0.1490680750495141,661.8,99.27,-69.67402437966948,-0.7018638499009718,0
2162-FRZAA,0.008142801474301376,472.20000000000005,70.83,-69.67649074315047,-0.9837143970513973,0
6034-ZRYCV,0.1426123830176507,650.4000000000001,97.56000000000002,-69.73347182559601,-0.7147752339646987,0
1352-VHKAJ,0.22938260201935196,859.1999999999999,128.88,-69.75434050349185,-0.5412347959612962,0
2931-VUVJN,0.29391453897897685,1128.6,169.29,-69.77641539249802,-0.41217092204204636,0
4374-YMUSQ,0.33322540452442445,1395.0,209.25,-69.79516820652839,-0.3335491909511512,0
3090-LETTY,0.18190573825754744,731.4000000000001,109.71000000000001,-69.79624291152894,-0.6361885234849051,0
5656-MJEFC,0.09733750216292783,577.8,86.66999999999999,-69.79751737507809,-0.8053249956741444,0
6583-SZVGP,0.3206160445841198,1297.1999999999998,194.57999999999996,-69.80906008964392,-0.3587679108317604,0
5716-LIBJC,0.31375869529182077,1249.8000000000002,187.47000000000003,-69.82931478728474,-0.3724826094163585,0
9137-UIYPG,0.3185208935679679,1282.8000000000002,192.42000000000002,-69.84041931930322,-0.3629582128640641,0
3272-VUHPV,0.15282805631612806,675.5999999999999,101.33999999999999,-70.36480954584715,-0.6943438873677438,0
5161-XEUVX,0.29257733489520316,1131.6,169.73999999999998,-70.41584634977642,-0.41484533020959363,0
7541-YLXCL,0.20083545591679966,784.8000000000001,117.72,-70.43530025894869,-0.5983290881664006,0
6794-HKIAJ,0.2842629715170449,1088.4,163.26000000000002,-70.44245454025453,-0.43147405696591035,0
4664-NJCMS,0.17126708000458216,714.5999999999999,107.18999999999998,-70.47376338861767,-0.6574658399908357,0
7707-PYBBH,0.18339500316846175,742.8,111.41999999999999,-70.55225749393998,-0.6332099936630765,0
4431-EDMIQ,0.24095579347160093,908.4000000000001,136.26000000000002,-70.59472716311933,-0.5180884130567982,0
7665-NKLAV,0.017330652472706102,487.79999999999995,73.16999999999999,-70.63383231714418,-0.9653386950545879,0
5256-SKJGO,0.14063325208988778,655.2,98.28,-70.63712796921166,-0.7187334958202245,0
8008-ESFLK,0.3222772106682468,1326.0,198.9,-70.69812559617142,-0.3554455786635064,0
9031-ZVQPT,0.318212952765507,1298.4,194.76000000000002,-70.80969063877973,-0.36357409446898603,0
7110-BDTWG,0.08192032092187658,564.5999999999999,84.68999999999998,-70.81433604225253,-0.8361593581562469,0
6171-ZTVYB,0.20241233308576112,795.0,119.25,-70.97465855904598,-0.5951753338284778,0
3466-BYAVD,0.21630394583557,834.0,125.1,-70.98075275194037,-0.5673921083288599,0
2530-ENDWQ,0.28953441618652226,1124.4,168.66,-70.99425073196231,-0.4209311676269555,0
5236-XMZJY,0.16933644074999243,715.8,107.36999999999999,-71.00669271334661,-0.661327118500015,0
3059-NGMXB,0.21481030729932318,830.4000000000001,124.56,-71.04645624559261,-0.5703793854013536,0
8559-CIZFV,0.24494914033219786,930.0,139.5,-71.1591898473168,-0.5101017193356042,0
0939-EREMR,0.1299471883474651,641.4000000000001,96.21000000000001,-71.20556201818077,-0.7401056233050698,0
2639-UGMAZ,0.14958814046585306,677.4000000000001,101.61000000000001,-71.21069809452935,-0.7008237190682939,0
6416-JNVRK,0.144069593654233,667.8,100.16999999999999,-71.30709760731095,-0.711860812691534,0
5906-CVLHP,0.13348974916206188,649.8,97.46999999999998,-71.44750829834764,-0.7330205016758762,0
4825-XJGDM,0.045331672146516365,524.4000000000001,78.66000000000001,-71.52842133791006,-0.9093366557069673,0
2887-JPYLU,0.06034511590484941,542.4000000000001,81.36000000000001,-71.54064273996292,-0.8793097681903013,0
6598-KELSS,0.03833048116017404,516.5999999999999,77.48999999999998,-71.54954202979621,-0.923339037679652,0
8198-RKSZG,0.2528739789176293,965.4000000000001,144.81,-71.57263822587619,-0.49425204216474133,0
2634-HCZGT,0.16870532633556448,720.5999999999999,108.08999999999999,-71.61928255277766,-0.662589347328871,0
2533-QVMSK,0.2885734264027698,1129.1999999999998,169.37999999999997,-71.62286607179769,-0.4228531471944604,0
9610-WCESF,0.046517751609769266,526.8,79.02,-71.66833453559207,-0.9069644967804615,0
2039-JONDJ,0.14026760821450884,665.4000000000001,99.81000000000002,-71.80978004821976,-0.7194647835709824,0
4422-QVIJA,0.10199827953285316,601.8,90.27,-71.85523061313869,-0.7960034409342936,0
0526-SXDJP,0.02563448689832453,505.20000000000005,75.78,-71.89483716568994,-0.9487310262033509,0
0931-MHTEM,0.30031220369275385,1200.6,180.08999999999997,-71.9235504739439,-0.3993755926144923,0
9249-FXSCK,0.3202828717058318,1335.0,200.25,-71.97670988181437,-0.35943425658833644,0
8792-AOROI,0.1946737288892809,786.0,117.89999999999999,-71.99593472790755,-0.6106525422214382,0
0280-XJGEX,0.30712522429886174,1244.4,186.66,-72.00401126474893,-0.38574955140227646,0
3062-ICYZQ,0.2866511616466075,1125.6,168.83999999999997,-72.04363573517357,-0.426697676706785,0
1137-DGOWI,0.21504933452268937,843.0,126.44999999999999,-72.06402329921185,-0.5699013309546213,0
3733-UOCWF,0.2655440592284127,1026.6,153.98999999999998,-72.20774063883346,-0.46891188154317465,0
8106-GWQOK,0.1655851833028614,720.0,108.0,-72.23360040658193,-0.6688296333942771,0
4500-HKANN,0.16388976780803646,716.4000000000001,107.46000000000001,-72.2368111026968,-0.672220464383927,0
6900-RBKER,0.2753445487987579,1073.4,161.01000000000002,-72.34354839582399,-0.44931090240248417,0
2558-BUOZZ,0.2879830486282465,1137.6,170.64,-72.35714516415204,-0.4240339027435071,0
1136-XGEQU,0.26101692184049285,1009.8000000000001,151.47,-72.3975336976411,-0.4779661563190143,0
5307-UVGNB,0.08669750740619478,584.4000000000001,87.66000000000001,-72.46019300154595,-0.8266049851876105,0
3181-VTHOE,0.1052086722082629,612.5999999999999,91.88999999999999,-72.55475022156543,-0.7895826555834742,0
2001-MCUUW,0.3144036470157619,1303.8000000000002,195.57000000000002,-72.5941575062549,-0.3711927059684762,0
3926-YZVVX,0.09644972757883237,600.5999999999999,90.08999999999999,-72.71168808484597,-0.8071005448423353,0
8996-ZROXE,0.1222028702875212,642.0,96.3,-72.76372718262341,-0.7555942594249576,0
5832-EXGTT,0.16394062499354642,722.4000000000001,108.36000000000001,-72.83078775139863,-0.6721187500129072,0
7032-LMBHI,0.18693656085722288,775.8000000000001,116.37,-72.86238482608995,-0.6261268782855542,0
7576-JMYWV,0.3160604848691175,1322.4,198.36,-72.97248444272373,-0.36787903026176505,0
7654-YWJUF,0.2594043278253521,1011.0,151.65,-72.9726673705707,-0.4811913443492958,0
3397-AVTKU,0.16184731833549923,720.0,108.0,-73.04097923953216,-0.6763053633290015,0
0533-UCAAU,0.21461213592357986,853.1999999999999,127.97999999999999,-73.0478776890005,-0.5707757281528404,0
8672-OAUPW,0.07568123073665842,574.2,86.13000000000001,-73.09315119330323,-0.8486375385266831,0
3282-ZISZV,0.25738167441166737,1004.4000000000001,150.66,-73.10575386627639,-0.48523665117666526,0
6937-GCDGQ,0.0846696641933942,587.4000000000001,88.11000000000001,-73.18951177584009,-0.8306606716132117,0
5433-KYGHE,0.2635646675511253,1032.0,154.79999999999998,-73.2003789261716,-0.47287066489774937,0
8910-ICHIU,0.28737583974822184,1147.8000000000002,172.17000000000002,-73.2150033410973,-0.4252483205035563,0
0750-EBAIU,0.2766457729493397,1095.0,164.25,-73.37186358614191,-0.44670845410132065,0
1684-FLBGS,0.20667040646987334,834.0,125.1,-73.39106430123769,-0.5866591870602533,0
2773-MADBQ,0.11594348672295601,637.2,95.58,-73.41624307803973,-0.768113026554088,0
0104-PPXDV,0.09444093755731803,603.5999999999999,90.53999999999998,-73.43863502712084,-0.811118124885364,0
7274-CGTOD,0.03273383503588364,524.4000000000001,78.66000000000001,-73.5103130721548,-0.9345323299282328,0
5084-OOVCJ,0.1308684475906762,664.2,99.63000000000001,-73.55315313308188,-0.7382631048186477,0
3482-ABPKK,0.12338063457729435,651.5999999999999,97.73999999999998,-73.62155355283049,-0.7532387308454114,0
0017-DINOC,0.04751051687400073,542.4000000000001,81.36000000000001,-73.62908869426262,-0.9049789662519986,0
4676-WLUHT,0.05711110211448662,554.4000000000001,83.16000000000001,-73.6612814963186,-0.8857777957710268,0
0536-ACXIP,0.3129728761997104,1314.6,197.18999999999997,-73.75975708435818,-0.3740542476005791,0
6981-TDRFT,0.12248273428327476,651.5999999999999,97.73999999999998,-73.79707510230543,-0.7550345314334505,0
7997-EASSD,0.24754476811138698,974.4000000000001,146.16,-73.79771338567936,-0.504910463777226,0
9746-YKGXB,0.036349245424739544,531.0,79.64999999999999,-73.85956520383898,-0.9273015091505209,0
5294-IMHHT,0.29005382844209676,1173.0,175.95,-73.88005777122613,-0.4198923431158064,0
0489-WMEMG,0.08367179525428552,593.4000000000001,89.01,-74.1147470088321,-0.8326564094914289,0
0617-AQNWT,0.06960530981021795,574.2,86.13000000000001,-74.13978933209187,-0.8607893803795641,0
7356-IWLFW,0.2425236960676265,960.0,144.0,-74.15317553252356,-0.514952607864747,0
0917-EZOLA,0.30216756275006657,1249.8000000000002,187.47000000000003,-74.17529402249006,-0.3956648744998669,0
1658-XUHBX,0.2678394324603515,1065.0,159.75,-74.1753013289177,-0.464321135079297,0
9152-AMKAK,0.2431437243507342,963.0,144.45,-74.20577803507288,-0.5137125512985316,0
4501-UYKBC,0.20092839923554054,829.1999999999999,124.37999999999998,-74.39705140616692,-0.5981432015289189,0
0635-WKOLD,0.20779760491659108,849.0,127.35,-74.42395002774425,-0.5844047901668179,0
9702-AIUJO,0.03830891725236602,537.5999999999999,80.63999999999999,-74.4615378255384,-0.923382165495268,0
2001-EWBQU,0.30242847990883265,1256.4,188.46,-74.4686573527628,-0.3951430401823347,0
4174-LPGTI,0.18889612658101917,798.0,119.69999999999999,-74.478267296504,-0.6222077468379617,0
0234-TEVTT,0.039648478401848125,540.0,81.0,-74.57694649890061,-0.9207030431963038,0
3404-JNXAX,0.24343706167225182,969.0,145.35,-74.5828461718764,-0.5131258766554964,0
0068-FIGTF,0.23500321515310685,938.4000000000001,140.76000000000002,-74.60189487009738,-0.5299935696937864,0
7611-YKYTC,0.22346617676564753,900.0,135.0,-74.66413227327517,-0.553067646468705,0
2192-CKRLV,0.07805224354257982,590.4000000000001,88.56000000000002,-74.73538662373828,-0.8438955129148404,0
0696-UKTOX,0.11657433904871427,649.8,97.46999999999998,-74.74499834584363,-0.7668513219025714,0
2419-FSORS,0.30840480715566093,1300.8000000000002,195.12000000000003,-74.7681080555749,-0.3831903856886782,0
3070-BDOQC,0.29112439728778344,1195.8000000000002,179.37000000000003,-74.9320337169806,-0.4177512054244332,0
9330-DHBFL,0.18558897032808352,795.0,119.25,-74.98703057675209,-0.6288220593438331,0
4859-ZSRDZ,0.1246456111835442,666.0,99.89999999999999,-74.99580688552786,-0.7507087776329116,0
7636-PEPNS,0.027532798779762155,529.2,79.38000000000001,-75.00889286572497,-0.9449344024404758,0
3474-BAFSJ,0.13725138639717466,690.0,103.5,-75.08896301578486,-0.7254972272056508,0
7576-ASEJU,0.22066436804642703,896.4000000000001,134.46,-75.11893814495485,-0.5586712639071459,0
7449-HVPIV,0.2689464468742835,1084.8000000000002,162.72000000000003,-75.1940683292332,-0.4621071062514331,0
1474-JUWSM,0.194621022777421,820.8000000000001,123.12,-75.19651935128786,-0.610757954445158,0
4835-YSJMR,0.08029750889296094,597.5999999999999,89.63999999999999,-75.24426260566995,-0.839404982214078,0
4702-HDRKD,0.07598783854220924,592.2,88.83,-75.3300006045911,-0.8480243229155815,0
0820-FNRNX,0.18624324077090493,800.4000000000001,120.06,-75.33927302609031,-0.6275135184581901,0
9720-JJJOR,0.15241090876985428,723.5999999999999,108.53999999999998,-75.45463992424001,-0.6951781824602914,0
6297-NOOPG,0.3103149750081415,1326.0,198.9,-75.45670294176134,-0.3793700499837171,0
6668-CNMFP,0.2651300666379369,1072.1999999999998,160.82999999999996,-75.54826276524118,-0.4697398667241261,0
9938-ZREHM,0.20892488430542444,865.1999999999999,129.77999999999997,-75.551457029684,-0.582150231389151,0
1271-UODNO,0.10970372237174417,646.2,96.93,-75.66283638101368,-0.7805925552565116,0
3209-ZPKFI,0.11230382397354031,651.0,97.64999999999999,-75.71706317796756,-0.7753923520529192,0
0285-INHLN,0.11582183495768618,657.0,98.55,-75.72151632984006,-0.7683563300846277,0
9955-QOPOY,0.1538344056550314,729.5999999999999,109.43999999999998,-75.76872529022671,-0.6923311886899371,0
1265-XTECC,0.2819205255275076,1158.6,173.79,-75.8000637371489,-0.4361589489449848,0
9619-GSATL,0.12025501374980996,665.4000000000001,99.81000000000002,-75.80469415526295,-0.7594899725003801,0
8033-ATFAS,0.14806148664679528,718.2,107.73,-75.82867208708149,-0.7038770267064094,0
3639-XJHKQ,0.15237251497858412,727.2,109.08,-75.83841213227208,-0.6952549700428318,0
3099-OONVS,0.11200580522713899,651.5999999999999,97.73999999999998,-75.84510519419885,-0.775988389545722,0
8034-RYTVV,0.24983217679077158,1011.0,151.65,-75.87590077935899,-0.5003356464184568,0
9906-NHHVC,0.10575066929514822,642.0,96.3,-75.93242109375446,-0.7884986614097036,0
2188-SXWVT,0.11558119006970113,660.0,99.0,-76.11492436619918,-0.7688376198605977,0
4445-KWOKW,0.14813128712714418,721.8,108.27,-76.1936510854882,-0.7037374257457116,0
4389-UEFCZ,0.29937830595329146,1266.0,189.9,-76.19611939893991,-0.40124338809341714,0
9577-WJVCQ,0.11077992847591088,653.4000000000001,98.01,-76.29491842015196,-0.7784401430481783,0
0019-GFNTW,0.02945080873596351,540.5999999999999,81.08999999999999,-76.31366783920143,-0.941098382528073,0
0795-GMVQO,0.30671508849838147,1318.8000000000002,197.82000000000002,-76.47124238650036,-0.38656982300323706,0
1428-IEDPR,0.3054978299225114,1311.6,196.73999999999998,-76.5327138820902,-0.3890043401549772,0
8402-EIVQS,0.28929048616513,1210.8000000000002,181.62000000000003,-76.5381238053782,-0.4214190276697401,0
7021-XSNYE,0.07143410937089847,595.8,89.36999999999999,-76.6018672910456,-0.857131781258203,0
0562-KBDVM,0.022496661526119822,535.2,80.28,-76.6679360253662,-0.9550066769477603,0
8668-KNZTI,0.10305389777280761,645.0,96.75,-76.80907078096172,-0.7938922044543847,0
5110-CHOPY,0.10186121837860428,643.2,96.48,-76.82485930166452,-0.7962775632427914,0
4039-PIMHX,0.0711959511648674,597.5999999999999,89.63999999999999,-76.87598987516256,-0.8576080976702651,0
3780-DDGSE,0.21863676599541243,912.5999999999999,136.89,-77.03162620577598,-0.5627264680091751,0
1410-RSCMR,0.19998993326387132,856.1999999999999,128.42999999999998,-77.060585741842,-0.6000201334722574,0
0567-XRHCU,0.012639379975923681,527.4000000000001,79.11000000000001,-77.11019730020936,-0.9747212400481526,0
0824-VWDPO,0.2785220148553809,1161.0,174.15,-77.14078222587084,-0.4429559702892382,0
0786-IVLAW,0.30154628364272895,1297.1999999999998,194.57999999999996,-77.23024825759559,-0.39690743271454215,0
0112-QWPNC,0.24560667857303625,1012.1999999999999,151.82999999999998,-77.2490759845118,-0.5087866428539275,0
3374-TTZTK,0.29806847058546937,1275.6,191.33999999999997,-77.27515767635256,-0.4038630588290612,0
5791-KAJFD,0.18755554672034389,825.0,123.75,-77.33000218671489,-0.6248889065593123,0
4710-NKCAW,0.16643316591774837,772.8000000000001,115.92,-77.33413481362922,-0.6671336681645033,0
7666-WKRON,0.2321930501220223,965.4000000000001,144.81,-77.5622488236599,-0.5356138997559554,0
9513-DXHDA,0.2361868866658156,980.4000000000001,147.06,-77.5927128938503,-0.5276262266683687,0
7587-AOVVU,0.28601742831504096,1209.0,181.35,-77.61147875013464,-0.42796514336991803,0
4091-TVOCN,0.2261725081091217,945.0,141.75,-77.630093951064,-0.5476549837817566,0
1247-QBVSH,0.07030762631035573,602.4000000000001,90.36000000000001,-77.65400577319252,-0.8593847473792885,0
6476-YHMGA,0.21758230082941346,918.0,137.7,-77.77783435157951,-0.564835398341173,0
6473-ULUHT,0.2453933204593896,1018.8000000000001,152.82,-77.81798553479216,-0.5092133590812208,0
7820-ZYGNY,0.2608405517108843,1085.4,162.81,-77.87509955190185,-0.4783188965782314,0
2137-DQMEV,0.017036547185399493,537.5999999999999,80.63999999999999,-77.89234566993876,-0.9659269056292011,0
9143-CANJF,0.10756085613454816,661.8,99.27,-77.9148676230468,-0.7848782877309036,0
1400-WIVLL,0.2992361609361594,1295.4,194.31,-78.02084313698973,-0.40152767812768114,0
6295-OSINB,0.3021914879625662,1315.8000000000002,197.37000000000003,-78.08293204165665,-0.3956170240748677,0
2363-BJLSL,0.2300497191742504,964.8000000000001,144.72,-78.13440928220497,-0.5399005616514992,0
9286-BHDQG,0.020102173428428176,543.0,81.45,-78.17535594850905,-0.9597956531431436,0
4250-WAROZ,0.2664226416439082,1119.0,167.85,-78.41191920014002,-0.4671547167121836,0
7753-USQYQ,0.1605822794452794,770.4000000000001,115.56,-78.44622357460702,-0.6788354411094412,0
8819-WFGGJ,0.09701817290089784,649.2,97.38000000000001,-78.48474064582115,-0.8059636541982044,0
7049-GKVZY,0.22692846375530928,958.1999999999999,143.73,-78.49714380889878,-0.5461430724893814,0
0396-UKGAI,0.10550490319639509,663.5999999999999,99.53999999999998,-78.53608387166165,-0.7889901936072098,0
5339-TJFEK,0.2931457356903983,1266.0,189.9,-78.56324958478673,-0.41370852861920343,0
4111-BNXIF,0.13340018112340918,714.5999999999999,107.18999999999998,-78.59166917076354,-0.7331996377531818,0
1821-BUCWY,0.10769348930766201,667.8,100.16999999999999,-78.59468635210298,-0.7846130213846759,0
8777-PVYGU,0.16008683896698764,771.5999999999999,115.73999999999998,-78.68309851592169,-0.6798263220660247,0
9921-EZKBY,0.2705169984094855,1143.6,171.54,-78.73102818567371,-0.458966003181029,0
5575-GNVDE,0.11577150572295769,683.4000000000001,102.51,-78.77452589667922,-0.7684569885540846,0
7566-DSRLQ,0.30131740195132084,1321.8000000000002,198.27,-78.78559743022323,-0.3973651960973583,0
3280-MRDOF,0.1831772337261634,829.1999999999999,124.37999999999998,-78.81283133827958,-0.6336455325476732,0
6064-ZATLR,0.08576052236250593,634.2,95.13000000000001,-78.81320301530963,-0.828478955274988,0
0980-FEXWF,0.06517573644377987,604.2,90.63000000000001,-78.81624601220047,-0.8696485271124402,0
0327-WFZSY,0.28092994065973326,1200.0,180.0,-78.86522136249603,-0.4381401186805335,0
0193-ESZXP,0.29230236268051185,1266.0,189.9,-78.88356265394161,-0.41539527463897635,0
8152-VETUR,0.27547326912689296,1172.4,175.86,-78.97054178268921,-0.4490534617462141,0
7100-FQPRV,0.19455408098671154,862.8000000000001,129.42000000000002,-79.0616216773996,-0.610891838026577,0
3716-LRGXK,0.28283074733955843,1213.8000000000002,182.07000000000002,-79.0800116637732,-0.43433850532088314,0
8329-GWVPJ,0.18450342562145025,837.0,125.55,-79.22118982645384,-0.6309931487570994,0
0187-WZNAB,0.2036648502818894,892.8000000000001,133.92000000000002,-79.37040650049875,-0.5926702994362212,0
1139-WUOAH,0.08628412784491696,640.2,96.03,-79.45827040610524,-0.827431744310166,0
5327-CNLUQ,0.2720750853440669,1162.8000000000002,174.42000000000002,-79.50932722857571,-0.45584982931186624,0
6804-GDMOI,0.29235292918481876,1279.1999999999998,191.87999999999997,-79.68663989603394,-0.4152941416303625,0
5756-OZRIO,0.15432602949950894,768.5999999999999,115.28999999999998,-79.7055041180032,-0.6913479410009821,0
7919-ZODZZ,0.1639459893327321,790.8000000000001,118.62,-79.72545349070265,-0.6721080213345358,0
4495-LHSSK,0.11567783671671748,691.8,103.77,-79.76222176781245,-0.768644326566565,0
5227-JSCFE,0.021771887471541716,556.2,83.43,-79.79714285649855,-0.9564562250569165,0
5126-RCXYW,0.01667214819479787,552.0,82.8,-80.03909225894147,-0.9666557036104042,0
3275-RHRNE,0.12929533334641274,720.0,108.0,-80.07220799717484,-0.7414093333071745,0
0516-UXRMT,0.2582180798505856,1104.6,165.68999999999997,-80.12169269911293,-0.48356384029882876,0
0377-JBKKT,0.11592316188777825,695.4000000000001,104.31000000000002,-80.12610996697171,-0.7681536762244435,0
6723-CEGQI,0.00797445582892599,543.0,81.45,-80.15096114546796,-0.984051088342148,0
8079-XRJRS,0.2517722390918924,1077.0,161.54999999999998,-80.20238954940956,-0.4964555218162152,0
2240-HSJQD,0.22754216011431655,982.1999999999999,147.32999999999998,-80.28242710071548,-0.5449156797713669,0
4072-IPYLT,0.06300989773059558,612.5999999999999,91.88999999999999,-80.31004099507113,-0.8739802045388089,0
4508-OEBEY,0.2043688094438266,906.0,135.9,-80.35255759316794,-0.5912623811123469,0
5499-ECUTN,0.16206449843643733,792.5999999999999,118.88999999999999,-80.35430356178392,-0.6758710031271253,0
7876-AEHIG,0.12842389661689882,721.8,108.27,-80.46108942657673,-0.7431522067662024,0
3315-IKYZQ,0.059980891384947034,609.5999999999999,91.43999999999998,-80.47069458352087,-0.8800382172301059,0
1752-OZXFY,0.12605696869171193,717.5999999999999,107.63999999999999,-80.50245578004825,-0.7478860626165762,0
5837-LXSDN,0.11976743656346543,706.2,105.93,-80.55607088966423,-0.7604651268730692,0
5012-YSPJJ,0.08824597741017227,652.2,97.83,-80.56379205992569,-0.8235080451796555,0
0657-DOGUM,0.13046769588770002,727.2,109.08,-80.61716746513936,-0.7390646082246,0
2208-NQBCT,0.22658066554903183,983.4000000000001,147.51000000000002,-80.66417204972464,-0.5468386689019363,0
2282-YGNOR,0.11331238956751664,696.0,104.39999999999999,-80.74037305830251,-0.7733752208649667,0
0866-QLSIR,0.1514993659233248,772.8000000000001,115.92,-80.79638700433637,-0.6970012681533503,0
8780-YRMTT,0.02637849516007564,568.8,85.32,-80.81877358588468,-0.9472430096798488,0
9555-SAHUZ,0.08751529592752501,654.0,98.1,-80.9294989390196,-0.82496940814495,0
2519-TWKFS,0.09155865435451327,661.2,99.18,-81.01842532223876,-0.8168826912909735,0
3057-VJJQE,0.09266234380675299,663.0,99.45,-81.01945981683684,-0.8146753123864942,0
1452-XRSJV,0.05881488609360113,612.5999999999999,91.88999999999999,-81.08100023371797,-0.8823702278127977,0
0440-UEDAI,0.2614789929004684,1133.4,170.01000000000002,-81.10191283398277,-0.47704201419906334,0
2585-KTFRE,0.18021301158905623,845.4000000000001,126.81,-81.10437600078356,-0.6395739768218875,0
4872-JCVCA,0.026572662761667074,571.2,85.68,-81.12650850916074,-0.9468546744766659,0
3594-UVONA,0.2374540568402023,1031.4,154.71,-81.23696573250461,-0.5250918863195955,0
9917-KWRBE,0.21188478586303613,940.1999999999999,141.02999999999997,-81.265777299472,-0.5762304282739277,0
5762-TJXGK,0.11566661898501815,705.0,105.75,-81.28651008466866,-0.7686667620299638,0
3347-YJZZE,0.21778457664141607,961.1999999999999,144.17999999999998,-81.37963947968126,-0.5644308467171679,0
8097-VBQTZ,0.17649584676936358,838.8000000000001,125.82000000000001,-81.40658511895735,-0.6470083064612728,0
5049-MUBWG,0.19826270710829338,900.0,135.0,-81.46906908076079,-0.6034745857834133,0
4312-GVYNH,0.045869399910513524,598.2,89.73,-81.49827749205924,-0.9082612001789729,0
8788-DOXSU,0.13042088921132447,736.2,110.43,-81.62524240878689,-0.7391582215773511,0
6727-IOTLZ,0.22328988785364814,983.4000000000001,147.51000000000002,-81.63501728541674,-0.5534202242927038,0
8313-AFGBW,0.19178928654060987,883.1999999999999,132.48,-81.6635106382,-0.6164214269187802,0
8406-LNMHF,0.22628142191838402,995.4000000000001,149.31,-81.73784178673216,-0.547437156163232,0
5360-LJCNJ,0.28390831399573657,1261.8000000000002,189.27,-81.79934682005387,-0.4321833720085268,0
9995-HOTOH,0.11472842953128665,708.0,106.2,-81.83168156755472,-0.7705431409374268,0
1956-YIFGE,0.2727603501903865,1200.6,180.08999999999997,-81.84717706842657,-0.45447929961922695,0
5013-SBUIH,0.2926244214463617,1315.8000000000002,197.37000000000003,-81.85943587826321,-0.41475115710727667,0
6701-DHKWQ,0.0568647794429718,616.2,92.43,-81.91797687217223,-0.8862704411140563,0
1527-SXDPN,0.26356697111153926,1155.0,173.25,-81.92404450985164,-0.4728660577769214,0
2165-VOEGB,0.2835153923898889,1262.4,189.36,-81.98705059410129,-0.43296921522022225,0
0723-FDLAY,0.2327321150251304,1023.0,153.45,-82.02451389878748,-0.5345357699497392,0
0848-SOMKO,0.028226430069354925,580.8,87.11999999999999,-82.2018268247156,-0.9435471398612902,0
4001-TSBTV,0.25048314924966036,1098.6,164.79,-82.23576367029693,-0.49903370150067927,0
9150-HEPMB,0.0663593861974191,632.4000000000001,94.86000000000001,-82.27029725062566,-0.8672812276051618,0
2348-KCJLT,0.128165286344439,738.0,110.7,-82.32420560334121,-0.7436694273111221,0
5274-XHAKY,0.25722576215581555,1131.6,169.73999999999998,-82.41699826334373,-0.4855484756883689,0
0743-HRVFF,0.09208761808805503,673.8,101.07,-82.45540887968055,-0.8158247638238899,0
3813-DHBBB,0.05037302886406336,611.4000000000001,91.71000000000001,-82.47057904575351,-0.8992539422718733,0
4504-YOULA,0.11430415079673305,713.4000000000001,107.01,-82.5466256464832,-0.7713916984065339,0
2253-KPMNB,0.004205630792220655,555.0,83.25,-82.54976247309526,-0.9915887384155586,0
4822-LPTYJ,0.2789555395991992,1245.0,186.75,-82.5601059596991,-0.4420889208016016,0
2325-ZUSFD,0.17276537334894032,841.1999999999999,126.17999999999998,-82.5809303816614,-0.6544692533021194,0
4418-LZMSV,0.12826450053401928,741.5999999999999,111.23999999999998,-82.70371392119138,-0.7434709989319614,0
0369-ZGOVK,0.17358083081488868,844.8000000000001,126.72,-82.7276742382746,-0.6528383383702225,0
2546-KZAAT,0.19513114326889996,904.8000000000001,135.72,-82.75360247108979,-0.6097377134622001,0
3259-FDWOY,0.28290935158090436,1272.0,190.79999999999998,-82.8417914367269,-0.4341812968381913,0
2074-GUHPQ,0.25162256427306734,1112.4,166.86,-82.88851785079197,-0.4967548714538653,0
7088-FBAWU,0.1907815568136957,894.5999999999999,134.18999999999997,-82.98804578234032,-0.6184368863726085,0
8231-BSWXX,0.20836056177505327,948.5999999999999,142.29,-82.99475133005535,-0.5832788764498935,0
6891-JPYFF,0.27999905040455053,1263.0,189.45,-83.35835980171579,-0.4400018991908989,0
8752-GHJFU,0.24828889812517033,1104.0,165.6,-83.36671694094358,-0.5034222037496593,0
5062-CJJKH,0.06824676325286223,643.8,96.57,-83.38882014534218,-0.8635064734942756,0
6195-MELTI,0.07609527323454156,655.8,98.36999999999999,-83.39901594383629,-0.847809453530917,0
4547-FZJWE,0.10968642710392341,713.4000000000001,107.01,-83.53491087121832,-0.7806271457921532,0
5229-DTFYB,0.2648706272196435,1185.6,177.83999999999997,-83.63081531051718,-0.47025874556071295,0
9207-ZPANB,0.155534428185555,809.4000000000001,121.41000000000001,-83.64313014798354,-0.68893114362889,0
2364-UFROM,0.1696417760102613,844.8000000000001,126.72,-83.72598828795937,-0.6607164479794774,0
9786-IJYDL,0.29444500540255714,1358.4,203.76000000000002,-83.76777139834992,-0.4111099891948857,0
9127-QRZMH,0.11080213418523621,718.2,107.73,-83.856572168449,-0.7783957316295276,0
1122-YJBCS,0.06560283231627467,643.8,96.57,-83.89946896643471,-0.8687943353674508,0
7284-ZZLOH,0.06157909873842843,639.5999999999999,95.93999999999998,-84.12420253407033,-0.8768418025231431,0
9880-TDQAC,0.11015737808107239,720.0,108.0,-84.20600633448836,-0.7796852438378552,0
9691-HKOVS,0.24029739728071306,1081.8000000000002,162.27,-84.28388268651739,-0.5194052054385738,0
4957-TIALW,0.14273779266807812,787.1999999999999,118.07999999999998,-84.37104288350666,-0.7145244146638438,0
9770-KXGQU,0.2622798480479619,1183.1999999999998,177.47999999999996,-84.38114513689543,-0.4754403039040762,0
7954-MLBUN,0.26417425909350983,1193.4,179.01000000000002,-84.43033175934163,-0.4716514818129804,0
1094-BKOSX,0.03994110427801134,612.0,91.8,-84.46681325455711,-0.9201177914439772,0
7657-DYEPJ,0.16504247010480755,841.8000000000001,126.27000000000001,-84.59017459973191,-0.6699150597903849,0
2266-SJNAT,0.2846858475175514,1309.8000000000002,196.47000000000003,-84.60554307645339,-0.4306283049648973,0
6434-TTGJP,0.062324967722995575,644.4000000000001,96.66000000000001,-84.6113372397905,-0.8753500645540088,0
5223-UZAVK,0.2656469318033049,1203.6,180.54,-84.62020586446268,-0.46870613639339026,0
6867-ACCZI,0.05163602947343811,630.0,94.5,-84.7407904295202,-0.8967279410531238,0
3351-NQLDI,0.25033205735327696,1132.1999999999998,169.82999999999996,-84.80221339938592,-0.499335885293446,0
4683-WYDOU,0.2808463962832594,1291.1999999999998,193.67999999999998,-84.89133993571663,-0.4383072074334812,0
4385-ZKVNW,0.07004529683938568,658.8,98.82,-84.9762475326638,-0.8599094063212286,0
1301-LOPVR,0.07333449233530574,664.2,99.63000000000001,-85.01736905726699,-0.8533310153293886,0
8016-ZMGMO,0.16614990661251397,850.1999999999999,127.52999999999999,-85.15180481941218,-0.667700186774972,0
4767-HZZHQ,0.21156051642222945,984.5999999999999,147.68999999999997,-85.19925465920184,-0.5768789671555411,0
5862-BRIXZ,0.1103499554984128,729.0,109.35,-85.21646473249712,-0.7793000890031744,0
4851-BQDNX,0.22164768681678806,1020.5999999999999,153.08999999999997,-85.22591125043581,-0.5567046263664238,0
5898-IGSLP,0.23489047283976058,1071.6,160.73999999999998,-85.22741079147376,-0.5302190543204789,0
6502-KUGLL,0.10162730025346482,713.4000000000001,107.01,-85.25972519975346,-0.7967453994930703,0
0022-TCJCI,0.12213128550392327,752.4000000000001,112.86000000000001,-85.29252623605446,-0.7557374289921536,0
6933-VLYFX,0.10467868631869488,719.4000000000001,107.91000000000001,-85.31824591869928,-0.7906426273626102,0
9830-ECLEN,0.025810939251390014,600.0,90.0,-85.3540309347498,-0.94837812149722,0
6333-YDVLT,0.2843259087029412,1320.0,198.0,-85.40694015363528,-0.43134818259411756,0
5693-PIPCS,0.2616509668925211,1195.8000000000002,179.37000000000003,-85.505332136977,-0.47669806621495786,0
3468-DRVQJ,0.16194095532355426,843.5999999999999,126.53999999999998,-85.55598302671487,-0.6761180893528914,0
4522-XRWWI,0.20440013477555108,965.4000000000001,144.81,-85.6116329663049,-0.5911997304488978,0
4942-VZZOM,0.14025801941907684,793.8000000000001,119.07000000000001,-85.66895525554105,-0.7194839611618463,0
5286-YHCVC,0.2727796138788641,1257.6,188.64,-85.72570727578214,-0.45444077224227175,0
1114-CENIM,0.06643494170105368,660.0,99.0,-85.84588154319137,-0.8671301165978926,0
1834-ABKHQ,0.031751627599340033,611.4000000000001,91.71000000000001,-85.88611646572906,-0.93649674480132,0
0257-KXZGU,0.11794763822230162,749.4000000000001,112.41000000000001,-85.89301197486216,-0.7641047235553968,0
7629-WFGLW,0.2501814964678275,1147.8000000000002,172.17000000000002,-86.02250350626828,-0.49963700706434494,0
8822-KNBHV,0.21364674663741226,1001.4000000000001,150.21,-86.02624437518861,-0.5727065067251754,0
7599-NTMDP,0.00881006902318997,584.4000000000001,87.66000000000001,-86.11541869885434,-0.98237986195362,0
5498-IBWPI,0.01515526037384487,592.8,88.91999999999999,-86.22478849511542,-0.9696894792523103,0
9705-ZJBCG,0.05762415525791384,649.8,97.46999999999998,-86.23674717402227,-0.8847516894841724,0
8552-OBVRU,0.2705957980769378,1254.0,188.1,-86.301860763456,-0.4588084038461244,0
9308-ANMVE,0.06640884963751852,663.5999999999999,99.53999999999998,-86.3193262141628,-0.867182300724963,0
8646-JCOMS,0.2351450184708441,1086.6,162.98999999999998,-86.33742687887423,-0.5297099630583118,0
1534-OULXE,0.017156096086479,596.4000000000001,89.46000000000001,-86.39043128820718,-0.965687807827042,0
6196-HBOBZ,0.25833863039439237,1192.1999999999998,178.82999999999996,-86.43260545314159,-0.4833227392112152,0
3915-ODIYG,0.16517166979960948,861.0,129.15,-86.48615769076088,-0.6696566604007811,0
6478-HRRCZ,0.15907369187102488,846.0,126.89999999999999,-86.52709700313387,-0.6818526162579502,0
3605-JISKB,0.09927629093097567,720.0,108.0,-86.55632115890926,-0.8014474181380487,0
6353-BRMMA,0.2689748555591042,1249.1999999999998,187.37999999999997,-86.57898313067008,-0.4620502888817915,0
3865-QBWSJ,0.20103747266122798,965.4000000000001,144.81,-86.58552716785515,-0.597925054677544,0
0486-HECZI,0.2513043233874634,1161.0,174.15,-86.6207041641465,-0.4973913532250732,0
3566-CAAYU,0.01649678304377497,598.2,89.73,-86.76948731496415,-0.9670064339124501,0
7445-WMRBW,0.17347544168082063,886.1999999999999,132.92999999999998,-86.80981907473702,-0.6530491166383589,0
2324-EFHVG,0.26902419049709003,1252.8000000000002,187.92000000000002,-86.80994824357369,-0.46195161900581994,0
1814-WFGVS,0.006852190078507352,586.8,88.02,-86.81374045857956,-0.9862956198429853,0
6559-RAKOZ,0.2536910956464388,1175.4,176.31,-86.85344585315273,-0.4926178087071223,0
9933-QRGTX,0.2517093270515311,1166.4,174.96,-86.88187227812824,-0.4965813458969378,0
5127-BZENZ,0.12967135034776828,782.4000000000001,117.36000000000001,-86.92354064637183,-0.7406572993044633,0
2724-FJDYW,0.05959399284658525,658.2,98.73,-86.96257017251328,-0.8808120143068295,0
0913-XWSCN,0.21742474579713236,1026.0,153.9,-86.97666324364268,-0.5651505084057353,0
3055-VTCGS,0.08729964586283291,702.5999999999999,105.38999999999999,-86.98898064503207,-0.8254007082743342,0
5089-IFSDP,0.27921061318051216,1313.4,197.01000000000002,-86.9954341946146,-0.4415787736389757,0
5193-QLVZB,0.26927805218858103,1257.0,188.54999999999998,-87.00524651968608,-0.46144389562283794,0
3115-JPJDD,0.20245293758235314,975.0,146.25,-87.03251575716172,-0.5950941248352938,0
8587-XYZSF,0.021324100639385574,606.5999999999999,90.98999999999998,-87.1094401656446,-0.9573517987212289,0
0513-RBGPE,0.11466731366237695,753.5999999999999,113.03999999999998,-87.1160137272098,-0.7706653726752462,0
3229-USWAR,0.19724244747714345,959.4000000000001,143.91,-87.13967876712857,-0.6055151050457132,0
0298-XACET,0.01771475046729207,602.4000000000001,90.36000000000001,-87.158590295551,-0.9645704990654159,0
2405-LBMUW,0.022356692338251362,608.4000000000001,91.26,-87.17945651442237,-0.9552866153234973,0
6872-HXFNF,0.08481249402780024,700.2,105.03,-87.21428750452029,-0.8303750119443996,0
9102-OXKFY,0.05238602398889125,649.8,97.46999999999998,-87.25786848360552,-0.8952279520222174,0
9848-JQJTX,0.2596419965691778,1210.8000000000002,181.62000000000003,-87.30764116621188,-0.48071600686164445,0
9128-CPXKI,0.2466959846327066,1149.6,172.43999999999997,-87.35948881987213,-0.5066080307345867,0
4115-BNPJY,0.1787523921443888,906.5999999999999,135.98999999999998,-87.37292438456913,-0.6424952157112225,0
6752-APNJL,0.05388151440082992,654.0,98.1,-87.52844687455716,-0.8922369711983401,0
6827-IEAUQ,0.13130833120848512,793.8000000000001,119.07000000000001,-87.80023400601137,-0.7373833375830298,0
6094-ZIVKX,0.051978108100716056,653.4000000000001,98.01,-87.82125125009765,-0.8960437837985679,0
7129-AZJDE,0.19086340611661234,947.4000000000001,142.11,-87.86280271353645,-0.6182731877667753,0
9209-NWPGU,0.1268002071306096,784.8000000000001,117.72,-87.86615923316927,-0.7463995857387807,0
2197-OMWGI,0.039251888437251456,636.0,95.39999999999999,-87.91073968617242,-0.9214962231254972,0
3727-OWVYD,0.10084187673074901,734.4000000000001,110.16000000000001,-87.94251771868139,-0.798316246538502,0
7691-XVTZH,0.228395179468003,1079.4,161.91,-87.95107298467126,-0.5432096410639939,0
1544-JJMYL,0.1475891937463357,832.1999999999999,124.82999999999998,-87.98288188928981,-0.7048216125073286,0
4829-ZLJTK,0.2824643451068,1348.8000000000002,202.32000000000002,-88.02362739598446,-0.4350713097864,0
0277-ORXQS,0.01543338178034334,606.5999999999999,90.98999999999998,-88.1814331836131,-0.9691332364393133,0
5032-USPKF,0.2086448011284132,1009.1999999999999,151.38,-88.21070001036162,-0.5827103977431736,0
5131-PONJI,0.22892554760586556,1084.8000000000002,162.72000000000003,-88.21846978714713,-0.5421489047882689,0
7508-KBIMB,0.06415519110706534,675.0,101.25,-88.25857380081926,-0.8716896177858693,0
6682-QJDGB,0.0562027310939686,663.0,99.45,-88.27127678540964,-0.8875945378120628,0
7426-WEIJX,0.19708349429177055,971.4000000000001,145.71,-88.27592809349223,-0.6058330114164588,0
0623-EJQEG,0.23764526575857686,1122.6,168.39,-88.35582739782649,-0.5247094684828464,0
8659-HDIYE,0.17112155685365557,895.8000000000001,134.37,-88.3827928111486,-0.6577568862926888,0
2150-UWTFY,0.0982738313949637,733.8,110.07,-88.43599875671268,-0.8034523372100725,0
2430-RRYUW,0.05154886897863688,657.5999999999999,98.63999999999999,-88.47043912789451,-0.8969022620427263,0
2710-WYVXG,0.15419677093080075,853.1999999999999,127.97999999999999,-88.51179451255223,-0.6916064581383985,0
6229-UOLQL,0.027004286067327434,624.0,93.6,-88.5447976481963,-0.9459914278653451,0
9138-EFSMO,0.1882870153208832,947.4000000000001,142.11,-88.59506450549858,-0.6234259693582336,0
0254-WWRKD,0.012743806272011632,606.5999999999999,90.98999999999998,-88.6708821346193,-0.9745123874559768,0
4565-EVZMJ,0.08153283712785808,706.8,106.02,-88.73177721540897,-0.8369343257442838,0
6586-PSJOX,0.05339629873947635,662.4000000000001,99.36000000000001,-88.74908751449126,-0.8932074025210472,0
3096-YXENJ,0.2703161962241026,1291.8000000000002,193.77,-89.01166131531129,-0.45936760755179484,0
7253-UVNDW,0.04473323904626477,652.2,97.83,-89.07749444820783,-0.9105335219074704,0
5397-NSKQG,0.013649724628213246,610.8,91.61999999999999,-89.1188244591262,-0.9727005507435735,0
5297-MDOIR,0.19492978693171276,973.8000000000001,146.07,-89.12321204576944,-0.6101404261365745,0
6766-HFKLA,0.26003694122990756,1238.4,185.76000000000002,-89.15107559426475,-0.4799261175401849,0
3642-GKTCT,0.2845847323701776,1381.1999999999998,207.17999999999998,-89.25947029509321,-0.4308305352596448,0
9931-DCEZH,0.043875301257765696,652.8,97.91999999999999,-89.32746100167915,-0.9122493974844686,0
7838-LAZFO,0.1850239229707801,945.5999999999999,141.83999999999997,-89.35241353164909,-0.6299521540584399,0
1042-HFUCW,0.04628389944806155,657.0,98.55,-89.42744341878706,-0.9074322011038769,0
9134-WYRVP,0.21215974438734306,1036.1999999999998,155.42999999999998,-89.47802185975053,-0.5756805112253139,0
8169-SAEJD,0.06012659793166033,678.5999999999999,101.78999999999998,-89.54942719307257,-0.8797468041366794,0
9867-XOBQA,0.03180522159610969,637.8,95.66999999999999,-89.58438889980036,-0.9363895568077806,0
5135-RDDQL,0.008388206748357423,607.8,91.16999999999999,-89.6404943815045,-0.9832235865032851,0
0872-CASZJ,0.1395401586992233,829.1999999999999,124.37999999999998,-89.6679901219812,-0.7209196826015535,0
8738-JOKAR,0.13193287612038718,812.4000000000001,121.86000000000001,-89.70531943193924,-0.7361342477592256,0
8630-QSGXK,0.16832605080868035,902.4000000000001,135.36,-89.79077152507406,-0.6633478983826393,0
5141-ZUVBH,0.2316870733786349,1116.0,167.4,-89.83116783283305,-0.5366258532427303,0
9289-LBQVU,0.14417944661096158,841.8000000000001,126.27000000000001,-89.85892255286777,-0.7116411067780768,0
7670-ZBPOQ,0.09109248130836337,732.5999999999999,109.88999999999999,-89.86969445804789,-0.8178150373832733,0
6481-OGDOO,0.2241572424368343,1087.1999999999998,163.07999999999996,-89.9688738068021,-0.5516855151263313,0
2272-WUSPA,0.27430189552214845,1329.0,199.35,-89.9858342553194,-0.45139620895570304,0
1525-LNLOJ,0.10507045816158825,759.5999999999999,113.93999999999998,-89.99654399413726,-0.7898590836768234,0
5271-YNWVR,0.27904713809548387,1357.8000000000002,203.67000000000002,-90.00293876818562,-0.4419057238090323,0
8107-RZLNV,0.26457234295140675,1275.6,191.33999999999997,-90.09345579935565,-0.4708553140971865,0
2245-ADZFJ,0.18907639052271977,966.5999999999999,144.98999999999998,-90.1616282762217,-0.6218472189545604,0
8652-YHIYU,0.18492225909464569,954.0,143.1,-90.1752494471124,-0.6301554818107087,0
0214-JHPFW,0.06659389087021877,693.5999999999999,104.03999999999998,-90.18314318772485,-0.8668122182595623,0
6655-LHBYW,0.2808783862887496,1372.1999999999998,205.82999999999996,-90.2036035003733,-0.4382432274225007,0
9330-VOFSZ,0.2737409978681081,1329.6,199.43999999999997,-90.25019077036902,-0.45251800426378375,0
2703-AMTUL,0.03264829671471895,643.8,96.57,-90.26430797251918,-0.9347034065705622,0
7690-KPNCU,0.15610993070555107,876.5999999999999,131.48999999999998,-90.43621042305416,-0.6877801385888979,0
4098-NAUKP,0.20309550352565175,1015.8000000000001,152.37,-90.47867625559289,-0.5938089929486965,0
2239-CGBUZ,0.08322423908024781,726.0,108.89999999999999,-90.77376072832202,-0.8335515218395043,0
9488-FYQAU,0.2690855900995259,1311.0,196.65,-90.81863741385648,-0.46182881980094825,0
4837-QUSFT,0.2475861191888546,1201.8000000000002,180.27,-91.00530058765037,-0.5048277616222908,0
3680-CTHUH,0.28313311790203505,1399.1999999999998,209.87999999999997,-91.03204242944176,-0.4337337641959299,0
8400-WZICQ,0.04583124727809031,668.4000000000001,100.26,-91.06991829579734,-0.9083375054438194,0
6549-BTYPG,0.08381964028988066,729.5999999999999,109.43999999999998,-91.09355713335091,-0.8323607194202387,0
2969-WGHQO,0.13529807908755134,833.4000000000001,125.01,-91.18277426653042,-0.7294038418248973,0
9350-VLHMB,0.2170524670894861,1074.6,161.18999999999997,-91.21662565969145,-0.5658950658210278,0
8894-JVDCV,0.27964275287369994,1380.6,207.08999999999997,-91.26756461477093,-0.44071449425260006,0
6348-SNFUS,0.04233420181778296,665.4000000000001,99.81000000000002,-91.35924663313418,-0.9153315963644341,0
6681-ZSEXG,0.07340088250231118,714.0,107.1,-91.37753096800495,-0.8531982349953777,0
6603-YRDCJ,0.0841025383344413,732.5999999999999,109.88999999999999,-91.40594412485649,-0.8317949233311175,0
8259-DZLIZ,0.027874143346751108,646.2,96.93,-91.52631857079884,-0.9442517133064978,0
0114-IGABW,0.06326201848526489,699.0,104.85,-91.58395472363995,-0.8734759630294703,0
7833-PKIHD,0.16695778973850703,916.8000000000001,137.52,-91.59992951032103,-0.6660844205229859,0
5671-RQRLP,0.16353013339818276,907.8000000000001,136.17000000000002,-91.63420347033892,-0.6729397332036344,0
3174-AKMAS,0.10296100068785845,770.4000000000001,115.56,-91.76365352102215,-0.7940779986242831,0
1194-BHJYC,0.08981903191640574,745.8,111.86999999999999,-91.77388979902338,-0.8203619361671886,0
8100-HZZLJ,0.10132817686534619,767.4000000000001,115.11000000000001,-91.78222712206001,-0.7973436462693075,0
0230-WEQUW,0.04929794863128833,679.2,101.88000000000001,-91.8350499868887,-0.9014041027374234,0
3567-PQTSO,0.25743386355441866,1263.0,189.45,-91.90830909923076,-0.4851322728911627,0
2550-AEVRU,0.02163006931205616,641.4000000000001,96.21000000000001,-92.04794206297416,-0.9567398613758876,0
5804-HYIEZ,0.25888372907182045,1272.6,190.89,-92.05336991496038,-0.4822325418563591,0
8405-IGQFX,0.2158603539021051,1080.6,162.08999999999997,-92.11239047201556,-0.5682792921957899,0
1661-CZBAU,0.13928887756845187,851.4000000000001,127.71000000000001,-92.13283489146602,-0.7214222448630961,0
0742-LAFQK,0.2417675494958526,1189.8000000000002,178.47000000000003,-92.17349088295038,-0.5164649010082948,0
9419-IPPBE,0.21561022928037596,1081.8000000000002,162.27,-92.2958561893468,-0.5687795414392481,0
0134-XWXCE,0.1573927788957055,898.1999999999999,134.73,-92.31894179876319,-0.6852144422085891,0
6164-HAQTX,0.02446404984276271,647.4000000000001,97.11000000000001,-92.35859223953864,-0.9510719003144745,0
3401-URHDA,0.0716516128050487,718.8,107.82,-92.36904621471929,-0.8566967743899025,0
2889-FPWRM,0.2820759230563194,1413.6,212.04,-92.41724255027607,-0.43584815388736126,0
2371-KFUOG,0.24099856008580342,1189.8000000000002,178.47000000000003,-92.44797396297334,-0.5180028798283931,0
4489-SNOJF,0.1444109305460112,867.0,130.04999999999998,-92.48871696498247,-0.7111781389079775,0
6177-PEVRA,0.03705163762796993,666.0,99.89999999999999,-92.4970828019316,-0.9258967247440602,0
8845-LWKGE,0.10160684454090979,774.0,116.1,-92.50689069760074,-0.7967863109181804,0
6388-TABGU,0.042276609803764506,673.8,101.07,-92.52420609426704,-0.9154467803924711,0
6305-YLBMM,0.2528647731642998,1248.6,187.29,-92.57191326811659,-0.4942704536714005,0
5583-EJXRD,0.024039397845297558,648.5999999999999,97.28999999999998,-92.61241396726199,-0.951921204309405,0
6504-VBLFL,0.060521310328311914,703.2,105.48,-92.71242437313933,-0.8789573793433763,0
7131-ZQZNK,0.06953505004883731,718.2,107.73,-92.74797811647751,-0.8609298999023254,0
8869-TORSS,0.0729400939517925,724.2,108.63000000000001,-92.78303518803357,-0.854119812096415,0
4549-ZDQYY,0.054945437013536505,695.4000000000001,104.31000000000002,-92.84728293023603,-0.890109125972927,0
1621-YNCJH,0.25655277271894183,1272.6,190.89,-92.94328243136238,-0.48689445456211633,0
9586-JGQKH,0.25496267561684616,1264.8000000000002,189.72000000000003,-92.97696236394391,-0.4900746487663077,0
3638-WEABW,0.0686098232459391,718.8,107.82,-93.02497771524568,-0.8627803535081218,0
8401-EMUWF,0.12763352986605342,832.8000000000001,124.92,-93.03203889826521,-0.7447329402678932,0
4992-LTJNE,0.03240522083597581,663.5999999999999,99.53999999999998,-93.08876863597392,-0.9351895583280484,0
3067-SVMTC,0.03691965753500914,670.8,100.61999999999999,-93.19028811765475,-0.9261606849299816,0
3541-ZNUHK,0.19572321297082465,1021.1999999999999,153.17999999999998,-93.21823647425815,-0.6085535740583508,0
3696-XRIEN,0.18610744273229185,990.0,148.5,-93.22608950850932,-0.6277851145354163,0
2931-SVLTV,0.2647878295726615,1321.1999999999998,198.17999999999998,-93.22869587057988,-0.47042434085467705,0
6252-DFGTK,0.11947241541659527,817.1999999999999,122.57999999999998,-93.2901426364675,-0.7610551691668095,0
1485-YDHMM,0.22207978137459397,1119.0,167.85,-93.29781739254881,-0.5558404372508121,0
0725-CXOTM,0.21044771805520987,1075.8000000000002,161.37000000000003,-93.45010347486159,-0.5791045638895803,0
6152-ONASV,0.05403858155395974,699.0,104.85,-93.51810944813464,-0.8919228368920805,0
1810-MVMAI,0.11564468011468139,811.1999999999999,121.67999999999998,-93.53671064729112,-0.7687106397706371,0
0739-UUAJR,0.017034195453982732,645.5999999999999,96.83999999999999,-93.54081702447262,-0.9659316090920346,0
8812-ZRHFP,0.19938806854460683,1037.4,155.61,-93.55644530754748,-0.6012238629107863,0
2292-XQWSV,0.06896636264546967,723.5999999999999,108.53999999999998,-93.56878199692143,-0.8620672747090607,0
5306-BVTKJ,0.03411176690379607,669.5999999999999,100.43999999999998,-93.58762826436543,-0.931776466192408,0
9027-TMATR,0.16998626705124564,945.5999999999999,141.83999999999997,-93.61829576290262,-0.6600274658975087,0
4644-PIZRT,0.1303046086657475,844.1999999999999,126.62999999999998,-93.62905480931278,-0.739390782668505,0
4937-QPZPO,0.23954310478835864,1198.8000000000002,179.82000000000002,-93.67071779391472,-0.5209137904232828,0
9199-PWQVC,0.17351072275305648,956.4000000000001,143.46,-93.67630342769303,-0.652978554493887,0
1334-PDUKM,0.19891104642592555,1037.4,155.61,-93.70490413132346,-0.6021779071481489,0
8434-PNQZX,0.16808119121833667,941.4000000000001,141.21,-93.74050997611735,-0.6638376175633266,0
1837-YQUCE,0.053688787741494375,700.2,105.03,-93.75213324702169,-0.8926224245170112,0
3911-RSNHI,0.07548875057527263,736.8,110.52,-93.83396657284173,-0.8490224988494547,0
1536-YHDOE,0.08006691017705893,745.2,111.78,-93.8802415608167,-0.8398661796458821,0
6103-QCKFX,0.03626506368385132,675.0,101.25,-93.90632460402011,-0.9274698726322974,0
4404-HIBDJ,0.1484727961408907,891.5999999999999,133.73999999999998,-94.02649648823454,-0.7030544077182186,0
3308-JSGML,0.09122877322105645,768.5999999999999,115.28999999999998,-94.25446947068879,-0.8175424535578871,0
7762-URZQH,0.25301404811403144,1272.6,190.89,-94.29429671102507,-0.4939719037719371,0
6797-LNAQX,0.23352774438651652,1179.6,176.93999999999997,-94.29920181649952,-0.532944511226967,0
3704-IEAXF,0.011733662185544669,643.8,96.57,-94.30376048548389,-0.9765326756289107,0
0378-XSZPU,0.06542099283570008,723.5999999999999,108.53999999999998,-94.3384108752262,-0.8691580143285998,0
2636-SJDOU,0.1890465771799796,1011.5999999999999,151.73999999999998,-94.36814475741977,-0.6219068456400407,0
8879-ZKJOF,0.1716109802267454,958.1999999999999,143.73,-94.39870762401976,-0.6567780395465093,0
7632-MNYOY,0.26355278517789166,1330.8000000000002,199.62000000000003,-94.39918604557856,-0.47289442964421674,0
8181-YHCMF,0.0648709968947809,723.5999999999999,108.53999999999998,-94.45780399408095,-0.8702580062104383,0
6522-OIQSX,0.02249746254630141,659.4000000000001,98.91000000000001,-94.45955195909066,-0.9550050749073972,0
7688-AWMDX,0.01830589147973717,654.0,98.1,-94.50838409167557,-0.9633882170405257,0
6584-VQMYT,0.03238701723490775,674.4000000000001,101.16000000000001,-94.60745867303348,-0.9352259655301846,0
3758-CKOQL,0.25438838774184647,1284.0,192.6,-94.60959304184072,-0.491223224516307,0
1470-PSXNM,0.21932814829041236,1123.8000000000002,168.57000000000002,-94.62570808537039,-0.5613437034191753,0
2911-IJORQ,0.2098082908410272,1087.1999999999998,163.07999999999996,-94.64892785929054,-0.5803834183179456,0
4106-HADHQ,0.17088634324823887,960.0,144.0,-94.78473314450721,-0.6582273135035224,0
9845-PEEKO,0.16660757980234422,950.4000000000001,142.56,-95.0568468467556,-0.6667848403953115,0
9715-SBVSU,0.06987635690419318,736.8,110.52,-95.07453006989714,-0.8602472861916136,0
0993-OSGPT,0.06450450578130698,727.8,109.16999999999999,-95.08608620770943,-0.8709909884373861,0
2676-SSLTO,0.10046988600436056,793.8000000000001,119.07000000000001,-95.14410134692159,-0.799060227991279,0
7025-WCBNE,0.056534595099536296,715.2,107.28,-95.14993727544349,-0.8869308098009274,0
7826-VVKWT,0.22612834883031732,1158.6,173.79,-95.19230851355832,-0.5477433023393654,0
1972-XMUWV,0.05774163220406935,717.5999999999999,107.63999999999999,-95.20938141910794,-0.8845167355918613,0
1265-HVPZB,0.1016973181898548,796.8000000000001,119.52000000000001,-95.21027305989712,-0.7966053636202904,0
3745-HRPHI,0.01588683877031667,655.8,98.36999999999999,-95.24442334032788,-0.9682263224593666,0
6266-QHOJZ,0.20547429715864515,1078.1999999999998,161.72999999999996,-95.26728384106461,-0.5890514056827096,0
7994-XIRTR,0.09437462424162688,783.0,117.44999999999999,-95.28140076564183,-0.8112507515167462,0
5095-ETBRJ,0.03400220314376689,681.5999999999999,102.23999999999998,-95.28722950116253,-0.9319955937124662,0
2294-DMMUS,0.12402493811859538,845.4000000000001,126.81,-95.35479519436184,-0.7519501237628092,0
6421-SZVEM,0.18020717960986463,994.1999999999999,149.13,-95.38140660956178,-0.6395856407802708,0
6693-DJWTY,0.023341853965874466,667.2,100.08,-95.40789451019056,-0.953316292068251,0
3441-CGZJH,0.061196321456695464,724.8,108.71999999999998,-95.41347186245612,-0.877607357086609,0
4450-MDZFX,0.14338204657628462,892.1999999999999,133.82999999999998,-95.45236141339166,-0.7132359068474309,0
7633-MVPUY,0.0562402080380426,717.0,107.55,-95.45273125101704,-0.8875195839239148,0
6064-PUPMC,0.0363766403982285,686.4000000000001,102.96000000000001,-95.46932220919679,-0.927246719203543,0
6166-YIPFO,0.0899674950386467,776.4000000000001,116.46000000000001,-95.50477105559841,-0.8200650099227066,0
7055-VKGDA,0.24824319279493476,1264.8000000000002,189.72000000000003,-95.52660292588996,-0.5035136144101304,0
7989-VCQOH,0.1808422660691796,999.0,149.85,-95.65157285906687,-0.6383154678616408,0
4700-UBQMV,0.14948097727690385,910.8000000000001,136.62,-95.77581776885879,-0.7010380454461922,0
5846-QFDFI,0.19971621161503333,1063.1999999999998,159.47999999999996,-95.77851714326894,-0.6005675767699333,0
7619-PLRLP,0.14094979061674667,889.1999999999999,133.38,-95.78023385507666,-0.7181004187665067,0
7163-OCEQI,0.1616744340088484,943.8000000000001,141.57,-95.79350075473465,-0.6766511319823031,0
3413-DHLPB,0.24347720542614823,1245.0,186.75,-95.81126377333364,-0.5130455891477035,0
6614-YOLAC,0.046173215081906714,703.8,105.57,-95.82098736760621,-0.9076535698361865,0
0412-UCCNP,0.05015402814810102,710.4000000000001,106.56000000000002,-95.87117352107673,-0.899691943703798,0
7208-PSIHR,0.2444743750894435,1251.6,187.73999999999998,-95.94476164141575,-0.511051249821113,0
5067-WJEUN,0.007726366508055708,650.4000000000001,97.56000000000002,-96.05243136694818,-0.9845472669838886,0
1545-JFUML,0.23047358035997065,1188.0,178.2,-96.05921595970645,-0.5390528392800586,0
8050-XGRVL,0.012439741188150518,657.0,98.55,-96.09812701181554,-0.975120517623699,0
3489-VSFRD,0.056808828089183125,723.0,108.45,-96.12816518745618,-0.8863823438216337,0
3154-CFSZG,0.20344583140952685,1080.6,162.08999999999997,-96.13693037365957,-0.5931083371809462,0
8311-UEUAB,0.14620145720428956,906.0,135.9,-96.1624439318741,-0.7075970855914209,0
5010-IPEAQ,0.007150944612517046,650.4000000000001,97.56000000000002,-96.16470768720569,-0.9856981107749659,0
4119-ZYPZY,0.24987266810987843,1281.6,192.23999999999998,-96.16895656511394,-0.5002546637802432,0
7217-JYHOQ,0.11997611340147171,843.5999999999999,126.53999999999998,-96.17644522035552,-0.7600477731970565,0
0743-HNPFG,0.11688404078914184,837.0,125.55,-96.20041735784648,-0.7662319184217162,0
0052-DCKON,0.2690911174243564,1389.6,208.43999999999997,-96.2612949681343,-0.4618177651512872,0
3957-HHLMR,0.08982974437500604,782.4000000000001,117.36000000000001,-96.2751624002986,-0.820340511249988,0
1459-QNFQT,0.04989154902305284,714.0,107.1,-96.41323019926207,-0.9002169019538943,0
7839-NUIAA,0.0520863123974716,717.5999999999999,107.63999999999999,-96.4268586670723,-0.8958273752050567,0
2408-PSJVE,0.06726453914407744,742.8,111.41999999999999,-96.43077009713377,-0.8654709217118451,0
1716-LSAMB,0.009855514782011819,655.8,98.36999999999999,-96.43102602178699,-0.9802889704359764,0
5663-QBGIS,0.22726966936838758,1180.1999999999998,177.02999999999997,-96.56290086342868,-0.5454606612632249,0
2133-TSRRM,0.24532077182701853,1264.1999999999998,189.62999999999997,-96.58964407688494,-0.509358456345963,0
0020-JDNXP,0.061290763542890106,735.0,110.25,-96.73538663879273,-0.8774184729142198,0
5090-EMGTC,0.23139580253300002,1200.6,180.08999999999997,-96.74585984366405,-0.537208394934,0
3400-ESFUW,0.03261130609395088,690.5999999999999,103.58999999999999,-96.83358960345525,-0.9347773878120983,0
7776-QGYJC,0.16956926898925992,978.0,146.7,-96.94837647855113,-0.6608614620214801,0
1335-MXCSE,0.012567021686495648,663.0,99.45,-96.95041938655602,-0.9748659566270087,0
1697-BCSHV,0.09683587131766458,801.5999999999999,120.23999999999998,-96.95290966552801,-0.8063282573646708,0
9670-BPNXF,0.06932926023886786,750.5999999999999,112.58999999999999,-96.97843717941173,-0.8613414795222643,0
5792-JALQC,0.049859497121220446,718.2,107.73,-96.98727275026185,-0.9002810057575592,0
0334-ZFJSR,0.09209096403697213,792.5999999999999,118.88999999999999,-96.99261057128875,-0.8158180719260557,0
2775-SEFEE,0.0645183400703504,742.8,111.41999999999999,-97.0427330987231,-0.8709633198592992,0
8165-CBKXO,0.024921995421164474,681.0,102.14999999999999,-97.0584363354561,-0.9501560091576711,0
7156-MXBJE,0.1829709624119859,1021.1999999999999,153.17999999999998,-97.12501595546398,-0.6340580751760282,0
9544-PYPSJ,0.2191328138455452,1153.1999999999998,172.97999999999996,-97.16881172199516,-0.5617343723089095,0
8626-PTQGE,0.05023814924445993,720.5999999999999,108.08999999999999,-97.22951689633264,-0.8995237015110801,0
4159-NAAIX,0.22270102695837174,1169.4,175.41,-97.28202572246401,-0.5545979460832564,0
5820-PTRYM,0.10507126605494538,821.4000000000001,123.21000000000001,-97.31833861874037,-0.7898574678901092,0
4369-NYSCF,0.1430690855515808,909.0,136.35,-97.33506037008391,-0.7138618288968384,0
8133-ANHHJ,0.23749448396510334,1236.0,185.4,-97.3370453457397,-0.5250110320697934,0
8039-EQPIM,0.051050267351611577,723.0,108.45,-97.37719701143546,-0.8978994652967769,0
4097-YODCF,0.23903321344264664,1245.6,186.83999999999997,-97.51806880075179,-0.5219335731147067,0
3224-DFQNQ,0.1953955544066221,1068.0,160.2,-97.59526436811828,-0.6092088911867558,0
5317-FLPJF,0.057056879102038265,736.2,110.43,-97.82841768152383,-0.8858862417959235,0
9018-PCIOK,0.08021976401214852,777.0,116.55,-97.85077300876817,-0.8395604719757029,0
7945-HLKEA,0.08007955866363417,777.0,116.55,-97.88345487550687,-0.8398408826727316,0
6574-MCOEH,0.1563630757252141,949.8000000000001,142.47,-97.91590520285749,-0.6872738485495717,0
4854-SSLTN,0.04265730874853706,714.0,107.1,-97.96280446606336,-0.914685382502926,0
6023-GSSXW,0.057017272983183126,737.4000000000001,110.61000000000001,-97.99663887066023,-0.8859654540336337,0
8221-HVAYI,0.10629396479420498,829.8000000000001,124.47,-98.0091804041306,-0.78741207041159,0
1060-ENTOF,0.2414902705853971,1264.8000000000002,189.72000000000003,-98.08893172907695,-0.5170194588292059,0
8821-KVZKQ,0.033374316413877475,700.8,105.11999999999999,-98.10338371714639,-0.933251367172245,0
5593-SUAOO,0.17214087530683458,997.8000000000001,149.67000000000002,-98.14135038565215,-0.6557182493863308,0
8316-BBQAY,0.04525918967916333,719.4000000000001,107.91000000000001,-98.14216168344298,-0.9094816206416734,0
9896-UYMIE,0.26148507146675215,1371.6,205.73999999999998,-98.14412279286081,-0.4770298570664957,0
4568-KNYWR,0.06867779590798061,759.0,113.85,-98.21206587175281,-0.8626444081840388,0
5327-XOKKY,0.12842709767136887,881.4000000000001,132.21,-98.25130683373665,-0.7431458046572622,0
3597-YASZG,0.23843203432015964,1253.4,188.01000000000002,-98.35478645493359,-0.5231359313596807,0
3162-ZJZFU,0.2047279063089607,1110.6,166.58999999999997,-98.37875617598046,-0.5905441873820786,0
3192-NQECA,0.2514648243453035,1320.0,198.0,-98.41992955925981,-0.497070351309393,0
3740-RLMVT,0.051437602288063294,731.4000000000001,109.71000000000001,-98.42356130595316,-0.8971247954238734,0
2274-XUATA,0.06670292710025282,757.2,113.58,-98.42776307990657,-0.8665941457994943,0
2725-IWWBA,0.019249383374734138,682.8,102.41999999999999,-98.47695630951945,-0.9615012332505317,0
4872-VXRIL,0.07678686349257008,775.8000000000001,116.37,-98.49862539073925,-0.8464262730148598,0
1696-HXOWK,0.21388833260462636,1147.8000000000002,172.17000000000002,-98.51969155092297,-0.5722233347907473,0
5440-FLBQG,0.24743783416483353,1300.8000000000002,195.12000000000003,-98.55985959551538,-0.5051243316703329,0
2027-DNKIV,0.03388863274925678,705.0,105.75,-98.58255417353219,-0.9322227345014864,0
5998-DZLYR,0.2094321345998478,1132.1999999999998,169.82999999999996,-98.69428116181567,-0.5811357308003043,0
9795-SHUHB,0.028775213972220836,698.4000000000001,104.76,-98.73101716854029,-0.9424495720555582,0
0440-EKDCF,0.0435089101864524,721.8,108.27,-98.84858058822559,-0.9129821796270952,0
6603-QWSPR,0.23669179293830936,1252.8000000000002,187.92000000000002,-98.96175654206581,-0.5266164141233812,0
2307-FYNNL,0.24777555661280345,1308.6,196.29,-99.01827198494563,-0.5044488867743931,0
2314-TNDJQ,0.005621847712650104,667.8,100.16999999999999,-99.04371902924767,-0.9887563045746999,0
1402-PTHGN,0.05231949693750943,738.0,110.7,-99.11646337803542,-0.8953610061249812,0
4043-MKDTV,0.2381992539108212,1263.0,189.45,-99.19630269318985,-0.5236014921783576,0
3585-YNADK,0.13017037655766894,895.1999999999999,134.27999999999997,-99.3214436716724,-0.739659246884662,0
6203-HBZPA,0.06808708537497889,766.8,115.02,-99.35724688033986,-0.8638258292500423,0
6047-SUHPR,0.038246273365648724,717.5999999999999,107.63999999999999,-99.40634226984314,-0.9235074532687026,0
8404-VIOMB,0.05788242578610395,750.0,112.5,-99.47645419812662,-0.8842351484277922,0
7722-VJRQD,0.046519091596159495,731.4000000000001,109.71000000000001,-99.5027809219707,-0.9069618168076811,0
1209-VFFOC,0.009740679924983356,676.8,101.52,-99.54225234803138,-0.9805186401500333,0
2321-OMBXY,0.1555554707806841,963.5999999999999,144.54,-99.57202450671984,-0.6888890584386318,0
1866-NXPSP,0.13373979335031255,906.5999999999999,135.98999999999998,-99.61545100458198,-0.7325204132993749,0
6257-DTAYD,0.23426838919990173,1249.8000000000002,187.47000000000003,-99.63341015338887,-0.5314632216001965,0
8226-BXGES,0.19047172315633845,1073.4,161.01000000000002,-99.67429570919592,-0.6190565536873232,0
5414-OFQCB,0.19355895911760107,1085.4,162.81,-99.78333173212674,-0.6128820817647979,0
5061-PBXFW,0.04818255835844125,736.8,110.52,-99.86972730045014,-0.9036348832831175,0
8707-RMEZH,0.1821044798408327,1047.6,157.14,-99.9082040756231,-0.6357910403183347,0
0813-TAXXS,0.14278760378693797,933.5999999999999,140.04,-100.0480479313544,-0.714424792426124,0
0336-KXKFK,0.04521913048159612,734.4000000000001,110.16000000000001,-100.19732117229475,-0.9095617390368077,0
5448-VWNAM,0.13298535465927652,910.8000000000001,136.62,-100.28308169289929,-0.734029290681447,0
4277-UDIEF,0.1558948761861307,972.0,145.79999999999998,-100.34105410412428,-0.6882102476277386,0
4086-ATNFV,0.041536469606133754,729.5999999999999,109.43999999999998,-100.34849753260943,-0.9169270607877325,0
8571-ZCMCX,0.03519756934986368,720.0,108.0,-100.39732502042945,-0.9296048613002726,0
4355-HBJHH,0.1500630471791097,956.4000000000001,143.46,-100.40391050336984,-0.6998739056417805,0
5018-LXQQG,0.07901518423181889,795.5999999999999,119.33999999999997,-100.48065582754944,-0.8419696315363622,0
6435-VWCCY,0.19878866023804156,1112.4,166.86,-100.52024830536078,-0.6024226795239169,0
4366-CTOUZ,0.22129722663759702,1202.4,180.36,-100.53366440728603,-0.557405546724806,0
7105-BENQF,0.06936938640274981,778.1999999999999,116.72999999999999,-100.53502305041403,-0.8612612271945004,0
6322-HRPFA,0.03136484706939785,715.2,107.28,-100.55035841279,-0.9372703058612043,0
5445-PZWGX,0.22573913613848295,1224.0,183.6,-100.70858920994907,-0.5485217277230342,0
4973-RLZVI,0.12523417517113614,895.8000000000001,134.37,-100.71456776450887,-0.7495316496577277,0
6308-CQRBU,0.24383823177557964,1311.0,196.65,-100.74842344266455,-0.5123235364488408,0
4806-DXQCE,0.25356979121451617,1363.8000000000002,204.57000000000002,-100.82445562249288,-0.4928604175709677,0
6250-CGGUN,0.16815929603286456,1012.8000000000001,151.92000000000002,-100.82647949337445,-0.6636814079342709,0
2361-UPSND,0.10268777712445774,847.1999999999999,127.07999999999998,-100.98087456604782,-0.7946244457510846,0
9359-JANWS,0.023638761792575357,706.8,106.02,-101.00763694950231,-0.9527224764148492,0
4254-QPEDE,0.07622279018365785,795.0,119.25,-101.07086454119761,-0.8475544196326843,0
9362-MWODR,0.06190096836301387,769.1999999999999,115.37999999999998,-101.0957325405509,-0.8761980632739722,0
1154-HYWWO,0.10195787951405774,847.1999999999999,127.07999999999998,-101.16638534270707,-0.7960842409718846,0
8879-XUAHX,0.2582129831396671,1395.0,209.25,-101.18786655604931,-0.48357403372066576,0
5446-DKWYW,0.06880966245954262,782.4000000000001,117.36000000000001,-101.20899602749617,-0.8623806750809148,0
7781-EWARA,0.033896247379370144,724.2,108.63000000000001,-101.26570129435805,-0.9322075052412597,0
5975-BAICR,0.0581964995999312,764.4000000000001,114.66000000000001,-101.31437871174379,-0.8836070008001375,0
3658-QQJYD,0.12101854892146327,891.5999999999999,133.73999999999998,-101.36995853448698,-0.7579629021570734,0
3399-BMLVW,0.034491804719949545,726.0,108.89999999999999,-101.38768493199498,-0.9310163905601009,0
0454-OKRCT,0.1504371637088356,967.1999999999999,145.07999999999998,-101.42915257824426,-0.6991256725823288,0
6838-YAUVY,0.20338186888647836,1141.1999999999998,171.17999999999998,-101.55018336802526,-0.5932362622270433,0
4049-ZPALD,0.21500504328010106,1188.0,178.2,-101.57220257497198,-0.5699899134397979,0
9553-DLCLU,0.18279021068808765,1067.4,160.11,-101.57691873346059,-0.6344195786238247,0
5456-ITGIC,0.06195789671413088,773.4000000000001,116.01,-101.63452880438736,-0.8760842065717382,0
4322-RCYMT,0.12752353627064406,909.5999999999999,136.43999999999997,-101.64137742246662,-0.7449529274587118,0
9640-ZSLDC,0.03297982441677,727.2,109.08,-101.88512150523745,-0.93404035116646,0
9589-ABEPT,0.19366598898508977,1109.4,166.41,-101.95408554598241,-0.6126680220298204,0
1866-DIOQZ,0.0760371228767859,801.5999999999999,120.23999999999998,-101.95459269059052,-0.8479257542464282,0
8348-JLBUG,0.14711965967211574,963.5999999999999,144.54,-102.01064878198478,-0.7057606806557686,0
8204-YJCLA,0.06231936277665995,777.5999999999999,116.63999999999999,-102.10213905146075,-0.8753612744466801,0
0308-GIQJT,0.23173479451833562,1269.0,190.35,-102.12856372686961,-0.5365304109633287,0
2773-OVBPK,0.24511187571056559,1335.6,200.33999999999997,-102.12857364029057,-0.5097762485788688,0
0942-KOWSM,0.148833997071739,969.5999999999999,145.43999999999997,-102.14716693177255,-0.702332005856522,0
1163-ONYEY,0.11924846999589375,894.5999999999999,134.18999999999997,-102.18609562250201,-0.7615030600082124,0
0930-EHUZA,0.12811406380175144,916.1999999999999,137.42999999999998,-102.21656842345058,-0.7437718723964971,0
5387-ASZNZ,0.055128749927953254,766.2,114.93,-102.25810554156067,-0.8897425001440935,0
3572-UOLYZ,0.16477393943600557,1017.5999999999999,152.64,-102.33781176897621,-0.6704521211279888,0
2581-VKIRT,0.06569939784214304,786.0,117.89999999999999,-102.40808198882266,-0.8686012043157139,0
0916-KNFAJ,0.09279706312748923,838.8000000000001,125.82000000000001,-102.46854703459861,-0.8144058737450215,0
6695-FRVEC,0.028581316216153545,724.8,108.71999999999998,-102.50527860195956,-0.9428373675676929,0
1699-UOTXU,0.036212044673094995,736.8,110.52,-102.51568964545908,-0.92757591065381,0
0392-BZIUW,0.22873830707282106,1260.0,189.0,-102.53691992647364,-0.5425233858543579,0
4012-YCFAI,0.03571721690217672,736.2,110.43,-102.54149547498525,-0.9285655661956466,0
9372-TXXPS,0.02402034209706475,718.2,107.73,-102.55457709176643,-0.9519593158058705,0
7317-GGVPB,0.23767328680309124,1303.1999999999998,195.47999999999996,-102.55925179146342,-0.5246534263938175,0
7596-ZYWBB,0.021567082394451105,715.2,107.28,-102.65256680144657,-0.9568658352110978,0
2453-SAFNS,0.1044467467720938,865.1999999999999,129.77999999999997,-102.6698024078353,-0.7911065064558124,0
4377-VDHYI,0.18581953144337832,1089.6,163.43999999999997,-102.69931156178848,-0.6283609371132434,0
0687-ZVTHB,0.10583811183022275,869.4000000000001,130.41,-102.8053036724413,-0.7883237763395545,0
7921-BEPCI,0.022010147459505226,717.0,107.55,-102.81561728146042,-0.9559797050809895,0
5275-PMFUT,0.059187988330187215,777.5999999999999,116.63999999999999,-102.83262608233392,-0.8816240233396256,0
3259-QMXUN,0.16772544791753963,1033.1999999999998,154.97999999999996,-102.99182016347939,-0.6645491041649207,0
8510-TMWYB,0.02140478489717441,717.5999999999999,107.63999999999999,-103.03197790733628,-0.9571904302056512,0
6778-EICRF,0.11737552661051369,897.5999999999999,134.64,-103.03311819432086,-0.7652489467789726,0
9242-TKFSV,0.05980276589927796,781.1999999999999,117.17999999999998,-103.1646237838452,-0.8803944682014441,0
0748-RDGGM,0.23807765760602398,1314.0,197.1,-103.24978737170535,-0.5238446847879521,0
7153-CHRBV,0.01618573898972471,711.5999999999999,106.73999999999998,-103.28466844047355,-0.9676285220205506,0
2969-VAPYH,0.025528530333092866,726.0,108.89999999999999,-103.33988609345236,-0.9489429393338142,0
4334-HOWRP,0.05799996177806783,779.4000000000001,116.91000000000001,-103.34844893705218,-0.8840000764438642,0
3982-DQLUS,0.16518697722409284,1029.0,154.35,-103.35678013092254,-0.6696260455518144,0
7781-HVGMK,0.05855626092302233,782.4000000000001,117.36000000000001,-103.61567443614821,-0.8828874781539553,0
5198-HQAEN,0.1791204723620894,1076.4,161.46,-103.61841706483409,-0.6417590552758212,0
0835-JKADZ,0.24126280708149614,1335.0,200.25,-103.6242457638608,-0.5174743858370078,0
4615-PIVVU,0.06703309816826541,798.0,119.69999999999999,-103.65227629851725,-0.8659338036634692,0
7663-CUXZB,0.2466777812390098,1365.0,204.75,-103.7354485826255,-0.5066444375219804,0
4381-MHQDC,0.05624000842861812,780.0,117.0,-103.83983802770337,-0.8875199831427638,0
2434-EEVDB,0.19501970987113088,1135.1999999999998,170.27999999999997,-103.86408760628765,-0.6099605802577382,0
8232-CTLKO,0.01664748587131179,717.0,107.55,-103.96912578908083,-0.9667050282573765,0
3161-ONRWK,0.061364231359612664,790.1999999999999,118.52999999999999,-103.98299531389021,-0.8772715372807747,0
7054-DMVAS,0.05763958065571252,783.5999999999999,117.53999999999998,-103.99008737945508,-0.8847208386885749,0
3796-ENZGF,0.07037759182827046,807.0,121.05,-104.01158501837573,-0.8592448163434592,0
0254-KCJGT,0.14504439425712,976.8000000000001,146.52,-104.01619070689355,-0.70991121148576,0
6762-QVYJO,0.016234671086598908,717.0,107.55,-104.05792224927258,-0.9675306578268023,0
4967-WPNCF,0.045992969289178606,764.4000000000001,114.66000000000001,-104.11289228260557,-0.9080140614216428,0
0106-UGRDO,0.25060962404361403,1392.0,208.79999999999998,-104.14542099938677,-0.49878075191277194,0
7581-EBBOU,0.08741461656765231,841.8000000000001,126.27000000000001,-104.19431273200509,-0.8251707668646954,0
9386-LDCZR,0.1806534853442243,1087.8000000000002,163.17000000000002,-104.21554159276585,-0.6386930293115514,0
5195-KPUNQ,0.200752639380885,1161.0,174.15,-104.22785570363776,-0.59849472123823,0
5993-JSUWV,0.026408349107329605,733.8,110.07,-104.25646602751246,-0.9471833017853408,0
5795-BKOYE,0.009857093516061574,709.2,106.38000000000001,-104.28280478352275,-0.9802858129678769,0
9782-LGXMC,0.030759483764644883,741.0,111.14999999999999,-104.31216675911944,-0.9384810324707102,0
3729-OWRVL,0.2373601593710239,1324.1999999999998,198.62999999999997,-104.33630308826703,-0.5252796812579522,0
9871-ELEYA,0.07153308324203013,811.8000000000001,121.77000000000001,-104.34883290723599,-0.8569338335159397,0
9888-ZCUMM,0.016799660645191786,720.5999999999999,108.08999999999999,-104.45824936172242,-0.9664006787096163,0
4560-WQAQW,0.07761336981792462,824.4000000000001,123.66000000000001,-104.46466137663089,-0.8447732603641507,0
4636-OLWOE,0.024113279661913033,732.0,109.8,-104.5047237862439,-0.951773440676174,0
6967-QIQRV,0.21498302527014562,1222.8000000000002,183.42000000000002,-104.55562700989978,-0.5700339494597088,0
0536-ESJEP,0.11030650024021883,894.5999999999999,134.18999999999997,-104.58594146553004,-0.7793869995195623,0
1389-WNUIB,0.11758843216841706,912.0,136.79999999999998,-104.62780495872107,-0.7648231356631658,0
3410-MHHUM,0.19189119352537845,1132.8000000000002,169.92000000000002,-104.7076967923354,-0.6162176129492432,0
9253-VIFJQ,0.06604828351477622,804.5999999999999,120.68999999999998,-104.7472653252033,-0.8679034329704476,0
3259-KNMRR,0.13494384844613275,957.0,143.54999999999998,-104.80762111111528,-0.7301123031077346,0
8263-QMNTJ,0.24803178811407178,1386.6,207.98999999999998,-104.81373678030842,-0.5039364237718564,0
3950-VPYJB,0.01139914097175754,715.2,107.28,-104.8342003130997,-0.9772017180564849,0
1904-WAJAA,0.0470331283356904,772.1999999999999,115.82999999999998,-104.93430548975395,-0.9059337433286192,0
6869-FGJJC,0.13371563003575004,955.1999999999999,143.27999999999997,-104.96244905695545,-0.7325687399284999,0
8819-ZBYNA,0.2324064484740269,1309.1999999999998,196.37999999999997,-105.10004329734117,-0.5351871030519462,0
2999-AANRQ,0.08869821966614003,852.5999999999999,127.88999999999999,-105.2027693737947,-0.82260356066772,0
7018-FPXHH,0.010924997998864637,717.5999999999999,107.63999999999999,-105.2880664308044,-0.9781500040022707,0
7299-GNVPL,0.15326424107459102,1012.8000000000001,151.92000000000002,-105.35219299189627,-0.693471517850818,0
4199-QHJNM,0.21549989656546453,1234.8000000000002,185.22000000000003,-105.39021831628934,-0.5690002068690709,0
2535-PBCGC,0.04644914728859552,774.5999999999999,116.18999999999998,-105.39614715307616,-0.907101705422809,0
7691-KGKGP,0.049581943472985175,780.0,117.0,-105.39782522732148,-0.9008361130540297,0
3128-YOVTD,0.1297019637098351,949.8000000000001,142.47,-105.51272246051957,-0.7405960725803297,0
1162-ECVII,0.2328976350694828,1317.0,197.54999999999998,-105.53214438404733,-0.5342047298610344,0
0774-RMNUW,0.008840015581814747,716.4000000000001,107.46000000000001,-105.56010385115638,-0.9823199688363705,0
9297-FVVDH,0.15292677347741393,1014.0,152.1,-105.57967550817068,-0.6941464530451722,0
4137-JOPHL,0.17293160190783632,1076.4,161.46,-105.6169271119215,-0.6541367961843273,0
4891-NLUBA,0.02248019180049353,737.4000000000001,110.61000000000001,-105.63693196989483,-0.9550396163990129,0
0487-CRLZF,0.10579348939057204,893.4000000000001,134.01000000000002,-105.6552289735389,-0.7884130212188559,0
7501-IWUNG,0.10173028928765912,885.5999999999999,132.83999999999997,-105.8122967420547,-0.7965394214246817,0
9565-FLVCG,0.07699313602117507,834.5999999999999,125.18999999999998,-105.91245860301817,-0.8460137279576498,0
4717-GHADL,0.13027955984337697,955.1999999999999,143.27999999999997,-105.94708933128187,-0.7394408803132461,0
4194-FJARJ,0.00907565792846787,720.0,108.0,-106.03965788745094,-0.9818486841430643,0
4139-DETXS,0.042906147543741474,773.4000000000001,116.01,-106.05491564690111,-0.9141877049125171,0
7306-YDSOI,0.006561559339130571,717.0,107.55,-106.13860858615301,-0.9868768813217389,0
0292-WEGCH,0.15781364536560638,1034.4,155.16,-106.18726957014502,-0.6843727092687872,0
7138-GIRSH,0.07530144203373701,834.0,125.1,-106.25957920315899,-0.849397115932526,0
3410-YOQBQ,0.12726041256894183,950.4000000000001,142.56,-106.27551116834331,-0.7454791748621163,0
2091-GPPIQ,0.12604163288183054,947.4000000000001,142.11,-106.28644710232614,-0.747916734236339,0
5641-DMBFJ,0.14937374292731725,1011.5999999999999,151.73999999999998,-106.40805649641774,-0.7012525141453655,0
5196-WPYOW,0.007774808590179351,720.5999999999999,108.08999999999999,-106.40924187897502,-0.9844503828196414,0
2123-VSCOT,0.0899708963909999,865.1999999999999,129.77999999999997,-106.42715413275204,-0.8200582072180002,0
8041-TMEID,0.22727080673410524,1302.0,195.29999999999998,-106.52802288965847,-0.5454583865317895,0
9281-CEDRU,0.03737659845222743,769.1999999999999,115.37999999999998,-106.75497614116398,-0.9252468030955451,0
0361-HJRDX,0.038779041371540715,772.1999999999999,115.82999999999998,-106.84644727586887,-0.9224419172569186,0
9803-FTJCG,0.055792700651269476,802.1999999999999,120.32999999999998,-106.90292866126548,-0.8884145986974611,0
0420-TXVSG,0.05021118955697727,793.1999999999999,118.97999999999999,-107.03174533302168,-0.8995776208860454,0
8961-QDZZJ,0.1868189653362862,1140.0,171.0,-107.10791385499013,-0.6263620693274277,0
2954-PIBKO,0.036069915268850214,769.8000000000001,115.47,-107.14001376781172,-0.9278601694622995,0
7036-TYDEC,0.21379773183821427,1248.0,187.2,-107.15412919977257,-0.5724045363235715,0
5504-WSIUR,0.17017340043504095,1083.0,162.45,-107.16066219865519,-0.6596531991299182,0
5318-YKDPV,0.12366506651844841,949.8000000000001,142.47,-107.2328759462333,-0.7526698669631031,0
2200-DSAAL,0.13061330757780631,967.8000000000001,145.17000000000002,-107.24773227785974,-0.7387733848443875,0
4079-WWQQQ,0.045078224282349526,786.5999999999999,117.98999999999998,-107.35244063385115,-0.9098435514353009,0
2845-KDHVX,0.0632732674818342,819.5999999999999,122.93999999999998,-107.3823689915666,-0.8734534650363316,0
2578-JQPHZ,0.20198246221652144,1201.1999999999998,180.17999999999998,-107.39359991565432,-0.5960350755669571,0
7139-JZFVG,0.006818097064779854,726.0,108.89999999999999,-107.41501845929093,-0.9863638058704403,0
6115-ZTBFQ,0.04375400170438069,786.0,117.89999999999999,-107.58280639810702,-0.9124919965912386,0
7148-XZPHA,0.12335848354843008,952.8000000000001,142.92000000000002,-107.65921106251676,-0.7532830329031398,0
2054-PJOCK,0.12848307565066006,966.5999999999999,144.98999999999998,-107.73247772282159,-0.7430338486986799,0
8166-ZZTFS,0.128399929143126,966.5999999999999,144.98999999999998,-107.75658854707632,-0.743200141713748,0
8565-HBFNN,0.22063726631395594,1286.4,192.96,-107.81166618411812,-0.5587254673720881,0
0810-DHDBD,0.095291884407454,888.0,133.2,-107.81424199385424,-0.809416231185092,0
4075-WKNIU,0.09151180193875745,880.1999999999999,132.02999999999997,-107.86539358005169,-0.8169763961224851,0
3518-FSTWG,0.22648270107896334,1314.6,197.18999999999997,-107.86975234847841,-0.5470345978420733,0
5827-MWCZK,0.19090426332379834,1163.4,174.51000000000002,-107.88059401472792,-0.6181914733524033,0
7718-UPSKJ,0.21828125735487552,1276.8000000000002,191.52,-107.90954718278849,-0.563437485290249,0
6893-ODYYE,0.1670520582138829,1081.1999999999998,162.17999999999998,-107.99499439774493,-0.6658958835722342,0
8908-NMQTX,0.042656572246389024,787.1999999999999,118.07999999999998,-108.00622389829276,-0.914686855507222,0
9926-PJHDQ,0.1093337416576801,921.5999999999999,138.23999999999998,-108.01140710648458,-0.7813325166846398,0
2541-YGPKE,0.028522251193688425,764.4000000000001,114.66000000000001,-108.11927735626338,-0.9429554976126232,0
6617-WLBQC,0.13292752743507855,982.1999999999999,147.32999999999998,-108.16157476597974,-0.7341449451298429,0
4654-DLAMQ,0.19015551024009641,1164.0,174.6,-108.19769582415833,-0.6196889795198072,0
2580-ATZSQ,0.00985714813608253,736.2,110.43,-108.25295026266483,-0.980285703727835,0
5181-OABFK,0.009413935297630023,735.5999999999999,110.33999999999999,-108.262532758519,-0.98117212940474,0
0716-BQNDX,0.17920836336297075,1125.0,168.75,-108.26717736499737,-0.6415832732740585,0
6635-MYYYZ,0.14759657731894535,1024.1999999999998,153.62999999999997,-108.27947565298084,-0.7048068453621094,0
0757-WCUUZ,0.024810747146014243,760.2,114.03,-108.37166100587999,-0.9503785057079714,0
5795-KTGUD,0.22800216236026877,1329.6,199.43999999999997,-108.49449747773598,-0.5439956752794625,0
7860-KSUGX,0.03224924698516597,773.4000000000001,116.01,-108.5275297145018,-0.9355015060296681,0
7247-XOZPB,0.11018119776034498,928.8000000000001,139.32,-108.61911105605746,-0.77963760447931,0
1221-GHZEP,0.036382844599570884,781.1999999999999,117.17999999999998,-108.65331653964455,-0.9272343108008583,0
6374-AFWOX,0.04019827070653079,787.8000000000001,118.17,-108.66954070121851,-0.9196034585869384,0
5338-YHWYT,0.008265610072118854,737.4000000000001,110.61000000000001,-108.78148173984589,-0.9834687798557623,0
7349-ALMUX,0.03924413241311626,787.1999999999999,118.07999999999998,-108.81210568931846,-0.9215117351737675,0
4648-YPBTM,0.09070403704745368,886.8000000000001,133.02,-108.88909798389543,-0.8185919259050926,0
4670-TABXH,0.22429404018570853,1317.0,197.54999999999998,-108.93142472262655,-0.5514119196285829,0
9912-OMZDS,0.21493743263933165,1273.8000000000002,191.07000000000002,-108.93380949120582,-0.5701251347213367,0
7550-WIQVA,0.22046031129305893,1299.0,194.85,-108.93661668909493,-0.5590793774138821,0
9489-DEDVP,0.06155157970234537,830.4000000000001,124.56,-109.22627046455172,-0.8768968405953093,0
9251-WNSOD,0.09599047129106897,901.1999999999999,135.17999999999998,-109.22801618174657,-0.808019057417862,0
8309-PPCED,0.22528644488118035,1325.4,198.81,-109.23160378634508,-0.5494271102376393,0
4282-MSACW,0.24093379909781318,1406.4,210.96,-109.30521148465067,-0.5181324018043737,0
7136-IHZJA,0.07441093849731344,856.1999999999999,128.42999999999998,-109.31680633758005,-0.8511781230053731,0
9220-CXRSC,0.004807759763553479,736.8,110.52,-109.45729278186414,-0.9903844804728931,0
2451-YMUXS,0.02878474075593638,774.5999999999999,116.18999999999998,-109.50100194313549,-0.9424305184881273,0
6261-RCVNS,0.08767558172882796,886.8000000000001,133.02,-109.69478823686262,-0.8246488365423441,0
1291-CUOCY,0.22435754944365105,1327.1999999999998,199.07999999999996,-109.74979811351588,-0.5512849011126979,0
4102-HLENU,0.03543639843734458,787.8000000000001,118.17,-109.79496159331798,-0.9291272031253108,0
5825-XJOCM,0.02610618216033478,772.8000000000001,115.92,-109.86754272794799,-0.9477876356793304,0
5566-SOEZD,0.12138964278047702,967.8000000000001,145.17000000000002,-109.92573111511632,-0.757220714439046,0
9822-BIIGN,0.07469948677543703,862.1999999999999,129.32999999999998,-110.00823075066545,-0.8506010264491259,0
9086-YJYXS,0.10400440888467326,926.4000000000001,138.96,-110.05509468277161,-0.7919911822306535,0
0048-LUMLS,0.16439918899465183,1094.4,164.16,-110.1844582692759,-0.6712016220106962,0
0356-OBMAC,0.19361775981157506,1198.8000000000002,179.82000000000002,-110.18730886136517,-0.6127644803768499,0
8331-ZXFOE,0.06931729331334001,853.1999999999999,127.97999999999999,-110.23754560351748,-0.86136541337332,0
4981-FLTMF,0.03016505037984421,782.4000000000001,117.36000000000001,-110.27965937484298,-0.9396698992403115,0
3705-RHRFR,0.19095367926576234,1189.8000000000002,178.47000000000003,-110.3109937228788,-0.6180926414684753,0
5614-DNZCE,0.02769512661563845,778.8000000000001,116.82000000000001,-110.34931061752224,-0.9446097467687231,0
9541-PWTWO,0.12128746933164415,971.4000000000001,145.71,-110.36440568737227,-0.7574250613367117,0
8690-UPCZI,0.05574500693582422,828.5999999999999,124.28999999999998,-110.4329061758928,-0.8885099861283515,0
4667-QONEA,0.08962547150026721,898.1999999999999,134.73,-110.579520449538,-0.8207490569994657,0
9470-RTWDV,0.12504168945469446,984.0,147.6,-110.68769327297419,-0.7499166210906111,0
6625-IUTTT,0.03083240256143117,786.5999999999999,117.98999999999998,-110.71416964355345,-0.9383351948771376,0
9220-ZNKJI,0.15339875499537092,1065.6,159.83999999999997,-110.8014860030798,-0.6932024900092582,0
4513-CXYIX,0.11846424206530402,968.4000000000001,145.26000000000002,-110.84376839518788,-0.7630715158693919,0
0186-CAERR,0.23492722137333233,1395.6,209.33999999999997,-110.9806709554132,-0.5301455572533353,0
3850-OKINF,0.03425373066737425,794.4000000000001,119.16000000000001,-110.99665090735138,-0.9314925386652515,0
3214-IYUUQ,0.17082161721138528,1124.4,168.66,-111.0384520822555,-0.6583567655772293,0
9499-XPZXM,0.023425617181636715,777.0,116.55,-111.08948863496047,-0.9531487656367266,0
2796-UUZZO,0.11550322241258776,963.5999999999999,144.54,-111.15032846496914,-0.7689935551748246,0
3512-IZIKN,0.027146924044360286,783.5999999999999,117.53999999999998,-111.15830109565177,-0.9457061519112795,0
7771-CFQRQ,0.01601911429950086,765.5999999999999,114.83999999999999,-111.16072982769063,-0.9679617714009983,0
4632-XJMEX,0.008672002223432217,754.2,113.13000000000001,-111.16787277692623,-0.9826559955531355,0
2834-JRTUA,0.21415512077794713,1296.6,194.48999999999998,-111.18794111979412,-0.5716897584441057,0
1023-BQXZE,0.08425955673060805,892.1999999999999,133.82999999999998,-111.27708704548544,-0.8314808865387839,0
7779-ORAEL,0.08862696152931715,901.8000000000001,135.27,-111.29286182785854,-0.8227460769413657,0
2499-AJYUA,0.2209337483312239,1329.6,199.43999999999997,-111.3139464656414,-0.5581325033375522,0
8619-IJNDK,0.017109285313281156,768.5999999999999,115.28999999999998,-111.3449409924636,-0.9657814293734377,0
1177-XZBJL,0.017795349552519102,769.8000000000001,115.47,-111.36034197434124,-0.9644093008949618,0
5232-NXPAY,0.08418399296574436,893.4000000000001,134.01000000000002,-111.44700620532122,-0.8316320140685113,0
8184-WMOFI,0.06580715215360135,856.8000000000001,128.52,-111.60492961043832,-0.8683856956927973,0
2176-OSJUV,0.02396509237797232,781.8000000000001,117.27000000000001,-111.64922723367039,-0.9520698152440554,0
0595-ITUDF,0.16212996112445843,1101.6,165.23999999999998,-111.65929044758897,-0.6757400777510831,0
4578-PHJYZ,0.048270548983896565,825.0,123.75,-111.8030391264856,-0.9034589020322069,0
3563-SVYLG,0.0042300230119690875,751.8,112.77,-111.81596060988049,-0.9915399539760619,0
0604-THJFP,0.0907462601088095,911.4000000000001,136.71,-111.89815756104932,-0.818507479782381,0
0301-FIDRB,0.012744331216312828,765.5999999999999,114.83999999999999,-111.91288200623725,-0.9745113375673743,0
9470-YFUYI,0.062113030761010844,852.0,127.8,-111.92390933748563,-0.8757739384779784,0
1444-VVSGW,0.23110339750366304,1387.8000000000002,208.17000000000002,-111.95241148332494,-0.5377932049926739,0
5269-NRGDP,0.07471966436753476,877.8000000000001,131.67000000000002,-111.99332358545341,-0.8505606712649305,0
8199-ZLLSA,0.2371018285491173,1420.1999999999998,213.02999999999997,-112.01039492836307,-0.5257963429017654,0
8338-QIUNR,0.03211097160108354,798.0,119.69999999999999,-112.01263339870059,-0.9357780567978329,0
2933-XEUJM,0.10701026535895235,950.4000000000001,142.56,-112.0492331408555,-0.7859794692820953,0
5176-OLSKT,0.03444377606975067,802.8000000000001,120.42,-112.12456097136125,-0.9311124478604986,0
5304-EFJLP,0.2208733511976682,1339.8000000000002,200.97000000000003,-112.19216521960925,-0.5582532976046636,0
7520-HQWJU,0.03752496908679148,809.4000000000001,121.41000000000001,-112.2981870063453,-0.924950061826417,0
4890-VMUAV,0.06355371968407543,858.0,128.7,-112.34127255331897,-0.8728925606318492,0
1309-XGFSN,0.11370049669749355,970.1999999999999,145.52999999999997,-112.43633343122751,-0.7725990066050129,0
2651-ZCBXV,0.21070083530166722,1296.0,194.4,-112.4795152347118,-0.5785983293966656,0
3898-BSJYF,0.07495102044831507,882.5999999999999,132.39,-112.54446880569512,-0.8500979591033698,0
8590-YFFQO,0.01823663518671788,779.4000000000001,116.91000000000001,-112.64590996064163,-0.9635267296265642,0
6685-GBWJZ,0.0579338637945473,849.5999999999999,127.43999999999998,-112.67381679604577,-0.8841322724109054,0
4686-GEFRM,0.18249406727360443,1184.4,177.66,-112.81620801634287,-0.6350118654527911,0
9968-FFVVH,0.044471066141305415,825.5999999999999,123.83999999999997,-112.82540633812145,-0.9110578677173892,0
4188-PCPIG,0.05296950347499963,844.1999999999999,126.62999999999998,-113.21494354992157,-0.8940609930500006,0
6754-LZUKA,0.11119437502821389,970.8000000000001,145.62,-113.23575021678299,-0.7776112499435722,0
1061-PNTHC,0.21296023429516725,1315.1999999999998,197.27999999999997,-113.25440995649879,-0.5740795314096655,0
9786-YWNHU,0.004895963168418482,762.5999999999999,114.38999999999999,-113.26990154632921,-0.9902080736631631,0
0516-OOHAR,0.1861548036804536,1204.1999999999998,180.62999999999997,-113.37971562239932,-0.6276903926390929,0
5312-IRCFR,0.16072083998421147,1114.1999999999998,167.12999999999997,-113.40745202687745,-0.678558320031577,0
4751-ERMAN,0.08214959026073511,904.8000000000001,135.72,-113.42131521962605,-0.8357008194785297,0
6194-HBGQN,0.11169389405564747,973.8000000000001,146.07,-113.43974579058315,-0.7766122118887051,0
1303-SRDOK,0.04359880416145614,828.5999999999999,124.28999999999998,-113.4522092615452,-0.9128023916770877,0
5020-ZSTTY,0.11767974887613848,989.4000000000001,148.41,-113.48029693858456,-0.764640502247723,0
4826-DXMUP,0.06269366556502536,865.1999999999999,129.77999999999997,-113.50723216594199,-0.8746126688699493,0
1096-ADRUX,0.07530790188311158,891.0,133.65,-113.52019782664428,-0.8493841962337768,0
9993-LHIEB,0.035182017138230826,814.1999999999999,122.12999999999998,-113.53644049381572,-0.9296359657235383,0
7607-QKKTJ,0.16752502410026912,1140.0,171.0,-113.70644175770796,-0.6649499517994618,0
1206-EHBDD,0.10665502392857679,963.5999999999999,144.54,-113.70816568272701,-0.7866899521428464,0
5803-NQJZO,0.03393406778709274,813.5999999999999,122.03999999999998,-113.75737273452638,-0.9321318644258145,0
4194-WHFCB,0.1729825640504906,1159.8000000000002,173.97000000000003,-113.78244666427233,-0.6540348718990189,0
6288-CHQJB,0.047850774038205084,839.4000000000001,125.91000000000001,-113.8602180816992,-0.9042984519235898,0
0945-TSONX,0.12919136756253266,1023.5999999999999,153.54,-113.86791484889747,-0.7416172648749347,0
7722-CVFXN,0.1988183394997307,1262.4,189.36,-114.063518464662,-0.6023633210005386,0
5676-CFLYY,0.06802332374370791,880.1999999999999,132.02999999999997,-114.06776113223646,-0.8639533525125841,0
2055-BFOCC,0.12215276557788385,1008.0,151.2,-114.26100368924791,-0.7556944688442323,0
7173-TETGO,0.09566443392747077,942.0,141.29999999999998,-114.26523097209675,-0.8086711321450585,0
7570-WELNY,0.1250762427372594,1016.4000000000001,152.46,-114.32175206455487,-0.7498475145254813,0
8823-RLPWL,0.21294477989493718,1327.8000000000002,199.17000000000002,-114.34557637665074,-0.5741104402101257,0
3500-NSDOA,0.051363995819887875,849.5999999999999,127.43999999999998,-114.34834474542697,-0.8972720083602244,0
8990-YOZLV,0.024904793229362912,802.8000000000001,120.42,-114.42192959864023,-0.9501904135412741,0
9432-RUVSL,0.18978778525719525,1230.0,184.5,-114.46830724009496,-0.6204244294856095,0
9978-HYCIN,0.12552680856400697,1019.4000000000001,152.91,-114.52139140495538,-0.748946382871986,0
7197-VOJMM,0.039876123394333794,830.4000000000001,124.56,-114.62606014000357,-0.9202477532113325,0
2190-PHBHR,0.1628416415079647,1133.4,170.01000000000002,-114.64058505446187,-0.6743167169840707,0
3442-ZHHCC,0.0857489562364668,922.8000000000001,138.42000000000002,-114.68125895549655,-0.8285020875270664,0
1266-NZYUI,0.023339163273309566,802.1999999999999,120.32999999999998,-114.7131969666453,-0.9533216734533808,0
9443-JUBUO,0.011590377466558803,783.0,117.44999999999999,-114.72742033310533,-0.9768192450668824,0
9412-ARGBX,0.1658478665076912,1146.0,171.9,-114.88150349465576,-0.6683042669846175,0
5840-NVDCG,0.03239849808271268,819.0,122.85,-114.88968902107749,-0.9352030038345747,0
5553-AOINX,0.19558822182777713,1258.8000000000002,188.82000000000002,-114.95806390895825,-0.6088235563444457,0
8065-QBYTO,0.1794765909132235,1195.8000000000002,179.37000000000003,-114.98456777579024,-0.6410468181735531,0
1074-AMIOH,0.20491179637244766,1299.0,194.85,-114.99587295365714,-0.5901764072551047,0
6480-YAGIY,0.2152779528870486,1346.4,201.96,-115.00492926986334,-0.5694440942259028,0
0674-GCDXG,0.05565956684079221,862.8000000000001,129.42000000000002,-115.01307771892937,-0.8886808663184157,0
7951-VRDVK,0.1278210229899151,1030.1999999999998,154.52999999999997,-115.02563463473683,-0.7443579540201699,0
9755-JHNMN,0.02539360855365383,808.8000000000001,121.32000000000001,-115.15849482054145,-0.9492127828926924,0
9154-QDGTH,0.19323663275822003,1251.6,187.73999999999998,-115.18350913194354,-0.61352673448356,0
0014-BMAQU,0.12190729352436351,1015.8000000000001,152.37,-115.21997137138547,-0.756185412951273,0
8597-CTXVJ,0.00706868090614117,779.4000000000001,116.91000000000001,-115.25720103052608,-0.9858626381877176,0
1455-HFBXA,0.15037921735964963,1099.1999999999998,164.87999999999997,-115.29094928348192,-0.6992415652807008,0
5208-FVQKB,0.028594212443238322,815.4000000000001,122.31,-115.31528375213504,-0.9428115751135233,0
0602-DDUML,0.04043466046933969,837.0,125.55,-115.3968567561488,-0.9191306790613205,0
5360-XGYAZ,0.011662081511690748,787.8000000000001,118.17,-115.41378365552701,-0.9766758369766185,0
2160-GPFXD,0.01152938858879923,787.8000000000001,118.17,-115.44514430092319,-0.9769412228224015,0
4184-VODJZ,0.14886052331544808,1096.1999999999998,164.42999999999998,-115.47572830248174,-0.702278953369104,0
1891-QRQSA,0.21243832609927663,1339.1999999999998,200.87999999999997,-115.5307781063546,-0.5751233478014467,0
3230-IUALN,0.10364494940107417,972.0,145.79999999999998,-115.57713275464675,-0.7927101011978517,0
9055-MOJJJ,0.011886658102930634,789.5999999999999,118.43999999999998,-115.62428842857777,-0.9762266837941387,0
9359-UGBTK,0.055883905487857974,868.1999999999999,130.23,-115.6744779766325,-0.888232189024284,0
3197-NNYNB,0.19421260612104332,1261.1999999999998,189.17999999999998,-115.69771834804205,-0.6115747877579134,0
6500-JVEGC,0.18271551772311848,1216.1999999999998,182.42999999999998,-115.76441620354298,-0.634568964553763,0
9091-WTUUY,0.035467613494392265,831.0,124.64999999999999,-115.807923955848,-0.9290647730112155,0
1150-WFARN,0.20417720963584607,1305.0,195.75,-115.81462242756626,-0.5916455807283079,0
5130-YPIRV,0.05315927629986558,864.0,129.6,-115.82111558307484,-0.8936814474002689,0
8039-ACLPL,0.031862169862882164,825.0,123.75,-115.86411295893666,-0.9362756602742356,0
0840-DCNZE,0.12969548390030133,1043.4,156.51000000000002,-115.91271962952769,-0.7406090321993973,0
9705-IOVQQ,0.17462011100240385,1188.0,178.2,-115.96539243874327,-0.6507597779951924,0
9225-BZLNZ,0.1220881025667531,1023.0,153.45,-115.98116132226346,-0.7558237948664938,0
3633-CDBUW,0.10143622876133389,970.1999999999999,145.52999999999997,-116.00597125672613,-0.7971275424773322,0
6691-CCIHA,0.12061406918525981,1019.4000000000001,152.91,-116.02380536176383,-0.7587718616294803,0
7639-LIAYI,0.09552659232971496,957.0,143.54999999999998,-116.12431534213881,-0.80894681534057,0
9194-GFVOI,0.1175571464853322,1012.1999999999999,151.82999999999998,-116.13259689826401,-0.7648857070293356,0
7564-GHCVB,0.09151490681730508,948.5999999999999,142.29,-116.24668781793132,-0.8169701863653899,0
0769-MURVM,0.00830581970774789,788.4000000000001,118.26,-116.29550752272347,-0.9833883605845042,0
2904-GGUAZ,0.1156196469849053,1008.5999999999999,151.29,-116.30580721530734,-0.7687607060301893,0
6586-MYGKD,0.08010085782814799,923.4000000000001,138.51000000000002,-116.32046036444646,-0.8397982843437041,0
0556-FJEGU,0.0390479477011241,841.1999999999999,126.17999999999998,-116.3258599181443,-0.9219041045977519,0
4114-QMKVN,0.02933448812743079,825.0,123.75,-116.48971418846088,-0.9413310237451384,0
6087-YPWHO,0.025086380408117146,817.8000000000001,122.67,-116.51530743067254,-0.9498272391837657,0
0201-MIBOL,0.18355873919829713,1228.8000000000002,184.32000000000002,-116.65290638193976,-0.6328825216034057,0
2612-PHGOX,0.07401315580380094,913.1999999999999,136.98,-116.70335583599069,-0.8519736883923982,0
5236-PERKL,0.21267414298248605,1355.4,203.31,-116.83243998046152,-0.5746517140350279,0
6953-PBDIN,0.05501228350543441,875.4000000000001,131.31,-116.86267410580282,-0.8899754329891313,0
6050-FFXES,0.19184493051902704,1264.1999999999998,189.62999999999997,-116.87089165135379,-0.616310138961946,0
5278-PNYOX,0.1774295453480168,1207.8000000000002,181.17000000000002,-116.8801785385996,-0.6451409093039664,0
0973-KYVNF,0.040276461545151375,847.8000000000001,127.17,-116.9260847706062,-0.9194470769096972,0
5748-RNCJT,0.1948922665456752,1278.0,191.7,-116.97830500638813,-0.6102154669086496,0
6176-YJWAS,0.16815954257353288,1175.4,176.31,-117.01358209772084,-0.6636809148529342,0
9405-GPBBG,0.20579185488935894,1326.0,198.9,-117.03600012501302,-0.5884162902212822,0
9866-OCCKE,0.20328461300815168,1317.0,197.54999999999998,-117.23224940047926,-0.5934307739836966,0
6408-OTUBZ,0.18843699395076893,1254.6,188.18999999999997,-117.26608421680956,-0.6231260120984621,0
0531-XBKMM,0.0041910431247252624,788.4000000000001,118.26,-117.26873448013998,-0.9916179137505494,0
9769-TSBZE,0.005513607301909359,792.0,118.8,-117.48996690506634,-0.9889727853961813,0
2753-JMMCV,0.06009047839751176,890.4000000000001,133.56,-117.50863141045666,-0.8798190432049765,0
6463-MVYRY,0.03255280470392652,838.1999999999999,125.72999999999999,-117.54427172915062,-0.934894390592147,0
4472-VESGY,0.16730582615022968,1177.8000000000002,176.67000000000002,-117.55415938807785,-0.6653883476995406,0
2192-OZITF,0.05601925335273331,882.5999999999999,132.39,-117.55722209726326,-0.8879614932945334,0
7113-HIPFI,0.003927519659529077,790.1999999999999,118.52999999999999,-117.59894218951203,-0.9921449606809419,0
4000-VGMQP,0.08611419897060316,947.4000000000001,142.11,-117.63462236857518,-0.8277716020587936,0
5458-CQJTA,0.0630098520246135,897.5999999999999,134.64,-117.67270704681206,-0.873980295950773,0
5174-ITUMV,0.18983184092862374,1264.8000000000002,189.72000000000003,-117.69020627804304,-0.6203363181427526,0
6516-NKQBO,0.09639230998113468,972.0,145.79999999999998,-117.69200240950111,-0.8072153800377306,0
4737-HOBAX,0.08960679669741989,957.5999999999999,143.64,-117.8977594447652,-0.8207864066051602,0
8760-ZRHKE,0.02607475993389728,830.4000000000001,124.56,-118.0642558052675,-0.9478504801322054,0
3557-HTYWR,0.05692572075484489,888.5999999999999,133.29,-118.11474136117344,-0.8861485584903103,0
7359-SSBJK,0.032365904016352684,842.4000000000001,126.36000000000001,-118.18048873698736,-0.9352681919672946,0
3948-KXDUF,0.022454929237811255,825.0,123.75,-118.19240501364172,-0.9550901415243775,0
2296-DKZFP,0.03745231523925079,852.0,127.8,-118.2271882248475,-0.9250953695214984,0
8777-MBMTS,0.1894946271060146,1270.1999999999998,190.52999999999997,-118.32117739498206,-0.6210107457879708,0
1265-BCFEO,0.09122011812791953,965.4000000000001,144.81,-118.39082938779194,-0.8175597637441608,0
5846-NEQVZ,0.03579650868456863,850.1999999999999,127.52999999999999,-118.39974249491391,-0.9284069826308627,0
5336-UFNZP,0.1936808689005592,1289.4,193.41,-118.49036629188569,-0.6126382621988816,0
0885-HMGPY,0.025726598074042137,832.8000000000001,124.92,-118.49246673718132,-0.9485468038519157,0
5394-MEITZ,0.09150634113206774,967.1999999999999,145.07999999999998,-118.52852005711921,-0.8169873177358645,0
3533-UVMOM,0.03529865929393924,851.4000000000001,127.71000000000001,-118.69401644314205,-0.9294026814121216,0
8782-NUUOL,0.08232751079421151,948.0,142.2,-118.78605593012624,-0.835344978411577,0
6211-WWLTF,0.1688559952216818,1196.4,179.46,-118.85420619503398,-0.6622880095566365,0
4526-RMTLL,0.06624578659575919,913.8000000000001,137.07,-118.90938006263856,-0.8675084268084816,0
1121-QSIVB,0.07379826436344179,930.5999999999999,139.58999999999997,-118.9870005550143,-0.8524034712731164,0
8999-YPYBV,0.10805311507877127,1012.1999999999999,151.82999999999998,-119.0185910751803,-0.7838937698424574,0
5393-HJZSM,0.06641143217485648,915.5999999999999,137.33999999999997,-119.0981078102104,-0.867177135650287,0
2040-LDIWQ,0.107072528951176,1010.4000000000001,151.56,-119.10417502431955,-0.7858549420976481,0
7399-QHBJS,0.004207354928196003,801.0,120.14999999999999,-119.1389726107545,-0.991585290143608,0
6726-NNFWD,0.1299352595564892,1073.4,161.01000000000002,-119.16824771761937,-0.7401294808870216,0
1325-USMEC,0.1667484197332038,1192.1999999999998,178.82999999999996,-119.19076019822229,-0.6665031605335924,0
4849-PYRLQ,0.04770208018191732,879.0,131.85,-119.2709614560284,-0.9045958396361654,0
8261-GWDBQ,0.2143418247008256,1392.6,208.89,-119.34227247648907,-0.5713163505983488,0
2250-IVBWA,0.09078706121183175,972.5999999999999,145.89,-119.40015127961172,-0.8184258775763364,0
8932-CZHRQ,0.0675938415220234,921.0,138.15,-119.47382158746494,-0.8648123169559532,0
5115-GZDEL,0.005993525972732222,806.4000000000001,120.96000000000001,-119.51004619667663,-0.9880129480545355,0
9174-IHETN,0.027908331589970265,844.1999999999999,126.62999999999998,-119.56193594152411,-0.9441833368200595,0
0083-PIVIK,0.09100543790816286,975.0,146.25,-119.63090941186236,-0.8179891241836743,0
0771-CHWSK,0.054149290173717134,895.1999999999999,134.27999999999997,-119.7376666309465,-0.8917014196525658,0
6061-GWWAV,0.026188235098964775,842.4000000000001,126.36000000000001,-119.74170922578963,-0.9476235298020704,0
6993-YGFJV,0.2044702812167341,1350.6,202.58999999999997,-119.74273145660366,-0.5910594375665318,0
4654-ULTTN,0.05520381363489364,897.5999999999999,134.64,-119.77471706439583,-0.8895923727302127,0
8421-WZOOW,0.15085208875553513,1143.6,171.54,-119.78566538975102,-0.6982958224889299,0
7803-XOCCZ,0.10408260975598456,1008.5999999999999,151.29,-119.79668394003419,-0.7918347804880309,0
3487-EARAT,0.050918840077443295,889.1999999999999,133.38,-119.79689022094122,-0.8981623198451134,0
1088-CNNKB,0.08340498735043551,960.0,144.0,-119.97936364307458,-0.833190025299129,0
1813-JYWTO,0.08541118839333517,965.4000000000001,144.81,-120.07321161752228,-0.8291776232133297,0
2323-ARSVR,0.1995814533734571,1332.6,199.89,-120.10132657035932,-0.6008370932530859,0
0565-IYCGT,0.07494300828744675,943.1999999999999,141.48,-120.27412637498406,-0.8501139834251066,0
6339-RZCBJ,0.07597640589313637,946.8000000000001,142.02,-120.43966167011355,-0.8480471882137273,0
6840-RESVB,0.10486771864194695,1017.5999999999999,152.64,-120.62598285298643,-0.7902645627161061,0
4342-HFXWS,0.019261421771629855,836.4000000000001,125.46000000000001,-120.62692404906264,-0.9614771564567403,0
2798-NYLMZ,0.19113002353859343,1302.6,195.39,-120.70020940158845,-0.6177399529228131,0
3200-MNQTF,0.026109477745382054,850.8000000000001,127.62,-120.95581690026869,-0.9477810445092358,0
0229-LFJAF,0.01740800839923216,835.8000000000001,125.37,-121.00511597397653,-0.9651839832015356,0
6897-RWMUB,0.0059848494452623335,816.5999999999999,122.48999999999998,-121.02383158289962,-0.9880303011094753,0
9068-VPWQQ,0.05382204597439894,904.1999999999999,135.63,-121.03023180898454,-0.8923559080512021,0
7134-HBPBS,0.18888887150117528,1297.1999999999998,194.57999999999996,-121.0720067666026,-0.6222222569976494,0
2077-DDHJK,0.025445517877348257,850.8000000000001,127.62,-121.12528601698564,-0.9491089642453036,0
1492-QGCLU,0.10736231518133381,1028.4,154.26000000000002,-121.13657852025491,-0.7852753696373325,0
6332-FBZRI,0.014602906223699657,832.1999999999999,124.82999999999998,-121.18423843219112,-0.9707941875526006,0
1172-VIYBP,0.016791241204544092,836.4000000000001,125.46000000000001,-121.2467417569558,-0.9664175175909118,0
9861-PDSZP,0.18766254289680487,1296.6,194.48999999999998,-121.49302406400083,-0.6246749142063903,0
5696-JVVQY,0.01850692554329689,841.1999999999999,126.17999999999998,-121.50959226989357,-0.9629861489134062,0
4915-BFSXL,0.010287150114472206,827.4000000000001,124.11000000000001,-121.55652359858573,-0.9794256997710556,0
5148-ORICT,0.044788582002209996,892.1999999999999,133.82999999999998,-121.84188814128845,-0.9104228359955799,0
5996-EBTKM,0.015720347452109852,838.8000000000001,125.82000000000001,-121.86413176715108,-0.9685593050957803,0
7169-YWAMK,0.004956414758473548,820.8000000000001,123.12,-121.89953242987347,-0.9900871704830528,0
3026-ATZYV,0.04873507588866469,901.1999999999999,135.17999999999998,-122.0039848827406,-0.9025298482226707,0
8608-OZTLB,0.042092771746542294,888.5999999999999,133.29,-122.06890890780674,-0.9158144565069154,0
0263-FJTQO,0.019010651177882743,846.0,126.89999999999999,-122.07509673105335,-0.9619786976442345,0
5707-ZMDJP,0.012835946351986911,836.4000000000001,125.46000000000001,-122.23920434135945,-0.9743281072960261,0
5781-RFZRP,0.03721680072740965,882.0,132.29999999999998,-122.45243452752739,-0.9255663985451806,0
0707-HOVVN,0.04934317523989034,906.0,135.9,-122.48852496979781,-0.9013136495202193,0
3021-VLNRJ,0.01926094801312203,849.5999999999999,127.43999999999998,-122.53076957041544,-0.961478103973756,0
5197-LQXXH,0.09116841654601678,999.5999999999999,149.93999999999997,-122.60041524618046,-0.8176631669079665,0
4567-AKPIA,0.18771951156197672,1309.1999999999998,196.37999999999997,-122.65128463891801,-0.6245609768760466,0
9558-IHEZX,0.18061389340193668,1281.0,192.15,-122.74008076563574,-0.6387722131961266,0
6418-HNFED,0.09025758354547768,999.0,149.85,-122.79980221142034,-0.8194848329090447,0
8766-PAFNE,0.06853680721442147,949.1999999999999,142.38,-122.86345877762133,-0.862926385571157,0
9385-NXKDA,0.086978032182113,991.8000000000001,148.77,-122.8905563045341,-0.8260439356357739,0
2890-WFBHU,0.07238732086624951,958.1999999999999,143.73,-122.92154074378792,-0.855225358267501,0
7233-PAHHL,0.09347306593498508,1008.0,151.2,-122.9337448612605,-0.8130538681300298,0
3720-DBRWL,0.09268524988160157,1006.1999999999999,150.92999999999998,-122.95203047073973,-0.8146295002367968,0
0661-KBKPA,0.06614669518439042,945.0,141.75,-122.99741191522531,-0.8677066096312192,0
6169-PGNCD,0.04011814605366605,891.5999999999999,133.73999999999998,-123.00919829356539,-0.9197637078926679,0
0654-PQKDW,0.016864917890311852,849.0,127.35,-123.05450541333757,-0.9662701642193763,0
3902-MIVLE,0.04828549144844656,908.4000000000001,136.26000000000002,-123.10123787046936,-0.9034290171031069,0
0727-BNRLG,0.14948602355199353,1171.8000000000002,175.77,-123.2196832805322,-0.7010279528960129,0
8469-SNFFH,0.06855675424291224,952.8000000000001,142.92000000000002,-123.32373736720598,-0.8628864915141755,0
9351-HXDMR,0.19093706285884873,1330.8000000000002,199.62000000000003,-123.39028702423326,-0.6181258742823026,0
9170-GYZJC,0.07036712884824285,958.8000000000001,143.82,-123.57959905809142,-0.8592657423035143,0
6048-UWKAL,0.17414772170693585,1264.8000000000002,189.72000000000003,-123.64138847552029,-0.6517045565861284,0
8200-LGKSR,0.08701175978517768,998.4000000000001,149.76000000000002,-123.6982377091436,-0.8259764804296447,0
0459-SPZHJ,0.0882216088239354,1002.0,150.29999999999998,-123.78058438752501,-0.8235567823521293,0
5197-PYEPU,0.13585994320991357,1133.4,170.01000000000002,-123.8149021097652,-0.7282801135801729,0
0907-HQNTS,0.19544299029581108,1356.0,203.4,-123.89379154766407,-0.6091140194083778,0
7471-MQPOS,0.02765156515979752,874.8000000000001,131.22,-123.96312323946273,-0.9446968696804049,0
0679-TDGAK,0.043558173994520596,906.0,135.9,-124.06088830828931,-0.9128836520109588,0
6120-RJKLU,0.06865419904956555,959.4000000000001,143.91,-124.14994842955404,-0.8626916019008689,0
4227-OJHAL,0.027272289473629155,876.0,131.4,-124.23284232633026,-0.9454554210527416,0
4737-AQCPU,0.02096224378847517,865.1999999999999,129.77999999999997,-124.33904000226336,-0.9580755124230497,0
6870-ZWMNX,0.04600210355676205,913.1999999999999,136.98,-124.37726370958946,-0.9079957928864759,0
6384-VMJHP,0.02664793568158393,876.0,131.4,-124.39692250287975,-0.9467041286368322,0
0078-XZMHT,0.09402889532933646,1021.8000000000001,153.27,-124.44638242574521,-0.8119422093413271,0
0270-THENM,0.004867883246298381,838.1999999999999,125.72999999999999,-124.5059220788858,-0.9902642335074032,0
5172-RKOCB,0.1823767408727269,1307.4,196.11,-124.57819469489907,-0.6352465182545463,0
6437-UDQJM,0.08847011514612857,1009.1999999999999,151.38,-124.59478793835811,-0.8230597697077429,0
5816-JMLGY,0.06949721332417688,964.8000000000001,144.72,-124.60472657545024,-0.8610055733516463,0
8089-UZWLX,0.16717724394803354,1248.6,187.29,-124.6687479619456,-0.665645512103933,0
9675-ICXCT,0.0711761078955276,969.5999999999999,145.43999999999997,-124.73629373534891,-0.8576477842089448,0
2649-HWLYB,0.04494286739553421,913.8000000000001,137.07,-124.74936233218824,-0.9101142652089316,0
0164-APGRB,0.19833915896487536,1378.8000000000002,206.82000000000002,-124.77899028576897,-0.6033216820702493,0
0310-SUCIN,0.09115101672170271,1017.5999999999999,152.64,-124.81341761519859,-0.8176979665565945,0
9919-FZDED,0.08732314426875992,1009.1999999999999,151.38,-124.94204484119024,-0.8253537114624802,0
6427-FEFIG,0.058391554319957815,943.1999999999999,141.48,-124.95752578962473,-0.8832168913600843,0
5954-BDFSG,0.17684187607633364,1290.0,193.5,-125.06219395845888,-0.6463162478473327,0
7524-VRLPL,0.031112143233560333,889.1999999999999,133.38,-125.08052467101544,-0.9377757135328794,0
6248-TKCQV,0.0689004861105462,967.1999999999999,145.07999999999998,-125.08783495016391,-0.8621990277789077,0
2126-GSEGL,0.09015681069185381,1017.5999999999999,152.64,-125.11692883199086,-0.8196863786162925,0
9477-LGWQI,0.06632893494859626,961.8000000000001,144.27,-125.13144910993205,-0.8673421301028075,0
2302-OUZXB,0.07688223813508407,985.8000000000001,147.87,-125.13284689393024,-0.8462355237298318,0
4355-CVPVS,0.10882935425113018,1066.8000000000002,160.02,-125.1902534654683,-0.7823412914977397,0
1573-LGXBA,0.14345480099226332,1170.6,175.58999999999997,-125.21154298753694,-0.7130903980154734,0
3913-FCUUW,0.006188518452099466,845.4000000000001,126.81,-125.24046795017854,-0.9876229630958011,0
5135-GRQJV,0.19596851325081274,1374.0,206.1,-125.32177883801499,-0.6080629734983746,0
5716-EZXZN,0.14844507907641197,1188.6,178.29,-125.35745370293301,-0.7031098418471761,0
6848-YLDFR,0.03676784846650531,902.4000000000001,135.36,-125.40620806314769,-0.9264643030669893,0
8144-DGHXP,0.06752565638364509,967.1999999999999,145.07999999999998,-125.48675554372153,-0.8649486872327098,0
6352-GIGGQ,0.10712992853193479,1065.6,159.83999999999997,-125.59270444691106,-0.7857401429361304,0
2824-DXNKN,0.011692833568473735,857.4000000000001,128.61,-125.6023693495172,-0.9766143328630525,0
2252-NKNSI,0.09018621694159248,1021.8000000000001,153.27,-125.62431705872424,-0.819627566116815,0
4295-YURET,0.01897774104597789,871.1999999999999,130.67999999999998,-125.7199776002232,-0.9620445179080442,0
6339-TBELP,0.09580766580564284,1036.8000000000002,155.52,-125.71998362781285,-0.8083846683887143,0
5893-PYOLZ,0.07305345289003937,981.5999999999999,147.23999999999998,-125.72721919294119,-0.8538930942199213,0
6734-FQAJX,0.16748083036370917,1260.6,189.08999999999997,-125.75209957305245,-0.6650383392725816,0
6050-IJRHS,0.1716132137422931,1278.0,191.7,-125.90349385120481,-0.6567735725154138,0
5473-KHBPS,0.13428692126812886,1148.4,172.26000000000002,-125.99546988470426,-0.7314261574637423,0
5129-HHMZC,0.09512527470526334,1037.4,155.61,-126.00511200622796,-0.8097494505894733,0
2882-WDTBA,0.03774148758135714,909.0,136.35,-126.0578963365639,-0.9245170248372857,0
1036-GUDCL,0.056825836695212836,948.5999999999999,142.29,-126.11850339327633,-0.8863483266095743,0
2878-RMWXY,0.15868236918210707,1231.8000000000002,184.77,-126.13051729244415,-0.6826352616357858,0
0689-DSXGL,0.09162365053161971,1029.6,154.43999999999997,-126.13928682379327,-0.8167526989367605,0
2988-QRAJY,0.18144355223494402,1320.6,198.08999999999997,-126.20569347555985,-0.637112895530112,0
9795-NREXC,0.08712218770634345,1020.0,153.0,-126.34061056185891,-0.8257556245873131,0
6631-HMANX,0.08923272993100052,1025.4,153.81,-126.36022761862563,-0.821534540137999,0
6732-VAILE,0.09084513695898144,1031.4,154.71,-126.60069772215198,-0.8183097260820372,0
4909-JOUPP,0.17924596753974617,1316.4,197.46,-126.67218249920344,-0.6415080649205076,0
1448-CYWKC,0.16549703222324508,1262.4,189.36,-126.68296395641264,-0.6690059355535098,0
6253-GNHWH,0.004971852317789193,853.1999999999999,127.97999999999999,-126.70740468073866,-0.9900562953644215,0
9479-HYNYL,0.06381432141700141,968.4000000000001,145.26000000000002,-126.72066334193278,-0.8723713571659972,0
7375-WMVMT,0.13119928563552158,1146.0,171.9,-126.7936855985077,-0.7376014287289568,0
2256-YLYLP,0.016925643587625494,875.4000000000001,131.31,-126.86498748101779,-0.966148712824749,0
5811-IWXYM,0.15185643122721357,1215.0,182.25,-126.89833081768066,-0.6962871375455729,0
0336-PIKEI,0.025979447347391865,892.8000000000001,133.92000000000002,-126.96166482247457,-0.9480411053052162,0
0565-JUPYD,0.16231981098346873,1254.0,188.1,-127.03528710801906,-0.6753603780330626,0
7162-WPHPM,0.007085470563952817,859.1999999999999,128.88,-127.05364910743552,-0.9858290588720944,0
9680-NIAUV,0.17800372606843756,1316.4,197.46,-127.16276850105264,-0.6439925478631249,0
4376-KFVRS,0.19028264054482508,1368.6,205.29,-127.16375344510571,-0.6194347189103498,0
5906-DVAPM,0.029020320946819455,900.0,135.0,-127.16451334435875,-0.9419593581063611,0
2469-DTSGX,0.18316473262742541,1339.8000000000002,200.97000000000003,-127.34876736773265,-0.6336705347451492,0
5329-KRDTM,0.04247250422081483,928.1999999999999,139.23,-127.40310647467189,-0.9150549915583703,0
0909-SELIE,0.061821145297733776,969.5999999999999,145.43999999999997,-127.45746525579517,-0.8763577094045324,0
7519-JTWQH,0.1795918065371286,1326.0,198.9,-127.45837935953026,-0.6408163869257428,0
9140-CZQZZ,0.055086439328707146,955.1999999999999,143.27999999999997,-127.49442994596566,-0.8898271213425858,0
2498-XLDZR,0.018774779005621647,883.1999999999999,132.48,-127.50543455467047,-0.9624504419887566,0
9070-BCKQP,0.17829120465887346,1321.8000000000002,198.27,-127.57040570457032,-0.643417590682253,0
5702-KVQRD,0.07048508287860798,990.5999999999999,148.58999999999997,-127.64324307013526,-0.859029834242784,0
9548-LIGTA,0.06231655095300299,972.5999999999999,145.89,-127.70727676293278,-0.875366898093994,0
3795-GWTRD,0.030420647237915713,906.5999999999999,135.98999999999998,-127.71619236423166,-0.9391587055241685,0
7639-OPLNG,0.052217107030249794,951.0,142.65,-127.75245936426974,-0.8955657859395004,0
3082-YVEKW,0.03983883544683454,925.8000000000001,138.87,-127.80516184299618,-0.9203223291063309,0
7005-CYUIL,0.1427992638578487,1192.8000000000002,178.92000000000002,-127.82071142110743,-0.7144014722843026,0
4178-EGMON,0.09580328911618377,1056.0,158.4,-128.049518007993,-0.8083934217676325,0
4304-XUMGI,0.026295631927509378,901.8000000000001,135.27,-128.1559797383316,-0.9474087361449811,0
0619-OLYUR,0.18167190202451902,1342.8000000000002,201.42000000000002,-128.23529098844278,-0.636656195950962,0
1676-MQAOA,0.025398883286089788,901.1999999999999,135.17999999999998,-128.31315791477275,-0.9492022334278204,0
1841-YSJGV,0.17579056019112613,1319.4,197.91,-128.32858046514843,-0.6484188796177477,0
0868-VJRDR,0.15725278228916334,1248.6,187.29,-128.3862528101252,-0.6854944354216733,0
4135-FRWKJ,0.032160187716204144,915.0,137.25,-128.42202847190197,-0.9356796245675918,0
6990-YNRIO,0.17158288407144628,1303.8000000000002,195.57000000000002,-128.4570707242945,-0.6568342318571074,0
4877-TSOFF,0.02892016313463112,909.0,136.35,-128.46347151318608,-0.9421596737307377,0
0455-ENTCR,0.08136597716382982,1023.0,153.45,-128.4787816084206,-0.8372680456723403,0
1506-YJTYT,0.01667361507078023,886.1999999999999,132.92999999999998,-128.49715269728236,-0.9666527698584396,0
7696-AMHOD,0.04210773798708485,936.0,140.4,-128.5761471732266,-0.9157845240258303,0
8205-VSLRB,0.03777001520152937,927.5999999999999,139.14,-128.62936016971838,-0.9244599695969412,0
2351-BKRZW,0.024017222187408087,902.4000000000001,135.36,-128.8580576094249,-0.9519655556251838,0
7868-TMWMZ,0.17444753800296772,1320.0,198.0,-128.9187749508248,-0.6511049239940646,0
2234-EOFPT,0.048645213091817,952.1999999999999,142.82999999999998,-128.93400842819153,-0.902709573816366,0
3569-VLDHH,0.023050155421751893,901.1999999999999,135.17999999999998,-128.94815998017515,-0.9538996891564963,0
1937-OTUKY,0.13513072215348057,1178.4,176.76000000000002,-128.98858710430156,-0.7297385556930388,0
7103-ZGVNT,0.013076067502035469,884.4000000000001,132.66,-129.19065777035993,-0.973847864995929,0
8345-MVDYC,0.060337084048829384,979.8000000000001,146.97,-129.2345175146871,-0.8793258319023413,0
5014-WUQMG,0.12628243496419433,1153.1999999999998,172.97999999999996,-129.2913287997873,-0.7474351300716113,0
0744-GKNGE,0.08620302939503044,1041.6,156.23999999999998,-129.30327737464089,-0.8275939412099392,0
6556-DBKZF,0.02748404212568756,912.5999999999999,136.89,-129.36541894682924,-0.9450319157486248,0
7622-FWGEW,0.0796003854695768,1027.8000000000002,154.17000000000002,-129.6260171443107,-0.8407992290608465,0
8097-OMULG,0.030838645843307717,921.0,138.15,-129.62928215349407,-0.9383227083133845,0
1265-ZFOSD,0.056849122744605365,975.5999999999999,146.33999999999997,-129.70139875510887,-0.8863017545107892,0
7925-PNRGI,0.05674715424797939,975.5999999999999,146.33999999999997,-129.73124289470138,-0.8865056915040413,0
2380-DAMQP,0.18676050995058582,1381.8000000000002,207.27,-129.85029820508416,-0.6264789800988283,0
7649-SIJJF,0.04955854673101941,961.1999999999999,144.17999999999998,-129.88929746464322,-0.9008829065379612,0
4853-RULSV,0.15301539965578445,1248.0,187.2,-129.9110343688743,-0.6939692006884312,0
3090-HAWSU,0.17654226008705626,1339.1999999999998,200.87999999999997,-129.95238158742427,-0.6469154798258876,0
5038-ETMLM,0.18188963177086837,1363.8000000000002,204.57000000000002,-130.1516760572669,-0.6362207364582632,0
8071-SBTRN,0.17472871671396153,1333.8000000000002,200.07000000000002,-130.15405129407543,-0.6505425665720769,0
5150-LJNSR,0.13119678486652403,1176.6,176.48999999999998,-130.18015887781434,-0.7376064302669519,0
8871-JLMHM,0.09898391820787755,1082.4,162.36,-130.217942079538,-0.8020321635842449,0
8398-TBIYD,0.07283120972259392,1016.4000000000001,152.46,-130.25230753138666,-0.8543375805548121,0
9239-GZHZE,0.18138531186600734,1363.8000000000002,204.57000000000002,-130.35801350314176,-0.6372293762679853,0
1779-PWPMG,0.18396711637345114,1375.8000000000002,206.37000000000003,-130.4394123880218,-0.6320657672530977,0
1545-ACTAS,0.13630191835833683,1196.4,179.46,-130.53851546282576,-0.7273961632833263,0
2088-IEBAU,0.08858070947275909,1057.8000000000002,158.67000000000002,-130.55979765591465,-0.8228385810544818,0
8661-BOYNW,0.07000346634169431,1012.8000000000001,151.92000000000002,-130.6501467867396,-0.8599930673166114,0
5003-XZWWO,0.0686246833611257,1010.4000000000001,151.56,-130.75848597957557,-0.8627506332777485,0
4057-FKCZK,0.059707330139450565,990.0,148.5,-130.7669229485832,-0.8805853397210989,0
8631-NBHFZ,0.04213902173394226,952.8000000000001,142.92000000000002,-130.87498202756996,-0.9157219565321154,0
7109-CQYUZ,0.09251040869901027,1071.0,160.65,-130.926405685008,-0.8149791826019794,0
4994-OBRSZ,0.021838621405737866,913.1999999999999,136.98,-130.99709127968404,-0.9563227571885242,0
8336-TAVKX,0.036043733010039165,941.4000000000001,141.21,-131.03052892330476,-0.9279125339799218,0
6919-ELBGL,0.18332454226612868,1379.4,206.91,-131.04663791943062,-0.6333509154677426,0
0201-OAMXR,0.18467555992647763,1386.6,207.98999999999998,-131.1686605817838,-0.6306488801470446,0
3470-OBUET,0.007488282253636317,888.0,133.2,-131.20512160763127,-0.9850234354927273,0
8468-FZTOE,0.009637053573446502,892.1999999999999,133.82999999999998,-131.2505462405313,-0.980725892853107,0
8050-DVOJX,0.051707242251448786,976.1999999999999,146.42999999999998,-131.28701703424068,-0.8965855154971023,0
9974-JFBHQ,0.1321631384858961,1189.8000000000002,178.47000000000003,-131.29568934884426,-0.7356737230282078,0
0670-ANMUU,0.12642165109183956,1171.8000000000002,175.77,-131.32773277517472,-0.7471566978163209,0
6418-PIQSP,0.04955273185119579,972.0,145.79999999999998,-131.3504233921913,-0.9008945362976084,0
4671-VJLCL,0.04263482624904007,958.1999999999999,143.73,-131.47419284645093,-0.9147303475019198,0
9065-ZCPQX,0.036732172754888076,946.1999999999999,141.92999999999998,-131.50320544179746,-0.9265356544902239,0
1642-HMARX,0.10155483635556409,1100.4,165.06,-131.53471742230118,-0.7968903272888718,0
6741-QRLUP,0.04469411663622195,963.5999999999999,144.54,-131.61982476280096,-0.9106117667275562,0
6670-MFRPK,0.03832764014428756,950.4000000000001,142.56,-131.63202324206074,-0.923344719711425,0
5915-ANOEI,0.03782441373596764,949.8000000000001,142.47,-131.69231155007338,-0.9243511725280648,0
2330-PQGDQ,0.06549463980506756,1010.4000000000001,151.56,-131.70726478228792,-0.8690107203898648,0
0379-DJQHR,0.05007473370064868,976.1999999999999,146.42999999999998,-131.765113488428,-0.8998505325987026,0
8390-FESFV,0.06667593223875032,1014.0,152.1,-131.81718141297216,-0.8666481355224994,0
5736-YEJAX,0.03898925829205386,953.4000000000001,143.01000000000002,-131.85829234330677,-0.9220214834158923,0
0253-ZTEOB,0.03937242451079975,955.8000000000001,143.37,-132.08035099577327,-0.9212551509784004,0
8125-QPFJD,0.06783899671191317,1018.8000000000001,152.82,-132.08568904497085,-0.8643220065761736,0
8565-WUXZU,0.06715978112072894,1017.5999999999999,152.64,-132.13746201946387,-0.8656804377585422,0
6121-TNHBO,0.05761416289495436,996.0,149.4,-132.18488812698763,-0.8847716742100912,0
2388-LAESQ,0.18024752466461108,1378.1999999999998,206.72999999999996,-132.20485845216987,-0.6395049506707778,0
2990-OGYTD,0.07372248439636664,1033.8000000000002,155.07000000000002,-132.20570868931088,-0.8525550312072668,0
8853-TZDGH,0.1707547628587622,1339.1999999999998,200.87999999999997,-132.27756647386366,-0.6584904742824755,0
1555-DJEQW,0.17822788052615507,1370.4,205.56,-132.28695375808712,-0.6435442389476899,0
7860-UXCRM,0.006667790522958251,894.0,134.1,-132.3116985817426,-0.9866644189540836,0
5740-YHGTW,0.12318415361990512,1170.6,175.58999999999997,-132.3301889317617,-0.7536316927601898,0
0562-FGDCR,0.006815968481279734,894.5999999999999,134.18999999999997,-132.3607303789941,-0.9863680630374405,0
1088-AUUZZ,0.015058020589316509,910.1999999999999,136.52999999999997,-132.4182568978812,-0.969883958821367,0
3108-PCCGG,0.06436072838012212,1013.4000000000001,152.01000000000002,-132.44305135787528,-0.8712785432397556,0
5494-WOZRZ,0.05107904585867676,984.0,147.6,-132.5214656625186,-0.8978419082826464,0
9677-AVKED,0.06467128744429783,1015.1999999999999,152.27999999999997,-132.58371269596464,-0.8706574251114044,0
3134-DSHVC,0.12405344746167415,1176.0,176.4,-132.63394373552137,-0.7518931050766517,0
5914-XRFQB,0.1818257500671725,1389.6,208.43999999999997,-132.64048131199712,-0.636348499865655,0
9500-IWPXQ,0.03595698362127015,952.8000000000001,142.92000000000002,-132.64205580169616,-0.9280860327574597,0
1032-MAELW,0.03027606223605566,941.4000000000001,141.21,-132.65943450329317,-0.9394478755278887,0
9637-CDTKZ,0.17667935520327874,1369.1999999999998,205.37999999999997,-132.8071880567012,-0.6466412895934425,0
6999-CHVCF,0.13862010270311947,1225.1999999999998,183.77999999999997,-132.82879505044139,-0.722759794593761,0
1557-EMYVT,0.1791485170768993,1380.6,207.08999999999997,-132.89026719708983,-0.6417029658462013,0
2251-PYLPB,0.035408108243306965,954.5999999999999,143.18999999999997,-133.04982596128173,-0.929183783513386,0
5451-YHYPW,0.18069795714103837,1389.0,208.35,-133.05316125932933,-0.6386040857179234,0
8029-XYPWT,0.17869525639638936,1380.6,207.08999999999997,-133.07799870574343,-0.6426094872072212,0
8947-YRTDV,0.109201634837829,1137.6,170.64,-133.37166606254573,-0.7815967303243421,0
2516-XSJKX,0.027664278175838605,941.4000000000001,141.21,-133.39705455757968,-0.9446714436483229,0
9481-WHGWY,0.008120870057540334,904.1999999999999,135.63,-133.4271327881916,-0.9837582598849194,0
1187-WILMM,0.08540629537441913,1072.8000000000002,160.92000000000002,-133.43283789669695,-0.8291874092511617,0
5320-BRKGK,0.01093930543191268,909.5999999999999,136.43999999999997,-133.45488233373965,-0.9781213891361747,0
8295-KMENE,0.014558463314923867,917.4000000000001,137.61,-133.60321972646668,-0.9708830733701523,0
5684-FJVYR,0.08917441526398126,1084.1999999999998,162.62999999999997,-133.62512969123742,-0.8216511694720374,0
5855-EIBDE,0.1518520269801756,1279.8000000000002,191.97000000000003,-133.66793276123138,-0.6962959460396487,0
2235-EZAIK,0.03099918675159318,950.4000000000001,142.56,-133.72151187338577,-0.9380016264968137,0
8809-XKHMD,0.1305409148022653,1206.6,180.98999999999998,-133.736799659876,-0.7389181703954695,0
5980-BDHPY,0.07340453343467089,1045.1999999999998,156.77999999999997,-133.76327449622457,-0.8531909331306582,0
2226-ICFDO,0.06711650749762992,1030.8000000000002,154.62000000000003,-133.86489122143297,-0.8657669850047403,0
0436-TWFFZ,0.06379862599412651,1023.0,153.45,-133.87020168240255,-0.8724027480117469,0
1084-MNSMJ,0.06497362141465622,1026.0,153.9,-133.90111932856883,-0.8700527571706876,0
7508-DQAKK,0.06934796536589304,1036.8000000000002,155.52,-133.95000885259265,-0.861304069268214,0
2868-LLSKM,0.05510192026603642,1003.8000000000001,150.57,-133.97660773108578,-0.8897961594679271,0
7322-OCWHC,0.09985181748007717,1116.6,167.48999999999998,-134.04163818052373,-0.8002963650398457,0
5073-RZGBK,0.03482931271410718,960.5999999999999,144.08999999999997,-134.05288866204856,-0.9303413745717856,0
8975-SKGRX,0.17910719475864847,1393.1999999999998,208.97999999999996,-134.12035687867527,-0.6417856104827031,0
9073-ZZIAY,0.06646138745340166,1033.1999999999998,154.97999999999996,-134.3796283449436,-0.8670772250931967,0
3429-IFLEM,0.0173890667365453,928.1999999999999,139.23,-134.38784047654158,-0.9652218665269093,0
9339-FIIJL,0.06558151705772115,1031.4,154.71,-134.41776699199994,-0.8688369658845577,0
1599-MMYRQ,0.04149118286259453,977.4000000000001,146.61,-134.44395536103005,-0.917017634274811,0
7560-QJAVJ,0.030806326406556853,955.1999999999999,143.27999999999997,-134.45213910493703,-0.9383873471868862,0
7898-PDWQE,0.03533240525127283,964.8000000000001,144.72,-134.4933886240716,-0.9293351894974544,0
1725-IQNIY,0.15942017058010813,1317.0,197.54999999999998,-134.56309060379925,-0.6811596588397837,0
1480-BKXGA,0.17757234132691926,1392.6,208.89,-134.70382724043967,-0.6448553173461615,0
6950-TWMYB,0.0316843802502709,959.4000000000001,143.91,-134.79060167636703,-0.9366312394994583,0
6898-RBTLU,0.027768399410459367,951.5999999999999,142.73999999999998,-134.81267733630204,-0.9444632011790813,0
8100-PNJMH,0.07831313294740634,1066.1999999999998,159.92999999999998,-134.8807612954426,-0.8433737341051873,0
9844-FELAJ,0.1527253273141287,1294.8000000000002,194.22000000000003,-134.89537385809987,-0.6945493453717426,0
2661-GKBTK,0.012929564106529394,923.4000000000001,138.51000000000002,-134.92825215120925,-0.9741408717869412,0
4291-TPNFG,0.044560713983009044,987.5999999999999,148.14,-134.93755166111407,-0.9108785720339819,0
0123-CRBRT,0.07434098687401994,1057.1999999999998,158.57999999999996,-135.0020126030358,-0.8513180262519602,0
5680-LQOGP,0.044246023642117646,989.4000000000001,148.41,-135.27689526254665,-0.9115079527157648,0
1960-UOTYM,0.02544095122883998,950.4000000000001,142.56,-135.30627598563314,-0.9491180975423199,0
6963-EZQEE,0.0755164177233271,1062.6,159.39,-135.31687635815777,-0.8489671645533458,0
9135-MGVPY,0.05605635123417374,1016.4000000000001,152.46,-135.36729738167574,-0.8878872975316524,0
3146-MSEGF,0.07291401777992067,1056.6,158.48999999999998,-135.37771464412074,-0.8541719644401587,0
2898-MRKPI,0.12751157322282122,1212.6,181.89,-135.5038398930021,-0.7449768535543576,0
8085-MSNLK,0.1695675788863919,1367.4,205.11,-135.5499877892243,-0.6608648422272161,0
4423-JWZJN,0.08273304494525807,1083.0,162.45,-135.57003369728565,-0.8345339101094839,0
2272-JKMSI,0.16001607176495858,1329.6,199.43999999999997,-135.61278929439328,-0.6799678564700827,0
7101-HRBLJ,0.04983580375860557,1004.4000000000001,150.66,-135.64347561145698,-0.900328392482789,0
4782-OSFXZ,0.04426083017962213,992.4000000000001,148.86,-135.6826656389229,-0.9114783396407558,0
0383-CLDDA,0.05805263513193234,1024.1999999999998,153.62999999999997,-135.79274732936244,-0.8838947297361354,0
3253-HKOKL,0.12380925852399889,1203.6,180.54,-135.83495293215447,-0.7523814829520021,0
7544-ZVIKX,0.14077272652713135,1260.6,189.08999999999997,-135.85257028196943,-0.7184545469457372,0
5930-GBIWP,0.03664131814478743,978.0,146.7,-135.94943725631936,-0.9267173637104251,0
9924-JPRMC,0.18047390340320227,1418.4,212.76000000000002,-135.96474462386936,-0.6390521931935954,0
1576-PFZIW,0.14129620957894867,1264.1999999999998,189.62999999999997,-136.0419995550879,-0.7174075808421027,0
7971-HLVXI,0.05268170406653562,1014.0,152.1,-136.07422562295986,-0.8946365918669288,0
2167-FQSTQ,0.09079288291796095,1108.8000000000002,166.32000000000002,-136.11865542616948,-0.8184142341640781,0
9788-HNGUT,0.1766861802378944,1403.4,210.51000000000002,-136.1215843962417,-0.6466276395242111,0
4778-IZARL,0.1561121375139707,1321.1999999999998,198.17999999999998,-136.30339317496257,-0.6877757249720586,0
2987-BJXIK,0.05240908862531954,1016.4000000000001,152.46,-136.47942069636758,-0.895181822749361,0
8146-QQKZH,0.03660588350223231,982.1999999999999,147.32999999999998,-136.54371036723222,-0.9267882329955355,0
9298-WGMRW,0.17132611424803967,1386.0,207.9,-136.6626016956651,-0.6573477715039207,0
6885-PKOAM,0.0572938644434331,1029.0,154.35,-136.6633840463122,-0.8854122711131337,0
8060-HIWJJ,0.061357767013118604,1038.6,155.79,-136.6721469540525,-0.8772844659737628,0
3669-WHAFY,0.17023409639291356,1381.8000000000002,207.27,-136.70115768128161,-0.6595318072141728,0
8218-FFJDS,0.060437425571144864,1036.8000000000002,155.52,-136.7215431503511,-0.8791251488577102,0
4293-ETKAP,0.021478036375399256,952.8000000000001,142.92000000000002,-136.7807180824559,-0.9570439272492016,0
4973-MGTON,0.04964653265010514,1012.8000000000001,151.92000000000002,-136.83539751959208,-0.9007069346997898,0
1414-YADCW,0.05068398670666109,1015.1999999999999,152.27999999999997,-136.84368500861927,-0.8986320265866778,0
7609-YBPXG,0.0635673312204604,1045.1999999999998,156.77999999999997,-136.84782762251243,-0.8728653375590792,0
5781-BKHOP,0.1221885466110762,1207.8000000000002,181.17000000000002,-136.89620202094267,-0.7556229067778476,0
1492-KGETH,0.01433871514241397,940.1999999999999,141.02999999999997,-136.9856220069307,-0.9713225697151722,0
2121-JAFOM,0.17066317140653248,1386.6,207.98999999999998,-136.9975339583106,-0.658673657186935,0
8722-PRFDV,0.009279364226785191,930.5999999999999,139.58999999999997,-136.9993870951661,-0.9814412715464297,0
0248-PGHBZ,0.08832255950642744,1109.4,166.41,-137.01448574507083,-0.8233548809871452,0
6283-GITPX,0.0048426747226171666,922.8000000000001,138.42000000000002,-137.07935392979067,-0.9903146505547656,0
5681-LLOEI,0.08237173580235005,1095.0,164.25,-137.190884788928,-0.8352565283952998,0
1135-HIORI,0.15785588177047394,1337.4,200.61,-137.27506311605046,-0.6842882364590521,0
7998-WNZEM,0.026781281238283605,967.1999999999999,145.07999999999998,-137.3091434358996,-0.9464374375234328,0
0795-LAFGP,0.07794346753319917,1084.8000000000002,162.72000000000003,-137.35407792599568,-0.8441130649336016,0
9110-HSGTV,0.03715770301313078,989.4000000000001,148.41,-137.3808505916425,-0.9256845939737384,0
5485-ITNPC,0.05550561469321128,1030.8000000000002,154.62000000000003,-137.45544371227138,-0.8889887706135775,0
9711-FJTBX,0.055184734286423086,1030.1999999999998,154.52999999999997,-137.47460602143806,-0.8896305314271539,0
5321-NTRKC,0.021574692866424865,958.1999999999999,143.73,-137.5281387886175,-0.9568506142671502,0
8216-AZUUZ,0.11947814804002561,1204.8000000000002,180.72000000000003,-137.53581817241317,-0.7610437039199488,0
4024-CSNBY,0.09453039366598957,1131.0,169.65,-137.57583742912973,-0.8109392126680208,0
6701-YVNQG,0.06849441641547657,1064.4,159.66,-137.78836295021003,-0.8630111671690469,0
3571-DPYUH,0.09573853213774455,1136.4,170.46,-137.82081962360013,-0.8085229357245108,0
4531-AUZNK,0.09694854989915146,1141.8000000000002,171.27,-138.06124371754467,-0.8061029002016971,0
2863-IMQDR,0.0721437823319851,1075.8000000000002,161.37000000000003,-138.08631569017516,-0.8557124353360298,0
8984-HPEMB,0.17666920528401933,1423.8000000000002,213.57000000000002,-138.107515654984,-0.6466615894319614,0
6013-BHCAW,0.026377357728800357,972.0,145.79999999999998,-138.1083624862818,-0.9472452845423993,0
4816-OKWNX,0.12883923341567338,1240.8000000000002,186.12000000000003,-138.16088375334976,-0.7423215331686532,0
7432-FFVAR,0.07769368021500273,1091.4,163.71,-138.2715352240038,-0.8446126395699944,0
7663-YJHSN,0.1304690123501313,1247.4,187.11,-138.28588619833386,-0.7390619752997373,0
2530-FMFXO,0.12730344859685958,1238.4,185.76000000000002,-138.46422277729476,-0.7453931028062809,0
7503-MIOGA,0.07169748163277352,1078.1999999999998,161.72999999999996,-138.53873259106305,-0.856605036734453,0
5997-OPVFA,0.0678145811044191,1068.6,160.29,-138.55000158954533,-0.8643708377911619,0
0580-PIQHM,0.12099661627326116,1219.1999999999998,182.87999999999997,-138.62427763189197,-0.7580067674534776,0
5248-KWLAR,0.07352573231692824,1084.1999999999998,162.62999999999997,-138.71502030659587,-0.8529485353661435,0
1832-PEUTS,0.06736669787780138,1069.1999999999998,160.37999999999997,-138.7714579887164,-0.8652666042443973,0
2234-XADUH,0.12571342162980523,1238.4,185.76000000000002,-139.0549495960948,-0.7485731567403896,0
7401-JIXNM,0.07690647941468745,1095.6,164.33999999999997,-139.0623783459805,-0.846187041170625,0
3301-VKTGC,0.048190829875422454,1026.0,153.9,-139.06686256434497,-0.9036183402491551,0
0019-EFAEP,0.11852802567209325,1215.6,182.33999999999997,-139.115199597901,-0.7629439486558135,0
3071-MVJCD,0.030428580744623266,987.5999999999999,148.14,-139.124620096983,-0.9391428385107534,0
3638-VBZTA,0.053113309563018636,1038.0,155.7,-139.160515402076,-0.8937733808739627,0
6916-HIJSE,0.04431123300646059,1018.1999999999999,152.73,-139.19469076584653,-0.9113775339870788,0
2400-XIWIO,0.07052829523666294,1081.1999999999998,162.17999999999998,-139.303442157036,-0.8589434095266741,0
3938-YFPXD,0.040663160783345476,1011.5999999999999,151.73999999999998,-139.3995439654703,-0.9186736784333089,0
8465-SBRXP,0.09188666662979576,1138.8000000000002,170.82000000000002,-139.4278392125966,-0.8162266667404086,0
6258-PVZWJ,0.07322751984798567,1089.6,163.43999999999997,-139.5033883120904,-0.8535449603040286,0
3398-GCPMU,0.06716364919769532,1074.6,161.18999999999997,-139.53778277164696,-0.8656727016046094,0
8433-WPJTV,0.12683996469827388,1246.8000000000002,187.02,-139.57677960425764,-0.7463200706034522,0
1431-AIDJQ,0.02744707731909885,985.1999999999999,147.77999999999997,-139.6677418275671,-0.9451058453618023,0
8414-OOEEL,0.011848664596453758,954.0,143.1,-139.70891219249492,-0.9763026708070924,0
9435-JMLSX,0.04889406061662844,1033.1999999999998,154.97999999999996,-139.82479697126982,-0.9022118787667431,0
0197-PNKNK,0.03970586320494753,1013.4000000000001,152.01000000000002,-139.93862346843187,-0.920588273590105,0
9541-ZPSEA,0.015349477189544335,964.1999999999999,144.63,-140.1900102281524,-0.9693010456209114,0
3166-PNEOF,0.04921249230419082,1037.4,155.61,-140.29408814508975,-0.9015750153916183,0
1298-PHBTI,0.04018131178448312,1017.5999999999999,152.64,-140.373449138433,-0.9196373764310338,0
5766-FTRTS,0.038264616371796505,1013.4000000000001,152.01000000000002,-140.37679133064645,-0.9234707672564071,0
3649-JPUGY,0.05982032912927242,1063.1999999999998,159.47999999999996,-140.39970782092723,-0.8803593417414551,0
9488-FVZCC,0.009084882769102203,954.0,143.1,-140.49990655148295,-0.9818302344617956,0
8883-ANODQ,0.03697724274414788,1012.8000000000001,151.92000000000002,-140.68483456461811,-0.9260455145117041,0
8628-MFKAX,0.1651174400555796,1401.0,210.15,-140.7511399446399,-0.6697651198888408,0
7055-JCGNI,0.15075307521769593,1343.4,201.51000000000002,-140.7534956257642,-0.6984938495646081,0
5751-USDBL,0.01725690271776778,972.0,145.79999999999998,-140.76788716749888,-0.9654861945644644,0
6614-FHDBO,0.14183896640082871,1310.4,196.56,-140.80026552850623,-0.7163220671983427,0
6650-BWFRT,0.16608873690712703,1405.8000000000002,210.87000000000003,-140.82373609678825,-0.6678225261857459,0
4723-BEGSG,0.048460495347222014,1039.8000000000002,155.97000000000003,-140.8532330813876,-0.9030790093055561,0
8645-KOMJQ,0.022416007670664692,983.4000000000001,147.51000000000002,-140.89682941700053,-0.9551679846586707,0
7301-ABVAD,0.047928388281176404,1039.1999999999998,155.87999999999997,-140.93784566946042,-0.9041432234376472,0
3654-ARMGP,0.05823183033555928,1063.8000000000002,159.57000000000002,-140.98589366670961,-0.8835363393288813,0
8869-LIHMK,0.1596893086759279,1381.1999999999998,207.17999999999998,-141.0111380570425,-0.6806213826481442,0
7579-KKLOE,0.07053740514099678,1095.0,164.25,-141.07846241118256,-0.8589251897180065,0
5879-HMFFH,0.05464977382963634,1056.6,158.48999999999998,-141.16711469148186,-0.8907004523407274,0
6461-SZMCV,0.05371276131534976,1055.4,158.31,-141.30346551233396,-0.8925744773693005,0
5248-YGIJN,0.06503244411563046,1083.0,162.45,-141.32095890683166,-0.8699351117687392,0
3486-HOOGQ,0.007318736634645268,956.4000000000001,143.46,-141.36010808478758,-0.9853625267307095,0
9959-WOFKT,0.13194387969686178,1280.4,192.06,-141.37771693084144,-0.7361122406062763,0
0013-SMEOE,0.1417657882710175,1316.4,197.46,-141.47385489600978,-0.716468423457965,0
7037-MTYVW,0.03963952175975448,1024.8000000000002,153.72000000000003,-141.53322543018112,-0.9207209564804911,0
9570-KYEUA,0.10348337062536536,1191.0,178.65,-141.67539167555697,-0.7930332587492693,0
5376-PCKNB,0.12285374677136568,1253.4,188.01000000000002,-141.81453413903108,-0.7542925064572686,0
1027-LKKQQ,0.010114481779480648,965.4000000000001,144.81,-141.88064378702683,-0.9797710364410388,0
4006-HKYHO,0.04472799388902429,1040.4,156.06,-142.09949854735774,-0.9105440122219515,0
9530-GRMJG,0.030511515521230107,1009.1999999999999,151.38,-142.14233356079237,-0.9389769689575398,0
9453-PATOS,0.03577934895938588,1021.1999999999999,153.17999999999998,-142.21863865280253,-0.9284413020812282,0
1131-SUEKT,0.0985525961737236,1181.4,177.21,-142.28098886410888,-0.8028948076525527,0
2696-ECXKC,0.10821626084311858,1210.8000000000002,181.62000000000003,-142.31152541134563,-0.7835674783137628,0
6439-PKTRR,0.00992174450231954,968.4000000000001,145.26000000000002,-142.37753478718614,-0.9801565109953608,0
1951-IEYXM,0.06341864293500225,1087.1999999999998,163.07999999999996,-142.39537542031962,-0.8731627141299955,0
4900-MSOMT,0.006566687665455779,962.4000000000001,144.36,-142.46406593722963,-0.9868666246690886,0
3655-SNQYZ,0.1504941676809968,1359.0,203.85,-142.4935278364576,-0.6990116646380063,0
0479-HMSWA,0.12455101838005803,1265.4,189.81,-142.52794240256236,-0.7508979632398839,0
1568-LJSZU,0.0703346484414369,1106.4,165.96,-142.61452348931826,-0.8593307031171261,0
4884-TVUQF,0.10877161280108107,1215.6,182.33999999999997,-142.67316824370172,-0.7824567743978378,0
3841-NFECX,0.08851330294616293,1156.1999999999998,173.42999999999998,-142.72827574009392,-0.8229733941076742,0
2368-GAKKQ,0.15103496641117997,1363.8000000000002,204.57000000000002,-142.77555384252983,-0.6979300671776401,0
2977-CEBSX,0.05932071906839982,1080.6,162.08999999999997,-142.85940929240613,-0.8813585618632004,0
9823-EALYC,0.008963964171942652,970.1999999999999,145.52999999999997,-142.92094858811436,-0.9820720716561148,0
1971-DTCZB,0.06346082944474997,1091.4,163.71,-142.93165522319998,-0.8730783411105001,0
5457-COLHT,0.007468541357909821,967.8000000000001,145.17000000000002,-143.00158370214447,-0.9850629172841803,0
0744-BIKKF,0.0414472505876634,1039.8000000000002,155.97000000000003,-143.0409446516843,-0.9171054988246732,0
6103-LIANB,0.10054041058822212,1194.0,179.1,-143.08642492729882,-0.7989191788235557,0
3050-RLLXC,0.010616371670136968,975.0,146.25,-143.14471128648495,-0.9787672566597262,0
2790-XUYMV,0.03421990083260568,1025.4,153.81,-143.28327410587383,-0.9315601983347885,0
1227-UDMZR,0.06329738890517958,1093.8000000000002,164.07000000000002,-143.2995948046544,-0.8734052221896408,0
8374-UULRV,0.03722705539188434,1032.6,154.89,-143.35780278070206,-0.9255458892162314,0
5183-KLYEM,0.1467140811199974,1353.0,202.95,-143.39875447339304,-0.7065718377600052,0
9227-YBAXE,0.01694782100759346,990.0,148.5,-143.46649716074475,-0.9661043579848131,0
6242-SGYTS,0.08019766121019223,1139.4,170.91,-143.4968354451321,-0.8396046775796155,0
7923-IYJWY,0.1566478682991723,1393.1999999999998,208.97999999999996,-143.50745696567793,-0.6867042634016555,0
0988-AADSA,0.006701255786537918,970.1999999999999,145.52999999999997,-143.57953249077025,-0.9865974884269242,0
0839-JTCUD,0.056204777337804865,1078.8000000000002,161.82000000000002,-143.62988586239285,-0.8875904453243902,0
0254-FNMCI,0.13687230585587137,1318.8000000000002,197.82000000000002,-143.66784091118308,-0.7262553882882573,0
6719-FGEDO,0.08842113787546402,1164.0,174.6,-143.72333865388796,-0.823157724249072,0
2000-DHJUY,0.06667320573102577,1106.4,165.96,-143.82982955375792,-0.8666535885379484,0
9778-OGKQZ,0.06570403959616587,1104.0,165.6,-143.83882208574985,-0.8685919208076682,0
2225-ZRGSG,0.07421982878358974,1126.8000000000002,169.02,-143.93072907799532,-0.8515603424328204,0
9114-DPSIA,0.006401005711360028,972.0,145.79999999999998,-143.9334667345674,-0.9871979885772799,0
6161-ERDGD,0.03163227588281458,1025.4,153.81,-144.0792792929286,-0.9367354482343709,0
6736-DHUQI,0.027942894826573434,1017.5999999999999,152.64,-144.10959306734364,-0.9441142103468531,0
3186-AJIEK,0.12102330920231176,1267.8000000000002,190.17000000000002,-144.13999457799275,-0.7579533815953765,0
7929-SKFGK,0.1494906950085202,1371.6,205.73999999999998,-144.2275688178941,-0.7010186099829596,0
2057-BOYKM,0.08518305914282039,1159.1999999999998,173.87999999999997,-144.25673935249276,-0.8296338817143593,0
2194-IIQOF,0.05062628470215221,1071.6,160.73999999999998,-144.4646619939521,-0.8987474305956956,0
3219-JQRSL,0.04952583282164437,1069.1999999999998,160.37999999999997,-144.49409386412933,-0.9009483343567113,0
6695-AMZUF,0.03504985913818103,1037.4,155.61,-144.70178283901532,-0.929900281723638,0
1043-UXOVO,0.14474465166971,1357.8000000000002,203.67000000000002,-144.70971358886032,-0.71051069666058,0
9715-WZCLW,0.08640386108741877,1166.4,174.96,-144.72556092829043,-0.8271922778251625,0
2205-LPVGL,0.052380437056024035,1078.1999999999998,161.72999999999996,-144.78702382985844,-0.895239125887952,0
1568-BEKZM,0.053322477308114555,1080.6,162.08999999999997,-144.8039193062554,-0.893355045383771,0
1775-KWJKQ,0.051446396477564334,1078.1999999999998,161.72999999999996,-145.08914859536702,-0.8971072070448715,0
3544-FBCAS,0.01734608357373884,1003.1999999999999,150.48,-145.25952268764755,-0.9653078328525223,0
3244-CQPHU,0.13323921393936144,1321.1999999999998,198.17999999999998,-145.3693051629947,-0.7335215721212771,0
1017-FBQMM,0.11913584316517513,1272.6,190.89,-145.40631779639943,-0.7617283136696498,0
4827-DPADN,0.014895402159068679,999.5999999999999,149.93999999999997,-145.47316680053845,-0.9702091956818626,0
6234-RAAPL,0.09542296704262483,1198.8000000000002,179.82000000000002,-145.50208413279043,-0.8091540659147504,0
7472-EQOAV,0.033369585860798974,1040.4,156.06,-145.64468486112742,-0.933260828278402,0
0320-DWVTU,0.09335150484081911,1194.0,179.1,-145.6614909660186,-0.8132969903183618,0
7408-OFWXJ,0.04942141725496807,1077.6,161.64,-145.66304422981392,-0.901157165490064,0
4304-TSPVK,0.14782563877929128,1378.8000000000002,206.82000000000002,-145.67340277533395,-0.7043487224414173,0
6656-GULJQ,0.015560321565710416,1002.5999999999999,150.39,-145.7097664794656,-0.9688793568685791,0
0378-CJKPV,0.13876773104644816,1345.1999999999998,201.77999999999997,-145.77889445889537,-0.7224645379071037,0
1150-FTQGN,0.06989252138696221,1129.8000000000002,169.47000000000003,-145.78062880110306,-0.8602149572260757,0
0036-IHMOT,0.10938422359621928,1244.4,186.66,-145.8246816470594,-0.7812315528075614,0
2404-JIBFC,0.023470834117702993,1021.1999999999999,153.17999999999998,-145.9894752597005,-0.9530583317645941,0
5788-YPOEG,0.021246127670432144,1017.0,152.54999999999998,-146.06780644775114,-0.9575077446591357,0
6901-GOGZG,0.02211191324684157,1019.4000000000001,152.91,-146.1477346908509,-0.9557761735063168,0
5204-HMGYF,0.03413828310199339,1046.4,156.96,-146.24331016862223,-0.9317234337960132,0
7975-JMZNT,0.05630056819674105,1100.4,165.06,-146.47405642689185,-0.8873988636065179,0
7359-WWYJV,0.14446867346992573,1373.4,206.01000000000002,-146.4860171569212,-0.7110626530601485,0
9742-XOKTS,0.04540473276380579,1074.6,161.18999999999997,-146.55242225160427,-0.9091905344723885,0
6242-FEGFD,0.07849841958183526,1159.1999999999998,173.87999999999997,-146.58138960622094,-0.8430031608363294,0
7873-CVMAW,0.04008865644385988,1062.6,159.39,-146.61053809882634,-0.9198226871122802,0
7398-HPYZQ,0.04992903309051809,1086.6,162.98999999999998,-146.71413379315288,-0.9001419338189638,0
5982-PSMKW,0.05240879673533799,1093.1999999999998,163.97999999999996,-146.7920110226785,-0.895182406529324,0
5214-NLTIT,0.05072308656854436,1089.6,163.43999999999997,-146.85963746247418,-0.8985538268629112,0
3889-VWBID,0.007538104984551727,994.1999999999999,149.13,-146.8816848073076,-0.9849237900308966,0
7711-YIJWC,0.019044121112805564,1018.8000000000001,152.82,-146.99935482308211,-0.961911757774389,0
0218-QNVAS,0.09369116427058963,1206.6,180.98999999999998,-147.07567235733194,-0.8126176714588207,0
2725-TTRIQ,0.014364498748232956,1010.4000000000001,151.56,-147.20583313943564,-0.9712710025035342,0
4419-UJMUS,0.08830718391314847,1192.1999999999998,178.82999999999996,-147.2460526016233,-0.8233856321737031,0
8197-BFWVU,0.05906301286228853,1119.0,167.85,-148.02254658212973,-0.8818739742754229,0
6837-HAEVO,0.10837012080110249,1260.0,189.0,-148.03609433718327,-0.783259758397795,0
0961-ZWLVI,0.12337869717806413,1310.4,196.56,-148.05736656535942,-0.7532426056438717,0
9297-EONCV,0.04948845904929467,1096.1999999999998,164.42999999999998,-148.15522535704895,-0.9010230819014108,0
5377-NDTOU,0.047514391609222044,1092.6,163.89,-148.31573271832917,-0.9049712167815558,0
4701-LKOZD,0.03978498091189554,1077.0,161.54999999999998,-148.69547266736654,-0.9204300381762089,0
1004-NOZNR,0.06413094481360171,1137.6,170.64,-148.753391154014,-0.8717381103727966,0
2176-LVPNX,0.039496732615337385,1078.1999999999998,161.72999999999996,-148.95438686824292,-0.9210065347693251,0
8413-YNHNV,0.04333825525795793,1087.8000000000002,163.17000000000002,-149.02699377911802,-0.913323489484084,0
6265-SXWBU,0.06740973548181611,1149.0,172.35,-149.113864179418,-0.8651805290363678,0
2211-RMNHO,0.013821610506314919,1023.5999999999999,153.54,-149.29565984572082,-0.9723567789873703,0
3262-EIDHV,0.010098488002367458,1016.4000000000001,152.46,-149.38076903831814,-0.9798030239952652,0
8174-TBVCF,0.06215207945549734,1137.6,170.64,-149.42873832342786,-0.8756958410890053,0
8849-PRIQJ,0.12056626630345363,1312.8000000000002,196.92000000000002,-149.43618167904782,-0.7588674673930926,0
4713-ZBURT,0.08316332617580371,1196.4,179.46,-149.61101896898055,-0.8336733476483926,0
0906-QVPMS,0.13871595599498038,1381.8000000000002,207.27,-149.76668760184083,-0.7225680880100391,0
1498-NHTLT,0.020373004694931446,1041.0,156.15,-149.7875106337729,-0.959253990610137,0
2378-YIZKA,0.01046328593236275,1020.0,153.0,-149.798234504697,-0.9790734281352745,0
3508-CFVZL,0.1252734230393144,1335.6,200.33999999999997,-150.1454448566075,-0.7494531539213712,0
3967-KXAPS,0.04681693126502994,1107.6,166.14,-150.58367007925585,-0.9063661374699402,0
3084-DOWLE,0.04518431362126242,1104.0,165.6,-150.6349553286379,-0.9096313727574752,0
7176-WRTNX,0.13554584229951835,1379.4,206.91,-150.8184195396133,-0.7289083154009632,0
1297-VQDRP,0.10899822262048794,1285.8000000000002,192.87000000000003,-150.825025606373,-0.782003554759024,0
9391-LMANN,0.06292099530344307,1151.4,172.71,-150.9758298022847,-0.8741580093931138,0
6994-FGRHH,0.10481758806471775,1273.8000000000002,191.07000000000002,-151.01500689694876,-0.7903648238705644,0
6479-VDGRK,0.006817428121014102,1023.5999999999999,153.54,-151.446504172599,-0.9863651437579719,0
3865-YIOTT,0.10327173556468064,1273.1999999999998,190.97999999999996,-151.53432788371455,-0.7934565288706388,0
6997-UVGOX,0.007265276308838655,1025.4,153.81,-151.57505570187504,-0.9854694473823227,0
8580-QVLOC,0.04406606612374204,1109.4,166.41,-151.74393187269618,-0.9118678677525159,0
9746-MDMBK,0.12815185169496687,1361.4,204.21,-151.87022073074164,-0.7436962966100663,0
1090-ESELR,0.09987521252531811,1266.0,189.9,-151.9673942828842,-0.8002495749493638,0
3096-WPXBT,0.08062141868497012,1208.4,181.26000000000002,-152.03312329832465,-0.8387571626300598,0
2931-XIQBR,0.09008090927490271,1236.6,185.48999999999998,-152.07178427719657,-0.8198381814501945,0
0363-SVHYR,0.011927551696758893,1042.1999999999998,156.32999999999996,-152.60073168649132,-0.9761448966064822,0
4077-HWUYD,0.015377527853480344,1050.6,157.58999999999997,-152.74331077114005,-0.9692449442930393,0
2885-HIJDH,0.011369836499318178,1042.8000000000002,156.42000000000002,-152.8630603495533,-0.9772603270013636,0
1442-OKRJE,0.08825682950283018,1237.8000000000002,185.67000000000002,-152.89670893241907,-0.8234863409943397,0
0853-TWRVK,0.09779557480973236,1267.1999999999998,190.07999999999996,-152.90203428033212,-0.8044088503805353,0
7940-UQQUG,0.09311563448025663,1252.8000000000002,187.92000000000002,-152.92341993694038,-0.8137687310394868,0
4627-MIHJH,0.11456476550124654,1323.0,198.45,-152.97924457255525,-0.770870468997507,0
5578-NKCXI,0.07164868683341276,1191.0,178.65,-153.04992419442164,-0.8567026263331745,0
8513-OLYGY,0.13284535881511053,1389.6,208.43999999999997,-153.0594268171567,-0.7343092823697789,0
3779-OSWCF,0.04324410294905494,1118.4,167.76000000000002,-153.25073857853312,-0.9135117941018902,0
8213-TAZPM,0.10706185891381594,1305.0,195.75,-153.83528223524107,-0.7858762821723682,0
9224-VTYID,0.02781896359411257,1086.0,162.9,-153.83658166103814,-0.9443620728117749,0
2990-IAJSV,0.035132841387908384,1104.0,165.6,-153.96400293232475,-0.9297343172241833,0
7765-LWVVH,0.049943956921180206,1141.1999999999998,171.17999999999998,-154.08118690846473,-0.9001120861576396,0
7710-JSYOA,0.041040744571122806,1119.6,167.93999999999997,-154.15523471345125,-0.9179185108577544,0
8690-ZVLCL,0.012118482299696932,1056.0,158.4,-154.56086480745603,-0.9757630354006062,0
5887-IKKYO,0.044709172023250934,1132.1999999999998,169.82999999999996,-154.64408263058255,-0.9105816559534982,0
7572-KPVKK,0.08645656600642711,1248.6,187.29,-154.90509950531253,-0.8270868679871458,0
6365-HITVU,0.0067338628321827005,1047.0,157.04999999999998,-154.9348936844114,-0.9865322743356346,0
2521-NPUZR,0.07344510468076872,1212.0,181.79999999999998,-155.09535993807248,-0.8531097906384626,0
6369-MCAKO,0.015833389107839692,1068.6,160.29,-155.21413211980874,-0.9683332217843206,0
7641-TQFHN,0.07100220121388261,1206.6,180.98999999999998,-155.28862320459876,-0.8579955975722349,0
9415-ZNBSX,0.014911126440865466,1068.0,160.2,-155.4224750883467,-0.970177747118269,0
6244-BESBM,0.04549025387037621,1142.4,171.36,-155.76958019354467,-0.9090194922592475,0
9777-IQHWP,0.036632417164930105,1120.8000000000002,168.12000000000003,-155.80271605246392,-0.9267351656701397,0
4525-VZCZG,0.09108094452683302,1270.1999999999998,190.52999999999997,-155.82269527860498,-0.817838110946334,0
0020-INWCK,0.04767443302871367,1149.0,172.35,-155.91662293500238,-0.9046511339425726,0
7182-OVLBJ,0.07172595488749453,1213.8000000000002,182.07000000000002,-155.95171078726776,-0.8565480902250109,0
6408-WHTEF,0.014417146400938536,1072.8000000000002,160.92000000000002,-156.27998560232194,-0.9711657071981229,0
2925-VDZHY,0.010516670546158608,1064.4,159.66,-156.30181676120063,-0.9789666589076828,0
1063-DHQJF,0.02875080744474734,1105.8000000000002,165.87000000000003,-156.33220713827956,-0.9424983851105053,0
8670-MEFCP,0.03217534785134572,1114.8000000000002,167.22000000000003,-156.45927666459596,-0.9356493042973085,0
1936-UAFEH,0.10569462780328844,1323.0,198.45,-156.49980222487483,-0.7886107443934232,0
8024-XNAFQ,0.09514233346037107,1288.8000000000002,193.32000000000002,-156.53416819088216,-0.8097153330792579,0
3552-CTCYF,0.08466089386986951,1257.6,188.64,-156.69913796077563,-0.8306782122602611,0
9548-ZMVTX,0.018686138215858798,1085.4,162.81,-156.72541967415205,-0.9626277235682823,0
6904-JLBGY,0.12815183728722865,1408.1999999999998,211.22999999999996,-157.09097481963735,-0.7436963254255426,0
0016-QLJIS,0.016975198253367876,1085.4,162.81,-157.28253594473836,-0.9660496034932643,0
5574-NXZIU,0.09987236104302448,1310.4,196.56,-157.29817742676622,-0.800255277913951,0
7164-BPTUT,0.011745767312185247,1074.6,161.18999999999997,-157.4033995338977,-0.9765084653756295,0
1897-OKVMW,0.017055625728243335,1087.1999999999998,163.07999999999996,-157.51713711247612,-0.9658887485435134,0
8670-ERCJH,0.11385483726962474,1360.8000000000002,204.12000000000003,-157.63990123304842,-0.7722903254607505,0
6122-LJADA,0.014216210012482128,1081.8000000000002,162.27,-157.65627120254905,-0.9715675799750357,0
5248-RPYWW,0.01420501982532616,1081.8000000000002,162.27,-157.65990286588865,-0.9715899603493476,0
5989-AXPUC,0.13065568040345507,1423.1999999999998,213.47999999999996,-157.6952506949408,-0.7386886391930899,0
3963-RYFNS,0.12320709062637655,1397.4,209.61,-157.95912346761042,-0.7535858187472468,0
7973-DZRKH,0.017087563606227214,1091.4,163.71,-158.1151899240491,-0.9658248727875457,0
4868-AADLV,0.12207794830686797,1395.0,209.25,-158.16037863357576,-0.7558441033862641,0
9348-ROUAI,0.013339060822450597,1083.6,162.54,-158.20373810783775,-0.9733218783550988,0
9489-JMTTN,0.010036444026276093,1077.0,161.54999999999998,-158.30722493511018,-0.9799271119474479,0
0238-WHBIQ,0.009566837032102678,1076.4,161.46,-158.3706769855934,-0.9808663259357946,0
4674-HGNUA,0.01028825710565042,1078.8000000000002,161.82000000000002,-158.4903084703273,-0.9794234857886991,0
9402-ROUMJ,0.060787296069136486,1203.0,180.45,-158.51186484864863,-0.878425407861727,0
5117-ZSMHQ,0.010096864977080471,1078.8000000000002,161.82000000000002,-158.5522506188177,-0.9798062700458391,0
3508-VLHCZ,0.012969409802169162,1086.6,162.98999999999998,-158.76223179268888,-0.9740611803956617,0
7446-KQISO,0.09785806111231314,1317.0,197.54999999999998,-158.88628005452506,-0.8042838777753737,0
5149-QYTTU,0.035770306400837414,1141.8000000000002,171.27,-159.01723924545715,-0.9284593871983251,0
3392-EHMNK,0.030301702811501595,1129.1999999999998,169.37999999999997,-159.11499515557568,-0.9393965943769967,0
5727-MYATE,0.0127614964147885,1089.6,163.43999999999997,-159.2685220519339,-0.974477007170423,0
0730-BGQGF,0.010032946715235913,1083.6,162.54,-159.2784896818111,-0.9799341065695282,0
2830-LEWOA,0.07220719890859251,1246.8000000000002,187.02,-160.01161932023007,-0.855585602182815,0
3569-JFODW,0.009598231948082504,1091.4,163.71,-160.56734689555884,-0.9808035361038351,0
6465-GSRCL,0.08047719099575801,1279.1999999999998,191.87999999999997,-160.99607318346787,-0.839045618008484,0
3227-WLKLI,0.011319569442539859,1098.6,164.79,-161.0592963031277,-0.9773608611149203,0
8639-NHQEI,0.03300793191701208,1150.8000000000002,172.62000000000003,-161.22434158497077,-0.9339841361659758,0
4718-WXBGI,0.012559908871898508,1103.4,165.51000000000002,-161.3524189652242,-0.9748801822562031,0
3324-OIRTO,0.07090450602933483,1255.8000000000002,188.37000000000003,-161.65743639850842,-0.8581909879413303,0
9938-TKDGL,0.048049048049102365,1194.6,179.18999999999997,-161.97018216016266,-0.9039019039017953,0
4129-LYCOI,0.06725055250958444,1248.0,187.2,-162.0213931404116,-0.8654988949808312,0
0960-HUWBM,0.06728025520976243,1249.1999999999998,187.37999999999997,-162.1660515575894,-0.8654394895804752,0
3258-SYSWS,0.10406042572804118,1365.6,204.83999999999997,-162.20852478773605,-0.7918791485439176,0
9053-JZFKV,0.11129514101558981,1394.4,209.16,-162.60301661035845,-0.7774097179688203,0
8454-AATJP,0.10720231201718683,1380.6,207.08999999999997,-162.68894640872153,-0.7855953759656263,0
5056-FIMPT,0.0735050719944779,1272.0,190.79999999999998,-162.75046452690722,-0.8529898560110443,0
8561-NMTBD,0.0963832528830965,1348.1999999999998,202.22999999999996,-163.24682953890277,-0.8072334942338071,0
0572-ZJKLT,0.04394255671602461,1195.8000000000002,179.37000000000003,-163.60604720369335,-0.9121148865679507,0
0244-LGNFY,0.009305297805953081,1111.8000000000002,166.77,-163.66631096980242,-0.9813894043880939,0
6616-AALSR,0.0635123491651729,1251.6,187.73999999999998,-163.89238313546088,-0.8729753016696543,0
7730-CLDSV,0.038275868361644996,1183.8000000000002,177.57000000000002,-163.97670811004542,-0.92344826327671,0
1830-GGFNM,0.016655176027241116,1134.6,170.18999999999997,-164.52091118384763,-0.9666896479455177,0
0864-FVJNJ,0.09580405704085253,1360.1999999999998,204.02999999999997,-164.9361964839097,-0.8083918859182949,0
1930-QPBVZ,0.017274271670427565,1141.1999999999998,171.17999999999998,-165.2659803509124,-0.9654514566591449,0
0862-PRCBS,0.05746818623096398,1245.0,186.75,-165.28563244273496,-0.8850636275380721,0
3230-JCNZS,0.036157538366304275,1188.0,178.2,-165.31345332624915,-0.9276849232673915,0
3133-PZNSR,0.02844308675432711,1173.0,175.95,-165.9408777711523,-0.9431138264913458,0
5153-LXKDT,0.07991687077377367,1322.4,198.36,-166.6553790266285,-0.8401662584524526,0
6993-YCOBK,0.07994391194282666,1327.1999999999998,199.07999999999996,-167.2495320208441,-0.8401121761143466,0
4827-LTQRJ,0.07993267299446573,1327.1999999999998,199.07999999999996,-167.2540069205235,-0.8401346540110686,0
8707-HOEDG,0.07734566510478459,1322.4,198.36,-167.67542773962987,-0.8453086697904308,0
3363-DTIVD,0.05847738573735049,1266.6,189.98999999999998,-167.76976296752153,-0.883045228525299,0
0266-CLZKZ,0.05816505902042004,1267.8000000000002,190.17000000000002,-168.04750145217346,-0.88366988195916,0
2056-EVGZL,0.05825589845751714,1269.0,190.35,-168.17197945722322,-0.8834882030849657,0
8659-IOOPU,0.032528802282690054,1205.4,180.81,-169.04693451853362,-0.9349423954346199,0
4815-YOSUK,0.05152283304670377,1258.8000000000002,188.82000000000002,-169.36291732824282,-0.8969543339065925,0
1090-PYKCI,0.052351327576252805,1261.1999999999998,189.17999999999998,-169.37235169824896,-0.8952973448474943,0
9625-QNLUX,0.043848582089978605,1239.0,185.85,-169.55148203715495,-0.9123028358200428,0
0401-WDBXM,0.05277143463021185,1266.6,189.98999999999998,-169.9379102692121,-0.8944571307395763,0
2927-CVULT,0.04498831591102484,1248.6,187.29,-170.43827662604832,-0.9100233681779504,0
3612-YUNGG,0.06289073774691831,1310.4,196.56,-171.83639317693147,-0.8742185245061633,0
6463-HHXJR,0.024744413793824846,1206.0,180.9,-171.94747108939418,-0.9505111724123504,0
5696-CEIQJ,0.0341329502467401,1237.8000000000002,185.67000000000002,-172.99507025537554,-0.9317340995065198,0
4378-MYPGO,0.041985418148894574,1263.0,189.45,-173.54172506338384,-0.9160291637022109,0
1163-VIPRI,0.057851342745908044,1311.6,196.73999999999998,-173.9766536563401,-0.8842973145081839,0
5965-GGPRW,0.04028376226010604,1263.0,189.45,-174.1864824796458,-0.9194324754797879,0
1320-GVNHT,0.052973534510613915,1300.8000000000002,195.12000000000003,-174.44760789257805,-0.8940529309787721,0
4616-ULAOA,0.061671312773801494,1329.6,199.43999999999997,-174.84054676078603,-0.876657374452397,0
5514-YQENT,0.06303336449415625,1333.8000000000002,200.07000000000002,-174.84782953130835,-0.8739332710116876,0
9028-LIHRP,0.01514499366840246,1202.4,180.36,-174.8968978839339,-0.9697100126631951,0
5453-YBTWV,0.01931582633738822,1213.1999999999998,181.97999999999996,-174.94981184624416,-0.9613683473252236,0
8466-PZBLH,0.03428489428622036,1255.1999999999998,188.27999999999997,-175.36968020758084,-0.9314302114275593,0
6374-NTQLP,0.031998792217579966,1249.1999999999998,187.37999999999997,-175.3881326285397,-0.93600241556484,0
8901-UPRHR,0.05306324242024336,1310.4,196.56,-175.69977813975393,-0.8938735151595133,0
3407-JMJQQ,0.05170598682044816,1308.0,196.2,-175.91057077165613,-0.8965880263591036,0
3022-BEXHZ,0.060426246011974646,1334.4,200.16,-175.9701651964863,-0.8791475079760507,0
3766-EJLFL,0.049203346260312364,1308.6,196.29,-176.97375032512656,-0.9015933074793753,0
8915-NNTRC,0.043105225164040986,1292.4,193.86,-177.14724209939806,-0.913789549671918,0
2664-XJZNO,0.030848024407596996,1258.8000000000002,188.82000000000002,-177.1705520627151,-0.938303951184806,0
2984-TBYKU,0.02979305417155409,1258.8000000000002,188.82000000000002,-177.56895102265435,-0.9404138916568919,0
3580-HYCSP,0.05244390331663257,1323.6,198.54,-177.71557487103155,-0.895112193366735,0
8099-MZPUJ,0.05611618967681205,1341.6,201.23999999999998,-178.65435597887668,-0.8877676206463759,0
8591-TKMZH,0.05311176918202981,1333.1999999999998,199.97999999999996,-178.73741679795532,-0.8937764616359404,0
9958-MEKUC,0.021068647091771697,1247.4,187.11,-179.22569088531722,-0.9578627058164567,0
3617-XLSGQ,0.04348246070573187,1311.0,196.65,-179.54834820443565,-0.9130350785885363,0
5161-UBZXI,0.029432404736139596,1276.1999999999998,191.42999999999998,-180.1615095227216,-0.9411351905277209,0
5055-BRMNE,0.030867915671671617,1280.4,192.06,-180.2030162321975,-0.9382641686566568,0
4056-QHXHZ,0.03312187016885193,1289.4,193.41,-180.5977981812847,-0.9337562596622961,0
1452-UZOSF,0.02571059049903459,1273.1999999999998,190.97999999999996,-181.1595828529887,-0.9485788190019308,0
9127-FHJBZ,0.05828437723146673,1368.0,205.2,-181.28009158420605,-0.8834312455370665,0
9695-IDRZR,0.06552859884867034,1393.8000000000002,209.07000000000002,-181.669871677417,-0.8689428023026593,0
9802-CAQUT,0.03807710339476889,1314.6,197.18999999999997,-182.17315196317102,-0.9238457932104622,0
7602-MVRMB,0.04182799735268538,1325.4,198.81,-182.17835169262526,-0.9163440052946293,0
7255-SSFBC,0.04912665127567935,1347.0,202.04999999999998,-182.19792021949797,-0.9017466974486413,0
0181-RITDD,0.03077808375621472,1297.8000000000002,194.67000000000002,-182.68686087035536,-0.9384438324875705,0
5668-MEISB,0.01895171480104112,1273.1999999999998,190.97999999999996,-183.7412030145943,-0.9620965703979178,0
6519-ZHPXP,0.028647950667081142,1299.6,194.93999999999997,-183.77073699391838,-0.9427040986658377,0
7030-FZTFM,0.03892441718874041,1330.8000000000002,199.62000000000003,-184.0798156815673,-0.9221511656225192,0
1053-MXTTK,0.029291892942888295,1303.8000000000002,195.57000000000002,-184.11276899431869,-0.9414162141142234,0
8015-IHCGW,0.05658723773061618,1386.0,207.9,-184.3710265516098,-0.8868255245387676,0
3520-FJGCV,0.04423550495732551,1351.1999999999998,202.67999999999998,-184.7486957104985,-0.9115289900853489,0
2789-CZANW,0.03381594177839535,1323.6,198.54,-185.11236583863476,-0.9323681164432093,0
3831-YCPUO,0.029085421416238183,1314.0,197.1,-185.6345268777189,-0.9418291571675237,0
6859-QNXIQ,0.04277247597809767,1357.1999999999998,203.57999999999996,-186.1647586807577,-0.9144550480438046,0
3870-SPZSI,0.04210071344612044,1356.6,203.48999999999998,-186.35585164169788,-0.9157985731077591,0
8265-HKSOW,0.01793785312745954,1289.4,193.41,-186.4712796532361,-0.964124293745081,0
0530-IJVDB,0.04610356270221777,1375.1999999999998,206.27999999999997,-187.25951417157302,-0.9077928745955645,0
3726-TBHQT,0.04367349693062059,1368.0,205.2,-187.2763968596733,-0.9126530061387588,0
6445-TNRXS,0.045429364863841,1376.4,206.46,-187.70130666042277,-0.909141270272318,0
3892-NXAZG,0.04272068031002748,1368.6,205.29,-187.7497430783089,-0.9145586393799451,0
2599-CIPQE,0.02261674164414263,1311.6,196.73999999999998,-187.84076449786275,-0.9547665167117148,0
5375-XLDOF,0.04250946283715916,1372.1999999999998,205.82999999999996,-188.33055452845502,-0.9149810743256817,0
2632-IVXVF,0.030956496316626114,1341.0,201.15,-188.69620153182132,-0.9380870073667478,0
0266-GMEAO,0.0397956352581671,1371.6,205.73999999999998,-189.36489200396937,-0.9204087294836657,0
3396-DKDEL,0.0417605749471386,1381.8000000000002,207.27,-189.95857126141317,-0.9164788501057228,0
1741-WTPON,0.043243676518291994,1390.1999999999998,208.52999999999997,-190.4947922712811,-0.913512646963416,0
8606-CIQUL,0.04071248533445907,1389.0,208.35,-191.3851073611309,-0.9185750293310819,0
9258-CNWAC,0.03192635585347287,1363.8000000000002,204.57000000000002,-191.50765076611012,-0.9361472882930542,0
2223-GDSHL,0.041447201936996365,1392.6,208.89,-191.57418797476166,-0.9171055961260073,0
6007-TCTST,0.04009008589571284,1389.6,208.43999999999997,-191.7272449917952,-0.9198198282085743,0
7017-VFHAY,0.0371490588868415,1381.1999999999998,207.17999999999998,-191.78691595964833,-0.925701882226317,0
1352-HNSAW,0.03802767355765491,1387.1999999999998,208.07999999999996,-192.2544033722463,-0.9239446528846902,0
8480-PPONV,0.03730762599812086,1386.6,207.98999999999998,-192.47077373730167,-0.9253847480037583,0
3882-IYOIJ,0.036078877517416924,1383.0,207.45,-192.4808737180237,-0.9278422449651661,0
3795-CAWEX,0.04048832282394131,1398.6,209.79,-192.8019095095307,-0.9190233543521173,0
0675-NCDYU,0.03968787019686292,1396.8000000000002,209.52,-192.88919487270658,-0.9206242596062743,0
8207-DMRVL,0.0311308509471509,1374.6,206.18999999999997,-193.35225968641387,-0.9377382981056982,0
2193-SFWQW,0.019654659983491255,1343.4,201.51000000000002,-193.58877893345337,-0.9606906800330175,0
3258-ZKPAI,0.037970309607892334,1399.1999999999998,209.87999999999997,-193.94158283899108,-0.9240593807842153,0
2040-XBAVJ,0.02905515336564473,1373.4,206.01000000000002,-194.03869571028707,-0.9418896932687105,0
5322-TEUJK,0.029179894153951554,1375.1999999999998,206.27999999999997,-194.24154286784574,-0.941640211692097,0
0017-IUDMW,0.038025687742774615,1401.6,210.23999999999998,-194.2509588179181,-0.9239486245144507,0
4393-GEADV,0.02968400028884101,1377.0,206.54999999999998,-194.28753948067975,-0.9406319994223179,0
1488-PBLJN,0.036970755415094606,1402.1999999999998,210.32999999999996,-194.77788202708626,-0.9260584891698108,0
3810-DVDQQ,0.035670634571350064,1411.1999999999998,211.67999999999998,-196.57848014787322,-0.9286587308572999,0
7569-NMZYQ,0.03626880462409133,1425.0,213.75,-198.24508602320097,-0.9274623907518174,0
9739-JLPQJ,0.028352118580362663,1410.0,211.5,-199.5070538405066,-0.9432957628392746,0
